log_data-ranges_min,log_data-ranges_std_deviation,log_data-types_count_par_sec,log_interval-messages,log_messages_count_par_sec,network_fragmented-packets_par_sec,network_interval-packets,network_ip-flags_min,network_ips_dst_count_par_sec,network_macs_all_count_par_sec,network_mss_min,network_packet-size_min,network_packets_dst_count_par_sec,network_payload-length_min,network_payload-length_std_deviation,network_ports_dst_count_par_sec,network_ports_src_count_par_sec,network_protocols_dst_count_par_sec,network_protocols_src_count_par_sec,network_tcp-flags-psh_count_par_sec,network_tcp-flags-rst_count_par_sec,network_tcp-flags-syn_count_par_sec,network_tcp-flags-urg_count_par_sec,network_tcp-flags_max,network_time-delta_max,network_time-delta_min,network_time-delta_std_deviation,network_ttl_min,network_ttl_std_deviation,network_window-size_min,label2
0.0,0.0,0.0,0.0,0.0,0.0,108.0,0.0,2.0,2.0,0.0,60.0,1.0,0.0,0.0,0.0,0.0,1.0,1.0,0.0,0.0,0.0,0.0,0.0,0.031952,0.001015,0.0154684999999999,0.0,0.0,0.0,benign
22.5,0.0,1.0,0.0,7.0,0.0,1.0,0.0,2.0,2.0,0.0,54.0,4.0,0.0,31.4838748409404,2.0,2.0,1.0,1.0,4.0,0.0,0.0,0.0,24.0,0.002302,0.0,0.0009493974404852,64.0,95.5,5596.0,benign
22.3,0.0,1.0,0.0,7.0,0.0,1.0,0.0,2.0,2.0,0.0,54.0,4.0,0.0,43.15940656450225,2.0,2.0,1.0,1.0,4.0,0.0,0.0,0.0,24.0,0.002813,0.0,0.0011466311525508,64.0,95.5,5626.0,benign
0.0,0.0,0.0,0.0,0.0,0.0,0.0,0.0,0.0,0.0,0.0,0.0,0.0,0.0,0.0,0.0,0.0,0.0,0.0,0.0,0.0,0.0,0.0,0.0,0.0,0.0,0.0,0.0,0.0,0.0,benign
0.0,0.0,0.0,0.0,0.0,0.0,24.11764705882353,0.0,11.0,11.0,0.0,54.0,17.0,0.0,393.2235133210772,12.0,12.0,3.0,2.0,17.0,0.0,0.0,0.0,24.0,0.12359,0.0,0.023417398662132,61.0,94.6713930026448,660.0,benign
108.0,0.0,1.0,0.0,2.0,0.0,1.3333333333333333,0.0,2.0,2.0,0.0,54.0,2.0,0.0,11.0227038425243,2.0,2.0,1.0,1.0,2.0,0.0,0.0,0.0,24.0,0.036236,0.0,0.0153538465111352,64.0,95.5,5636.0,benign
0.0,0.0,0.0,0.0,0.0,0.0,0.0,0.0,0.0,0.0,0.0,0.0,0.0,0.0,0.0,0.0,0.0,0.0,0.0,0.0,0.0,0.0,0.0,0.0,0.0,0.0,0.0,0.0,0.0,0.0,benign
0.0,0.0,0.0,0.0,0.0,0.0,0.0,0.0,0.0,0.0,0.0,0.0,0.0,0.0,0.0,0.0,0.0,0.0,0.0,0.0,0.0,0.0,0.0,0.0,0.0,0.0,0.0,0.0,0.0,0.0,benign
0.0,0.0,0.0,0.0,0.0,0.0,0.0,0.0,0.0,0.0,0.0,0.0,0.0,0.0,0.0,0.0,0.0,0.0,0.0,0.0,0.0,0.0,0.0,0.0,0.0,0.0,0.0,0.0,0.0,0.0,benign
0.0,0.0,0.0,0.0,0.0,0.0,0.0090320180640361,0.0,1.0,1.1428571428571428,0.0,60.0,110536.14285714286,0.0,0.0784008908314538,116.0,9416.57142857143,0.2857142857142857,0.2857142857142857,110535.71428571428,115.85714285714286,0.0,0.0,24.0,0.000551437,2.5e-08,5.0012475160253024e-05,64.0,6.180347244986945,512.0,ddos
0.0,0.0,0.0,0.0,0.0,0.0,0.0,0.0,0.0,0.0,0.0,0.0,0.0,0.0,0.0,0.0,0.0,0.0,0.0,0.0,0.0,0.0,0.0,0.0,0.0,0.0,0.0,0.0,0.0,0.0,benign
0.0,0.0,0.0,0.0,0.0,0.0,0.0,0.0,0.0,0.0,0.0,0.0,0.0,0.0,0.0,0.0,0.0,0.0,0.0,0.0,0.0,0.0,0.0,0.0,0.0,0.0,0.0,0.0,0.0,0.0,benign
0.0,0.0,0.0,0.0,0.0,0.0,0.0,0.0,0.0,0.0,0.0,0.0,0.0,0.0,0.0,0.0,0.0,0.0,0.0,0.0,0.0,0.0,0.0,0.0,0.0,0.0,0.0,0.0,0.0,0.0,benign
0.0,0.0,0.0,0.0,0.0,0.0,0.0,0.0,0.0,0.0,0.0,0.0,0.0,0.0,0.0,0.0,0.0,0.0,0.0,0.0,0.0,0.0,0.0,0.0,0.0,0.0,0.0,0.0,0.0,0.0,benign
0.0,0.0,0.0,0.0,0.0,0.0,0.0,0.0,1.0,2.0,0.0,214.0,0.0,180.0,0.0,1.0,1.0,0.0,1.0,0.0,0.0,0.0,0.0,0.0,0.038691,0.038691,0.0,255.0,0.0,0.0,benign
-0.7,0.5921899094791204,2.0,0.0,2.0,0.0,1.0,0.0,2.0,2.0,0.0,54.0,2.0,0.0,19.327585352432298,2.0,2.0,1.0,1.0,1.0,0.0,0.0,0.0,24.0,0.002853,0.0,0.0013449170978168,64.0,90.03826347108705,5626.0,benign
0.0,0.0,0.0,0.0,0.0,0.0,0.0,0.0,0.0,0.0,0.0,0.0,0.0,0.0,0.0,0.0,0.0,0.0,0.0,0.0,0.0,0.0,0.0,0.0,0.0,0.0,0.0,0.0,0.0,0.0,benign
0.0,0.0,0.0,0.0,0.0,0.0,0.0378607589459564,0.0,0.4285714285714285,0.5714285714285714,0.0,60.0,26411.571428571428,0.0,0.0,0.1428571428571428,9416.57142857143,0.2857142857142857,0.2857142857142857,0.0,0.0,0.0,0.0,0.0,0.001476345,-3.5e-08,0.0001067342158237,64.0,0.0,512.0,dos
1023.0,0.0,1.0,0.0,1.0,0.0,0.0,0.0,2.0,2.0,0.0,54.0,1.0,0.0,9.0,2.0,2.0,1.0,1.0,1.0,0.0,0.0,0.0,24.0,0.042539,0.0,0.0212695,64.0,95.5,5646.0,benign
0.0,0.0,0.0,0.0,0.0,0.0,0.0,0.0,0.0,0.0,0.0,0.0,0.0,0.0,0.0,0.0,0.0,0.0,0.0,0.0,0.0,0.0,0.0,0.0,0.0,0.0,0.0,0.0,0.0,0.0,benign
0.0,0.0,0.0,0.0,0.0,0.0,0.0,0.0,1.0,2.0,0.0,230.0,0.0,196.0,0.0,1.0,1.0,0.0,1.0,0.0,0.0,0.0,0.0,0.0,0.106776,0.106776,0.0,255.0,0.0,0.0,benign
0.0,0.0,0.0,0.0,0.0,0.0,0.0,0.0,0.0,0.0,0.0,0.0,0.0,0.0,0.0,0.0,0.0,0.0,0.0,0.0,0.0,0.0,0.0,0.0,0.0,0.0,0.0,0.0,0.0,0.0,benign
0.0,0.0,0.2857142857142857,0.0,0.2857142857142857,0.0,7.246305418719212,0.0,0.4285714285714285,0.5714285714285714,1460.0,60.0,55.0,0.0,0.7699178121721825,32.57142857142857,31.857142857142858,0.1428571428571428,0.4285714285714285,0.1428571428571428,31.714285714285715,54.71428571428572,0.0,24.0,0.096832478,3.2e-08,0.009202194046945,37.0,99.81616190203114,1024.0,recon
0.0,0.0,0.0,0.0,0.0,0.0,0.0,0.0,1.0,2.0,0.0,214.0,0.0,180.0,0.0,1.0,1.0,0.0,1.0,0.0,0.0,0.0,0.0,0.0,0.001605,0.001605,0.0,255.0,0.0,0.0,benign
0.0,0.0,0.0,0.0,0.0,0.0,0.0,0.0,0.0,2.0,0.0,198.0,0.0,0.0,0.0,0.0,0.0,0.0,1.0,0.0,0.0,0.0,0.0,0.0,0.073438,0.073438,0.0,0.0,0.0,0.0,benign
0.0,0.0,0.0,0.0,0.0,0.0,0.0,0.0,0.0,0.0,0.0,0.0,0.0,0.0,0.0,0.0,0.0,0.0,0.0,0.0,0.0,0.0,0.0,0.0,0.0,0.0,0.0,0.0,0.0,0.0,benign
0.0,0.0,0.0,0.0,0.0,0.0,0.0,0.0,0.0,0.0,0.0,0.0,0.0,0.0,0.0,0.0,0.0,0.0,0.0,0.0,0.0,0.0,0.0,0.0,0.0,0.0,0.0,0.0,0.0,0.0,benign
0.0,0.0,0.0,0.0,0.0,0.0,0.0,0.0,0.0,0.0,0.0,0.0,0.0,0.0,0.0,0.0,0.0,0.0,0.0,0.0,0.0,0.0,0.0,0.0,0.0,0.0,0.0,0.0,0.0,0.0,benign
0.0,0.0,0.0,0.0,0.0,0.0,0.0,0.0,0.0,2.0,0.0,198.0,0.0,0.0,0.0,0.0,0.0,0.0,1.0,0.0,0.0,0.0,0.0,0.0,0.0,0.0,0.0,0.0,0.0,0.0,benign
0.0,0.0,0.0,0.0,0.0,0.0,0.0,0.0,0.0,0.0,0.0,0.0,0.0,0.0,0.0,0.0,0.0,0.0,0.0,0.0,0.0,0.0,0.0,0.0,0.0,0.0,0.0,0.0,0.0,0.0,benign
0.0,0.0,0.0,0.0,0.0,0.0,0.0,0.0,0.0,0.0,0.0,0.0,0.0,0.0,0.0,0.0,0.0,0.0,0.0,0.0,0.0,0.0,0.0,0.0,0.0,0.0,0.0,0.0,0.0,0.0,benign
918.0,0.0,2.0,0.0,3.0,0.0,2.333333333333333,0.0,2.0,2.0,0.0,54.0,2.0,0.0,22.93877721239735,2.0,2.0,1.0,1.0,2.0,0.0,0.0,0.0,24.0,0.147865,0.0,0.0630959190771281,64.0,95.5,5642.0,benign
905.0,0.0,2.0,0.0,3.0,0.0,1.0,0.0,2.0,2.0,0.0,54.0,2.0,0.0,22.93877721239735,2.0,2.0,1.0,1.0,2.0,0.0,0.0,0.0,24.0,0.049282,0.0,0.0210258343874268,64.0,95.5,5610.0,benign
-0.7,0.5880476171195662,2.0,0.0,2.0,0.0,2.0,0.0,2.0,2.0,0.0,54.0,2.0,0.0,19.327585352432298,2.0,2.0,1.0,1.0,1.0,0.0,0.0,0.0,24.0,0.028492,0.0,0.013431257606378,64.0,90.03826347108705,5594.0,benign
0.0,0.0,0.0,0.0,0.0,0.0,0.0,0.0,0.0,0.0,0.0,0.0,0.0,0.0,0.0,0.0,0.0,0.0,0.0,0.0,0.0,0.0,0.0,0.0,0.0,0.0,0.0,0.0,0.0,0.0,benign
0.0,0.0,0.0,0.0,0.0,0.0,26.323529411764707,0.0,12.0,12.0,0.0,54.0,17.0,0.0,380.3019058482836,13.0,13.0,3.0,2.0,17.0,0.0,0.0,0.0,24.0,0.118385,0.0,0.0261640801857065,61.0,94.6713930026448,660.0,benign
0.0,0.0,0.0,0.0,0.0,0.0,0.0,0.0,0.0,0.0,0.0,0.0,0.0,0.0,0.0,0.0,0.0,0.0,0.0,0.0,0.0,0.0,0.0,0.0,0.0,0.0,0.0,0.0,0.0,0.0,benign
0.0,0.0,0.0,0.0,0.0,0.0,0.0,0.0,0.0,0.0,0.0,0.0,0.0,0.0,0.0,0.0,0.0,0.0,0.0,0.0,0.0,0.0,0.0,0.0,0.0,0.0,0.0,0.0,0.0,0.0,benign
0.0,0.0,0.0,0.0,0.0,0.0,130.0,2.0,4.0,3.0,0.0,60.0,3.0,0.0,989.1899147787548,2.0,2.0,3.0,3.0,2.0,0.0,0.0,0.0,24.0,0.10189,0.0,0.0372867643977055,61.0,1.5,660.0,benign
1023.0,0.0,1.0,0.0,1.0,0.0,29.666666666666668,0.0,3.0,3.0,0.0,54.0,2.0,0.0,9.0,2.0,2.0,2.0,2.0,1.0,0.0,0.0,0.0,24.0,0.029891,0.00041,0.0134203922516258,64.0,95.5,5568.0,benign
0.0,0.0,0.0,0.0,0.0,0.0,0.0,0.0,0.0,0.0,0.0,0.0,0.0,0.0,0.0,0.0,0.0,0.0,0.0,0.0,0.0,0.0,0.0,0.0,0.0,0.0,0.0,0.0,0.0,0.0,benign
0.0,0.0,0.0,0.0,0.0,0.0,0.0,0.0,0.0,0.0,0.0,0.0,0.0,0.0,0.0,0.0,0.0,0.0,0.0,0.0,0.0,0.0,0.0,0.0,0.0,0.0,0.0,0.0,0.0,0.0,benign
0.0,0.0,0.0,0.0,0.0,0.0,0.0,0.0,1.0,2.0,0.0,971.0,0.0,937.0,0.0,1.0,1.0,0.0,1.0,0.0,0.0,0.0,0.0,0.0,0.018359,0.018359,0.0,64.0,0.0,0.0,benign
0.0,0.0,0.0,0.0,0.0,0.0,0.0,0.0,1.0,2.0,0.0,214.0,0.0,180.0,0.0,1.0,1.0,0.0,1.0,0.0,0.0,0.0,0.0,0.0,0.086577,0.086577,0.0,255.0,0.0,0.0,benign
0.0,0.0,0.0,0.0,0.0,0.0,93.14285714285714,0.0,4.0,3.0,0.0,54.0,5.0,0.0,496.5976741790078,4.0,4.0,3.0,3.0,4.0,0.0,0.0,0.0,24.0,0.108561,0.0,0.0355956747317616,61.0,90.44577104541705,660.0,benign
0.0,0.0,0.0,0.0,0.0,0.0,0.0,0.0,0.0,0.0,0.0,0.0,0.0,0.0,0.0,0.0,0.0,0.0,0.0,0.0,0.0,0.0,0.0,0.0,0.0,0.0,0.0,0.0,0.0,0.0,benign
2.0,0.0,1.0,0.0,1.0,0.0,38.66666666666666,0.0,3.0,3.0,0.0,54.0,2.0,0.0,8.5,2.0,2.0,2.0,2.0,1.0,0.0,0.0,0.0,24.0,0.026637,0.0,0.010990499283472,64.0,95.5,5586.0,benign
0.0,0.0,0.0,0.0,0.0,0.0,0.0,0.0,0.0,0.0,0.0,0.0,0.0,0.0,0.0,0.0,0.0,0.0,0.0,0.0,0.0,0.0,0.0,0.0,0.0,0.0,0.0,0.0,0.0,0.0,benign
0.0,0.0,0.0,0.0,0.0,0.0,0.0,0.0,0.0,2.0,0.0,198.0,0.0,0.0,0.0,0.0,0.0,0.0,1.0,0.0,0.0,0.0,0.0,0.0,0.163781,0.163781,0.0,0.0,0.0,0.0,benign
0.0,0.0,0.0,0.0,0.0,0.0,0.0,2.0,1.0,2.0,0.0,230.0,0.0,196.0,0.0,1.0,1.0,0.0,1.0,0.0,0.0,0.0,0.0,0.0,0.065309,0.065309,0.0,64.0,0.0,0.0,benign
0.0,0.0,0.0,0.0,0.0,0.0,0.0,0.0,0.0,0.0,0.0,0.0,0.0,0.0,0.0,0.0,0.0,0.0,0.0,0.0,0.0,0.0,0.0,0.0,0.0,0.0,0.0,0.0,0.0,0.0,benign
12.0,0.0,1.0,0.0,1.0,0.0,0.0,0.0,2.0,2.0,0.0,54.0,1.0,0.0,9.0,2.0,2.0,1.0,1.0,1.0,0.0,0.0,0.0,24.0,0.135574,0.0,0.067787,64.0,95.5,5598.0,benign
0.0,0.0,0.0,0.0,0.0,0.0,0.0,0.0,0.0,0.0,0.0,0.0,0.0,0.0,0.0,0.0,0.0,0.0,0.0,0.0,0.0,0.0,0.0,0.0,0.0,0.0,0.0,0.0,0.0,0.0,benign
0.0,0.0,0.0,0.0,0.0,0.0,143.04255319148936,0.0,1.4285714285714286,0.7142857142857143,0.0,66.0,3.7142857142857135,0.0,744.7276538501111,1.4285714285714286,1.4285714285714286,0.7142857142857143,0.7142857142857143,2.7142857142857144,0.0,0.0,0.0,24.0,0.10931703,3.8e-08,0.017981147160689,45.0,27.02891166828997,135.0,malware
0.0,0.0,0.0,0.0,0.0,0.0,0.0,0.0,0.0,0.0,0.0,0.0,0.0,0.0,0.0,0.0,0.0,0.0,0.0,0.0,0.0,0.0,0.0,0.0,0.0,0.0,0.0,0.0,0.0,0.0,benign
0.0,0.0,0.0,0.0,0.0,0.0,61.76923076923077,2.0,3.0,4.0,0.0,66.0,2.0,0.0,513.3167508806758,3.0,4.0,2.0,3.0,2.0,0.0,0.0,0.0,24.0,0.041163,0.0,0.014363868377826,2.0,29.117317558768733,660.0,benign
0.0,0.0,0.0,0.0,0.0,0.0,0.0,0.0,0.0,0.0,0.0,0.0,0.0,0.0,0.0,0.0,0.0,0.0,0.0,0.0,0.0,0.0,0.0,0.0,0.0,0.0,0.0,0.0,0.0,0.0,benign
0.0,0.0,0.0,0.0,0.0,0.0,0.0,0.0,0.0,0.0,0.0,0.0,0.0,0.0,0.0,0.0,0.0,0.0,0.0,0.0,0.0,0.0,0.0,0.0,0.0,0.0,0.0,0.0,0.0,0.0,benign
0.0,0.0,0.0,0.0,0.0,0.0,0.0,0.0,0.0,0.0,0.0,0.0,0.0,0.0,0.0,0.0,0.0,0.0,0.0,0.0,0.0,0.0,0.0,0.0,0.0,0.0,0.0,0.0,0.0,0.0,benign
207.0,0.0,1.0,0.0,2.0,0.0,1.0,0.0,2.0,2.0,0.0,54.0,2.0,0.0,10.594810050208546,2.0,2.0,1.0,1.0,2.0,0.0,0.0,0.0,24.0,0.024515,0.0,0.0103066780535728,64.0,95.5,5542.0,benign
0.0,0.0,0.0,0.0,0.0,0.0,21.0,0.0,2.0,2.0,0.0,60.0,1.0,0.0,0.0,0.0,0.0,1.0,1.0,0.0,0.0,0.0,0.0,0.0,0.029054,0.021277,0.0038884999999999,0.0,0.0,0.0,benign
0.0,0.0,0.0,0.0,0.0,0.0,0.0,0.0,0.0,0.0,0.0,0.0,0.0,0.0,0.0,0.0,0.0,0.0,0.0,0.0,0.0,0.0,0.0,0.0,0.0,0.0,0.0,0.0,0.0,0.0,benign
0.0,0.0,0.0,0.0,0.0,0.0,17.830188679245282,0.0,13.0,13.0,0.0,54.0,27.0,0.0,305.1322283097821,14.0,14.0,4.0,3.0,26.0,0.0,0.0,0.0,24.0,0.097867,0.0,0.0208381065521972,61.0,95.17872491287795,660.0,benign
0.0,0.0,0.0,0.0,0.0,0.0,0.0,0.0,0.0,0.0,0.0,0.0,0.0,0.0,0.0,0.0,0.0,0.0,0.0,0.0,0.0,0.0,0.0,0.0,0.0,0.0,0.0,0.0,0.0,0.0,benign
0.0,0.0,0.0,0.0,0.0,0.0,0.0,0.0,0.0,0.0,0.0,0.0,0.0,0.0,0.0,0.0,0.0,0.0,0.0,0.0,0.0,0.0,0.0,0.0,0.0,0.0,0.0,0.0,0.0,0.0,benign
0.0,0.0,0.0,0.0,0.0,0.0,0.0,0.0,0.0,0.0,0.0,0.0,0.0,0.0,0.0,0.0,0.0,0.0,0.0,0.0,0.0,0.0,0.0,0.0,0.0,0.0,0.0,0.0,0.0,0.0,benign
0.0,0.0,0.0,0.0,0.0,0.0,0.0,0.0,0.0,0.0,0.0,0.0,0.0,0.0,0.0,0.0,0.0,0.0,0.0,0.0,0.0,0.0,0.0,0.0,0.0,0.0,0.0,0.0,0.0,0.0,benign
0.0,0.0,0.0,0.0,0.0,0.0,0.0,0.0,1.0,2.0,0.0,214.0,0.0,180.0,0.0,1.0,1.0,0.0,1.0,0.0,0.0,0.0,0.0,0.0,0.049838,0.049838,0.0,255.0,0.0,0.0,benign
1023.0,0.0,1.0,0.0,1.0,0.0,0.0,0.0,2.0,2.0,0.0,54.0,1.0,0.0,9.0,2.0,2.0,1.0,1.0,1.0,0.0,0.0,0.0,24.0,0.017973,1e-06,0.0089859999999999,64.0,95.5,5634.0,benign
0.0,0.0,0.0,0.0,0.0,0.0,0.0,0.0,0.0,0.0,0.0,0.0,0.0,0.0,0.0,0.0,0.0,0.0,0.0,0.0,0.0,0.0,0.0,0.0,0.0,0.0,0.0,0.0,0.0,0.0,benign
210.0,0.0,1.0,0.0,2.0,0.0,1.3333333333333333,0.0,2.0,2.0,0.0,54.0,2.0,0.0,10.594810050208546,2.0,2.0,1.0,1.0,2.0,0.0,0.0,0.0,24.0,0.003874,0.0,0.0018406610225677,64.0,95.5,5610.0,benign
0.0,0.0,0.0,0.0,0.0,0.0,0.0,0.0,0.0,0.0,0.0,0.0,0.0,0.0,0.0,0.0,0.0,0.0,0.0,0.0,0.0,0.0,0.0,0.0,0.0,0.0,0.0,0.0,0.0,0.0,benign
1.0,0.0,1.0,0.0,1.0,0.0,0.0,0.0,2.0,2.0,0.0,54.0,1.0,0.0,9.5,2.0,2.0,1.0,1.0,1.0,0.0,0.0,0.0,24.0,0.018502,0.0,0.009251,64.0,95.5,5546.0,benign
0.0,0.0,0.0,0.0,0.0,0.0,0.0,0.0,0.0,0.0,0.0,0.0,0.0,0.0,0.0,0.0,0.0,0.0,0.0,0.0,0.0,0.0,0.0,0.0,0.0,0.0,0.0,0.0,0.0,0.0,benign
0.0,0.0,0.0,0.0,0.0,0.0,0.0,0.0,0.0,0.0,0.0,0.0,0.0,0.0,0.0,0.0,0.0,0.0,0.0,0.0,0.0,0.0,0.0,0.0,0.0,0.0,0.0,0.0,0.0,0.0,benign
868.0,4.589250972624933,0.1428571428571428,1003.8333333333334,1.0,0.0,17.463730569948186,0.0,0.5714285714285714,0.5714285714285714,1460.0,60.0,27.714285714285715,0.0,2.271345034217129,27.0,26.857142857142858,0.2857142857142857,0.4285714285714285,1.0,26.428571428571427,26.571428571428573,0.0,24.0,0.021531277,3.3e-08,0.0017207032647878,37.0,103.22766550667104,1024.0,recon
0.0,0.0,0.0,0.0,0.0,0.0,0.0,0.0,0.0,0.0,0.0,0.0,0.0,0.0,0.0,0.0,0.0,0.0,0.0,0.0,0.0,0.0,0.0,0.0,0.0,0.0,0.0,0.0,0.0,0.0,benign
0.0,0.0,0.0,0.0,0.0,0.0,0.0,0.0,1.0,2.0,0.0,214.0,0.0,180.0,0.0,1.0,1.0,0.0,1.0,0.0,0.0,0.0,0.0,0.0,0.003565,0.003565,0.0,255.0,0.0,0.0,benign
0.0,0.0,0.0,0.0,0.0,0.0,0.0,0.0,0.0,0.0,0.0,0.0,0.0,0.0,0.0,0.0,0.0,0.0,0.0,0.0,0.0,0.0,0.0,0.0,0.0,0.0,0.0,0.0,0.0,0.0,benign
2.0,0.0,1.0,0.0,1.0,0.0,167.0,0.0,3.0,3.0,0.0,54.0,2.0,0.0,8.5,2.0,2.0,2.0,2.0,1.0,0.0,0.0,0.0,24.0,0.009351,0.000307,0.0038007890217032,64.0,95.5,5590.0,benign
0.0,0.0,0.0,0.0,0.0,0.0,0.0,0.0,0.0,0.0,0.0,0.0,0.0,0.0,0.0,0.0,0.0,0.0,0.0,0.0,0.0,0.0,0.0,0.0,0.0,0.0,0.0,0.0,0.0,0.0,benign
0.0,0.0,0.0,0.0,0.0,0.0,0.0,0.0,0.0,0.0,0.0,0.0,0.0,0.0,0.0,0.0,0.0,0.0,0.0,0.0,0.0,0.0,0.0,0.0,0.0,0.0,0.0,0.0,0.0,0.0,benign
0.0,0.0,0.0,0.0,0.0,0.0,0.0,0.0,0.0,0.0,0.0,0.0,0.0,0.0,0.0,0.0,0.0,0.0,0.0,0.0,0.0,0.0,0.0,0.0,0.0,0.0,0.0,0.0,0.0,0.0,benign
0.0,0.0,0.0,0.0,0.0,0.0,0.0,0.0,0.0,0.0,0.0,0.0,0.0,0.0,0.0,0.0,0.0,0.0,0.0,0.0,0.0,0.0,0.0,0.0,0.0,0.0,0.0,0.0,0.0,0.0,benign
0.0,0.0,0.0,0.0,0.0,0.0,0.0,0.0,2.0,2.0,0.0,60.0,1.0,0.0,0.0,0.0,0.0,1.0,1.0,0.0,0.0,0.0,0.0,0.0,0.000579,0.0,0.0002895,0.0,0.0,0.0,benign
0.0,0.0,0.0,0.0,0.0,0.0,0.0,0.0,0.0,0.0,0.0,0.0,0.0,0.0,0.0,0.0,0.0,0.0,0.0,0.0,0.0,0.0,0.0,0.0,0.0,0.0,0.0,0.0,0.0,0.0,benign
7.0,0.0,1.0,0.0,1.0,0.0,0.0,0.0,2.0,2.0,0.0,54.0,1.0,0.0,8.5,2.0,2.0,1.0,1.0,1.0,0.0,0.0,0.0,24.0,0.002007,0.0,0.0010035,64.0,95.5,5632.0,benign
0.0,0.0,0.0,0.0,0.0,0.0,0.0,0.0,0.0,0.0,0.0,0.0,0.0,0.0,0.0,0.0,0.0,0.0,0.0,0.0,0.0,0.0,0.0,0.0,0.0,0.0,0.0,0.0,0.0,0.0,benign
0.0,0.0,0.0,0.0,0.0,0.0,0.0,0.0,0.0,0.0,0.0,0.0,0.0,0.0,0.0,0.0,0.0,0.0,0.0,0.0,0.0,0.0,0.0,0.0,0.0,0.0,0.0,0.0,0.0,0.0,benign
0.0,0.0,0.0,0.0,0.0,0.0,15.0,0.0,2.0,2.0,0.0,60.0,1.0,0.0,0.0,0.0,0.0,1.0,1.0,0.0,0.0,0.0,0.0,0.0,0.015128,0.012854,0.001137,0.0,0.0,0.0,benign
0.0,0.0,0.0,0.0,0.0,0.0,184.5,0.0,2.0,3.0,0.0,60.0,1.0,0.0,0.0,0.0,0.0,1.0,2.0,0.0,0.0,0.0,0.0,0.0,0.019999,0.000521,0.0087003126891445,0.0,0.0,0.0,benign
0.0,0.0,0.0,0.0,0.0,0.0,0.0,0.0,0.0,0.0,0.0,0.0,0.0,0.0,0.0,0.0,0.0,0.0,0.0,0.0,0.0,0.0,0.0,0.0,0.0,0.0,0.0,0.0,0.0,0.0,benign
0.0,0.0,0.0,0.0,0.0,0.0,0.0,0.0,0.0,0.0,0.0,0.0,0.0,0.0,0.0,0.0,0.0,0.0,0.0,0.0,0.0,0.0,0.0,0.0,0.0,0.0,0.0,0.0,0.0,0.0,benign
12.0,0.0,1.0,0.0,1.0,0.0,0.0,0.0,2.0,2.0,0.0,54.0,1.0,0.0,10.5,2.0,2.0,1.0,1.0,1.0,0.0,0.0,0.0,24.0,0.01099,0.0,0.005495,64.0,95.5,5610.0,benign
0.0,0.0,0.0,0.0,0.0,0.0,0.0,0.0,1.0,2.0,0.0,214.0,0.0,180.0,0.0,1.0,1.0,0.0,1.0,0.0,0.0,0.0,0.0,0.0,0.042606,0.042606,0.0,255.0,0.0,0.0,benign
0.0,0.0,0.0,0.0,0.0,0.0,0.0,0.0,0.0,0.0,0.0,0.0,0.0,0.0,0.0,0.0,0.0,0.0,0.0,0.0,0.0,0.0,0.0,0.0,0.0,0.0,0.0,0.0,0.0,0.0,benign
0.0,0.0,0.0,0.0,0.0,0.0,0.0,0.0,0.0,0.0,0.0,0.0,0.0,0.0,0.0,0.0,0.0,0.0,0.0,0.0,0.0,0.0,0.0,0.0,0.0,0.0,0.0,0.0,0.0,0.0,benign
22.3,0.0,1.0,0.0,7.0,0.0,0.6666666666666666,0.0,2.0,2.0,0.0,54.0,2.0,0.0,56.3088580953299,2.0,2.0,1.0,1.0,2.0,0.0,0.0,0.0,24.0,0.003991,0.0,0.0016464867711281,64.0,95.5,5632.0,benign
6.0,0.0,1.0,0.0,1.0,0.0,0.0,0.0,2.0,2.0,0.0,54.0,1.0,0.0,8.5,2.0,2.0,1.0,1.0,1.0,0.0,0.0,0.0,24.0,0.007444,0.0,0.003722,64.0,95.5,5574.0,benign
0.0,0.0,0.0,0.0,0.0,0.0,0.0,0.0,0.0,0.0,0.0,0.0,0.0,0.0,0.0,0.0,0.0,0.0,0.0,0.0,0.0,0.0,0.0,0.0,0.0,0.0,0.0,0.0,0.0,0.0,benign
-0.69,0.5840281576164704,2.0,0.0,2.0,0.0,9.0,0.0,2.0,2.0,0.0,54.0,2.0,0.0,19.327585352432298,2.0,2.0,1.0,1.0,1.0,0.0,0.0,0.0,24.0,0.015706,0.0,0.0074036437125392,64.0,90.03826347108705,5574.0,benign
0.0,0.0,0.0,0.0,0.0,0.0,0.0,0.0,0.0,0.0,0.0,0.0,0.0,0.0,0.0,0.0,0.0,0.0,0.0,0.0,0.0,0.0,0.0,0.0,0.0,0.0,0.0,0.0,0.0,0.0,benign
0.0,0.0,0.0,0.0,0.0,0.0,0.0,0.0,0.0,0.0,0.0,0.0,0.0,0.0,0.0,0.0,0.0,0.0,0.0,0.0,0.0,0.0,0.0,0.0,0.0,0.0,0.0,0.0,0.0,0.0,benign
0.0,0.0,0.0,0.0,0.0,0.0,26.285714285714285,0.0,11.0,12.0,0.0,54.0,18.0,0.0,396.6686621705946,12.0,12.0,4.0,3.0,16.0,0.0,0.0,0.0,24.0,0.214996,0.0,0.0448727963552869,61.0,94.55609885690954,660.0,benign
-0.7,0.5921899094791204,2.0,0.0,2.0,0.0,1.5,0.0,2.0,2.0,0.0,54.0,2.0,0.0,19.327585352432298,2.0,2.0,1.0,1.0,1.0,0.0,0.0,0.0,24.0,0.063039,0.000254,0.0295961900738741,64.0,90.03826347108705,5598.0,benign
0.0,0.0,0.0,0.0,0.0,0.0,0.0,0.0,0.0,0.0,0.0,0.0,0.0,0.0,0.0,0.0,0.0,0.0,0.0,0.0,0.0,0.0,0.0,0.0,0.0,0.0,0.0,0.0,0.0,0.0,benign
211.0,0.0,1.0,0.0,2.0,0.0,3.0,0.0,2.0,2.0,0.0,54.0,2.0,0.0,10.594810050208546,2.0,2.0,1.0,1.0,2.0,0.0,0.0,0.0,24.0,0.092999,0.0,0.0391520844943152,64.0,95.5,5584.0,benign
0.0,0.0,0.0,0.0,0.0,0.0,0.0,0.0,0.0,0.0,0.0,0.0,0.0,0.0,0.0,0.0,0.0,0.0,0.0,0.0,0.0,0.0,0.0,0.0,0.0,0.0,0.0,0.0,0.0,0.0,benign
0.0,0.0,0.0,0.0,0.0,0.0,0.0,0.0,0.0,0.0,0.0,0.0,0.0,0.0,0.0,0.0,0.0,0.0,0.0,0.0,0.0,0.0,0.0,0.0,0.0,0.0,0.0,0.0,0.0,0.0,benign
0.0,0.0,1.0,0.0,1.0,0.0,0.0,0.0,2.0,2.0,0.0,54.0,1.0,0.0,7.5,2.0,2.0,1.0,1.0,1.0,0.0,0.0,0.0,24.0,0.005756,0.0,0.002878,64.0,95.5,5572.0,benign
0.0,0.0,0.0,0.0,0.0,0.0,0.0,0.0,0.0,0.0,0.0,0.0,0.0,0.0,0.0,0.0,0.0,0.0,0.0,0.0,0.0,0.0,0.0,0.0,0.0,0.0,0.0,0.0,0.0,0.0,benign
0.0,0.0,0.0,0.0,0.0,0.0,0.0,0.0,0.0,0.0,0.0,0.0,0.0,0.0,0.0,0.0,0.0,0.0,0.0,0.0,0.0,0.0,0.0,0.0,0.0,0.0,0.0,0.0,0.0,0.0,benign
0.0,0.0,0.0,0.0,0.0,0.0,0.0,0.0,0.0,0.0,0.0,0.0,0.0,0.0,0.0,0.0,0.0,0.0,0.0,0.0,0.0,0.0,0.0,0.0,0.0,0.0,0.0,0.0,0.0,0.0,benign
0.0,0.0,0.0,0.0,0.0,0.0,0.0,0.0,0.0,0.0,0.0,0.0,0.0,0.0,0.0,0.0,0.0,0.0,0.0,0.0,0.0,0.0,0.0,0.0,0.0,0.0,0.0,0.0,0.0,0.0,benign
0.0,0.0,0.0,0.0,0.0,0.0,0.0095280190560381,0.0,0.8571428571428571,1.0,0.0,60.0,104957.85714285714,0.0,0.0,1745.7142857142858,9416.57142857143,0.2857142857142857,0.2857142857142857,0.0,1884.142857142857,0.0,0.0,20.0,0.001187203,2.5e-08,4.840148707745432e-05,64.0,0.0,0.0,ddos
0.0,0.0,0.0,0.0,0.0,0.0,0.0339356096047471,0.0,0.2857142857142857,0.2857142857142857,0.0,60.0,26423.571428571428,0.0,0.0,2778.714285714286,9416.57142857143,0.1428571428571428,0.1428571428571428,0.0,3044.1428571428573,0.0,0.0,20.0,0.001005084,2.5e-08,0.0001081447268178,64.0,0.0,0.0,dos
0.0,0.0,0.0,0.0,0.0,0.0,0.0,0.0,0.0,0.0,0.0,0.0,0.0,0.0,0.0,0.0,0.0,0.0,0.0,0.0,0.0,0.0,0.0,0.0,0.0,0.0,0.0,0.0,0.0,0.0,benign
0.0,0.0,0.0,0.0,0.0,0.0,39.875,2.0,4.0,3.0,0.0,66.0,5.0,0.0,501.89687101615056,4.0,4.0,3.0,3.0,4.0,0.0,0.0,0.0,24.0,0.015868,0.0,0.0053385001107145,53.0,3.3920750049941533,135.0,benign
0.0,0.0,0.0,0.0,0.0,0.0,0.0,0.0,0.0,0.0,0.0,0.0,0.0,0.0,0.0,0.0,0.0,0.0,0.0,0.0,0.0,0.0,0.0,0.0,0.0,0.0,0.0,0.0,0.0,0.0,benign
90.0,19.122089869772417,0.1428571428571428,83.125,2.571428571428572,0.0,0.0448976973895196,0.0,0.4285714285714285,0.5714285714285714,0.0,60.0,22206.0,0.0,0.7473735824852231,66.28571428571429,9416.57142857143,0.2857142857142857,0.4285714285714285,0.5714285714285714,66.42857142857143,22204.85714285714,0.0,24.0,0.154807567,2.6e-08,0.0004274409919933,64.0,10.448935885894034,512.0,dos
917.0,0.0,2.0,0.0,3.0,0.0,0.6666666666666666,0.0,2.0,2.0,0.0,54.0,2.0,0.0,22.93877721239735,2.0,2.0,1.0,1.0,2.0,0.0,0.0,0.0,24.0,0.000917,0.0,0.0003970726476351,64.0,95.5,5596.0,benign
0.0,0.0,0.0,0.0,0.0,0.0,0.0,0.0,0.0,0.0,0.0,0.0,0.0,0.0,0.0,0.0,0.0,0.0,0.0,0.0,0.0,0.0,0.0,0.0,0.0,0.0,0.0,0.0,0.0,0.0,benign
0.0,0.0,0.0,0.0,0.0,0.0,0.0,0.0,0.0,0.0,0.0,0.0,0.0,0.0,0.0,0.0,0.0,0.0,0.0,0.0,0.0,0.0,0.0,0.0,0.0,0.0,0.0,0.0,0.0,0.0,benign
0.0,0.0,0.0,0.0,0.0,0.0,138.57142857142858,0.0,6.0,4.0,0.0,66.0,4.0,0.0,1045.0862803296832,4.0,4.0,3.0,3.0,3.0,0.0,0.0,0.0,24.0,0.026202,1e-06,0.0099729646795724,51.0,4.211220131980754,166.0,benign
0.0,0.0,0.0,0.0,0.0,0.0,0.0,0.0,1.0,2.0,0.0,214.0,0.0,180.0,0.0,1.0,1.0,0.0,1.0,0.0,0.0,0.0,0.0,0.0,0.00167,0.00167,0.0,255.0,0.0,0.0,benign
0.0,0.0,0.0,0.0,0.0,0.0,93.0,0.0,7.0,5.0,0.0,54.0,6.0,0.0,666.5619926158406,6.0,7.0,3.0,3.0,5.0,0.0,0.0,0.0,24.0,0.103061,0.0,0.0346057142924402,61.0,93.82457034274124,442.0,benign
0.0,0.0,0.0,0.0,0.0,0.0,0.0,0.0,1.0,2.0,0.0,230.0,0.0,196.0,0.0,1.0,1.0,0.0,1.0,0.0,0.0,0.0,0.0,0.0,0.08401,0.08401,0.0,255.0,0.0,0.0,benign
-0.69,0.5840281576164704,2.0,0.0,2.0,0.0,1.0,0.0,2.0,2.0,0.0,54.0,2.0,0.0,19.327585352432298,2.0,2.0,1.0,1.0,1.0,0.0,0.0,0.0,24.0,0.002851,0.0,0.0013439742887752,64.0,90.03826347108705,5644.0,benign
0.0,0.0,1.0,0.0,1.0,0.0,0.0,0.0,2.0,2.0,0.0,54.0,1.0,0.0,7.5,2.0,2.0,1.0,1.0,1.0,0.0,0.0,0.0,24.0,0.101319,0.0,0.0506595,64.0,95.5,5536.0,benign
0.0,0.0,0.0,0.0,0.0,0.0,0.0,0.0,1.0,2.0,0.0,230.0,0.0,196.0,0.0,1.0,1.0,0.0,1.0,0.0,0.0,0.0,0.0,0.0,0.034692,0.034692,0.0,255.0,0.0,0.0,benign
0.0,0.0,0.0,0.0,0.0,0.0,0.0,0.0,0.0,0.0,0.0,0.0,0.0,0.0,0.0,0.0,0.0,0.0,0.0,0.0,0.0,0.0,0.0,0.0,0.0,0.0,0.0,0.0,0.0,0.0,benign
0.0,0.0,0.0,0.0,0.0,0.0,33.5,0.0,2.0,2.0,0.0,60.0,1.0,0.0,0.0,0.0,0.0,1.0,1.0,0.0,0.0,0.0,0.0,0.0,0.032437,0.00429,0.0119957948835785,0.0,0.0,0.0,benign
0.0,0.0,0.0,0.0,0.0,0.0,54.0,0.0,2.0,2.0,0.0,60.0,1.0,0.0,0.0,0.0,0.0,1.0,1.0,0.0,0.0,0.0,0.0,0.0,0.03019,0.001151,0.0145195,0.0,0.0,0.0,benign
0.0,0.0,0.0,0.0,0.0,0.0,3.6666666666666665,0.0,2.0,2.0,0.0,54.0,2.0,0.0,1.0,2.0,2.0,2.0,2.0,2.0,0.0,0.0,0.0,24.0,0.030085,0.0,0.0121851169747155,64.0,95.5,5576.0,benign
0.0,0.0,0.0,0.0,0.0,0.0,0.0,2.0,1.0,2.0,0.0,230.0,0.0,196.0,0.0,1.0,1.0,0.0,1.0,0.0,0.0,0.0,0.0,0.0,0.011803,0.011803,0.0,64.0,0.0,0.0,benign
0.0,0.0,0.0,0.0,0.0,0.0,27.0,0.0,2.0,2.0,0.0,60.0,1.0,0.0,0.0,0.0,0.0,1.0,1.0,0.0,0.0,0.0,0.0,0.0,0.023294,0.000523,0.0113855,0.0,0.0,0.0,benign
0.0,0.0,0.0,0.0,0.0,0.0,0.0,0.0,0.0,0.0,0.0,0.0,0.0,0.0,0.0,0.0,0.0,0.0,0.0,0.0,0.0,0.0,0.0,0.0,0.0,0.0,0.0,0.0,0.0,0.0,benign
0.0,0.0,0.0,0.0,0.0,0.0,42.333333333333336,0.0,3.0,3.0,0.0,54.0,1.0,0.0,64.5,3.0,3.0,1.0,3.0,2.0,0.0,0.0,0.0,24.0,0.030118,0.001877,0.0115919643395759,238.0,7.361215932167728,1471.0,benign
0.0,0.0,0.0,0.0,0.0,0.0,0.0,0.0,0.0,0.0,0.0,0.0,0.0,0.0,0.0,0.0,0.0,0.0,0.0,0.0,0.0,0.0,0.0,0.0,0.0,0.0,0.0,0.0,0.0,0.0,benign
0.0,0.0,0.0,0.0,0.0,0.0,0.0,0.0,0.0,0.0,0.0,0.0,0.0,0.0,0.0,0.0,0.0,0.0,0.0,0.0,0.0,0.0,0.0,0.0,0.0,0.0,0.0,0.0,0.0,0.0,benign
0.0,0.0,0.0,0.0,0.0,0.0,0.0,0.0,0.0,0.0,0.0,0.0,0.0,0.0,0.0,0.0,0.0,0.0,0.0,0.0,0.0,0.0,0.0,0.0,0.0,0.0,0.0,0.0,0.0,0.0,benign
0.0,0.0,0.0,0.0,0.0,0.0,0.0,0.0,0.0,0.0,0.0,0.0,0.0,0.0,0.0,0.0,0.0,0.0,0.0,0.0,0.0,0.0,0.0,0.0,0.0,0.0,0.0,0.0,0.0,0.0,benign
0.0,0.0,0.0,0.0,0.0,0.0,0.0,0.0,0.0,0.0,0.0,0.0,0.0,0.0,0.0,0.0,0.0,0.0,0.0,0.0,0.0,0.0,0.0,0.0,0.0,0.0,0.0,0.0,0.0,0.0,benign
6.0,0.0,1.0,0.0,1.0,0.0,0.0,0.0,2.0,2.0,0.0,54.0,1.0,0.0,8.5,2.0,2.0,1.0,1.0,1.0,0.0,0.0,0.0,24.0,0.053044,0.0,0.026522,64.0,95.5,5564.0,benign
0.0,0.0,0.0,0.0,0.0,0.0,0.0,0.0,0.0,0.0,0.0,0.0,0.0,0.0,0.0,0.0,0.0,0.0,0.0,0.0,0.0,0.0,0.0,0.0,0.0,0.0,0.0,0.0,0.0,0.0,benign
0.0,0.0,0.0,0.0,0.0,0.0,119.33333333333331,0.0,3.0,3.0,0.0,60.0,1.0,196.0,0.0,1.0,1.0,1.0,2.0,0.0,0.0,0.0,0.0,0.0,0.018308,0.002812,0.005931072895143,255.0,0.0,0.0,benign
0.0,0.0,0.0,0.0,0.0,0.0,0.0,0.0,1.0,2.0,0.0,60.0,0.0,0.0,0.0,0.0,0.0,0.0,1.0,0.0,0.0,0.0,0.0,0.0,0.114814,0.114814,0.0,0.0,0.0,0.0,benign
0.0,0.0,0.0,0.0,0.0,0.0,0.0,0.0,0.0,0.0,0.0,0.0,0.0,0.0,0.0,0.0,0.0,0.0,0.0,0.0,0.0,0.0,0.0,0.0,0.0,0.0,0.0,0.0,0.0,0.0,benign
0.0,0.0,0.0,0.0,0.0,0.0,0.0,0.0,0.0,0.0,0.0,0.0,0.0,0.0,0.0,0.0,0.0,0.0,0.0,0.0,0.0,0.0,0.0,0.0,0.0,0.0,0.0,0.0,0.0,0.0,benign
0.0,0.0,0.0,0.0,0.0,0.0,0.0,0.0,0.0,0.0,0.0,0.0,0.0,0.0,0.0,0.0,0.0,0.0,0.0,0.0,0.0,0.0,0.0,0.0,0.0,0.0,0.0,0.0,0.0,0.0,benign
0.0,0.0,0.0,0.0,0.0,0.0,1341.25,0.0,0.4285714285714285,0.4285714285714285,0.0,60.0,0.1428571428571428,0.0,70.3152899446486,0.4285714285714285,0.4285714285714285,0.1428571428571428,0.4285714285714285,0.2857142857142857,0.0,0.0,0.0,24.0,0.032821285,0.000557665,0.0123771112866335,238.0,6.800000000000171,1816.0,recon
0.0,0.0,0.0,0.0,0.0,0.0,24.21875,0.0,11.0,11.0,0.0,54.0,16.0,0.0,384.8408159579502,12.0,12.0,3.0,2.0,16.0,0.0,0.0,0.0,24.0,0.035891,0.0,0.0079064249085027,61.0,94.55609885690954,660.0,benign
0.0,0.0,0.0,0.0,0.0,0.0,3.84636563876652,0.0,27.571428571428573,4.285714285714286,1460.0,60.0,77.71428571428571,0.0,60.78385247345069,92.0,92.14285714285714,0.7142857142857143,0.8571428571428571,22.714285714285715,47.57142857142857,51.57142857142857,0.0,24.0,0.025040558,3.2e-08,0.001862352022846,51.0,87.25107116606355,0.0,malware
162.0,51.852097353916186,1.0,204.5,5.0,0.0,90.88888888888889,0.0,2.0,2.0,0.0,54.0,5.0,0.0,10.5,2.0,2.0,1.0,1.0,5.0,0.0,0.0,0.0,24.0,0.062955,0.0,0.0263874765297858,64.0,95.5,5604.0,benign
0.0,0.0,0.0,0.0,0.0,0.0,0.0,0.0,0.0,0.0,0.0,0.0,0.0,0.0,0.0,0.0,0.0,0.0,0.0,0.0,0.0,0.0,0.0,0.0,0.0,0.0,0.0,0.0,0.0,0.0,benign
0.0,0.0,0.0,0.0,0.0,0.0,0.0,0.0,1.0,2.0,0.0,60.0,0.0,0.0,0.0,0.0,0.0,0.0,1.0,0.0,0.0,0.0,0.0,0.0,0.030208,0.030208,0.0,0.0,0.0,0.0,benign
0.0,0.0,0.0,0.0,0.0,0.0,0.0,0.0,0.0,0.0,0.0,0.0,0.0,0.0,0.0,0.0,0.0,0.0,0.0,0.0,0.0,0.0,0.0,0.0,0.0,0.0,0.0,0.0,0.0,0.0,benign
0.0,0.0,0.0,0.0,0.0,0.0,0.0,0.0,1.0,2.0,0.0,230.0,0.0,196.0,0.0,1.0,1.0,0.0,1.0,0.0,0.0,0.0,0.0,0.0,0.083018,0.083018,0.0,255.0,0.0,0.0,benign
0.0,0.0,0.0,0.0,0.0,0.0,84.125,0.0,6.0,4.0,0.0,54.0,5.0,0.0,625.4949713496293,4.0,4.0,4.0,4.0,4.0,0.0,0.0,0.0,24.0,0.103466,0.0,0.0330358913084422,61.0,92.6141876555749,660.0,benign
1023.0,0.0,1.0,0.0,1.0,0.0,361.5,0.0,2.0,3.0,0.0,54.0,2.0,0.0,9.0,2.0,2.0,2.0,1.0,1.0,0.0,0.0,0.0,24.0,0.026747,0.000298,0.0111673948120807,64.0,95.5,5646.0,benign
0.0,0.0,0.0,0.0,0.0,6714.714285714285,0.0811302604281359,0.0,0.1428571428571428,0.2857142857142857,0.0,60.0,12326.0,328.0,234.18056501870896,0.0,0.0,0.2857142857142857,0.0,0.0,0.0,0.0,0.0,0.0,0.021318112,2.6e-08,0.0001769368521035,64.0,0.0,0.0,dos
0.0,0.0,0.0,0.0,0.0,0.0,185.33333333333337,0.0,2.0,2.0,0.0,70.0,2.0,58.0,0.0,1.0,2.0,1.0,1.0,0.0,0.0,0.0,0.0,0.0,0.001345,0.0,0.0006517096746251,64.0,95.5,0.0,benign
0.0,0.0,0.0,0.0,0.0,0.0,0.0,0.0,0.0,0.0,0.0,0.0,0.0,0.0,0.0,0.0,0.0,0.0,0.0,0.0,0.0,0.0,0.0,0.0,0.0,0.0,0.0,0.0,0.0,0.0,benign
0.0,0.0,0.0,0.0,0.0,0.0,0.0,0.0,0.0,0.0,0.0,0.0,0.0,0.0,0.0,0.0,0.0,0.0,0.0,0.0,0.0,0.0,0.0,0.0,0.0,0.0,0.0,0.0,0.0,0.0,benign
0.0,0.0,0.0,0.0,0.0,0.0,13.37837837837838,2.0,34.0,35.0,0.0,60.0,41.0,0.0,886.9963302043129,4.0,4.0,4.0,4.0,4.0,0.0,0.0,0.0,24.0,0.03,0.0,0.0091476975682408,51.0,4.398515519525918,166.0,benign
22.3,0.0,1.0,0.0,7.0,0.0,56.5,0.0,2.0,3.0,0.0,54.0,3.0,0.0,84.81560882290476,2.0,2.0,2.0,1.0,2.0,0.0,0.0,0.0,24.0,0.03022,0.0,0.0113909160017972,64.0,95.5,5622.0,benign
0.0,0.0,0.0,0.0,0.0,0.0,0.0,0.0,0.0,0.0,0.0,0.0,0.0,0.0,0.0,0.0,0.0,0.0,0.0,0.0,0.0,0.0,0.0,0.0,0.0,0.0,0.0,0.0,0.0,0.0,benign
0.0,0.0,0.0,0.0,0.0,0.0,0.0,0.0,0.0,0.0,0.0,0.0,0.0,0.0,0.0,0.0,0.0,0.0,0.0,0.0,0.0,0.0,0.0,0.0,0.0,0.0,0.0,0.0,0.0,0.0,benign
0.0,0.0,0.0,0.0,0.0,0.0,0.0,0.0,0.0,0.0,0.0,0.0,0.0,0.0,0.0,0.0,0.0,0.0,0.0,0.0,0.0,0.0,0.0,0.0,0.0,0.0,0.0,0.0,0.0,0.0,benign
0.0,0.0,0.0,0.0,0.0,0.0,0.0,0.0,0.0,0.0,0.0,0.0,0.0,0.0,0.0,0.0,0.0,0.0,0.0,0.0,0.0,0.0,0.0,0.0,0.0,0.0,0.0,0.0,0.0,0.0,benign
0.0,0.0,0.0,0.0,0.0,0.0,0.0,0.0,0.0,0.0,0.0,0.0,0.0,0.0,0.0,0.0,0.0,0.0,0.0,0.0,0.0,0.0,0.0,0.0,0.0,0.0,0.0,0.0,0.0,0.0,benign
0.0,0.0,0.0,0.0,0.0,0.0,0.0,0.0,0.0,0.0,0.0,0.0,0.0,0.0,0.0,0.0,0.0,0.0,0.0,0.0,0.0,0.0,0.0,0.0,0.0,0.0,0.0,0.0,0.0,0.0,benign
0.0,0.0,0.0,0.0,0.0,0.0,0.0,0.0,0.0,0.0,0.0,0.0,0.0,0.0,0.0,0.0,0.0,0.0,0.0,0.0,0.0,0.0,0.0,0.0,0.0,0.0,0.0,0.0,0.0,0.0,benign
1023.0,0.0,1.0,0.0,1.0,0.0,0.0,0.0,2.0,2.0,0.0,54.0,1.0,0.0,9.0,2.0,2.0,1.0,1.0,1.0,0.0,0.0,0.0,24.0,0.1312,0.0,0.0656,64.0,95.5,5602.0,benign
0.0,0.0,0.0,0.0,0.0,0.0,0.0,0.0,0.0,0.0,0.0,0.0,0.0,0.0,0.0,0.0,0.0,0.0,0.0,0.0,0.0,0.0,0.0,0.0,0.0,0.0,0.0,0.0,0.0,0.0,benign
0.0,0.0,0.0,0.0,0.0,0.0,0.0,0.0,0.0,0.0,0.0,0.0,0.0,0.0,0.0,0.0,0.0,0.0,0.0,0.0,0.0,0.0,0.0,0.0,0.0,0.0,0.0,0.0,0.0,0.0,benign
0.0,0.0,0.0,0.0,0.0,0.0,0.0,0.0,0.0,0.0,0.0,0.0,0.0,0.0,0.0,0.0,0.0,0.0,0.0,0.0,0.0,0.0,0.0,0.0,0.0,0.0,0.0,0.0,0.0,0.0,benign
0.0,0.0,0.0,0.0,0.0,0.0,45.0,0.0,2.0,2.0,0.0,60.0,1.0,0.0,0.0,0.0,0.0,1.0,1.0,0.0,0.0,0.0,0.0,0.0,0.026148,0.000479,0.0117001581470793,0.0,0.0,0.0,benign
0.0,0.0,0.0,0.0,0.0,0.0,0.0,0.0,0.0,0.0,0.0,0.0,0.0,0.0,0.0,0.0,0.0,0.0,0.0,0.0,0.0,0.0,0.0,0.0,0.0,0.0,0.0,0.0,0.0,0.0,benign
912.0,0.0,2.0,0.0,3.0,0.0,0.6666666666666666,0.0,2.0,2.0,0.0,54.0,2.0,0.0,22.93877721239735,2.0,2.0,1.0,1.0,2.0,0.0,0.0,0.0,24.0,0.031685,0.0,0.0137200074594549,64.0,95.5,5624.0,benign
0.0,0.0,0.0,0.0,0.0,0.0,0.0,0.0,0.0,0.0,0.0,0.0,0.0,0.0,0.0,0.0,0.0,0.0,0.0,0.0,0.0,0.0,0.0,0.0,0.0,0.0,0.0,0.0,0.0,0.0,benign
0.0,0.0,0.0,0.0,0.0,0.0,0.0,0.0,0.0,0.0,0.0,0.0,0.0,0.0,0.0,0.0,0.0,0.0,0.0,0.0,0.0,0.0,0.0,0.0,0.0,0.0,0.0,0.0,0.0,0.0,benign
14.0,0.0,1.0,0.0,1.0,0.0,0.0,0.0,2.0,2.0,0.0,54.0,1.0,0.0,10.5,2.0,2.0,1.0,1.0,1.0,0.0,0.0,0.0,24.0,0.014726,0.0,0.007363,64.0,95.5,5606.0,benign
0.0,0.0,0.0,0.0,0.0,0.0,0.0,0.0,0.0,0.0,0.0,0.0,0.0,0.0,0.0,0.0,0.0,0.0,0.0,0.0,0.0,0.0,0.0,0.0,0.0,0.0,0.0,0.0,0.0,0.0,benign
0.0,0.0,0.0,0.0,0.0,0.0,3.278481012658228,0.0,33.0,6.428571428571429,1460.0,60.0,61.85714285714285,0.0,280.659509734142,76.85714285714286,77.0,1.0,1.2857142857142858,41.0,11.142857142857142,15.857142857142858,0.0,24.0,0.029110306,3.2e-08,0.0025787110170967,61.0,62.4639286943169,0.0,malware
0.0,0.0,0.0,0.0,0.0,0.0,0.0,0.0,1.0,2.0,0.0,214.0,0.0,180.0,0.0,1.0,1.0,0.0,1.0,0.0,0.0,0.0,0.0,0.0,0.038465,0.038465,0.0,255.0,0.0,0.0,benign
0.0,0.0,0.0,0.0,0.0,0.0,0.0,0.0,0.0,0.0,0.0,0.0,0.0,0.0,0.0,0.0,0.0,0.0,0.0,0.0,0.0,0.0,0.0,0.0,0.0,0.0,0.0,0.0,0.0,0.0,benign
0.0,0.0,0.0,0.0,0.0,0.0,0.0,0.0,0.0,0.0,0.0,0.0,0.0,0.0,0.0,0.0,0.0,0.0,0.0,0.0,0.0,0.0,0.0,0.0,0.0,0.0,0.0,0.0,0.0,0.0,benign
0.0,0.0,0.0,0.0,0.0,0.0,8.17570754716981,0.0,2.571428571428572,2.4285714285714284,1460.0,60.0,59.71428571428572,0.0,164.6577579150309,44.71428571428572,44.71428571428572,0.5714285714285714,0.5714285714285714,16.0,42.42857142857143,42.57142857142857,0.0,24.0,0.032838162,3e-08,0.0024886554335267,37.0,64.21500830041253,0.0,recon
0.0,0.0,0.0,0.0,0.0,0.0,0.0,0.0,0.0,0.0,0.0,0.0,0.0,0.0,0.0,0.0,0.0,0.0,0.0,0.0,0.0,0.0,0.0,0.0,0.0,0.0,0.0,0.0,0.0,0.0,benign
0.0,0.0,0.0,0.0,0.0,0.0,0.0,0.0,0.0,0.0,0.0,0.0,0.0,0.0,0.0,0.0,0.0,0.0,0.0,0.0,0.0,0.0,0.0,0.0,0.0,0.0,0.0,0.0,0.0,0.0,benign
0.0,0.0,0.0,0.0,0.0,0.0,0.0,0.0,0.0,0.0,0.0,0.0,0.0,0.0,0.0,0.0,0.0,0.0,0.0,0.0,0.0,0.0,0.0,0.0,0.0,0.0,0.0,0.0,0.0,0.0,benign
0.0,0.0,0.0,0.0,0.0,0.0,0.0,0.0,0.0,0.0,0.0,0.0,0.0,0.0,0.0,0.0,0.0,0.0,0.0,0.0,0.0,0.0,0.0,0.0,0.0,0.0,0.0,0.0,0.0,0.0,benign
2.0,0.0,1.0,0.0,1.0,0.0,401.5,0.0,2.0,3.0,0.0,54.0,2.0,0.0,8.5,2.0,2.0,2.0,1.0,1.0,0.0,0.0,0.0,24.0,0.005046,0.0,0.0022682731072092,64.0,95.5,5534.0,benign
0.0,0.0,0.0,0.0,0.0,0.0,0.0,0.0,0.0,2.0,0.0,198.0,0.0,0.0,0.0,0.0,0.0,0.0,1.0,0.0,0.0,0.0,0.0,0.0,0.084231,0.084231,0.0,0.0,0.0,0.0,benign
550.0,0.6388765650148149,0.2857142857142857,1038.5,3.0,0.0,6.188940092165899,0.0,0.4285714285714285,0.4285714285714285,1460.0,60.0,89.28571428571429,0.0,4.684236570261171,65.14285714285714,58.42857142857143,0.1428571428571428,0.4285714285714285,2.142857142857143,63.57142857142857,87.14285714285714,0.0,24.0,0.049989166,3.2e-08,0.0063623090823933,37.0,102.4618621737397,1024.0,recon
0.0,0.0,0.0,0.0,0.0,0.0,0.0,0.0,0.0,0.0,0.0,0.0,0.0,0.0,0.0,0.0,0.0,0.0,0.0,0.0,0.0,0.0,0.0,0.0,0.0,0.0,0.0,0.0,0.0,0.0,benign
0.0,0.0,0.0,0.0,0.0,0.0,0.0,0.0,0.0,0.0,0.0,0.0,0.0,0.0,0.0,0.0,0.0,0.0,0.0,0.0,0.0,0.0,0.0,0.0,0.0,0.0,0.0,0.0,0.0,0.0,benign
211.0,0.0,1.0,0.0,2.0,0.0,1.3333333333333333,0.0,2.0,2.0,0.0,54.0,2.0,0.0,10.594810050208546,2.0,2.0,1.0,1.0,2.0,0.0,0.0,0.0,24.0,0.013562,0.0,0.0054612588979098,64.0,95.5,5554.0,benign
0.0,0.0,0.0,0.0,0.0,0.0,67.18181818181819,0.0,8.0,5.0,0.0,54.0,7.0,0.0,721.0505597544615,8.0,8.0,3.0,3.0,7.0,0.0,0.0,0.0,24.0,0.212619,0.0,0.0565307352746052,53.0,88.35168834455476,135.0,benign
0.0,0.0,0.0,0.0,0.0,0.0,0.0,0.0,0.0,0.0,0.0,0.0,0.0,0.0,0.0,0.0,0.0,0.0,0.0,0.0,0.0,0.0,0.0,0.0,0.0,0.0,0.0,0.0,0.0,0.0,benign
0.0,0.0,0.0,0.0,0.0,0.0,0.0,0.0,0.0,0.0,0.0,0.0,0.0,0.0,0.0,0.0,0.0,0.0,0.0,0.0,0.0,0.0,0.0,0.0,0.0,0.0,0.0,0.0,0.0,0.0,benign
12.0,0.0,1.0,0.0,1.0,0.0,55.66666666666666,0.0,3.0,3.0,0.0,54.0,2.0,0.0,10.5,2.0,2.0,2.0,2.0,1.0,0.0,0.0,0.0,24.0,0.040197,0.0,0.0168336676707721,64.0,95.5,5602.0,benign
13.0,0.0,1.0,0.0,1.0,0.0,0.0,0.0,2.0,2.0,0.0,54.0,1.0,0.0,10.5,2.0,2.0,1.0,1.0,1.0,0.0,0.0,0.0,24.0,0.000497,0.0,0.0002485,64.0,95.5,5604.0,benign
0.0,0.0,0.0,0.0,0.0,0.0,0.0,0.0,0.0,0.0,0.0,0.0,0.0,0.0,0.0,0.0,0.0,0.0,0.0,0.0,0.0,0.0,0.0,0.0,0.0,0.0,0.0,0.0,0.0,0.0,benign
0.0,0.0,0.0,0.0,0.0,0.0,0.2299248220344621,0.0,0.4285714285714285,0.4285714285714285,1460.0,60.0,2149.428571428572,0.0,0.0,145.0,145.0,0.2857142857142857,0.2857142857142857,0.0,2142.8571428571427,2149.285714285714,0.0,20.0,0.020346477,2.7e-08,0.0003438999095565,37.0,9.222255512650843,0.0,recon
0.0,0.0,0.0,0.0,0.0,0.0,0.0,0.0,0.0,2.0,0.0,94.0,0.0,40.0,10.5,1.0,1.0,0.0,1.0,0.0,0.0,0.0,0.0,0.0,0.015351,0.0,0.0076755,0.0,0.0,0.0,benign
0.0,0.0,1.0,0.0,1.0,0.0,21.8,0.0,2.0,2.0,0.0,54.0,3.0,0.0,5.367080729368206,2.0,2.0,2.0,2.0,3.0,0.0,0.0,0.0,24.0,0.021776,0.0,0.0082226259677523,64.0,95.5,5638.0,benign
0.0,0.0,0.0,0.0,0.0,0.0,0.0,0.0,0.0,0.0,0.0,0.0,0.0,0.0,0.0,0.0,0.0,0.0,0.0,0.0,0.0,0.0,0.0,0.0,0.0,0.0,0.0,0.0,0.0,0.0,benign
0.0,0.0,0.0,0.0,0.0,0.0,0.0,0.0,0.0,0.0,0.0,0.0,0.0,0.0,0.0,0.0,0.0,0.0,0.0,0.0,0.0,0.0,0.0,0.0,0.0,0.0,0.0,0.0,0.0,0.0,benign
0.0,0.0,0.0,0.0,0.0,0.0,0.0,0.0,0.0,0.0,0.0,0.0,0.0,0.0,0.0,0.0,0.0,0.0,0.0,0.0,0.0,0.0,0.0,0.0,0.0,0.0,0.0,0.0,0.0,0.0,benign
0.0,0.0,0.0,0.0,0.0,0.0,0.0,0.0,0.0,0.0,0.0,0.0,0.0,0.0,0.0,0.0,0.0,0.0,0.0,0.0,0.0,0.0,0.0,0.0,0.0,0.0,0.0,0.0,0.0,0.0,benign
873.0,3.88087934490869,0.1428571428571428,1003.6666666666666,1.0,0.0,419.53333333333336,0.0,0.4285714285714285,0.4285714285714285,0.0,60.0,1.1428571428571428,0.0,8.5,0.2857142857142857,0.2857142857142857,0.2857142857142857,0.2857142857142857,1.0,0.0,0.0,0.0,24.0,0.041573617,1.25e-07,0.0137271190295567,64.0,95.5,4832.0,recon
0.0,0.0,0.0,0.0,0.0,0.0,21.5,0.0,2.0,2.0,0.0,60.0,1.0,0.0,0.0,0.0,0.0,1.0,1.0,0.0,0.0,0.0,0.0,0.0,0.040416,0.003868,0.0172079532839388,0.0,0.0,0.0,benign
0.0,0.0,0.0,0.0,0.0,0.0,0.0,0.0,0.0,0.0,0.0,0.0,0.0,0.0,0.0,0.0,0.0,0.0,0.0,0.0,0.0,0.0,0.0,0.0,0.0,0.0,0.0,0.0,0.0,0.0,benign
212.0,0.0,1.0,0.0,2.0,0.0,3.333333333333333,0.0,2.0,2.0,0.0,54.0,2.0,0.0,10.594810050208546,2.0,2.0,1.0,1.0,2.0,0.0,0.0,0.0,24.0,0.026398,0.0,0.0111548815547275,64.0,95.5,5592.0,benign
0.0,0.0,0.0,0.0,0.0,0.0,0.0,0.0,0.0,0.0,0.0,0.0,0.0,0.0,0.0,0.0,0.0,0.0,0.0,0.0,0.0,0.0,0.0,0.0,0.0,0.0,0.0,0.0,0.0,0.0,benign
0.0,0.0,0.0,0.0,0.0,0.0,0.0,0.0,0.0,0.0,0.0,0.0,0.0,0.0,0.0,0.0,0.0,0.0,0.0,0.0,0.0,0.0,0.0,0.0,0.0,0.0,0.0,0.0,0.0,0.0,benign
0.0,0.0,0.0,0.0,0.0,0.0,0.0,0.0,0.0,0.0,0.0,0.0,0.0,0.0,0.0,0.0,0.0,0.0,0.0,0.0,0.0,0.0,0.0,0.0,0.0,0.0,0.0,0.0,0.0,0.0,benign
0.0,0.0,0.0,0.0,0.0,0.0,0.0,0.0,1.0,2.0,0.0,214.0,0.0,180.0,0.0,1.0,1.0,0.0,1.0,0.0,0.0,0.0,0.0,0.0,0.004449,0.004449,0.0,255.0,0.0,0.0,benign
0.0,0.0,0.0,0.0,0.0,0.0,0.0,0.0,1.0,2.0,0.0,214.0,0.0,180.0,0.0,1.0,1.0,0.0,1.0,0.0,0.0,0.0,0.0,0.0,0.054379,0.054379,0.0,255.0,0.0,0.0,benign
0.0,0.0,0.0,0.0,0.0,0.0,0.0,0.0,0.0,0.0,0.0,0.0,0.0,0.0,0.0,0.0,0.0,0.0,0.0,0.0,0.0,0.0,0.0,0.0,0.0,0.0,0.0,0.0,0.0,0.0,benign
148.0,0.0,1.0,0.0,2.0,0.0,1.0,0.0,2.0,2.0,0.0,54.0,2.0,0.0,11.0227038425243,2.0,2.0,1.0,1.0,2.0,0.0,0.0,0.0,24.0,0.087859,0.0,0.0376304620777834,64.0,95.5,5570.0,benign
0.0,0.0,0.0,0.0,0.0,0.0,0.0,0.0,0.0,2.0,0.0,198.0,0.0,0.0,0.0,0.0,0.0,0.0,1.0,0.0,0.0,0.0,0.0,0.0,0.006797,0.006797,0.0,0.0,0.0,0.0,benign
0.0,0.0,0.0,0.0,0.0,0.0,102.0,2.0,2.0,3.0,0.0,46.0,0.0,196.0,0.0,1.0,1.0,0.0,2.0,0.0,0.0,0.0,0.0,0.0,0.067664,0.001473,0.0299416459912722,1.0,29.69848480983499,0.0,benign
123.0,0.0,1.0,0.0,2.0,0.0,0.6666666666666666,0.0,2.0,2.0,0.0,54.0,2.0,0.0,11.0227038425243,2.0,2.0,1.0,1.0,2.0,0.0,0.0,0.0,24.0,0.093904,0.0,0.0404182184440074,64.0,95.5,5590.0,benign
0.0,0.0,0.0,0.0,0.0,0.0,0.0,0.0,0.0,0.0,0.0,0.0,0.0,0.0,0.0,0.0,0.0,0.0,0.0,0.0,0.0,0.0,0.0,0.0,0.0,0.0,0.0,0.0,0.0,0.0,benign
0.0,0.0,0.0,0.0,0.0,0.0,0.0,0.0,0.0,0.0,0.0,0.0,0.0,0.0,0.0,0.0,0.0,0.0,0.0,0.0,0.0,0.0,0.0,0.0,0.0,0.0,0.0,0.0,0.0,0.0,benign
0.0,0.0,0.0,0.0,0.0,0.0,0.0,0.0,0.0,0.0,0.0,0.0,0.0,0.0,0.0,0.0,0.0,0.0,0.0,0.0,0.0,0.0,0.0,0.0,0.0,0.0,0.0,0.0,0.0,0.0,benign
0.0,0.0,0.0,0.0,0.0,0.0,0.0,0.0,0.0,0.0,0.0,0.0,0.0,0.0,0.0,0.0,0.0,0.0,0.0,0.0,0.0,0.0,0.0,0.0,0.0,0.0,0.0,0.0,0.0,0.0,benign
0.0,0.0,0.0,0.0,0.0,0.0,0.0,0.0,0.0,0.0,0.0,0.0,0.0,0.0,0.0,0.0,0.0,0.0,0.0,0.0,0.0,0.0,0.0,0.0,0.0,0.0,0.0,0.0,0.0,0.0,benign
0.0,0.0,0.0,0.0,0.0,0.0,0.0,0.0,0.0,0.0,0.0,0.0,0.0,0.0,0.0,0.0,0.0,0.0,0.0,0.0,0.0,0.0,0.0,0.0,0.0,0.0,0.0,0.0,0.0,0.0,benign
0.0,0.0,0.0,0.0,0.0,0.0,0.0,0.0,0.0,0.0,0.0,0.0,0.0,0.0,0.0,0.0,0.0,0.0,0.0,0.0,0.0,0.0,0.0,0.0,0.0,0.0,0.0,0.0,0.0,0.0,benign
0.0,0.0,0.0,0.0,0.0,0.0,131.0,0.0,3.0,3.0,0.0,60.0,1.0,180.0,0.0,1.0,1.0,1.0,2.0,0.0,0.0,0.0,0.0,0.0,0.040348,0.003412,0.0150425290593038,255.0,0.0,0.0,benign
0.0,0.0,0.0,0.0,0.0,0.0,0.0,0.0,0.0,0.0,0.0,0.0,0.0,0.0,0.0,0.0,0.0,0.0,0.0,0.0,0.0,0.0,0.0,0.0,0.0,0.0,0.0,0.0,0.0,0.0,benign
0.0,0.0,0.0,0.0,0.0,0.0,26.5921568627451,0.0,2.2857142857142856,2.142857142857143,0.0,60.0,17.428571428571427,0.0,299.4413545548608,2.2857142857142856,2.2857142857142856,0.5714285714285714,0.5714285714285714,16.714285714285715,0.0,0.0,0.0,24.0,0.266752982,3.3e-08,0.0348549434651207,61.0,94.32139104050172,501.0,mitm
0.0,0.0,0.0,0.0,0.0,0.0,61.23076923076923,0.0,3.0,2.0,1460.0,54.0,7.0,0.0,134.57212996480848,4.0,4.0,3.0,3.0,6.0,0.0,2.0,0.0,24.0,0.10232,0.000528,0.0305352653931917,109.0,36.53541753824472,2450.0,benign
0.0,0.0,0.0,0.0,0.0,0.0,0.0,0.0,0.0,0.0,0.0,0.0,0.0,0.0,0.0,0.0,0.0,0.0,0.0,0.0,0.0,0.0,0.0,0.0,0.0,0.0,0.0,0.0,0.0,0.0,benign
0.0,0.0,0.0,0.0,0.0,0.0,0.0,0.0,1.0,2.0,0.0,60.0,0.0,0.0,0.0,0.0,0.0,0.0,1.0,0.0,0.0,0.0,0.0,0.0,0.045664,0.045664,0.0,0.0,0.0,0.0,benign
0.0,0.0,0.0,0.0,0.0,0.0,0.0,0.0,0.0,0.0,0.0,0.0,0.0,0.0,0.0,0.0,0.0,0.0,0.0,0.0,0.0,0.0,0.0,0.0,0.0,0.0,0.0,0.0,0.0,0.0,benign
1023.0,0.0,1.0,0.0,1.0,0.0,0.0,0.0,2.0,2.0,0.0,54.0,1.0,0.0,9.0,2.0,2.0,1.0,1.0,1.0,0.0,0.0,0.0,24.0,0.010942,0.0,0.005471,64.0,95.5,5576.0,benign
914.0,0.0,2.0,0.0,3.0,0.0,1.3333333333333333,0.0,2.0,2.0,0.0,54.0,2.0,0.0,22.93877721239735,2.0,2.0,1.0,1.0,2.0,0.0,0.0,0.0,24.0,0.016735,1e-06,0.0068772805444812,64.0,95.5,5594.0,benign
1.0,0.0,1.0,0.0,1.0,0.0,0.0,0.0,2.0,2.0,0.0,54.0,1.0,0.0,7.5,2.0,2.0,1.0,1.0,1.0,0.0,0.0,0.0,24.0,0.081803,0.0,0.0409015,64.0,95.5,5572.0,benign
10.0,0.0,1.0,0.0,1.0,0.0,0.0,0.0,2.0,2.0,0.0,54.0,1.0,0.0,8.0,2.0,2.0,1.0,1.0,1.0,0.0,0.0,0.0,24.0,0.002103,0.0,0.0010515,64.0,95.5,5546.0,benign
0.0,0.0,0.0,0.0,0.0,0.0,87.0,0.0,2.0,2.0,0.0,60.0,1.0,0.0,0.0,0.0,0.0,1.0,1.0,0.0,0.0,0.0,0.0,0.0,0.007146,0.001637,0.0027545,0.0,0.0,0.0,benign
0.0,0.0,0.0,0.0,0.0,0.0,0.0,0.0,0.0,0.0,0.0,0.0,0.0,0.0,0.0,0.0,0.0,0.0,0.0,0.0,0.0,0.0,0.0,0.0,0.0,0.0,0.0,0.0,0.0,0.0,benign
-0.7,0.5923399924592857,2.0,0.0,2.0,0.0,1.5,0.0,2.0,2.0,0.0,54.0,2.0,0.0,19.327585352432298,2.0,2.0,1.0,1.0,1.0,0.0,0.0,0.0,24.0,0.001778,0.0,0.0008379216351584,64.0,90.03826347108705,5560.0,benign
127.0,0.0,1.0,0.0,2.0,0.0,1.0,0.0,2.0,2.0,0.0,54.0,2.0,0.0,11.0227038425243,2.0,2.0,1.0,1.0,2.0,0.0,0.0,0.0,24.0,0.041401,0.0,0.0175506602635769,64.0,95.5,5548.0,benign
0.0,0.0,0.0,0.0,0.0,0.0,0.0,0.0,0.0,0.0,0.0,0.0,0.0,0.0,0.0,0.0,0.0,0.0,0.0,0.0,0.0,0.0,0.0,0.0,0.0,0.0,0.0,0.0,0.0,0.0,benign
0.0,0.0,0.0,0.0,0.0,0.0,27.676470588235293,0.0,11.0,11.0,0.0,54.0,17.0,0.0,403.54494072367385,12.0,12.0,3.0,3.0,17.0,0.0,0.0,0.0,24.0,0.074209,0.0,0.0162388228351889,61.0,94.6713930026448,660.0,benign
0.0,0.0,0.0,0.0,0.0,0.0,0.0,0.0,0.0,0.0,0.0,0.0,0.0,0.0,0.0,0.0,0.0,0.0,0.0,0.0,0.0,0.0,0.0,0.0,0.0,0.0,0.0,0.0,0.0,0.0,benign
-0.7,0.588179866669674,2.0,0.0,2.0,0.0,1.0,0.0,2.0,2.0,0.0,54.0,2.0,0.0,19.327585352432298,2.0,2.0,1.0,1.0,1.0,0.0,0.0,0.0,24.0,0.002088,0.0,0.0009842926394116,64.0,90.03826347108705,5552.0,benign
0.0,0.0,0.0,0.0,0.0,0.0,0.0,0.0,0.0,0.0,0.0,0.0,0.0,0.0,0.0,0.0,0.0,0.0,0.0,0.0,0.0,0.0,0.0,0.0,0.0,0.0,0.0,0.0,0.0,0.0,benign
139.0,0.0,1.0,0.0,2.0,0.0,1.0,0.0,2.0,2.0,0.0,54.0,2.0,0.0,11.0227038425243,2.0,2.0,1.0,1.0,2.0,0.0,0.0,0.0,24.0,0.002086,0.0,0.0008270354814033,64.0,95.5,5606.0,benign
0.0,0.0,0.0,0.0,0.0,0.0,0.0,0.0,0.0,0.0,0.0,0.0,0.0,0.0,0.0,0.0,0.0,0.0,0.0,0.0,0.0,0.0,0.0,0.0,0.0,0.0,0.0,0.0,0.0,0.0,benign
0.0,0.0,0.0,0.0,0.0,0.0,0.0,0.0,1.0,2.0,0.0,214.0,0.0,180.0,0.0,1.0,1.0,0.0,1.0,0.0,0.0,0.0,0.0,0.0,0.012494,0.012494,0.0,255.0,0.0,0.0,benign
0.0,0.0,0.0,0.0,0.0,0.0,33.0,0.0,2.0,2.0,0.0,60.0,1.0,0.0,0.0,0.0,0.0,1.0,1.0,0.0,0.0,0.0,0.0,0.0,0.030057,0.000501,0.014778,0.0,0.0,0.0,benign
0.0,0.0,0.0,0.0,0.0,0.0,0.0,0.0,0.0,0.0,0.0,0.0,0.0,0.0,0.0,0.0,0.0,0.0,0.0,0.0,0.0,0.0,0.0,0.0,0.0,0.0,0.0,0.0,0.0,0.0,benign
0.0,0.0,0.0,0.0,0.0,0.0,0.0,0.0,0.0,0.0,0.0,0.0,0.0,0.0,0.0,0.0,0.0,0.0,0.0,0.0,0.0,0.0,0.0,0.0,0.0,0.0,0.0,0.0,0.0,0.0,benign
0.0,0.0,1.0,0.0,1.0,0.0,0.0,0.0,2.0,2.0,0.0,54.0,1.0,0.0,7.5,2.0,2.0,1.0,1.0,1.0,0.0,0.0,0.0,24.0,0.027303,0.0,0.0136515,64.0,95.5,5596.0,benign
0.0,0.0,0.0,0.0,0.0,0.0,13.92741935483871,0.0,2.4285714285714284,2.4285714285714284,1460.0,60.0,35.285714285714285,0.0,238.3110481886448,3.7142857142857135,3.7142857142857135,0.7142857142857143,0.7142857142857143,32.142857142857146,0.5714285714285714,2.571428571428572,0.0,24.0,0.054376614,3.3e-08,0.0055815983961389,61.0,78.50798052151627,0.0,malware
0.0,0.0,0.0,0.0,0.0,0.0,0.0,0.0,0.0,0.0,0.0,0.0,0.0,0.0,0.0,0.0,0.0,0.0,0.0,0.0,0.0,0.0,0.0,0.0,0.0,0.0,0.0,0.0,0.0,0.0,benign
0.0,0.0,0.0,0.0,0.0,0.0,45.5,0.0,2.0,2.0,0.0,60.0,1.0,0.0,0.0,0.0,0.0,1.0,1.0,0.0,0.0,0.0,0.0,0.0,0.003558,0.0,0.0015461708256923,0.0,0.0,0.0,benign
0.0,0.0,0.0,0.0,0.0,0.0,0.0,0.0,0.0,0.0,0.0,0.0,0.0,0.0,0.0,0.0,0.0,0.0,0.0,0.0,0.0,0.0,0.0,0.0,0.0,0.0,0.0,0.0,0.0,0.0,benign
0.0,0.0,0.0,0.0,0.0,0.0,0.0,0.0,0.0,0.0,0.0,0.0,0.0,0.0,0.0,0.0,0.0,0.0,0.0,0.0,0.0,0.0,0.0,0.0,0.0,0.0,0.0,0.0,0.0,0.0,benign
0.0,0.0,0.0,0.0,0.0,0.0,0.0,0.0,0.0,0.0,0.0,0.0,0.0,0.0,0.0,0.0,0.0,0.0,0.0,0.0,0.0,0.0,0.0,0.0,0.0,0.0,0.0,0.0,0.0,0.0,benign
0.0,0.0,1.0,0.0,1.0,0.0,0.0,0.0,2.0,2.0,0.0,54.0,1.0,0.0,8.0,2.0,2.0,1.0,1.0,1.0,0.0,0.0,0.0,24.0,0.001692,0.0,0.000846,64.0,95.5,5544.0,benign
0.0,0.0,0.0,0.0,0.0,0.0,0.0,0.0,0.0,0.0,0.0,0.0,0.0,0.0,0.0,0.0,0.0,0.0,0.0,0.0,0.0,0.0,0.0,0.0,0.0,0.0,0.0,0.0,0.0,0.0,benign
0.0,0.0,0.0,0.0,0.0,0.0,8.5,0.0,3.0,3.0,0.0,60.0,1.0,180.0,0.0,1.0,1.0,1.0,2.0,0.0,0.0,0.0,0.0,0.0,0.017916,0.005788,0.0049512390592883,255.0,0.0,0.0,benign
0.0,0.0,0.0,0.0,0.0,0.0,0.0,0.0,0.0,0.0,0.0,0.0,0.0,0.0,0.0,0.0,0.0,0.0,0.0,0.0,0.0,0.0,0.0,0.0,0.0,0.0,0.0,0.0,0.0,0.0,benign
0.0,0.0,0.0,0.0,0.0,0.0,0.0,0.0,1.0,2.0,0.0,214.0,0.0,180.0,0.0,1.0,1.0,0.0,1.0,0.0,0.0,0.0,0.0,0.0,0.072,0.072,0.0,255.0,0.0,0.0,benign
0.0,0.0,0.0,0.0,0.0,0.0,0.0,0.0,0.0,0.0,0.0,0.0,0.0,0.0,0.0,0.0,0.0,0.0,0.0,0.0,0.0,0.0,0.0,0.0,0.0,0.0,0.0,0.0,0.0,0.0,benign
0.0,0.0,0.0,0.0,0.0,0.0,27.266666666666666,0.0,11.0,11.0,0.0,54.0,15.0,0.0,434.9625697054231,12.0,12.0,3.0,2.0,15.0,0.0,0.0,0.0,24.0,0.085595,0.0,0.0232927170017054,61.0,94.41683653804677,660.0,benign
2.0,0.0,1.0,0.0,1.0,0.0,1.0,0.0,2.0,2.0,0.0,54.0,1.0,0.0,8.5,2.0,2.0,1.0,1.0,1.0,0.0,0.0,0.0,24.0,0.034476,0.000361,0.0170574999999999,64.0,95.5,5582.0,benign
0.0,0.0,0.0,0.0,0.0,0.0,0.0,0.0,0.0,0.0,0.0,0.0,0.0,0.0,0.0,0.0,0.0,0.0,0.0,0.0,0.0,0.0,0.0,0.0,0.0,0.0,0.0,0.0,0.0,0.0,benign
0.0,0.0,0.0,0.0,0.0,0.0,0.0,0.0,0.0,0.0,0.0,0.0,0.0,0.0,0.0,0.0,0.0,0.0,0.0,0.0,0.0,0.0,0.0,0.0,0.0,0.0,0.0,0.0,0.0,0.0,benign
0.0,0.0,0.0,0.0,0.0,0.0,0.0,0.0,0.0,0.0,0.0,0.0,0.0,0.0,0.0,0.0,0.0,0.0,0.0,0.0,0.0,0.0,0.0,0.0,0.0,0.0,0.0,0.0,0.0,0.0,benign
209.0,0.0,1.0,0.0,2.0,0.0,1.0,0.0,2.0,2.0,0.0,54.0,2.0,0.0,10.594810050208546,2.0,2.0,1.0,1.0,2.0,0.0,0.0,0.0,24.0,0.018683,0.000291,0.0076525066481513,64.0,95.5,5548.0,benign
0.0,0.0,0.0,0.0,0.0,0.0,0.0,0.0,0.0,0.0,0.0,0.0,0.0,0.0,0.0,0.0,0.0,0.0,0.0,0.0,0.0,0.0,0.0,0.0,0.0,0.0,0.0,0.0,0.0,0.0,benign
915.0,0.0,2.0,0.0,3.0,0.0,1.0,0.0,2.0,2.0,0.0,54.0,2.0,0.0,22.93877721239735,2.0,2.0,1.0,1.0,2.0,0.0,0.0,0.0,24.0,0.005735,0.0,0.0023650912244562,64.0,95.5,5544.0,benign
-0.7,0.5921899094791204,2.0,0.0,2.0,0.0,1.0,0.0,2.0,2.0,0.0,54.0,2.0,0.0,19.327585352432298,2.0,2.0,1.0,1.0,1.0,0.0,0.0,0.0,24.0,0.018699,0.0,0.0088147931342715,64.0,90.03826347108705,5606.0,benign
0.0,0.0,0.0,0.0,0.0,0.0,0.0,0.0,2.0,2.0,0.0,60.0,1.0,0.0,0.0,0.0,0.0,1.0,1.0,0.0,0.0,0.0,0.0,0.0,0.009191,0.000305,0.004443,0.0,0.0,0.0,benign
-0.7,0.5921899094791204,2.0,0.0,2.0,0.0,1.5,0.0,2.0,2.0,0.0,54.0,2.0,0.0,19.327585352432298,2.0,2.0,1.0,1.0,1.0,0.0,0.0,0.0,24.0,0.023402,0.0,0.0110318085955517,64.0,90.03826347108705,5646.0,benign
0.0,0.0,0.0,0.0,0.0,0.0,0.0,0.0,0.0,0.0,0.0,0.0,0.0,0.0,0.0,0.0,0.0,0.0,0.0,0.0,0.0,0.0,0.0,0.0,0.0,0.0,0.0,0.0,0.0,0.0,benign
0.0,0.0,0.0,0.0,0.0,0.0,16.080645161290324,0.0,13.0,13.0,0.0,54.0,31.0,0.0,336.8627733851257,14.0,14.0,3.0,3.0,31.0,0.0,0.0,0.0,24.0,0.069227,0.0,0.017845983045977,61.0,95.28812442580954,660.0,benign
0.0,0.0,0.0,0.0,0.0,0.0,12.342105263157896,0.0,14.0,6.0,1384.0,50.0,30.0,0.0,517.7671119550007,10.0,10.0,6.0,6.0,30.0,0.0,2.0,0.0,24.0,0.09605,0.0,0.0137897208980314,47.0,31.07980837921767,63.0,benign
1023.0,0.0,1.0,0.0,1.0,0.0,0.0,0.0,2.0,2.0,0.0,54.0,1.0,0.0,9.0,2.0,2.0,1.0,1.0,1.0,0.0,0.0,0.0,24.0,0.015814,0.000605,0.0076045,64.0,95.5,5548.0,benign
0.0,0.0,0.0,0.0,0.0,0.0,10.5,0.0,2.0,2.0,0.0,60.0,1.0,0.0,0.0,0.0,0.0,1.0,1.0,0.0,0.0,0.0,0.0,0.0,0.017241,0.000533,0.0071708080592233,0.0,0.0,0.0,benign
0.0,0.0,0.0,0.0,0.0,0.0,0.0,0.0,0.0,0.0,0.0,0.0,0.0,0.0,0.0,0.0,0.0,0.0,0.0,0.0,0.0,0.0,0.0,0.0,0.0,0.0,0.0,0.0,0.0,0.0,benign
0.0,0.0,0.0,0.0,0.0,0.0,0.0,0.0,0.0,0.0,0.0,0.0,0.0,0.0,0.0,0.0,0.0,0.0,0.0,0.0,0.0,0.0,0.0,0.0,0.0,0.0,0.0,0.0,0.0,0.0,benign
0.0,0.0,0.0,0.0,0.0,0.0,59.333333333333336,2.0,4.0,3.0,0.0,66.0,4.0,0.0,768.699829954078,4.0,4.0,3.0,3.0,4.0,0.0,0.0,0.0,24.0,0.052046,0.0,0.0172118608250596,53.0,3.7361990944634447,135.0,benign
0.0,0.0,0.0,0.0,0.0,0.0,0.0,0.0,0.0,0.0,0.0,0.0,0.0,0.0,0.0,0.0,0.0,0.0,0.0,0.0,0.0,0.0,0.0,0.0,0.0,0.0,0.0,0.0,0.0,0.0,benign
0.0,0.0,0.0,0.0,0.0,0.0,0.0,0.0,0.0,0.0,0.0,0.0,0.0,0.0,0.0,0.0,0.0,0.0,0.0,0.0,0.0,0.0,0.0,0.0,0.0,0.0,0.0,0.0,0.0,0.0,benign
0.0,0.0,0.0,0.0,0.0,0.0,21.0,0.0,2.0,2.0,0.0,60.0,1.0,0.0,0.0,0.0,0.0,1.0,1.0,0.0,0.0,0.0,0.0,0.0,0.039736,0.001628,0.019054,0.0,0.0,0.0,benign
0.0,0.0,0.0,0.0,0.0,0.0,0.0,0.0,0.0,0.0,0.0,0.0,0.0,0.0,0.0,0.0,0.0,0.0,0.0,0.0,0.0,0.0,0.0,0.0,0.0,0.0,0.0,0.0,0.0,0.0,benign
0.0,0.0,0.0,0.0,0.0,0.0,46.00657894736842,0.0,0.4285714285714285,0.4285714285714285,1460.0,60.0,10.857142857142858,0.0,6.652464873179631,10.857142857142858,10.857142857142858,0.4285714285714285,0.4285714285714285,0.0,10.571428571428571,10.571428571428571,0.0,20.0,0.067643015,3.3e-08,0.0054779237856549,37.0,10.125558420814784,0.0,recon
134.0,0.0,1.0,0.0,2.0,0.0,212.5,0.0,2.0,2.0,0.0,54.0,2.0,0.0,10.796295661012625,2.0,2.0,1.0,2.0,2.0,0.0,0.0,0.0,24.0,0.011351,0.0,0.0050407918663638,64.0,93.5705081743174,5534.0,benign
0.0,0.0,0.0,0.0,0.0,0.0,0.0,0.0,0.0,0.0,0.0,0.0,0.0,0.0,0.0,0.0,0.0,0.0,0.0,0.0,0.0,0.0,0.0,0.0,0.0,0.0,0.0,0.0,0.0,0.0,benign
0.0,0.0,0.0,0.0,0.0,0.0,29.0,0.0,2.0,2.0,0.0,60.0,1.0,0.0,0.0,0.0,0.0,1.0,1.0,0.0,0.0,0.0,0.0,0.0,0.026293,0.00217,0.0120614999999999,0.0,0.0,0.0,benign
0.0,0.0,0.0,0.0,0.0,0.0,0.0,0.0,1.0,2.0,0.0,230.0,0.0,196.0,0.0,1.0,1.0,0.0,1.0,0.0,0.0,0.0,0.0,0.0,0.026346,0.026346,0.0,255.0,0.0,0.0,benign
0.0,0.0,0.0,0.0,0.0,0.0,0.0,0.0,0.0,0.0,0.0,0.0,0.0,0.0,0.0,0.0,0.0,0.0,0.0,0.0,0.0,0.0,0.0,0.0,0.0,0.0,0.0,0.0,0.0,0.0,benign
0.0,0.0,0.0,0.0,0.0,0.0,0.0,0.0,0.0,0.0,0.0,0.0,0.0,0.0,0.0,0.0,0.0,0.0,0.0,0.0,0.0,0.0,0.0,0.0,0.0,0.0,0.0,0.0,0.0,0.0,benign
1023.0,0.0,1.0,0.0,1.0,0.0,0.0,0.0,2.0,2.0,0.0,54.0,1.0,0.0,9.0,2.0,2.0,1.0,1.0,1.0,0.0,0.0,0.0,24.0,0.0087,0.0,0.00435,64.0,95.5,5554.0,benign
866.0,3.1622776601683795,0.1428571428571428,1003.5,1.0,0.0,1.5281605027797922,0.0,0.5714285714285714,0.5714285714285714,1460.0,60.0,303.85714285714283,0.0,0.6991165850809035,143.71428571428572,143.71428571428572,0.2857142857142857,0.4285714285714285,1.0,285.7142857142857,302.57142857142856,0.0,24.0,0.141748735,2.8e-08,0.0028920740530761,37.0,103.7886412560708,1024.0,recon
13.0,0.0,1.0,0.0,1.0,0.0,0.0,0.0,2.0,2.0,0.0,54.0,1.0,0.0,10.5,2.0,2.0,1.0,1.0,1.0,0.0,0.0,0.0,24.0,0.05696,1e-06,0.0284794999999999,64.0,95.5,5578.0,benign
1023.0,0.0,1.0,0.0,1.0,0.0,0.0,0.0,2.0,2.0,0.0,54.0,1.0,0.0,9.0,2.0,2.0,1.0,1.0,1.0,0.0,0.0,0.0,24.0,0.024729,1e-06,0.012364,64.0,95.5,5630.0,benign
915.0,0.0,2.0,0.0,3.0,0.0,0.6666666666666666,0.0,2.0,2.0,0.0,54.0,2.0,0.0,22.93877721239735,2.0,2.0,1.0,1.0,2.0,0.0,0.0,0.0,24.0,0.0,0.0,0.0,64.0,95.5,5574.0,benign
22.4,0.0,1.0,0.0,7.0,0.0,3.0,0.0,2.0,2.0,0.0,54.0,2.0,0.0,84.81560882290476,2.0,2.0,1.0,1.0,2.0,0.0,0.0,0.0,24.0,0.027594,0.0,0.0118770398142803,64.0,95.5,5584.0,benign
138.0,0.0,1.0,0.0,2.0,0.0,1.0,0.0,2.0,2.0,0.0,54.0,2.0,0.0,11.0227038425243,2.0,2.0,1.0,1.0,2.0,0.0,0.0,0.0,24.0,0.036509,0.0,0.0155139636517396,64.0,95.5,5554.0,benign
0.0,0.0,0.0,0.0,0.0,0.0,0.0,2.0,1.0,2.0,0.0,230.0,0.0,196.0,0.0,1.0,1.0,0.0,1.0,0.0,0.0,0.0,0.0,0.0,0.043804,0.043804,0.0,64.0,0.0,0.0,benign
0.0,0.0,0.0,0.0,0.0,0.0,0.0,0.0,0.0,0.0,0.0,0.0,0.0,0.0,0.0,0.0,0.0,0.0,0.0,0.0,0.0,0.0,0.0,0.0,0.0,0.0,0.0,0.0,0.0,0.0,benign
0.0,0.0,0.0,0.0,0.0,0.0,30.65625,0.0,12.0,12.0,0.0,54.0,16.0,0.0,422.976843891388,13.0,13.0,3.0,2.0,16.0,0.0,0.0,0.0,24.0,0.114714,0.0,0.0276008815976233,61.0,94.55609885690954,660.0,benign
212.0,0.0,1.0,0.0,2.0,0.0,0.6666666666666666,0.0,2.0,2.0,0.0,54.0,2.0,0.0,10.594810050208546,2.0,2.0,1.0,1.0,2.0,0.0,0.0,0.0,24.0,0.033065,0.0,0.0139935324413637,64.0,95.5,5626.0,benign
126.0,0.0,1.0,0.0,2.0,0.0,0.6666666666666666,0.0,2.0,2.0,0.0,54.0,2.0,0.0,11.0227038425243,2.0,2.0,1.0,1.0,2.0,0.0,0.0,0.0,24.0,0.028999,0.0,0.0123802706452645,64.0,95.5,5586.0,benign
0.0,0.0,0.0,0.0,0.0,0.0,67.2,2.0,3.0,3.0,0.0,66.0,2.0,0.0,790.4318791366878,3.0,3.0,2.0,3.0,2.0,0.0,0.0,0.0,24.0,0.033102,0.0,0.0119445378451128,2.0,28.546258754675524,660.0,benign
133.0,0.0,1.0,0.0,2.0,0.0,2.0,0.0,2.0,2.0,0.0,54.0,2.0,0.0,11.0227038425243,2.0,2.0,1.0,1.0,2.0,0.0,0.0,0.0,24.0,0.067096,0.0,0.0282356533692333,64.0,95.5,5586.0,benign
0.0,0.0,0.0,0.0,0.0,0.0,0.0,0.0,0.0,0.0,0.0,0.0,0.0,0.0,0.0,0.0,0.0,0.0,0.0,0.0,0.0,0.0,0.0,0.0,0.0,0.0,0.0,0.0,0.0,0.0,benign
0.0,0.0,0.0,0.0,0.0,0.0,0.0,0.0,0.0,0.0,0.0,0.0,0.0,0.0,0.0,0.0,0.0,0.0,0.0,0.0,0.0,0.0,0.0,0.0,0.0,0.0,0.0,0.0,0.0,0.0,benign
1023.0,0.0,1.0,0.0,1.0,0.0,0.0,0.0,2.0,2.0,0.0,54.0,1.0,0.0,9.0,2.0,2.0,1.0,1.0,1.0,0.0,0.0,0.0,24.0,0.007853,0.000298,0.0037775,64.0,95.5,5616.0,benign
0.0,0.0,0.0,0.0,0.0,0.0,3.0,0.0,2.0,2.0,0.0,60.0,1.0,0.0,0.0,0.0,0.0,1.0,1.0,0.0,0.0,0.0,0.0,0.0,0.023083,0.002855,0.010114,0.0,0.0,0.0,benign
0.0,0.0,0.0,0.0,0.0,0.0,0.0,0.0,0.0,0.0,0.0,0.0,0.0,0.0,0.0,0.0,0.0,0.0,0.0,0.0,0.0,0.0,0.0,0.0,0.0,0.0,0.0,0.0,0.0,0.0,benign
14.0,0.0,1.0,0.0,1.0,0.0,101.0,0.0,3.0,3.0,0.0,54.0,2.0,0.0,8.0,2.0,2.0,2.0,2.0,1.0,0.0,0.0,0.0,24.0,0.023364,1e-06,0.0092425444109022,64.0,95.5,5606.0,benign
0.0,0.0,0.0,0.0,0.0,0.0,0.0,0.0,0.0,0.0,0.0,0.0,0.0,0.0,0.0,0.0,0.0,0.0,0.0,0.0,0.0,0.0,0.0,0.0,0.0,0.0,0.0,0.0,0.0,0.0,benign
6.0,0.0,1.0,0.0,1.0,0.0,0.0,0.0,2.0,2.0,0.0,54.0,1.0,0.0,8.5,2.0,2.0,1.0,1.0,1.0,0.0,0.0,0.0,24.0,0.027914,1e-06,0.0139565,64.0,95.5,5572.0,benign
116.0,0.0,1.0,0.0,2.0,0.0,0.6666666666666666,0.0,2.0,2.0,0.0,54.0,2.0,0.0,11.0227038425243,2.0,2.0,1.0,1.0,2.0,0.0,0.0,0.0,24.0,0.006701,0.0,0.0027357924354745,64.0,95.5,5546.0,benign
0.0,0.0,0.0,0.0,0.0,0.0,0.0,0.0,1.0,2.0,0.0,971.0,0.0,937.0,0.0,1.0,1.0,0.0,1.0,0.0,0.0,0.0,0.0,0.0,0.005598,0.005598,0.0,64.0,0.0,0.0,benign
0.0,0.0,0.0,0.0,0.0,0.0,0.0,0.0,0.0,0.0,0.0,0.0,0.0,0.0,0.0,0.0,0.0,0.0,0.0,0.0,0.0,0.0,0.0,0.0,0.0,0.0,0.0,0.0,0.0,0.0,benign
0.0,0.0,0.0,0.0,0.0,0.0,0.0,0.0,0.0,0.0,0.0,0.0,0.0,0.0,0.0,0.0,0.0,0.0,0.0,0.0,0.0,0.0,0.0,0.0,0.0,0.0,0.0,0.0,0.0,0.0,benign
0.0,0.0,0.0,0.0,0.0,0.0,0.0,0.0,0.0,0.0,0.0,0.0,0.0,0.0,0.0,0.0,0.0,0.0,0.0,0.0,0.0,0.0,0.0,0.0,0.0,0.0,0.0,0.0,0.0,0.0,benign
0.0,0.0,0.0,0.0,0.0,0.0,0.0,0.0,0.0,0.0,0.0,0.0,0.0,0.0,0.0,0.0,0.0,0.0,0.0,0.0,0.0,0.0,0.0,0.0,0.0,0.0,0.0,0.0,0.0,0.0,benign
0.0,0.0,0.0,0.0,0.0,0.0,0.0,0.0,0.0,0.0,0.0,0.0,0.0,0.0,0.0,0.0,0.0,0.0,0.0,0.0,0.0,0.0,0.0,0.0,0.0,0.0,0.0,0.0,0.0,0.0,benign
0.0,0.0,0.0,0.0,0.0,0.0,0.0,0.0,0.0,0.0,0.0,0.0,0.0,0.0,0.0,0.0,0.0,0.0,0.0,0.0,0.0,0.0,0.0,0.0,0.0,0.0,0.0,0.0,0.0,0.0,benign
3.0,0.0,1.0,0.0,1.0,0.0,0.0,0.0,2.0,2.0,0.0,54.0,1.0,0.0,8.5,2.0,2.0,1.0,1.0,1.0,0.0,0.0,0.0,24.0,0.004025,0.0,0.0020125,64.0,95.5,5548.0,benign
0.0,0.0,0.0,0.0,0.0,0.0,0.0,0.0,0.0,0.0,0.0,0.0,0.0,0.0,0.0,0.0,0.0,0.0,0.0,0.0,0.0,0.0,0.0,0.0,0.0,0.0,0.0,0.0,0.0,0.0,benign
213.0,0.0,1.0,0.0,2.0,0.0,1.0,0.0,2.0,2.0,0.0,54.0,2.0,0.0,10.594810050208546,2.0,2.0,1.0,1.0,2.0,0.0,0.0,0.0,24.0,0.016481,0.0,0.0071364823398856,64.0,95.5,5642.0,benign
12.0,0.0,1.0,0.0,1.0,0.0,0.0,0.0,2.0,2.0,0.0,54.0,1.0,0.0,10.5,2.0,2.0,1.0,1.0,1.0,0.0,0.0,0.0,24.0,0.044078,0.0,0.022039,64.0,95.5,5644.0,benign
142.0,0.0,1.0,0.0,2.0,0.0,1.0,0.0,2.0,2.0,0.0,54.0,2.0,0.0,11.0227038425243,2.0,2.0,1.0,1.0,2.0,0.0,0.0,0.0,24.0,0.068316,0.0,0.0293634364984754,64.0,95.5,5618.0,benign
0.0,0.0,0.0,0.0,0.0,0.0,0.0,0.0,0.0,0.0,0.0,0.0,0.0,0.0,0.0,0.0,0.0,0.0,0.0,0.0,0.0,0.0,0.0,0.0,0.0,0.0,0.0,0.0,0.0,0.0,benign
0.0,0.0,0.0,0.0,0.0,0.0,0.0,0.0,2.0,2.0,0.0,60.0,1.0,0.0,0.0,0.0,0.0,1.0,1.0,0.0,0.0,0.0,0.0,0.0,0.001936,0.0,0.000968,0.0,0.0,0.0,benign
0.0,0.0,0.0,0.0,0.0,0.0,0.0,0.0,0.0,0.0,0.0,0.0,0.0,0.0,0.0,0.0,0.0,0.0,0.0,0.0,0.0,0.0,0.0,0.0,0.0,0.0,0.0,0.0,0.0,0.0,benign
0.0,0.0,0.0,0.0,0.0,0.0,38.5,2.0,2.0,2.0,0.0,66.0,1.0,0.0,42.92888175679502,2.0,2.0,1.0,2.0,2.0,0.0,0.0,0.0,24.0,0.121514,0.001463,0.0505026443818098,53.0,5.185449728701329,135.0,benign
0.0,0.0,0.0,0.0,0.0,0.0,0.0,0.0,0.0,0.0,0.0,0.0,0.0,0.0,0.0,0.0,0.0,0.0,0.0,0.0,0.0,0.0,0.0,0.0,0.0,0.0,0.0,0.0,0.0,0.0,benign
0.0,0.0,0.0,0.0,0.0,0.0,0.0,0.0,0.0,0.0,0.0,0.0,0.0,0.0,0.0,0.0,0.0,0.0,0.0,0.0,0.0,0.0,0.0,0.0,0.0,0.0,0.0,0.0,0.0,0.0,benign
0.0,0.0,0.0,0.0,0.0,0.0,0.0,0.0,0.0,0.0,0.0,0.0,0.0,0.0,0.0,0.0,0.0,0.0,0.0,0.0,0.0,0.0,0.0,0.0,0.0,0.0,0.0,0.0,0.0,0.0,benign
0.0,0.0,0.0,0.0,0.0,0.0,0.0,0.0,0.0,0.0,0.0,0.0,0.0,0.0,0.0,0.0,0.0,0.0,0.0,0.0,0.0,0.0,0.0,0.0,0.0,0.0,0.0,0.0,0.0,0.0,benign
0.0,0.0,0.0,0.0,0.0,0.0,0.0,0.0,0.0,2.0,0.0,198.0,0.0,0.0,0.0,0.0,0.0,0.0,1.0,0.0,0.0,0.0,0.0,0.0,0.002323,0.002323,0.0,0.0,0.0,0.0,benign
0.0,0.0,0.0,0.0,0.0,0.0,0.0,0.0,0.0,0.0,0.0,0.0,0.0,0.0,0.0,0.0,0.0,0.0,0.0,0.0,0.0,0.0,0.0,0.0,0.0,0.0,0.0,0.0,0.0,0.0,benign
0.0,0.0,0.0,0.0,0.0,0.0,0.0,0.0,0.0,0.0,0.0,0.0,0.0,0.0,0.0,0.0,0.0,0.0,0.0,0.0,0.0,0.0,0.0,0.0,0.0,0.0,0.0,0.0,0.0,0.0,benign
0.0,0.0,0.0,0.0,0.0,0.0,0.0,0.0,1.0,2.0,0.0,230.0,0.0,196.0,0.0,1.0,1.0,0.0,1.0,0.0,0.0,0.0,0.0,0.0,0.00086,0.00086,0.0,255.0,0.0,0.0,benign
0.0,0.0,0.0,0.0,0.0,0.0,0.0,0.0,0.0,0.0,0.0,0.0,0.0,0.0,0.0,0.0,0.0,0.0,0.0,0.0,0.0,0.0,0.0,0.0,0.0,0.0,0.0,0.0,0.0,0.0,benign
0.0,0.0,0.0,0.0,0.0,0.0,0.0,0.0,1.0,2.0,0.0,214.0,0.0,180.0,0.0,1.0,1.0,0.0,1.0,0.0,0.0,0.0,0.0,0.0,0.0,0.0,0.0,255.0,0.0,0.0,benign
0.0,0.0,0.0,0.0,0.0,0.0,0.0,0.0,0.0,0.0,0.0,0.0,0.0,0.0,0.0,0.0,0.0,0.0,0.0,0.0,0.0,0.0,0.0,0.0,0.0,0.0,0.0,0.0,0.0,0.0,benign
0.0,0.0,0.0,0.0,0.0,0.0,0.0,0.0,0.0,0.0,0.0,0.0,0.0,0.0,0.0,0.0,0.0,0.0,0.0,0.0,0.0,0.0,0.0,0.0,0.0,0.0,0.0,0.0,0.0,0.0,benign
917.0,0.0,2.0,0.0,3.0,0.0,1.6666666666666667,0.0,2.0,2.0,0.0,54.0,2.0,0.0,22.93877721239735,2.0,2.0,1.0,1.0,2.0,0.0,0.0,0.0,24.0,0.006478,0.0,0.0028638320808839,64.0,95.5,5596.0,benign
0.0,0.0,0.0,0.0,0.0,0.0,20.53191489361702,0.0,12.0,12.0,0.0,54.0,23.0,0.0,222.00042229689564,13.0,13.0,3.0,2.0,23.0,0.0,0.0,0.0,24.0,0.026789,0.0,0.0062908370484697,61.0,94.86303860698328,660.0,benign
0.0,0.0,0.0,0.0,0.0,0.0,0.0,0.0,0.0,0.0,0.0,0.0,0.0,0.0,0.0,0.0,0.0,0.0,0.0,0.0,0.0,0.0,0.0,0.0,0.0,0.0,0.0,0.0,0.0,0.0,benign
0.0,0.0,0.0,0.0,0.0,0.0,0.0378151487485886,0.0,0.1428571428571428,0.2857142857142857,0.0,60.0,26444.571428571428,0.0,0.0,0.1428571428571428,9416.57142857143,0.1428571428571428,0.0,0.0,0.0,0.0,0.0,0.0,0.001140387,2.6e-08,9.987026986389556e-05,64.0,0.0,512.0,dos
0.0,0.0,0.0,0.0,0.0,0.0,0.0,0.0,1.0,2.0,0.0,214.0,0.0,180.0,0.0,1.0,1.0,0.0,1.0,0.0,0.0,0.0,0.0,0.0,0.024019,0.024019,0.0,255.0,0.0,0.0,benign
0.0,0.0,0.0,0.0,0.0,0.0,0.0,0.0,0.0,0.0,0.0,0.0,0.0,0.0,0.0,0.0,0.0,0.0,0.0,0.0,0.0,0.0,0.0,0.0,0.0,0.0,0.0,0.0,0.0,0.0,benign
0.0,0.0,0.0,0.0,0.0,0.0,0.0,0.0,0.0,0.0,0.0,0.0,0.0,0.0,0.0,0.0,0.0,0.0,0.0,0.0,0.0,0.0,0.0,0.0,0.0,0.0,0.0,0.0,0.0,0.0,benign
0.0,0.0,0.0,0.0,0.0,0.0,0.0,0.0,0.0,0.0,0.0,0.0,0.0,0.0,0.0,0.0,0.0,0.0,0.0,0.0,0.0,0.0,0.0,0.0,0.0,0.0,0.0,0.0,0.0,0.0,benign
0.0,0.0,0.0,0.0,0.0,0.0,37.66666666666666,2.0,3.0,2.0,0.0,60.0,2.0,0.0,0.0,2.0,2.0,2.0,2.0,0.0,0.0,0.0,0.0,16.0,0.030089,0.000998,0.0121495352868947,64.0,87.0,27.0,benign
0.0,0.0,0.0,0.0,0.0,0.0,0.0,0.0,0.0,0.0,0.0,0.0,0.0,0.0,0.0,0.0,0.0,0.0,0.0,0.0,0.0,0.0,0.0,0.0,0.0,0.0,0.0,0.0,0.0,0.0,benign
0.0,0.0,0.0,0.0,0.0,0.0,0.0,0.0,0.0,0.0,0.0,0.0,0.0,0.0,0.0,0.0,0.0,0.0,0.0,0.0,0.0,0.0,0.0,0.0,0.0,0.0,0.0,0.0,0.0,0.0,benign
0.0,0.0,0.0,0.0,0.0,0.0,0.0,0.0,0.0,0.0,0.0,0.0,0.0,0.0,0.0,0.0,0.0,0.0,0.0,0.0,0.0,0.0,0.0,0.0,0.0,0.0,0.0,0.0,0.0,0.0,benign
0.0,0.0,0.0,0.0,0.0,0.0,0.0,0.0,0.0,0.0,0.0,0.0,0.0,0.0,0.0,0.0,0.0,0.0,0.0,0.0,0.0,0.0,0.0,0.0,0.0,0.0,0.0,0.0,0.0,0.0,benign
0.0,0.0,0.0,0.0,0.0,0.0,1.3333333333333333,2.0,2.0,2.0,0.0,66.0,2.0,0.0,964.4218475335364,2.0,2.0,2.0,2.0,2.0,0.0,0.0,0.0,24.0,0.001542,0.0,0.0006304476088462,61.0,1.5,660.0,benign
0.0,0.0,0.0,0.0,0.0,0.0,0.0,0.0,0.0,0.0,0.0,0.0,0.0,0.0,0.0,0.0,0.0,0.0,0.0,0.0,0.0,0.0,0.0,0.0,0.0,0.0,0.0,0.0,0.0,0.0,benign
0.0,0.0,0.0,0.0,0.0,0.0,17.529411764705884,0.0,12.0,12.0,0.0,54.0,17.0,0.0,326.10584984958865,13.0,13.0,3.0,2.0,17.0,0.0,0.0,0.0,24.0,0.096932,0.0,0.0178850965494418,61.0,94.6713930026448,660.0,benign
0.0,0.0,0.0,0.0,0.0,0.0,0.0,0.0,0.0,0.0,0.0,0.0,0.0,0.0,0.0,0.0,0.0,0.0,0.0,0.0,0.0,0.0,0.0,0.0,0.0,0.0,0.0,0.0,0.0,0.0,benign
-0.7,0.5921899094791204,2.0,0.0,2.0,0.0,1.0,0.0,2.0,2.0,0.0,54.0,2.0,0.0,19.327585352432298,2.0,2.0,1.0,1.0,1.0,0.0,0.0,0.0,24.0,0.090263,0.0,0.0425503862601608,64.0,90.03826347108705,5602.0,benign
0.0,0.0,0.0,0.0,0.0,0.0,0.0,0.0,1.0,2.0,0.0,230.0,0.0,196.0,0.0,1.0,1.0,0.0,1.0,0.0,0.0,0.0,0.0,0.0,0.0315,0.0315,0.0,255.0,0.0,0.0,benign
0.0,0.0,0.0,0.0,0.0,0.0,0.0,0.0,0.0,0.0,0.0,0.0,0.0,0.0,0.0,0.0,0.0,0.0,0.0,0.0,0.0,0.0,0.0,0.0,0.0,0.0,0.0,0.0,0.0,0.0,benign
0.0,0.0,0.0,0.0,0.0,0.0,45.0,0.0,2.0,2.0,0.0,60.0,1.0,0.0,0.0,0.0,0.0,1.0,1.0,0.0,0.0,0.0,0.0,0.0,0.0096,0.002992,0.002739808306352,0.0,0.0,0.0,benign
0.0,0.0,0.0,0.0,0.0,0.0,0.0,0.0,0.0,0.0,0.0,0.0,0.0,0.0,0.0,0.0,0.0,0.0,0.0,0.0,0.0,0.0,0.0,0.0,0.0,0.0,0.0,0.0,0.0,0.0,benign
0.0,0.0,0.0,0.0,0.0,0.0,0.0,0.0,0.0,0.0,0.0,0.0,0.0,0.0,0.0,0.0,0.0,0.0,0.0,0.0,0.0,0.0,0.0,0.0,0.0,0.0,0.0,0.0,0.0,0.0,benign
0.0,0.0,0.0,0.0,0.0,0.0,2.0,2.0,2.0,2.0,0.0,66.0,2.0,0.0,1049.7610442381638,2.0,2.0,2.0,2.0,2.0,0.0,0.0,0.0,24.0,0.104841,0.0,0.044981599254584,61.0,1.5,660.0,benign
0.0,0.0,0.0,0.0,0.0,0.0,0.0,0.0,0.0,0.0,0.0,0.0,0.0,0.0,0.0,0.0,0.0,0.0,0.0,0.0,0.0,0.0,0.0,0.0,0.0,0.0,0.0,0.0,0.0,0.0,benign
0.0,0.0,0.0,0.0,0.0,0.0,0.0,0.0,0.0,0.0,0.0,0.0,0.0,0.0,0.0,0.0,0.0,0.0,0.0,0.0,0.0,0.0,0.0,0.0,0.0,0.0,0.0,0.0,0.0,0.0,benign
3.0,0.0,1.0,0.0,1.0,0.0,0.0,0.0,2.0,2.0,0.0,54.0,1.0,0.0,8.5,2.0,2.0,1.0,1.0,1.0,0.0,0.0,0.0,24.0,0.081031,0.000297,0.040367,64.0,95.5,5550.0,benign
-0.69,0.5840281576164704,2.0,0.0,2.0,0.0,1.5,0.0,2.0,2.0,0.0,54.0,2.0,0.0,19.327585352432298,2.0,2.0,1.0,1.0,1.0,0.0,0.0,0.0,24.0,0.04524,0.000307,0.0211816193327034,64.0,90.03826347108705,5570.0,benign
1023.0,0.0,1.0,0.0,1.0,0.0,0.0,0.0,2.0,2.0,0.0,54.0,1.0,0.0,9.0,2.0,2.0,1.0,1.0,1.0,0.0,0.0,0.0,24.0,0.00644,1e-06,0.0032195,64.0,95.5,5618.0,benign
0.0,0.0,0.0,0.0,0.0,0.0,0.0378828877584154,0.0,0.4285714285714285,0.4285714285714285,0.0,60.0,26397.0,0.0,0.0,0.1428571428571428,9416.57142857143,0.2857142857142857,0.1428571428571428,0.0,0.0,0.0,0.0,0.0,0.001903709,2.5e-08,0.0001147901570107,64.0,0.0,512.0,dos
552.0,0.6998542122305547,0.2857142857142857,1033.0,3.2857142857142856,0.0,2.9234024545069826,0.0,0.5714285714285714,0.5714285714285714,1460.0,60.0,181.0,0.0,3.7828562651857993,115.57142857142856,115.57142857142856,0.2857142857142857,0.4285714285714285,1.8571428571428568,154.57142857142858,179.0,0.0,24.0,0.115412571,2.8e-08,0.0044756351179115,37.0,103.12383741955205,1024.0,recon
0.0,0.0,0.0,0.0,0.0,0.0,0.0,0.0,1.0,2.0,0.0,60.0,0.0,0.0,0.0,0.0,0.0,0.0,1.0,0.0,0.0,0.0,0.0,0.0,0.035048,0.035048,0.0,0.0,0.0,0.0,benign
0.0,0.0,0.0,0.0,0.0,0.0,53.90909090909091,0.0,8.0,4.0,0.0,50.0,6.0,0.0,743.5579331834205,4.0,4.0,3.0,3.0,2.0,0.0,0.0,0.0,24.0,0.147328,0.0,0.045544132609664,47.0,6.497862896539294,660.0,benign
0.0,0.0,0.0,0.0,0.0,0.0,2.7882540950858967,0.0,35.857142857142854,6.571428571428571,1460.0,60.0,89.28571428571429,0.0,179.896545997013,25.714285714285715,25.714285714285715,0.8571428571428571,1.0,58.142857142857146,18.142857142857142,25.0,0.0,24.0,0.026382426,2.9e-08,0.0027263523104981,61.0,67.35454824328117,0.0,malware
0.0,0.0,0.0,0.0,0.0,0.0,0.0,0.0,0.0,0.0,0.0,0.0,0.0,0.0,0.0,0.0,0.0,0.0,0.0,0.0,0.0,0.0,0.0,0.0,0.0,0.0,0.0,0.0,0.0,0.0,benign
0.0,0.0,1.0,0.0,1.0,0.0,0.0,0.0,2.0,3.0,0.0,54.0,1.0,0.0,7.5,2.0,2.0,1.0,2.0,1.0,0.0,0.0,0.0,24.0,0.002221,0.0,0.0009364404234475,64.0,95.5,5570.0,benign
0.0,0.0,0.0,0.0,0.0,0.0,0.0,0.0,0.0,0.0,0.0,0.0,0.0,0.0,0.0,0.0,0.0,0.0,0.0,0.0,0.0,0.0,0.0,0.0,0.0,0.0,0.0,0.0,0.0,0.0,benign
910.0,0.0,2.0,0.0,3.0,0.0,1.0,0.0,2.0,2.0,0.0,54.0,2.0,0.0,22.93877721239735,2.0,2.0,1.0,1.0,2.0,0.0,0.0,0.0,24.0,0.005489,0.0,0.0021285087943205,64.0,95.5,5608.0,benign
0.0,0.0,0.0,0.0,0.0,0.0,0.0,0.0,0.0,0.0,0.0,0.0,0.0,0.0,0.0,0.0,0.0,0.0,0.0,0.0,0.0,0.0,0.0,0.0,0.0,0.0,0.0,0.0,0.0,0.0,benign
0.0,0.0,0.0,0.0,0.0,0.0,0.0,0.0,0.0,0.0,0.0,0.0,0.0,0.0,0.0,0.0,0.0,0.0,0.0,0.0,0.0,0.0,0.0,0.0,0.0,0.0,0.0,0.0,0.0,0.0,benign
0.0,0.0,0.0,0.0,0.0,0.0,0.0,0.0,1.0,2.0,0.0,214.0,0.0,180.0,0.0,1.0,1.0,0.0,1.0,0.0,0.0,0.0,0.0,0.0,0.022405,0.022405,0.0,255.0,0.0,0.0,benign
5.0,0.0,1.0,0.0,1.0,0.0,10.6,0.0,2.0,2.0,0.0,54.0,3.0,0.0,5.367080729368206,2.0,2.0,2.0,2.0,3.0,0.0,0.0,0.0,24.0,0.05509,0.0,0.0245911132892668,64.0,95.5,5588.0,benign
0.0,0.0,0.0,0.0,0.0,0.0,0.0,0.0,0.0,0.0,0.0,0.0,0.0,0.0,0.0,0.0,0.0,0.0,0.0,0.0,0.0,0.0,0.0,0.0,0.0,0.0,0.0,0.0,0.0,0.0,benign
122.0,0.0,1.0,0.0,2.0,0.0,1.0,0.0,2.0,2.0,0.0,54.0,2.0,0.0,11.0227038425243,2.0,2.0,1.0,1.0,2.0,0.0,0.0,0.0,24.0,0.08943,0.0003,0.0383489883699687,64.0,95.5,5542.0,benign
0.0,0.0,0.0,0.0,0.0,0.0,0.0,0.0,2.0,2.0,0.0,60.0,1.0,0.0,0.0,0.0,0.0,1.0,1.0,0.0,0.0,0.0,0.0,0.0,0.000974,1e-06,0.0004865,0.0,0.0,0.0,benign
0.0,0.0,0.0,0.0,0.0,0.0,0.0,0.0,0.0,0.0,0.0,0.0,0.0,0.0,0.0,0.0,0.0,0.0,0.0,0.0,0.0,0.0,0.0,0.0,0.0,0.0,0.0,0.0,0.0,0.0,benign
1023.0,0.0,1.0,0.0,1.0,0.0,0.0,0.0,2.0,2.0,0.0,54.0,1.0,0.0,9.0,2.0,2.0,1.0,1.0,1.0,0.0,0.0,0.0,24.0,0.059281,0.0,0.0296405,64.0,95.5,5624.0,benign
0.0,0.0,0.0,0.0,0.0,0.0,0.0,0.0,0.0,2.0,0.0,198.0,0.0,0.0,0.0,0.0,0.0,0.0,1.0,0.0,0.0,0.0,0.0,0.0,0.316394,0.316394,0.0,0.0,0.0,0.0,benign
0.0,0.0,0.0,0.0,0.0,0.0,0.0,0.0,0.0,0.0,0.0,0.0,0.0,0.0,0.0,0.0,0.0,0.0,0.0,0.0,0.0,0.0,0.0,0.0,0.0,0.0,0.0,0.0,0.0,0.0,benign
0.0,0.0,0.0,0.0,0.0,0.0,0.0,0.0,1.0,2.0,0.0,214.0,0.0,180.0,0.0,1.0,1.0,0.0,1.0,0.0,0.0,0.0,0.0,0.0,0.016718,0.016718,0.0,255.0,0.0,0.0,benign
13.0,0.0,1.0,0.0,1.0,0.0,137.66666666666666,0.0,3.0,3.0,0.0,54.0,2.0,0.0,10.5,2.0,2.0,2.0,2.0,1.0,0.0,0.0,0.0,24.0,0.050005,0.0,0.0205523404187333,64.0,95.5,5548.0,benign
0.0,0.0,0.0,0.0,0.0,0.0,0.0,0.0,1.0,2.0,0.0,214.0,0.0,180.0,0.0,1.0,1.0,0.0,1.0,0.0,0.0,0.0,0.0,0.0,0.008606,0.008606,0.0,255.0,0.0,0.0,benign
0.0,0.0,0.0,0.0,0.0,0.0,40.333333333333336,2.0,2.0,2.0,0.0,66.0,2.0,0.0,20.54872258803452,2.0,2.0,2.0,2.0,2.0,0.0,0.0,0.0,24.0,0.012741,0.0,0.0048276621865557,53.0,5.5,2538.0,benign
0.0,0.0,0.0,0.0,0.0,0.0,0.00751201502403,0.0,0.7142857142857143,1.0,0.0,60.0,109620.14285714286,0.0,0.0,0.1428571428571428,9416.57142857143,0.2857142857142857,0.1428571428571428,0.0,109619.28571428572,0.0,0.0,5.0,0.012908209,2.3e-08,4.407851094990569e-05,64.0,0.0,512.0,ddos
0.0,0.0,0.0,0.0,0.0,0.0,19.5,0.0,2.0,2.0,0.0,60.0,1.0,0.0,0.0,0.0,0.0,1.0,1.0,0.0,0.0,0.0,0.0,0.0,0.017945,0.0,0.0080599528672457,0.0,0.0,0.0,benign
0.0,0.0,0.0,0.0,0.0,0.0,0.0,0.0,0.0,0.0,0.0,0.0,0.0,0.0,0.0,0.0,0.0,0.0,0.0,0.0,0.0,0.0,0.0,0.0,0.0,0.0,0.0,0.0,0.0,0.0,benign
0.0,0.0,0.0,0.0,0.0,0.0,0.0,0.0,0.0,0.0,0.0,0.0,0.0,0.0,0.0,0.0,0.0,0.0,0.0,0.0,0.0,0.0,0.0,0.0,0.0,0.0,0.0,0.0,0.0,0.0,benign
-0.76,1.1620403902105665,0.2857142857142857,1005.6666666666666,2.0,0.0,195.23529411764707,0.0,0.4285714285714285,0.4285714285714285,1460.0,60.0,3.0,0.0,16.400000000000002,1.4285714285714286,1.4285714285714286,0.1428571428571428,0.2857142857142857,1.0,1.0,1.0,0.0,24.0,0.160519614,8.8e-08,0.0439784985868447,37.0,96.16395013788924,1024.0,recon
0.0,0.0,0.0,0.0,0.0,0.0,0.0,0.0,0.0,0.0,0.0,0.0,0.0,0.0,0.0,0.0,0.0,0.0,0.0,0.0,0.0,0.0,0.0,0.0,0.0,0.0,0.0,0.0,0.0,0.0,benign
0.0,0.0,0.0,0.0,0.0,0.0,20.694444444444443,0.0,12.0,12.0,0.0,54.0,18.0,0.0,355.28667218211416,13.0,13.0,3.0,2.0,18.0,0.0,0.0,0.0,24.0,0.103927,0.0,0.0260306369585155,61.0,94.76786447592092,660.0,benign
0.0,0.0,0.0,0.0,0.0,0.0,0.0,0.0,0.0,0.0,0.0,0.0,0.0,0.0,0.0,0.0,0.0,0.0,0.0,0.0,0.0,0.0,0.0,0.0,0.0,0.0,0.0,0.0,0.0,0.0,benign
0.0,0.0,0.0,0.0,0.0,0.0,0.0,0.0,0.0,0.0,0.0,0.0,0.0,0.0,0.0,0.0,0.0,0.0,0.0,0.0,0.0,0.0,0.0,0.0,0.0,0.0,0.0,0.0,0.0,0.0,benign
2.0,0.0,1.0,0.0,1.0,0.0,0.0,0.0,2.0,2.0,0.0,54.0,1.0,0.0,8.5,2.0,2.0,1.0,1.0,1.0,0.0,0.0,0.0,24.0,0.092999,0.0,0.0464995,64.0,95.5,5562.0,benign
0.0,0.0,0.0,0.0,0.0,0.0,0.0,0.0,1.0,2.0,0.0,214.0,0.0,180.0,0.0,1.0,1.0,0.0,1.0,0.0,0.0,0.0,0.0,0.0,0.021292,0.021292,0.0,255.0,0.0,0.0,benign
0.0,0.0,0.0,0.0,0.0,0.0,11.0,0.0,2.0,2.0,0.0,60.0,1.0,0.0,0.0,0.0,0.0,1.0,1.0,0.0,0.0,0.0,0.0,0.0,0.028222,1e-06,0.0141105,0.0,0.0,0.0,benign
0.0,0.0,0.0,0.0,0.0,0.0,11.5,0.0,2.0,2.0,0.0,60.0,1.0,0.0,0.0,0.0,0.0,1.0,1.0,0.0,0.0,0.0,0.0,0.0,0.015161,0.000505,0.0062312762381036,0.0,0.0,0.0,benign
0.0,0.0,0.0,0.0,0.0,0.0,0.0421783299791518,0.0,0.4285714285714285,0.4285714285714285,0.0,60.0,21505.285714285717,0.0,0.3534692346619131,1961.571428571429,9416.57142857143,0.4285714285714285,0.2857142857142857,0.0,2203.428571428572,21503.571428571428,0.0,20.0,0.001545221,2.6e-08,0.0001222700354941,46.0,0.1188921941957232,0.0,dos
0.0,0.0,0.0,0.0,0.0,0.0,0.0,0.0,0.0,0.0,0.0,0.0,0.0,0.0,0.0,0.0,0.0,0.0,0.0,0.0,0.0,0.0,0.0,0.0,0.0,0.0,0.0,0.0,0.0,0.0,benign
20.0,63.03610886157363,1.0,120.5,7.0,0.0,55.61538461538461,0.0,2.0,2.0,0.0,54.0,7.0,0.0,10.362067794585782,2.0,2.0,1.0,1.0,7.0,0.0,0.0,0.0,24.0,0.087671,0.0,0.0298012061248349,64.0,95.5,5618.0,benign
0.0,0.0,0.0,0.0,0.0,0.0,0.0,0.0,0.0,0.0,0.0,0.0,0.0,0.0,0.0,0.0,0.0,0.0,0.0,0.0,0.0,0.0,0.0,0.0,0.0,0.0,0.0,0.0,0.0,0.0,benign
0.0,0.0,0.0,0.0,0.0,0.0,0.0,0.0,0.0,0.0,0.0,0.0,0.0,0.0,0.0,0.0,0.0,0.0,0.0,0.0,0.0,0.0,0.0,0.0,0.0,0.0,0.0,0.0,0.0,0.0,benign
0.0,0.0,0.0,0.0,0.0,0.0,38.0,0.0,2.0,2.0,0.0,60.0,1.0,0.0,0.0,0.0,0.0,1.0,1.0,0.0,0.0,0.0,0.0,0.0,0.019552,0.001643,0.0089545,0.0,0.0,0.0,benign
0.0,0.0,0.0,0.0,0.0,0.0,0.0,0.0,0.0,0.0,0.0,0.0,0.0,0.0,0.0,0.0,0.0,0.0,0.0,0.0,0.0,0.0,0.0,0.0,0.0,0.0,0.0,0.0,0.0,0.0,benign
0.0,0.0,0.0,0.0,0.0,0.0,51.5,0.0,2.0,2.0,0.0,60.0,1.0,0.0,0.0,0.0,0.0,1.0,1.0,0.0,0.0,0.0,0.0,0.0,0.008419,0.00067,0.0031873029699453,0.0,0.0,0.0,benign
0.0,0.0,0.0,0.0,0.0,0.0,0.0,0.0,1.0,2.0,0.0,60.0,0.0,0.0,0.0,0.0,0.0,0.0,1.0,0.0,0.0,0.0,0.0,0.0,0.025139,0.025139,0.0,0.0,0.0,0.0,benign
0.0,0.0,0.0,0.0,0.0,0.0,0.0,0.0,0.0,0.0,0.0,0.0,0.0,0.0,0.0,0.0,0.0,0.0,0.0,0.0,0.0,0.0,0.0,0.0,0.0,0.0,0.0,0.0,0.0,0.0,benign
0.0,0.0,0.0,0.0,0.0,6853.571428571428,0.0838002202748647,0.0,0.1428571428571428,0.2857142857142857,0.0,362.0,11933.285714285714,328.0,345.63133133872327,128.0,126.42857142857144,0.1428571428571428,0.0,0.0,0.0,0.0,0.0,0.0,0.0006119,2.6e-08,0.0001631052535483,64.0,0.0,0.0,dos
0.0,0.0,0.0,0.0,0.0,0.0,0.0,0.0,0.0,0.0,0.0,0.0,0.0,0.0,0.0,0.0,0.0,0.0,0.0,0.0,0.0,0.0,0.0,0.0,0.0,0.0,0.0,0.0,0.0,0.0,benign
22.4,0.0,1.0,0.0,7.0,0.0,38.6,0.0,3.0,3.0,0.0,54.0,3.0,0.0,84.81560882290476,2.0,2.0,2.0,2.0,2.0,0.0,0.0,0.0,24.0,0.036705,0.0,0.0145511817694951,64.0,95.5,5584.0,benign
0.0,0.0,0.0,0.0,0.0,0.0,0.0,0.0,0.0,0.0,0.0,0.0,0.0,0.0,0.0,0.0,0.0,0.0,0.0,0.0,0.0,0.0,0.0,0.0,0.0,0.0,0.0,0.0,0.0,0.0,benign
0.0,0.0,0.0,0.0,0.0,0.0,0.0,0.0,0.0,0.0,0.0,0.0,0.0,0.0,0.0,0.0,0.0,0.0,0.0,0.0,0.0,0.0,0.0,0.0,0.0,0.0,0.0,0.0,0.0,0.0,benign
0.0,0.0,0.0,0.0,0.0,0.0,0.0,0.0,0.0,0.0,0.0,0.0,0.0,0.0,0.0,0.0,0.0,0.0,0.0,0.0,0.0,0.0,0.0,0.0,0.0,0.0,0.0,0.0,0.0,0.0,benign
0.0,0.0,0.0,0.0,0.0,0.0,0.0,0.0,0.0,0.0,0.0,0.0,0.0,0.0,0.0,0.0,0.0,0.0,0.0,0.0,0.0,0.0,0.0,0.0,0.0,0.0,0.0,0.0,0.0,0.0,benign
0.0,0.0,0.0,0.0,0.0,0.0,0.0,0.0,0.0,0.0,0.0,0.0,0.0,0.0,0.0,0.0,0.0,0.0,0.0,0.0,0.0,0.0,0.0,0.0,0.0,0.0,0.0,0.0,0.0,0.0,benign
0.0,0.0,0.0,0.0,0.0,0.0,0.0,0.0,0.0,0.0,0.0,0.0,0.0,0.0,0.0,0.0,0.0,0.0,0.0,0.0,0.0,0.0,0.0,0.0,0.0,0.0,0.0,0.0,0.0,0.0,benign
0.0,0.0,0.0,0.0,0.0,0.0,0.0,0.0,0.0,0.0,0.0,0.0,0.0,0.0,0.0,0.0,0.0,0.0,0.0,0.0,0.0,0.0,0.0,0.0,0.0,0.0,0.0,0.0,0.0,0.0,benign
0.0,0.0,0.0,0.0,0.0,0.0,0.0,0.0,0.0,0.0,0.0,0.0,0.0,0.0,0.0,0.0,0.0,0.0,0.0,0.0,0.0,0.0,0.0,0.0,0.0,0.0,0.0,0.0,0.0,0.0,benign
0.0,0.0,0.0,0.0,0.0,0.0,0.0,0.0,0.0,0.0,0.0,0.0,0.0,0.0,0.0,0.0,0.0,0.0,0.0,0.0,0.0,0.0,0.0,0.0,0.0,0.0,0.0,0.0,0.0,0.0,benign
0.0,0.0,1.0,0.0,1.0,0.0,1.0,0.0,2.0,2.0,0.0,54.0,1.0,0.0,7.5,2.0,2.0,1.0,1.0,1.0,0.0,0.0,0.0,24.0,0.035552,0.000288,0.017632,64.0,95.5,5612.0,benign
0.0,0.0,0.0,0.0,0.0,0.0,0.0,0.0,0.0,0.0,0.0,0.0,0.0,0.0,0.0,0.0,0.0,0.0,0.0,0.0,0.0,0.0,0.0,0.0,0.0,0.0,0.0,0.0,0.0,0.0,benign
-0.7,0.5880476171195662,2.0,0.0,2.0,0.0,160.0,0.0,3.0,3.0,0.0,54.0,2.0,0.0,19.327585352432298,2.0,2.0,1.0,2.0,1.0,0.0,0.0,0.0,24.0,0.006489,0.0,0.002750541980683,64.0,90.03826347108705,5550.0,benign
141.0,0.0,1.0,0.0,2.0,0.0,84.75,0.0,3.0,3.0,0.0,54.0,2.0,0.0,11.0227038425243,2.0,2.0,1.0,2.0,2.0,0.0,0.0,0.0,24.0,0.024304,0.0,0.0103127548521236,64.0,95.5,5650.0,benign
-0.71,0.5920773222777204,2.0,0.0,2.0,0.0,1.0,0.0,2.0,2.0,0.0,54.0,2.0,0.0,19.327585352432298,2.0,2.0,1.0,1.0,1.0,0.0,0.0,0.0,24.0,0.020898,0.0,0.0097135301284113,64.0,90.03826347108705,5598.0,benign
0.0,4.919764387920733,0.1428571428571428,1006.0,1.0,0.0,287.42857142857144,0.0,0.5714285714285714,0.5714285714285714,1460.0,60.0,1.5714285714285714,0.0,7.45707883097383,0.7142857142857143,0.7142857142857143,0.2857142857142857,0.4285714285714285,1.0,0.2857142857142857,0.2857142857142857,0.0,24.0,0.020500435,3.4e-08,0.0058168092219121,64.0,95.5,5464.0,malware
0.0,0.0,0.0,0.0,0.0,0.0,2.732184808144088,2.0,0.2857142857142857,0.2857142857142857,1460.0,66.0,181.42857142857144,0.0,670.0843213523817,30.571428571428573,30.571428571428573,0.1428571428571428,0.2857142857142857,47.285714285714285,0.0,60.285714285714285,0.0,24.0,0.024311,0.0,0.0043024127662696,63.0,0.4999913832308733,477.0,web
0.0,0.0,0.0,0.0,0.0,0.0,0.0,0.0,0.0,0.0,0.0,0.0,0.0,0.0,0.0,0.0,0.0,0.0,0.0,0.0,0.0,0.0,0.0,0.0,0.0,0.0,0.0,0.0,0.0,0.0,benign
12.0,0.0,1.0,0.0,1.0,0.0,0.0,0.0,2.0,2.0,0.0,54.0,1.0,0.0,10.5,2.0,2.0,1.0,1.0,1.0,0.0,0.0,0.0,24.0,0.029685,0.0,0.0148425,64.0,95.5,5586.0,benign
0.0,0.0,1.0,0.0,1.0,0.0,0.0,0.0,2.0,2.0,0.0,54.0,1.0,0.0,7.5,2.0,2.0,1.0,1.0,1.0,0.0,0.0,0.0,24.0,0.014,1e-06,0.0069995,64.0,95.5,5632.0,benign
0.0,0.0,0.0,0.0,0.0,0.0,0.0,0.0,0.0,0.0,0.0,0.0,0.0,0.0,0.0,0.0,0.0,0.0,0.0,0.0,0.0,0.0,0.0,0.0,0.0,0.0,0.0,0.0,0.0,0.0,benign
4.0,0.0,1.0,0.0,1.0,0.0,0.0,0.0,2.0,2.0,0.0,54.0,1.0,0.0,7.5,2.0,2.0,1.0,1.0,1.0,0.0,0.0,0.0,24.0,0.01271,0.0,0.006355,64.0,95.5,5640.0,benign
0.0,0.0,0.0,0.0,0.0,0.0,0.0,0.0,0.0,0.0,0.0,0.0,0.0,0.0,0.0,0.0,0.0,0.0,0.0,0.0,0.0,0.0,0.0,0.0,0.0,0.0,0.0,0.0,0.0,0.0,benign
0.0,0.0,0.0,0.0,0.0,0.0,0.0,0.0,0.0,0.0,0.0,0.0,0.0,0.0,0.0,0.0,0.0,0.0,0.0,0.0,0.0,0.0,0.0,0.0,0.0,0.0,0.0,0.0,0.0,0.0,benign
0.0,0.0,0.0,0.0,0.0,0.0,28.0,0.0,2.0,2.0,0.0,60.0,1.0,0.0,0.0,0.0,0.0,1.0,1.0,0.0,0.0,0.0,0.0,0.0,0.027895,0.002224,0.0113410660972512,0.0,0.0,0.0,benign
0.0,0.0,0.0,0.0,0.0,0.0,21.951965065502183,0.0,0.5714285714285714,0.5714285714285714,1460.0,60.0,16.285714285714285,0.0,19.23907885033616,16.571428571428573,16.571428571428573,0.2857142857142857,0.4285714285714285,0.2857142857142857,15.857142857142858,16.0,0.0,24.0,0.03090371,3.2e-08,0.0027598678203019,37.0,18.96948150934704,0.0,recon
0.0,0.0,0.0,0.0,0.0,0.0,0.0,0.0,0.0,0.0,0.0,0.0,0.0,0.0,0.0,0.0,0.0,0.0,0.0,0.0,0.0,0.0,0.0,0.0,0.0,0.0,0.0,0.0,0.0,0.0,benign
0.0,0.0,0.0,0.0,0.0,0.0,0.0,0.0,0.0,0.0,0.0,0.0,0.0,0.0,0.0,0.0,0.0,0.0,0.0,0.0,0.0,0.0,0.0,0.0,0.0,0.0,0.0,0.0,0.0,0.0,benign
0.0,0.0,0.0,0.0,0.0,0.0,0.0,0.0,0.0,0.0,0.0,0.0,0.0,0.0,0.0,0.0,0.0,0.0,0.0,0.0,0.0,0.0,0.0,0.0,0.0,0.0,0.0,0.0,0.0,0.0,benign
212.0,0.0,1.0,0.0,2.0,0.0,1.0,0.0,2.0,2.0,0.0,54.0,2.0,0.0,10.594810050208546,2.0,2.0,1.0,1.0,2.0,0.0,0.0,0.0,24.0,0.012939,0.0,0.0052488713548723,64.0,95.5,5584.0,benign
0.0,0.0,0.1428571428571428,0.0,0.1428571428571428,0.0,8.858288770053475,0.0,0.5714285714285714,0.5714285714285714,1460.0,60.0,56.71428571428572,0.0,0.5488208068615086,51.57142857142857,46.42857142857143,0.2857142857142857,0.4285714285714285,0.1428571428571428,49.85714285714285,56.42857142857143,0.0,24.0,0.047506106,3.3e-08,0.0097832281088224,37.0,103.50092844291034,1024.0,recon
0.0,0.0,0.0,0.0,0.0,0.0,0.0,0.0,0.0,0.0,0.0,0.0,0.0,0.0,0.0,0.0,0.0,0.0,0.0,0.0,0.0,0.0,0.0,0.0,0.0,0.0,0.0,0.0,0.0,0.0,benign
0.0,0.0,0.0,0.0,0.0,0.0,0.0,0.0,0.0,0.0,0.0,0.0,0.0,0.0,0.0,0.0,0.0,0.0,0.0,0.0,0.0,0.0,0.0,0.0,0.0,0.0,0.0,0.0,0.0,0.0,benign
0.0,0.0,0.0,0.0,0.0,0.0,4989.0,0.0,0.1428571428571428,0.2857142857142857,0.0,230.0,0.0,196.0,0.0,0.1428571428571428,0.1428571428571428,0.0,0.1428571428571428,0.0,0.0,0.0,0.0,0.0,0.064268783,0.000520453,0.0318741649999999,255.0,0.0,0.0,recon
0.0,0.0,0.0,0.0,0.0,0.0,46.25,2.0,5.0,4.0,0.0,60.0,6.0,0.0,785.7079480263877,4.0,4.0,4.0,3.0,4.0,0.0,0.0,0.0,24.0,0.027296,0.0,0.0084551076666309,61.0,61.25123905452269,27.0,benign
0.0,0.0,0.0,0.0,0.0,0.0,0.0,0.0,0.0,0.0,0.0,0.0,0.0,0.0,0.0,0.0,0.0,0.0,0.0,0.0,0.0,0.0,0.0,0.0,0.0,0.0,0.0,0.0,0.0,0.0,benign
5.0,0.0,1.0,0.0,1.0,0.0,57.66666666666666,0.0,2.0,2.0,0.0,54.0,2.0,0.0,8.5,2.0,2.0,2.0,2.0,1.0,0.0,0.0,0.0,24.0,0.118951,0.0,0.0435463594596322,64.0,95.5,5540.0,benign
0.0,0.0,0.0,0.0,0.0,0.0,0.0,0.0,0.0,0.0,0.0,0.0,0.0,0.0,0.0,0.0,0.0,0.0,0.0,0.0,0.0,0.0,0.0,0.0,0.0,0.0,0.0,0.0,0.0,0.0,benign
208.0,0.0,1.0,0.0,2.0,0.0,158.2,0.0,3.0,3.0,0.0,54.0,3.0,0.0,10.594810050208546,2.0,2.0,2.0,2.0,2.0,0.0,0.0,0.0,24.0,0.028847,0.0,0.0112769365286952,64.0,95.5,5556.0,benign
0.0,0.0,2.0,0.0,4.0,0.0,1.3333333333333333,0.0,2.0,2.0,0.0,54.0,2.0,0.0,38.05587996617606,2.0,2.0,1.0,1.0,2.0,0.0,0.0,0.0,24.0,0.010147,0.0,0.0041491651268658,64.0,95.5,5552.0,benign
-0.71,0.5962102537416366,2.0,0.0,2.0,0.0,2.0,0.0,2.0,2.0,0.0,54.0,2.0,0.0,19.327585352432298,2.0,2.0,1.0,1.0,1.0,0.0,0.0,0.0,24.0,0.014882,0.0,0.0070154420784121,64.0,90.03826347108705,5608.0,benign
0.0,0.0,0.0,0.0,0.0,0.0,13.52112676056338,2.0,33.0,32.0,0.0,60.0,39.0,0.0,791.3223812777642,4.0,4.0,4.0,4.0,6.0,0.0,0.0,0.0,24.0,0.060143,0.0,0.0124567619862506,53.0,4.38290731629247,660.0,benign
0.0,0.0,0.0,0.0,0.0,0.0,0.0,0.0,0.0,0.0,0.0,0.0,0.0,0.0,0.0,0.0,0.0,0.0,0.0,0.0,0.0,0.0,0.0,0.0,0.0,0.0,0.0,0.0,0.0,0.0,benign
125.0,0.0,1.0,0.0,2.0,0.0,1.0,0.0,2.0,2.0,0.0,54.0,2.0,0.0,11.0227038425243,2.0,2.0,1.0,1.0,2.0,0.0,0.0,0.0,24.0,0.053023,0.0,0.0225136212810711,64.0,95.5,5576.0,benign
0.0,0.0,0.0,0.0,0.0,0.0,0.0,0.0,0.0,0.0,0.0,0.0,0.0,0.0,0.0,0.0,0.0,0.0,0.0,0.0,0.0,0.0,0.0,0.0,0.0,0.0,0.0,0.0,0.0,0.0,benign
0.0,0.0,0.0,0.0,0.0,0.0,0.0,0.0,0.0,0.0,0.0,0.0,0.0,0.0,0.0,0.0,0.0,0.0,0.0,0.0,0.0,0.0,0.0,0.0,0.0,0.0,0.0,0.0,0.0,0.0,benign
0.0,0.0,1.0,0.0,1.0,0.0,0.0,0.0,2.0,2.0,0.0,54.0,1.0,0.0,7.5,2.0,2.0,1.0,1.0,1.0,0.0,0.0,0.0,24.0,0.0,0.0,0.0,64.0,95.5,5594.0,benign
0.0,0.0,0.0,0.0,0.0,0.0,0.0,0.0,0.0,0.0,0.0,0.0,0.0,0.0,0.0,0.0,0.0,0.0,0.0,0.0,0.0,0.0,0.0,0.0,0.0,0.0,0.0,0.0,0.0,0.0,benign
0.0,0.0,0.0,0.0,0.0,0.0,0.0,0.0,0.0,0.0,0.0,0.0,0.0,0.0,0.0,0.0,0.0,0.0,0.0,0.0,0.0,0.0,0.0,0.0,0.0,0.0,0.0,0.0,0.0,0.0,benign
0.0,0.0,0.0,0.0,0.0,0.0,62.0,0.0,2.0,2.0,0.0,60.0,1.0,0.0,0.0,0.0,0.0,1.0,1.0,0.0,0.0,0.0,0.0,0.0,0.008033,0.000307,0.003316443309062,0.0,0.0,0.0,benign
0.0,0.0,0.0,0.0,0.0,0.0,0.0,0.0,0.0,0.0,0.0,0.0,0.0,0.0,0.0,0.0,0.0,0.0,0.0,0.0,0.0,0.0,0.0,0.0,0.0,0.0,0.0,0.0,0.0,0.0,benign
2.0,0.0,1.0,0.0,1.0,0.0,0.0,0.0,2.0,2.0,0.0,54.0,1.0,0.0,8.5,2.0,2.0,1.0,1.0,1.0,0.0,0.0,0.0,24.0,0.098563,0.0,0.0492815,64.0,95.5,5634.0,benign
0.0,0.0,0.0,0.0,0.0,0.0,0.0,0.0,0.0,0.0,0.0,0.0,0.0,0.0,0.0,0.0,0.0,0.0,0.0,0.0,0.0,0.0,0.0,0.0,0.0,0.0,0.0,0.0,0.0,0.0,benign
0.0,0.0,0.0,0.0,0.0,0.0,234.75,2.0,3.0,3.0,0.0,66.0,2.0,0.0,865.2999479949135,3.0,3.0,2.0,2.0,2.0,0.0,0.0,0.0,24.0,0.035738,0.0,0.0148027700191552,53.0,4.029888335921995,152.0,benign
909.0,0.0,2.0,0.0,3.0,0.0,1.0,0.0,2.0,2.0,0.0,54.0,2.0,0.0,22.93877721239735,2.0,2.0,1.0,1.0,2.0,0.0,0.0,0.0,24.0,0.011859,0.0,0.0049008972902928,64.0,95.5,5566.0,benign
0.0,0.0,0.0,0.0,0.0,0.0,0.0,0.0,0.0,0.0,0.0,0.0,0.0,0.0,0.0,0.0,0.0,0.0,0.0,0.0,0.0,0.0,0.0,0.0,0.0,0.0,0.0,0.0,0.0,0.0,benign
14.0,0.0,1.0,0.0,1.0,0.0,0.0,0.0,2.0,2.0,0.0,54.0,1.0,0.0,10.5,2.0,2.0,1.0,1.0,1.0,0.0,0.0,0.0,24.0,0.017286,1e-06,0.0086425,64.0,95.5,5572.0,benign
0.0,0.0,0.0,0.0,0.0,0.0,0.0,0.0,0.0,0.0,0.0,0.0,0.0,0.0,0.0,0.0,0.0,0.0,0.0,0.0,0.0,0.0,0.0,0.0,0.0,0.0,0.0,0.0,0.0,0.0,benign
0.0,0.0,0.0,0.0,0.0,0.0,0.0,0.0,0.0,0.0,0.0,0.0,0.0,0.0,0.0,0.0,0.0,0.0,0.0,0.0,0.0,0.0,0.0,0.0,0.0,0.0,0.0,0.0,0.0,0.0,benign
-0.7,0.5880476171195662,2.0,0.0,2.0,0.0,1.0,0.0,2.0,2.0,0.0,54.0,2.0,0.0,19.327585352432298,2.0,2.0,1.0,1.0,1.0,0.0,0.0,0.0,24.0,0.018362,0.0,0.0086556941181321,64.0,90.03826347108705,5612.0,benign
0.0,0.0,0.0,0.0,0.0,0.0,0.0,0.0,0.0,0.0,0.0,0.0,0.0,0.0,0.0,0.0,0.0,0.0,0.0,0.0,0.0,0.0,0.0,0.0,0.0,0.0,0.0,0.0,0.0,0.0,benign
0.0,0.0,0.0,0.0,0.0,0.0,51.0,0.0,2.0,2.0,0.0,60.0,1.0,0.0,0.0,0.0,0.0,1.0,1.0,0.0,0.0,0.0,0.0,0.0,0.029615,0.00592,0.0118475,0.0,0.0,0.0,benign
0.0,0.0,0.0,0.0,0.0,0.0,0.0,0.0,1.0,2.0,0.0,230.0,0.0,196.0,0.0,1.0,1.0,0.0,1.0,0.0,0.0,0.0,0.0,0.0,0.03423,0.03423,0.0,255.0,0.0,0.0,benign
0.0,0.0,0.0,0.0,0.0,0.0,0.0,0.0,0.0,0.0,0.0,0.0,0.0,0.0,0.0,0.0,0.0,0.0,0.0,0.0,0.0,0.0,0.0,0.0,0.0,0.0,0.0,0.0,0.0,0.0,benign
-0.7,0.5880476171195662,2.0,0.0,2.0,0.0,1.5,0.0,2.0,2.0,0.0,54.0,2.0,0.0,19.327585352432298,2.0,2.0,1.0,1.0,1.0,0.0,0.0,0.0,24.0,0.069633,0.0,0.0328253109962419,64.0,90.03826347108705,5630.0,benign
0.0,0.0,1.0,0.0,1.0,0.0,0.0,0.0,2.0,2.0,0.0,54.0,1.0,0.0,7.5,2.0,2.0,1.0,1.0,1.0,0.0,0.0,0.0,24.0,0.089636,0.0,0.044818,64.0,95.5,5626.0,benign
0.0,0.0,0.0,0.0,0.0,0.0,0.0,0.0,0.0,0.0,0.0,0.0,0.0,0.0,0.0,0.0,0.0,0.0,0.0,0.0,0.0,0.0,0.0,0.0,0.0,0.0,0.0,0.0,0.0,0.0,benign
0.0,0.0,0.0,0.0,0.0,0.0,0.0,0.0,0.0,0.0,0.0,0.0,0.0,0.0,0.0,0.0,0.0,0.0,0.0,0.0,0.0,0.0,0.0,0.0,0.0,0.0,0.0,0.0,0.0,0.0,benign
0.0,0.0,0.0,0.0,0.0,0.0,47.0,0.0,2.0,2.0,0.0,60.0,1.0,0.0,0.0,0.0,0.0,1.0,1.0,0.0,0.0,0.0,0.0,0.0,0.030318,0.000597,0.0148605,0.0,0.0,0.0,benign
0.0,0.0,0.0,0.0,0.0,0.0,0.0,0.0,0.0,0.0,0.0,0.0,0.0,0.0,0.0,0.0,0.0,0.0,0.0,0.0,0.0,0.0,0.0,0.0,0.0,0.0,0.0,0.0,0.0,0.0,benign
208.0,0.0,1.0,0.0,2.0,0.0,1.0,0.0,2.0,2.0,0.0,54.0,2.0,0.0,10.594810050208546,2.0,2.0,1.0,1.0,2.0,0.0,0.0,0.0,24.0,0.003751,0.0,0.0016349995986238,64.0,95.5,5580.0,benign
0.0,0.0,0.0,0.0,0.0,0.0,0.0,0.0,0.0,0.0,0.0,0.0,0.0,0.0,0.0,0.0,0.0,0.0,0.0,0.0,0.0,0.0,0.0,0.0,0.0,0.0,0.0,0.0,0.0,0.0,benign
0.0,0.0,0.0,0.0,0.0,0.0,0.0,0.0,0.0,0.0,0.0,0.0,0.0,0.0,0.0,0.0,0.0,0.0,0.0,0.0,0.0,0.0,0.0,0.0,0.0,0.0,0.0,0.0,0.0,0.0,benign
0.0,0.0,0.0,0.0,0.0,0.0,0.0,0.0,0.0,0.0,0.0,0.0,0.0,0.0,0.0,0.0,0.0,0.0,0.0,0.0,0.0,0.0,0.0,0.0,0.0,0.0,0.0,0.0,0.0,0.0,benign
0.0,0.0,0.0,0.0,0.0,0.0,31.433333333333337,2.0,16.0,14.0,0.0,60.0,15.0,0.0,776.1942411535916,4.0,4.0,4.0,4.0,4.0,0.0,0.0,0.0,24.0,0.084829,0.0,0.0198411779582269,53.0,4.5,152.0,benign
145.0,0.0,1.0,0.0,2.0,0.0,2.0,0.0,2.0,2.0,0.0,54.0,2.0,0.0,11.0227038425243,2.0,2.0,1.0,1.0,2.0,0.0,0.0,0.0,24.0,0.054499,0.0,0.0228625266689292,64.0,95.5,5610.0,benign
0.0,0.0,1.0,0.0,1.0,0.0,0.0,0.0,2.0,2.0,0.0,54.0,1.0,0.0,7.5,2.0,2.0,1.0,1.0,1.0,0.0,0.0,0.0,24.0,0.013154,0.0,0.006577,64.0,95.5,5596.0,benign
0.0,0.0,0.0,0.0,0.0,0.0,0.0,0.0,0.0,0.0,0.0,0.0,0.0,0.0,0.0,0.0,0.0,0.0,0.0,0.0,0.0,0.0,0.0,0.0,0.0,0.0,0.0,0.0,0.0,0.0,benign
0.0,0.0,0.0,0.0,0.0,0.0,0.0,0.0,1.0,2.0,0.0,230.0,0.0,196.0,0.0,1.0,1.0,0.0,1.0,0.0,0.0,0.0,0.0,0.0,0.008338,0.008338,0.0,255.0,0.0,0.0,benign
0.0,0.0,0.0,0.0,0.0,0.0,50.0,0.0,2.0,2.0,0.0,60.0,1.0,0.0,0.0,0.0,0.0,1.0,1.0,0.0,0.0,0.0,0.0,0.0,0.029332,0.00214,0.013596,0.0,0.0,0.0,benign
0.0,0.0,0.0,0.0,0.0,0.0,0.0,0.0,0.0,0.0,0.0,0.0,0.0,0.0,0.0,0.0,0.0,0.0,0.0,0.0,0.0,0.0,0.0,0.0,0.0,0.0,0.0,0.0,0.0,0.0,benign
0.0,0.0,0.0,0.0,0.0,0.0,0.0,0.0,0.0,0.0,0.0,0.0,0.0,0.0,0.0,0.0,0.0,0.0,0.0,0.0,0.0,0.0,0.0,0.0,0.0,0.0,0.0,0.0,0.0,0.0,benign
12.0,0.0,1.0,0.0,1.0,0.0,33.6,0.0,2.0,2.0,0.0,54.0,3.0,0.0,7.581043610362773,2.0,2.0,2.0,2.0,3.0,0.0,0.0,0.0,24.0,0.013178,0.0,0.004534141766151,64.0,95.5,5638.0,benign
0.0,0.0,0.0,0.0,0.0,0.0,0.0,0.0,0.0,0.0,0.0,0.0,0.0,0.0,0.0,0.0,0.0,0.0,0.0,0.0,0.0,0.0,0.0,0.0,0.0,0.0,0.0,0.0,0.0,0.0,benign
1023.0,0.0,1.0,0.0,1.0,0.0,0.0,0.0,2.0,2.0,0.0,54.0,1.0,0.0,9.0,2.0,2.0,1.0,1.0,1.0,0.0,0.0,0.0,24.0,0.002565,0.0,0.0012825,64.0,95.5,5548.0,benign
154.0,0.0,1.0,0.0,2.0,0.0,1.3333333333333333,0.0,2.0,2.0,0.0,54.0,2.0,0.0,11.0227038425243,2.0,2.0,1.0,1.0,2.0,0.0,0.0,0.0,24.0,0.053344,0.0,0.0225865957317609,64.0,95.5,5548.0,benign
0.0,0.0,0.0,0.0,0.0,0.0,0.0,0.0,0.0,0.0,0.0,0.0,0.0,0.0,0.0,0.0,0.0,0.0,0.0,0.0,0.0,0.0,0.0,0.0,0.0,0.0,0.0,0.0,0.0,0.0,benign
0.0,0.0,0.0,0.0,0.0,0.0,0.0,0.0,1.0,2.0,0.0,60.0,0.0,0.0,0.0,0.0,0.0,0.0,1.0,0.0,0.0,0.0,0.0,0.0,0.039705,0.039705,0.0,0.0,0.0,0.0,benign
0.0,0.0,0.0,0.0,0.0,0.0,0.0,0.0,0.0,0.0,0.0,0.0,0.0,0.0,0.0,0.0,0.0,0.0,0.0,0.0,0.0,0.0,0.0,0.0,0.0,0.0,0.0,0.0,0.0,0.0,benign
0.0,0.0,0.0,0.0,0.0,0.0,0.0,0.0,0.0,0.0,0.0,0.0,0.0,0.0,0.0,0.0,0.0,0.0,0.0,0.0,0.0,0.0,0.0,0.0,0.0,0.0,0.0,0.0,0.0,0.0,benign
0.0,0.0,0.0,0.0,0.0,0.0,0.0,0.0,0.0,0.0,0.0,0.0,0.0,0.0,0.0,0.0,0.0,0.0,0.0,0.0,0.0,0.0,0.0,0.0,0.0,0.0,0.0,0.0,0.0,0.0,benign
22.3,0.0,1.0,0.0,7.0,0.0,1.2,0.0,2.0,2.0,0.0,54.0,3.0,0.0,49.86788100125727,2.0,2.0,1.0,1.0,3.0,0.0,0.0,0.0,24.0,0.039125,0.0,0.0142377354550816,64.0,95.5,5622.0,benign
0.0,0.0,0.0,0.0,0.0,0.0,0.0,0.0,0.0,0.0,0.0,0.0,0.0,0.0,0.0,0.0,0.0,0.0,0.0,0.0,0.0,0.0,0.0,0.0,0.0,0.0,0.0,0.0,0.0,0.0,benign
0.0,0.0,0.0,0.0,0.0,0.0,0.0,0.0,0.0,0.0,0.0,0.0,0.0,0.0,0.0,0.0,0.0,0.0,0.0,0.0,0.0,0.0,0.0,0.0,0.0,0.0,0.0,0.0,0.0,0.0,benign
0.0,0.0,0.0,0.0,0.0,0.0,0.0,0.0,0.0,0.0,0.0,0.0,0.0,0.0,0.0,0.0,0.0,0.0,0.0,0.0,0.0,0.0,0.0,0.0,0.0,0.0,0.0,0.0,0.0,0.0,benign
1018.0,2.034425935942901,0.1428571428571428,824.2,0.8571428571428571,0.0,1.2010978956999083,0.0,1.0,1.2857142857142858,1460.0,60.0,496.0,0.0,0.6631753585643178,267.2857142857143,336.85714285714283,0.2857142857142857,0.4285714285714285,0.8571428571428571,283.2857142857143,493.7142857142857,0.0,24.0,0.085812839,2.9e-08,0.0027970932095583,64.0,91.94711531878067,4384.0,ddos
210.0,0.0,1.0,0.0,2.0,0.0,1.3333333333333333,0.0,2.0,2.0,0.0,54.0,2.0,0.0,10.594810050208546,2.0,2.0,1.0,1.0,2.0,0.0,0.0,0.0,24.0,0.032328,1e-06,0.0135809462299208,64.0,95.5,5648.0,benign
1023.0,0.0,0.1428571428571428,948.1666666666666,1.0,0.0,21.124242424242425,0.0,0.5714285714285714,0.5714285714285714,1460.0,60.0,24.0,0.0,2.8927898635274336,22.428571428571427,22.142857142857142,0.4285714285714285,0.4285714285714285,1.2857142857142858,21.714285714285715,22.571428571428573,0.0,24.0,0.028185642,2.9e-08,0.0023687013538762,37.0,103.30401858495205,1024.0,recon
0.0,0.0,0.0,0.0,0.0,0.0,0.0,0.0,0.0,0.0,0.0,0.0,0.0,0.0,0.0,0.0,0.0,0.0,0.0,0.0,0.0,0.0,0.0,0.0,0.0,0.0,0.0,0.0,0.0,0.0,benign
0.0,0.0,0.0,0.0,0.0,0.0,0.0,0.0,0.0,0.0,0.0,0.0,0.0,0.0,0.0,0.0,0.0,0.0,0.0,0.0,0.0,0.0,0.0,0.0,0.0,0.0,0.0,0.0,0.0,0.0,benign
0.0,0.0,0.0,0.0,0.0,0.0,0.0,0.0,0.0,2.0,0.0,198.0,0.0,0.0,0.0,0.0,0.0,0.0,1.0,0.0,0.0,0.0,0.0,0.0,0.006,0.006,0.0,0.0,0.0,0.0,benign
0.0,0.0,0.0,0.0,0.0,0.0,0.0,0.0,0.0,0.0,0.0,0.0,0.0,0.0,0.0,0.0,0.0,0.0,0.0,0.0,0.0,0.0,0.0,0.0,0.0,0.0,0.0,0.0,0.0,0.0,benign
211.0,0.0,1.0,0.0,2.0,0.0,0.6666666666666666,0.0,2.0,2.0,0.0,54.0,2.0,0.0,10.594810050208546,2.0,2.0,1.0,1.0,2.0,0.0,0.0,0.0,24.0,0.019188,0.0,0.008035905145035,64.0,95.5,5606.0,benign
0.0,0.0,0.0,0.0,0.0,0.0,0.0235354241755877,0.0,0.2857142857142857,0.4285714285714285,0.0,60.0,26090.42857142857,0.0,0.0,8741.42857142857,9416.57142857143,0.2857142857142857,0.2857142857142857,26089.714285714286,16398.714285714286,0.0,0.0,24.0,0.00085033,2.5e-08,8.442939608255354e-05,64.0,0.0,0.0,dos
0.0,0.0,0.0,0.0,0.0,0.0,0.0,0.0,0.0,0.0,0.0,0.0,0.0,0.0,0.0,0.0,0.0,0.0,0.0,0.0,0.0,0.0,0.0,0.0,0.0,0.0,0.0,0.0,0.0,0.0,benign
2.0,0.0,1.0,0.0,1.0,0.0,0.0,0.0,2.0,2.0,0.0,54.0,1.0,0.0,7.5,2.0,2.0,1.0,1.0,1.0,0.0,0.0,0.0,24.0,0.02329,0.0,0.011645,64.0,95.5,5600.0,benign
0.0,0.0,0.0,0.0,0.0,0.0,0.0,0.0,0.0,0.0,0.0,0.0,0.0,0.0,0.0,0.0,0.0,0.0,0.0,0.0,0.0,0.0,0.0,0.0,0.0,0.0,0.0,0.0,0.0,0.0,benign
132.0,0.0,1.0,0.0,2.0,0.0,1.0,0.0,2.0,2.0,0.0,54.0,2.0,0.0,11.0227038425243,2.0,2.0,1.0,1.0,2.0,0.0,0.0,0.0,24.0,0.035035,0.000295,0.014771683745853,64.0,95.5,5600.0,benign
145.0,0.0,1.0,0.0,2.0,0.0,1.0,0.0,2.0,2.0,0.0,54.0,2.0,0.0,11.0227038425243,2.0,2.0,1.0,1.0,2.0,0.0,0.0,0.0,24.0,0.035464,0.0,0.0150364664815241,64.0,95.5,5564.0,benign
0.0,0.0,0.0,0.0,0.0,0.0,0.0,0.0,0.0,0.0,0.0,0.0,0.0,0.0,0.0,0.0,0.0,0.0,0.0,0.0,0.0,0.0,0.0,0.0,0.0,0.0,0.0,0.0,0.0,0.0,benign
0.0,0.0,0.0,0.0,0.0,0.0,0.0,0.0,0.0,0.0,0.0,0.0,0.0,0.0,0.0,0.0,0.0,0.0,0.0,0.0,0.0,0.0,0.0,0.0,0.0,0.0,0.0,0.0,0.0,0.0,benign
0.0,0.0,0.0,0.0,0.0,0.0,0.0,0.0,0.0,0.0,0.0,0.0,0.0,0.0,0.0,0.0,0.0,0.0,0.0,0.0,0.0,0.0,0.0,0.0,0.0,0.0,0.0,0.0,0.0,0.0,benign
0.0,0.0,0.0,0.0,0.0,0.0,2.0,0.0,2.0,2.0,0.0,60.0,1.0,0.0,0.0,0.0,0.0,1.0,1.0,0.0,0.0,0.0,0.0,0.0,0.036909,0.002254,0.0173275,0.0,0.0,0.0,benign
0.0,0.0,0.0,0.0,0.0,0.0,0.0,0.0,0.0,0.0,0.0,0.0,0.0,0.0,0.0,0.0,0.0,0.0,0.0,0.0,0.0,0.0,0.0,0.0,0.0,0.0,0.0,0.0,0.0,0.0,benign
0.0,0.0,0.0,0.0,0.0,0.0,0.0,0.0,0.0,0.0,0.0,0.0,0.0,0.0,0.0,0.0,0.0,0.0,0.0,0.0,0.0,0.0,0.0,0.0,0.0,0.0,0.0,0.0,0.0,0.0,benign
22.3,0.0,1.0,0.0,7.0,0.0,2.6666666666666665,0.0,2.0,2.0,0.0,54.0,2.0,0.0,84.81560882290476,2.0,2.0,1.0,1.0,2.0,0.0,0.0,0.0,24.0,0.031871,0.0,0.0130731036961388,64.0,95.5,5622.0,benign
0.0,0.0,0.0,0.0,0.0,0.0,25.615384615384617,0.0,8.0,6.0,0.0,54.0,8.0,0.0,657.9340152077159,7.0,7.0,3.0,4.0,8.0,0.0,0.0,0.0,24.0,0.072633,0.0,0.019366392279368,61.0,89.61379722487618,660.0,benign
212.0,0.0,1.0,0.0,2.0,0.0,0.6666666666666666,0.0,2.0,2.0,0.0,54.0,2.0,0.0,10.594810050208546,2.0,2.0,1.0,1.0,2.0,0.0,0.0,0.0,24.0,0.003355,0.0,0.001451844860858,64.0,95.5,5534.0,benign
0.0,0.0,0.0,0.0,0.0,0.0,0.0,0.0,0.0,0.0,0.0,0.0,0.0,0.0,0.0,0.0,0.0,0.0,0.0,0.0,0.0,0.0,0.0,0.0,0.0,0.0,0.0,0.0,0.0,0.0,benign
0.0,0.0,0.0,0.0,0.0,0.0,0.0,0.0,0.0,0.0,0.0,0.0,0.0,0.0,0.0,0.0,0.0,0.0,0.0,0.0,0.0,0.0,0.0,0.0,0.0,0.0,0.0,0.0,0.0,0.0,benign
0.0,0.0,0.0,0.0,0.0,0.0,0.0,0.0,0.0,0.0,0.0,0.0,0.0,0.0,0.0,0.0,0.0,0.0,0.0,0.0,0.0,0.0,0.0,0.0,0.0,0.0,0.0,0.0,0.0,0.0,benign
0.0,0.0,0.0,0.0,0.0,0.0,0.0,0.0,0.0,0.0,0.0,0.0,0.0,0.0,0.0,0.0,0.0,0.0,0.0,0.0,0.0,0.0,0.0,0.0,0.0,0.0,0.0,0.0,0.0,0.0,benign
0.0,0.0,0.0,0.0,0.0,0.0,24.128205128205128,0.0,12.0,12.0,0.0,54.0,19.0,0.0,332.2881129381549,13.0,13.0,3.0,3.0,20.0,0.0,0.0,0.0,24.0,0.131314,0.0,0.0257283192437705,61.0,94.5506444980678,660.0,benign
912.0,0.0,2.0,0.0,3.0,0.0,1.0,0.0,2.0,2.0,0.0,54.0,2.0,0.0,22.93877721239735,2.0,2.0,1.0,1.0,2.0,0.0,0.0,0.0,24.0,0.043577,0.0,0.0185589620988755,64.0,95.5,5630.0,benign
0.0,0.0,0.0,0.0,0.0,0.0,22.44736842105263,0.0,13.0,12.0,0.0,54.0,19.0,0.0,378.8632067614189,13.0,13.0,4.0,4.0,18.0,0.0,0.0,0.0,24.0,0.03166,0.0,0.0083454416449053,61.0,94.76786447592092,660.0,benign
129.0,0.0,1.0,0.0,2.0,0.0,45.4,0.0,3.0,3.0,0.0,54.0,3.0,0.0,11.0227038425243,2.0,2.0,2.0,2.0,2.0,0.0,0.0,0.0,24.0,0.045902,0.0,0.0177986787969407,64.0,95.5,5594.0,benign
0.0,0.0,0.0,0.0,0.0,0.0,0.0,0.0,0.0,0.0,0.0,0.0,0.0,0.0,0.0,0.0,0.0,0.0,0.0,0.0,0.0,0.0,0.0,0.0,0.0,0.0,0.0,0.0,0.0,0.0,benign
0.0,0.0,0.0,0.0,0.0,0.0,0.0,0.0,0.0,0.0,0.0,0.0,0.0,0.0,0.0,0.0,0.0,0.0,0.0,0.0,0.0,0.0,0.0,0.0,0.0,0.0,0.0,0.0,0.0,0.0,benign
0.0,0.0,0.0,0.0,0.0,0.0,0.0,0.0,0.0,2.0,0.0,198.0,0.0,0.0,0.0,0.0,0.0,0.0,1.0,0.0,0.0,0.0,0.0,0.0,0.018559,0.018559,0.0,0.0,0.0,0.0,benign
0.0,0.0,0.0,0.0,0.0,0.0,0.0,0.0,0.0,0.0,0.0,0.0,0.0,0.0,0.0,0.0,0.0,0.0,0.0,0.0,0.0,0.0,0.0,0.0,0.0,0.0,0.0,0.0,0.0,0.0,benign
22.3,0.0,1.0,0.0,7.0,0.0,1.0,0.0,2.0,2.0,0.0,54.0,4.0,0.0,35.755899862819845,2.0,2.0,1.0,1.0,4.0,0.0,0.0,0.0,24.0,0.005399,0.0,0.0018024037032182,64.0,95.5,5614.0,benign
0.0,0.0,0.0,0.0,0.0,0.0,22.5,0.0,11.0,11.0,0.0,54.0,16.0,0.0,390.0348810659343,12.0,12.0,3.0,2.0,16.0,0.0,0.0,0.0,24.0,0.143955,0.0,0.0349017266907573,61.0,94.55609885690954,660.0,benign
212.0,0.0,1.0,0.0,2.0,0.0,96.0,0.0,3.0,3.0,0.0,54.0,3.0,0.0,10.594810050208546,2.0,2.0,2.0,2.0,2.0,0.0,0.0,0.0,24.0,0.029965,0.0,0.0113584920470691,64.0,95.5,5550.0,benign
0.0,0.0,0.0,0.0,0.0,0.0,20.73913043478261,0.0,12.0,12.0,0.0,54.0,23.0,0.0,391.0088332129091,13.0,13.0,3.0,2.0,23.0,0.0,0.0,0.0,24.0,0.079592,0.0,0.0211428457098977,61.0,95.07464842533231,660.0,benign
0.0,0.0,0.0,0.0,0.0,0.0,0.0,0.0,0.0,0.0,0.0,0.0,0.0,0.0,0.0,0.0,0.0,0.0,0.0,0.0,0.0,0.0,0.0,0.0,0.0,0.0,0.0,0.0,0.0,0.0,benign
0.0,0.0,0.0,0.0,0.0,0.0,42.5,2.0,2.0,2.0,0.0,66.0,1.0,0.0,81.61835305588784,2.0,2.0,1.0,2.0,2.0,0.0,0.0,0.0,24.0,0.019735,0.002407,0.0071001754125436,64.0,82.02438661763951,27.0,benign
0.0,0.0,0.0,0.0,0.0,0.0,0.0,0.0,0.0,0.0,0.0,0.0,0.0,0.0,0.0,0.0,0.0,0.0,0.0,0.0,0.0,0.0,0.0,0.0,0.0,0.0,0.0,0.0,0.0,0.0,benign
0.0,0.0,0.0,0.0,0.0,0.0,0.0,0.0,0.0,0.0,0.0,0.0,0.0,0.0,0.0,0.0,0.0,0.0,0.0,0.0,0.0,0.0,0.0,0.0,0.0,0.0,0.0,0.0,0.0,0.0,benign
126.0,0.0,1.0,0.0,2.0,0.0,133.0,0.0,3.0,3.0,0.0,54.0,3.0,0.0,11.0227038425243,2.0,2.0,2.0,2.0,2.0,0.0,0.0,0.0,24.0,0.038939,0.0,0.0142401286910929,64.0,95.5,5594.0,benign
0.0,0.0,0.0,0.0,0.0,0.0,0.0,0.0,0.0,0.0,0.0,0.0,0.0,0.0,0.0,0.0,0.0,0.0,0.0,0.0,0.0,0.0,0.0,0.0,0.0,0.0,0.0,0.0,0.0,0.0,benign
0.0,0.0,0.0,0.0,0.0,0.0,20.97222222222222,0.0,11.0,11.0,0.0,54.0,18.0,0.0,382.3560233094196,12.0,12.0,3.0,3.0,18.0,0.0,0.0,0.0,24.0,0.073299,0.0,0.01541253871398,61.0,94.76786447592092,660.0,benign
0.0,0.0,0.0,0.0,0.0,0.0,0.0,0.0,0.0,0.0,0.0,0.0,0.0,0.0,0.0,0.0,0.0,0.0,0.0,0.0,0.0,0.0,0.0,0.0,0.0,0.0,0.0,0.0,0.0,0.0,benign
13.0,0.0,1.0,0.0,1.0,0.0,0.0,0.0,2.0,2.0,0.0,54.0,1.0,0.0,10.5,2.0,2.0,1.0,1.0,1.0,0.0,0.0,0.0,24.0,0.058773,0.000295,0.029239,64.0,95.5,5616.0,benign
0.0,0.0,0.0,0.0,0.0,0.0,0.0,0.0,0.0,0.0,0.0,0.0,0.0,0.0,0.0,0.0,0.0,0.0,0.0,0.0,0.0,0.0,0.0,0.0,0.0,0.0,0.0,0.0,0.0,0.0,benign
120.0,1.3552618543579864,0.1428571428571428,1019.1666666666666,1.8571428571428568,0.0,0.0589557874502265,0.0,0.5714285714285714,0.7142857142857143,0.0,60.0,16408.571428571428,0.0,0.3933039195659524,237.0,9416.57142857143,0.2857142857142857,0.4285714285714285,1.1428571428571428,236.7142857142857,0.0,0.0,24.0,0.039665558,2.6e-08,0.0001742421460146,64.0,22.66799596727487,512.0,dos
0.0,0.0,0.0,0.0,0.0,0.0,0.0,0.0,0.0,0.0,0.0,0.0,0.0,0.0,0.0,0.0,0.0,0.0,0.0,0.0,0.0,0.0,0.0,0.0,0.0,0.0,0.0,0.0,0.0,0.0,benign
-0.71,0.5920773222777204,2.0,0.0,2.0,0.0,1.0,0.0,2.0,2.0,0.0,54.0,2.0,0.0,19.327585352432298,2.0,2.0,1.0,1.0,1.0,0.0,0.0,0.0,24.0,0.061276,0.0,0.0288857834159912,64.0,90.03826347108705,5636.0,benign
0.0,0.0,0.0,0.0,0.0,0.0,61.5,0.0,2.0,2.0,0.0,60.0,1.0,0.0,0.0,0.0,0.0,1.0,1.0,0.0,0.0,0.0,0.0,0.0,0.018002,0.002194,0.0069832168486705,0.0,0.0,0.0,benign
0.0,0.0,0.0,0.0,0.0,0.0,0.0,0.0,0.0,0.0,0.0,0.0,0.0,0.0,0.0,0.0,0.0,0.0,0.0,0.0,0.0,0.0,0.0,0.0,0.0,0.0,0.0,0.0,0.0,0.0,benign
5.0,0.0,1.0,0.0,1.0,0.0,0.0,0.0,2.0,2.0,0.0,54.0,1.0,0.0,7.5,2.0,2.0,1.0,1.0,1.0,0.0,0.0,0.0,24.0,0.015364,0.000296,0.0075339999999999,64.0,95.5,5618.0,benign
0.0,0.0,0.0,0.0,0.0,0.0,0.0,0.0,0.0,0.0,0.0,0.0,0.0,0.0,0.0,0.0,0.0,0.0,0.0,0.0,0.0,0.0,0.0,0.0,0.0,0.0,0.0,0.0,0.0,0.0,benign
0.0,0.0,0.0,0.0,0.0,0.0,0.0,0.0,0.0,0.0,0.0,0.0,0.0,0.0,0.0,0.0,0.0,0.0,0.0,0.0,0.0,0.0,0.0,0.0,0.0,0.0,0.0,0.0,0.0,0.0,benign
0.0,0.0,0.0,0.0,0.0,0.0,0.0,0.0,0.0,0.0,0.0,0.0,0.0,0.0,0.0,0.0,0.0,0.0,0.0,0.0,0.0,0.0,0.0,0.0,0.0,0.0,0.0,0.0,0.0,0.0,benign
213.0,0.0,1.0,0.0,2.0,0.0,4.2,0.0,3.0,3.0,0.0,54.0,3.0,0.0,10.594810050208546,2.0,2.0,2.0,2.0,2.0,0.0,0.0,0.0,24.0,0.010841,0.0,0.0041226768576038,64.0,95.5,5536.0,benign
0.0,0.0,0.0,0.0,0.0,0.0,0.0,0.0,0.0,2.0,0.0,198.0,0.0,0.0,0.0,0.0,0.0,0.0,1.0,0.0,0.0,0.0,0.0,0.0,0.027777,0.027777,0.0,0.0,0.0,0.0,benign
0.0,0.0,0.0,0.0,0.0,0.0,0.0,0.0,0.0,0.0,0.0,0.0,0.0,0.0,0.0,0.0,0.0,0.0,0.0,0.0,0.0,0.0,0.0,0.0,0.0,0.0,0.0,0.0,0.0,0.0,benign
0.0,0.0,0.0,0.0,0.0,0.0,0.0,0.0,0.0,0.0,0.0,0.0,0.0,0.0,0.0,0.0,0.0,0.0,0.0,0.0,0.0,0.0,0.0,0.0,0.0,0.0,0.0,0.0,0.0,0.0,benign
0.0,0.0,0.0,0.0,0.0,0.0,0.0,0.0,0.0,0.0,0.0,0.0,0.0,0.0,0.0,0.0,0.0,0.0,0.0,0.0,0.0,0.0,0.0,0.0,0.0,0.0,0.0,0.0,0.0,0.0,benign
0.0,0.0,0.0,0.0,0.0,0.0,0.0,0.0,1.0,2.0,0.0,214.0,0.0,180.0,0.0,1.0,1.0,0.0,1.0,0.0,0.0,0.0,0.0,0.0,0.001236,0.001236,0.0,255.0,0.0,0.0,benign
0.0,0.0,0.0,0.0,0.0,0.0,0.0,0.0,0.0,0.0,0.0,0.0,0.0,0.0,0.0,0.0,0.0,0.0,0.0,0.0,0.0,0.0,0.0,0.0,0.0,0.0,0.0,0.0,0.0,0.0,benign
0.0,0.0,0.0,0.0,0.0,0.0,0.0,0.0,0.0,0.0,0.0,0.0,0.0,0.0,0.0,0.0,0.0,0.0,0.0,0.0,0.0,0.0,0.0,0.0,0.0,0.0,0.0,0.0,0.0,0.0,benign
0.0,0.0,0.0,0.0,0.0,0.0,0.0,0.0,0.0,0.0,0.0,0.0,0.0,0.0,0.0,0.0,0.0,0.0,0.0,0.0,0.0,0.0,0.0,0.0,0.0,0.0,0.0,0.0,0.0,0.0,benign
0.0,0.0,0.0,0.0,0.0,0.0,0.0,0.0,1.0,2.0,0.0,214.0,0.0,180.0,0.0,1.0,1.0,0.0,1.0,0.0,0.0,0.0,0.0,0.0,0.025638,0.025638,0.0,255.0,0.0,0.0,benign
0.0,0.0,0.0,0.0,0.0,0.0,0.0,0.0,0.0,0.0,0.0,0.0,0.0,0.0,0.0,0.0,0.0,0.0,0.0,0.0,0.0,0.0,0.0,0.0,0.0,0.0,0.0,0.0,0.0,0.0,benign
0.0,0.0,0.0,0.0,0.0,0.0,24.37184115523466,0.0,3.0,2.2857142857142856,0.0,60.0,19.142857142857142,0.0,344.06274680991845,5.0,5.0,0.8571428571428571,0.8571428571428571,16.857142857142858,0.0,0.0,0.0,24.0,0.126639356,3.3e-08,0.0169478470118975,50.0,92.12902606284962,660.0,malware
0.0,0.0,0.0,0.0,0.0,0.0,0.0,0.0,0.0,0.0,0.0,0.0,0.0,0.0,0.0,0.0,0.0,0.0,0.0,0.0,0.0,0.0,0.0,0.0,0.0,0.0,0.0,0.0,0.0,0.0,benign
209.0,0.0,1.0,0.0,2.0,0.0,0.6666666666666666,0.0,2.0,2.0,0.0,54.0,2.0,0.0,10.594810050208546,2.0,2.0,1.0,1.0,2.0,0.0,0.0,0.0,24.0,0.002229,0.0,0.0009251300922032,64.0,95.5,5612.0,benign
0.0,0.0,0.0,0.0,0.0,0.0,0.0,0.0,0.0,0.0,0.0,0.0,0.0,0.0,0.0,0.0,0.0,0.0,0.0,0.0,0.0,0.0,0.0,0.0,0.0,0.0,0.0,0.0,0.0,0.0,benign
0.0,0.0,0.0,0.0,0.0,0.0,0.0,0.0,0.0,0.0,0.0,0.0,0.0,0.0,0.0,0.0,0.0,0.0,0.0,0.0,0.0,0.0,0.0,0.0,0.0,0.0,0.0,0.0,0.0,0.0,benign
7.0,0.0,1.0,0.0,1.0,0.0,0.0,0.0,2.0,2.0,0.0,54.0,1.0,0.0,8.5,2.0,2.0,1.0,1.0,1.0,0.0,0.0,0.0,24.0,0.000406,0.0,0.000203,64.0,95.5,5556.0,benign
22.3,0.0,1.0,0.0,7.0,0.0,4.333333333333333,0.0,2.0,2.0,0.0,54.0,2.0,0.0,84.81560882290476,2.0,2.0,1.0,1.0,2.0,0.0,0.0,0.0,24.0,0.012483,0.0,0.005250465907898,64.0,95.5,5642.0,benign
0.0,0.0,0.0,0.0,0.0,6877.571428571428,0.0807922254795595,0.0,1.0,1.0,0.0,60.0,11530.42857142857,0.0,556.2546866417457,811.5714285714286,3589.285714285714,0.4285714285714285,0.2857142857142857,0.0,847.0,0.0,0.0,16.0,0.001298775,2.6e-08,0.0001620394697796,64.0,0.0,0.0,ddos
0.0,0.0,0.0,0.0,0.0,0.0,0.0,0.0,0.0,0.0,0.0,0.0,0.0,0.0,0.0,0.0,0.0,0.0,0.0,0.0,0.0,0.0,0.0,0.0,0.0,0.0,0.0,0.0,0.0,0.0,benign
0.0,0.0,0.0,0.0,0.0,0.0,0.0,0.0,0.0,0.0,0.0,0.0,0.0,0.0,0.0,0.0,0.0,0.0,0.0,0.0,0.0,0.0,0.0,0.0,0.0,0.0,0.0,0.0,0.0,0.0,benign
0.0,0.0,0.0,0.0,0.0,0.0,0.0,0.0,0.0,0.0,0.0,0.0,0.0,0.0,0.0,0.0,0.0,0.0,0.0,0.0,0.0,0.0,0.0,0.0,0.0,0.0,0.0,0.0,0.0,0.0,benign
13.0,0.0,1.0,0.0,1.0,0.0,11.333333333333334,0.0,2.0,2.0,0.0,54.0,2.0,0.0,10.5,2.0,2.0,2.0,2.0,1.0,0.0,0.0,0.0,24.0,0.028505,0.0,0.0112279768073994,64.0,95.5,5648.0,benign
0.0,0.0,1.0,0.0,1.0,0.0,0.0,0.0,2.0,2.0,0.0,54.0,1.0,0.0,7.5,2.0,2.0,1.0,1.0,1.0,0.0,0.0,0.0,24.0,0.06253,0.0,0.031265,64.0,95.5,5636.0,benign
22.5,0.0,1.0,0.0,7.0,0.0,21.11111111111111,0.0,2.0,3.0,0.0,54.0,6.0,0.0,43.15940656450225,2.0,2.0,2.0,1.0,4.0,0.0,0.0,0.0,24.0,0.027955,0.0,0.0096479221229236,64.0,95.5,5568.0,benign
0.0,0.0,0.0,0.0,0.0,0.0,0.0,0.0,0.0,0.0,0.0,0.0,0.0,0.0,0.0,0.0,0.0,0.0,0.0,0.0,0.0,0.0,0.0,0.0,0.0,0.0,0.0,0.0,0.0,0.0,benign
0.0,0.0,0.0,0.0,0.0,0.0,0.0,0.0,0.0,0.0,0.0,0.0,0.0,0.0,0.0,0.0,0.0,0.0,0.0,0.0,0.0,0.0,0.0,0.0,0.0,0.0,0.0,0.0,0.0,0.0,benign
0.0,0.0,0.0,0.0,0.0,0.0,0.0,0.0,0.0,0.0,0.0,0.0,0.0,0.0,0.0,0.0,0.0,0.0,0.0,0.0,0.0,0.0,0.0,0.0,0.0,0.0,0.0,0.0,0.0,0.0,benign
0.0,0.0,0.0,0.0,0.0,0.0,0.0,0.0,0.0,0.0,0.0,0.0,0.0,0.0,0.0,0.0,0.0,0.0,0.0,0.0,0.0,0.0,0.0,0.0,0.0,0.0,0.0,0.0,0.0,0.0,benign
0.0,0.0,0.0,0.0,0.0,0.0,0.0,0.0,0.0,0.0,0.0,0.0,0.0,0.0,0.0,0.0,0.0,0.0,0.0,0.0,0.0,0.0,0.0,0.0,0.0,0.0,0.0,0.0,0.0,0.0,benign
0.0,0.0,0.0,0.0,0.0,0.0,0.0,0.0,0.0,0.0,0.0,0.0,0.0,0.0,0.0,0.0,0.0,0.0,0.0,0.0,0.0,0.0,0.0,0.0,0.0,0.0,0.0,0.0,0.0,0.0,benign
0.0,0.0,0.0,0.0,0.0,0.0,0.0,0.0,0.0,0.0,0.0,0.0,0.0,0.0,0.0,0.0,0.0,0.0,0.0,0.0,0.0,0.0,0.0,0.0,0.0,0.0,0.0,0.0,0.0,0.0,benign
134.0,0.0,1.0,0.0,2.0,0.0,1.0,0.0,2.0,2.0,0.0,54.0,2.0,0.0,11.0227038425243,2.0,2.0,1.0,1.0,2.0,0.0,0.0,0.0,24.0,0.015869,0.0,0.0065922994660436,64.0,95.5,5620.0,benign
0.0,0.0,0.0,0.0,0.0,0.0,0.0,0.0,0.0,0.0,0.0,0.0,0.0,0.0,0.0,0.0,0.0,0.0,0.0,0.0,0.0,0.0,0.0,0.0,0.0,0.0,0.0,0.0,0.0,0.0,benign
0.0,0.0,0.0,0.0,0.0,0.0,0.0,0.0,0.0,0.0,0.0,0.0,0.0,0.0,0.0,0.0,0.0,0.0,0.0,0.0,0.0,0.0,0.0,0.0,0.0,0.0,0.0,0.0,0.0,0.0,benign
0.0,0.0,0.0,0.0,0.0,0.0,52.0,2.0,2.0,2.0,0.0,66.0,1.0,0.0,81.61835305588784,2.0,2.0,1.0,2.0,2.0,0.0,0.0,0.0,24.0,0.023239,0.020485,0.0012239338217403,64.0,82.49579113843053,27.0,benign
0.0,0.0,0.0,0.0,0.0,0.0,0.0,0.0,0.0,0.0,0.0,0.0,0.0,0.0,0.0,0.0,0.0,0.0,0.0,0.0,0.0,0.0,0.0,0.0,0.0,0.0,0.0,0.0,0.0,0.0,benign
0.0,0.0,0.0,0.0,0.0,0.0,28.68776371308017,0.0,8.428571428571429,6.571428571428571,1460.0,60.0,17.0,0.0,515.5207613674343,7.428571428571429,7.285714285714286,1.0,1.1428571428571428,3.857142857142857,0.0,0.2857142857142857,0.0,24.0,0.132330024,3.3e-08,0.0170559580027194,51.0,22.80095267496468,49.0,malware
0.0,0.0,0.0,0.0,0.0,0.0,0.0,0.0,0.0,0.0,0.0,0.0,0.0,0.0,0.0,0.0,0.0,0.0,0.0,0.0,0.0,0.0,0.0,0.0,0.0,0.0,0.0,0.0,0.0,0.0,benign
0.0,0.0,0.0,0.0,0.0,0.0,329.8,0.0,0.5714285714285714,0.5714285714285714,0.0,60.0,0.2857142857142857,180.0,0.0,0.1428571428571428,0.1428571428571428,0.2857142857142857,0.2857142857142857,0.0,0.0,0.0,0.0,0.0,0.015059975,1.97e-07,0.0051403306389175,64.0,90.03826347108706,0.0,recon
0.0,0.0,0.0,0.0,0.0,0.0,0.0,0.0,0.0,0.0,0.0,0.0,0.0,0.0,0.0,0.0,0.0,0.0,0.0,0.0,0.0,0.0,0.0,0.0,0.0,0.0,0.0,0.0,0.0,0.0,benign
0.0,0.0,0.0,0.0,0.0,0.0,0.0,0.0,0.0,0.0,0.0,0.0,0.0,0.0,0.0,0.0,0.0,0.0,0.0,0.0,0.0,0.0,0.0,0.0,0.0,0.0,0.0,0.0,0.0,0.0,benign
0.0,0.0,0.0,0.0,0.0,0.0,0.0,0.0,0.0,0.0,0.0,0.0,0.0,0.0,0.0,0.0,0.0,0.0,0.0,0.0,0.0,0.0,0.0,0.0,0.0,0.0,0.0,0.0,0.0,0.0,benign
0.0,0.0,0.0,0.0,0.0,0.0,25.6,0.0,12.0,11.0,0.0,54.0,17.0,0.0,278.860930725552,12.0,12.0,4.0,3.0,16.0,0.0,0.0,0.0,24.0,0.215105,0.0,0.0472245655220146,61.0,94.15139100972296,660.0,benign
0.0,0.0,0.0,0.0,0.0,0.0,0.0,0.0,0.0,0.0,0.0,0.0,0.0,0.0,0.0,0.0,0.0,0.0,0.0,0.0,0.0,0.0,0.0,0.0,0.0,0.0,0.0,0.0,0.0,0.0,benign
0.0,0.0,0.0,0.0,0.0,0.0,0.0,0.0,0.0,0.0,0.0,0.0,0.0,0.0,0.0,0.0,0.0,0.0,0.0,0.0,0.0,0.0,0.0,0.0,0.0,0.0,0.0,0.0,0.0,0.0,benign
2.0,0.0,1.0,0.0,1.0,0.0,0.0,0.0,2.0,2.0,0.0,54.0,1.0,0.0,8.5,2.0,2.0,1.0,1.0,1.0,0.0,0.0,0.0,24.0,0.01668,0.0,0.00834,64.0,95.5,5624.0,benign
3.0,0.0,1.0,0.0,1.0,0.0,0.0,0.0,2.0,2.0,0.0,54.0,1.0,0.0,8.5,2.0,2.0,1.0,1.0,1.0,0.0,0.0,0.0,24.0,0.005368,0.0,0.002684,64.0,95.5,5572.0,benign
0.0,0.0,0.0,0.0,0.0,0.0,38.5,2.0,2.0,2.0,0.0,66.0,1.0,0.0,42.92888175679502,2.0,2.0,1.0,2.0,2.0,0.0,0.0,0.0,24.0,0.008161,0.000507,0.0035167761752301,53.0,5.185449728701329,135.0,benign
0.0,0.0,0.0,0.0,0.0,0.0,0.0,0.0,1.0,2.0,0.0,214.0,0.0,180.0,0.0,1.0,1.0,0.0,1.0,0.0,0.0,0.0,0.0,0.0,0.003321,0.003321,0.0,255.0,0.0,0.0,benign
-0.74,1.1598084132974529,0.2857142857142857,1005.6666666666666,2.0,0.0,0.0095580191160382,0.0,0.8571428571428571,0.8571428571428571,0.0,60.0,104713.14285714286,0.0,0.0,606.8571428571429,9416.57142857143,0.1428571428571428,0.1428571428571428,104713.14285714286,615.7142857142857,0.0,0.0,24.0,0.001195641,2.5e-08,5.231746210081188e-05,64.0,14.560497285367958,512.0,ddos
207.0,0.0,1.0,0.0,2.0,0.0,1.3333333333333333,0.0,2.0,2.0,0.0,54.0,2.0,0.0,10.594810050208546,2.0,2.0,1.0,1.0,2.0,0.0,0.0,0.0,24.0,0.011189,0.0,0.0045684036804446,64.0,95.5,5650.0,benign
0.0,0.0,0.0,0.0,0.0,0.0,27.722689075630253,0.0,0.4285714285714285,0.4285714285714285,1460.0,60.0,8.571428571428571,0.0,16.431096541311252,8.571428571428571,8.571428571428571,0.1428571428571428,0.4285714285714285,0.0,8.285714285714286,8.571428571428571,0.0,20.0,0.016968208,3.3e-08,0.0018079003463922,37.0,103.50573094878166,1024.0,recon
2.0,0.0,1.0,0.0,1.0,0.0,0.0,0.0,2.0,2.0,0.0,54.0,1.0,0.0,8.5,2.0,2.0,1.0,1.0,1.0,0.0,0.0,0.0,24.0,0.16094,0.0,0.08047,64.0,95.5,5544.0,benign
0.0,0.0,0.0,0.0,0.0,0.0,0.0,0.0,0.0,0.0,0.0,0.0,0.0,0.0,0.0,0.0,0.0,0.0,0.0,0.0,0.0,0.0,0.0,0.0,0.0,0.0,0.0,0.0,0.0,0.0,benign
0.0,0.0,0.0,0.0,0.0,0.0,10.6724960254372,0.0,8.0,6.571428571428571,1460.0,60.0,46.0,0.0,243.50277392949008,63.142857142857146,63.142857142857146,0.8571428571428571,0.8571428571428571,4.857142857142857,29.285714285714285,29.285714285714285,0.0,24.0,0.02302443,3.3e-08,0.0029367682273301,43.0,27.24875461340368,0.0,malware
0.0,0.0,0.0,0.0,0.0,0.0,0.0,0.0,0.0,0.0,0.0,0.0,0.0,0.0,0.0,0.0,0.0,0.0,0.0,0.0,0.0,0.0,0.0,0.0,0.0,0.0,0.0,0.0,0.0,0.0,benign
0.0,0.0,1.0,0.0,1.0,0.0,0.0,0.0,2.0,2.0,0.0,54.0,1.0,0.0,7.5,2.0,2.0,1.0,1.0,1.0,0.0,0.0,0.0,24.0,0.099151,0.0,0.0495755,64.0,95.5,5622.0,benign
-0.7,0.588179866669674,2.0,0.0,2.0,0.0,2.5,0.0,2.0,2.0,0.0,54.0,2.0,0.0,19.327585352432298,2.0,2.0,1.0,1.0,1.0,0.0,0.0,0.0,24.0,0.077854,0.0,0.0367007275616649,64.0,90.03826347108705,5548.0,benign
0.0,0.0,0.0,0.0,0.0,0.0,0.0,0.0,0.0,0.0,0.0,0.0,0.0,0.0,0.0,0.0,0.0,0.0,0.0,0.0,0.0,0.0,0.0,0.0,0.0,0.0,0.0,0.0,0.0,0.0,benign
0.0,0.0,1.0,0.0,1.0,0.0,46.0,0.0,2.0,3.0,0.0,54.0,1.0,0.0,7.5,2.0,2.0,1.0,2.0,1.0,0.0,0.0,0.0,24.0,0.101028,0.0,0.0438531180292677,64.0,95.5,5544.0,benign
909.0,0.0,2.0,0.0,3.0,0.0,1.3333333333333333,0.0,2.0,2.0,0.0,54.0,2.0,0.0,22.93877721239735,2.0,2.0,1.0,1.0,2.0,0.0,0.0,0.0,24.0,0.039201,0.0,0.0164827410417685,64.0,95.5,5622.0,benign
12.0,0.0,1.0,0.0,1.0,0.0,0.0,0.0,2.0,2.0,0.0,54.0,1.0,0.0,8.0,2.0,2.0,1.0,1.0,1.0,0.0,0.0,0.0,24.0,0.031958,0.000294,0.015832,64.0,95.5,5576.0,benign
0.0,0.0,0.0,0.0,0.0,0.0,0.0,0.0,0.0,0.0,0.0,0.0,0.0,0.0,0.0,0.0,0.0,0.0,0.0,0.0,0.0,0.0,0.0,0.0,0.0,0.0,0.0,0.0,0.0,0.0,benign
0.0,0.0,0.0,0.0,0.0,0.0,0.0,0.0,0.0,0.0,0.0,0.0,0.0,0.0,0.0,0.0,0.0,0.0,0.0,0.0,0.0,0.0,0.0,0.0,0.0,0.0,0.0,0.0,0.0,0.0,benign
0.0,0.0,0.0,0.0,0.0,0.0,0.0,0.0,1.0,2.0,0.0,60.0,0.0,0.0,0.0,0.0,0.0,0.0,1.0,0.0,0.0,0.0,0.0,0.0,0.001302,0.001302,0.0,0.0,0.0,0.0,benign
0.0,0.0,0.0,0.0,0.0,0.0,0.0,0.0,0.0,0.0,0.0,0.0,0.0,0.0,0.0,0.0,0.0,0.0,0.0,0.0,0.0,0.0,0.0,0.0,0.0,0.0,0.0,0.0,0.0,0.0,benign
1023.0,0.0,1.0,0.0,1.0,0.0,125.0,0.0,3.0,3.0,0.0,54.0,3.0,0.0,24.67063031217484,3.0,4.0,2.0,2.0,1.0,0.0,0.0,0.0,24.0,0.084982,0.000446,0.0338032073188329,64.0,93.5705081743174,5568.0,benign
0.0,0.0,0.0,0.0,0.0,0.0,0.0,0.0,0.0,0.0,0.0,0.0,0.0,0.0,0.0,0.0,0.0,0.0,0.0,0.0,0.0,0.0,0.0,0.0,0.0,0.0,0.0,0.0,0.0,0.0,benign
0.0,0.0,0.0,0.0,0.0,0.0,0.0,0.0,0.0,0.0,0.0,0.0,0.0,0.0,0.0,0.0,0.0,0.0,0.0,0.0,0.0,0.0,0.0,0.0,0.0,0.0,0.0,0.0,0.0,0.0,benign
0.0,0.0,0.0,0.0,0.0,0.0,0.0,0.0,0.0,0.0,0.0,0.0,0.0,0.0,0.0,0.0,0.0,0.0,0.0,0.0,0.0,0.0,0.0,0.0,0.0,0.0,0.0,0.0,0.0,0.0,benign
0.0,0.0,0.0,0.0,0.0,0.0,0.0,0.0,0.0,0.0,0.0,0.0,0.0,0.0,0.0,0.0,0.0,0.0,0.0,0.0,0.0,0.0,0.0,0.0,0.0,0.0,0.0,0.0,0.0,0.0,benign
0.0,0.0,0.0,0.0,0.0,6850.857142857143,0.0838946283467964,0.0,2.0,2.7142857142857144,0.0,60.0,11916.142857142857,0.0,385.1730472387912,329.1428571428572,320.7142857142857,0.8571428571428571,1.0,0.2857142857142857,0.0,0.0,0.0,24.0,0.001199989,-3.6e-08,0.0001621289033614,53.0,0.0408201601557762,135.0,dos
0.0,0.0,0.0,0.0,0.0,0.0,0.0,0.0,0.0,0.0,0.0,0.0,0.0,0.0,0.0,0.0,0.0,0.0,0.0,0.0,0.0,0.0,0.0,0.0,0.0,0.0,0.0,0.0,0.0,0.0,benign
0.0,0.0,0.0,0.0,0.0,0.0,29.4,0.0,5.0,4.0,0.0,60.0,6.0,0.0,852.7866087128714,5.0,5.0,5.0,4.0,2.0,0.0,0.0,0.0,24.0,0.137294,0.0,0.0438070116394266,61.0,52.41335707622628,27.0,benign
0.0,0.0,0.0,0.0,0.0,0.0,0.0,0.0,1.0,2.0,0.0,214.0,0.0,180.0,0.0,1.0,1.0,0.0,1.0,0.0,0.0,0.0,0.0,0.0,0.065612,0.065612,0.0,255.0,0.0,0.0,benign
0.0,0.0,0.0,0.0,0.0,0.0,19.73913043478261,0.0,12.0,12.0,0.0,54.0,23.0,0.0,369.58584360057705,13.0,13.0,3.0,2.0,23.0,0.0,0.0,0.0,24.0,0.103632,0.0,0.0243536176309,61.0,95.07464842533231,660.0,benign
0.0,0.0,0.0,0.0,0.0,0.0,0.2320823646629027,0.0,1.1428571428571428,1.1428571428571428,1460.0,60.0,2222.5714285714284,0.0,0.5542342535822706,1288.428571428571,1308.571428571429,0.2857142857142857,0.4285714285714285,0.2857142857142857,2078.285714285714,2221.8571428571427,0.0,24.0,0.031912465,2.7e-08,0.0009021334932046,64.0,95.44677088013772,4870.0,ddos
0.0,0.0,0.0,0.0,0.0,0.0,0.0,0.0,0.0,0.0,0.0,0.0,0.0,0.0,0.0,0.0,0.0,0.0,0.0,0.0,0.0,0.0,0.0,0.0,0.0,0.0,0.0,0.0,0.0,0.0,benign
0.0,0.0,0.0,0.0,0.0,0.0,0.0,0.0,0.0,0.0,0.0,0.0,0.0,0.0,0.0,0.0,0.0,0.0,0.0,0.0,0.0,0.0,0.0,0.0,0.0,0.0,0.0,0.0,0.0,0.0,benign
1023.0,0.0,1.0,0.0,1.0,0.0,0.0,0.0,2.0,2.0,0.0,54.0,1.0,0.0,9.0,2.0,2.0,1.0,1.0,1.0,0.0,0.0,0.0,24.0,0.066172,0.0,0.033086,64.0,95.5,5600.0,benign
0.0,0.0,0.0,0.0,0.0,0.0,0.0,0.0,0.0,0.0,0.0,0.0,0.0,0.0,0.0,0.0,0.0,0.0,0.0,0.0,0.0,0.0,0.0,0.0,0.0,0.0,0.0,0.0,0.0,0.0,benign
0.0,0.0,0.0,0.0,0.0,0.0,0.0,0.0,1.0,2.0,0.0,60.0,1.0,0.0,0.0,0.0,0.0,1.0,0.0,0.0,0.0,0.0,0.0,0.0,0.001726,0.001726,0.0,0.0,0.0,0.0,benign
0.0,0.0,0.0,0.0,0.0,0.0,0.0,0.0,0.0,0.0,0.0,0.0,0.0,0.0,0.0,0.0,0.0,0.0,0.0,0.0,0.0,0.0,0.0,0.0,0.0,0.0,0.0,0.0,0.0,0.0,benign
918.0,0.0,2.0,0.0,3.0,0.0,1.0,0.0,2.0,2.0,0.0,54.0,2.0,0.0,22.93877721239735,2.0,2.0,1.0,1.0,2.0,0.0,0.0,0.0,24.0,0.010435,0.0,0.0042877507215322,64.0,95.5,5544.0,benign
0.0,0.0,0.0,0.0,0.0,0.0,0.0,0.0,0.0,2.0,0.0,198.0,0.0,0.0,0.0,0.0,0.0,0.0,1.0,0.0,0.0,0.0,0.0,0.0,0.016452,0.016452,0.0,0.0,0.0,0.0,benign
0.0,0.0,0.0,0.0,0.0,0.0,0.0,0.0,0.0,0.0,0.0,0.0,0.0,0.0,0.0,0.0,0.0,0.0,0.0,0.0,0.0,0.0,0.0,0.0,0.0,0.0,0.0,0.0,0.0,0.0,benign
0.0,0.0,0.0,0.0,0.0,0.0,0.0,0.0,0.0,0.0,0.0,0.0,0.0,0.0,0.0,0.0,0.0,0.0,0.0,0.0,0.0,0.0,0.0,0.0,0.0,0.0,0.0,0.0,0.0,0.0,benign
0.0,0.0,0.0,0.0,0.0,0.0,0.0,0.0,0.0,0.0,0.0,0.0,0.0,0.0,0.0,0.0,0.0,0.0,0.0,0.0,0.0,0.0,0.0,0.0,0.0,0.0,0.0,0.0,0.0,0.0,benign
2.0,0.0,1.0,0.0,1.0,0.0,0.0,0.0,2.0,2.0,0.0,54.0,1.0,0.0,7.5,2.0,2.0,1.0,1.0,1.0,0.0,0.0,0.0,24.0,0.111461,1e-06,0.05573,64.0,95.5,5540.0,benign
0.0,0.0,0.0,0.0,0.0,0.0,0.0,0.0,1.0,2.0,0.0,214.0,0.0,180.0,0.0,1.0,1.0,0.0,1.0,0.0,0.0,0.0,0.0,0.0,0.020057,0.020057,0.0,255.0,0.0,0.0,benign
0.0,0.0,0.0,0.0,0.0,0.0,0.0,0.0,0.0,0.0,0.0,0.0,0.0,0.0,0.0,0.0,0.0,0.0,0.0,0.0,0.0,0.0,0.0,0.0,0.0,0.0,0.0,0.0,0.0,0.0,benign
0.0,0.0,0.0,0.0,0.0,0.0,0.0,0.0,0.0,0.0,0.0,0.0,0.0,0.0,0.0,0.0,0.0,0.0,0.0,0.0,0.0,0.0,0.0,0.0,0.0,0.0,0.0,0.0,0.0,0.0,benign
0.0,0.0,0.0,0.0,0.0,0.0,17.602015113350127,0.0,0.8571428571428571,0.4285714285714285,1460.0,60.0,28.428571428571427,0.0,10.14291811456584,28.285714285714285,28.285714285714285,0.4285714285714285,0.4285714285714285,0.0,27.857142857142858,27.857142857142858,0.0,20.0,0.024396512,3.3e-08,0.0015176605347018,37.0,9.217215649542458,0.0,recon
209.0,0.0,1.0,0.0,2.0,0.0,1.3333333333333333,0.0,2.0,2.0,0.0,54.0,2.0,0.0,10.594810050208546,2.0,2.0,1.0,1.0,2.0,0.0,0.0,0.0,24.0,0.137717,0.0,0.0589914125657285,64.0,95.5,5638.0,benign
0.0,0.0,0.0,0.0,0.0,0.0,0.0,0.0,1.0,2.0,0.0,214.0,0.0,180.0,0.0,1.0,1.0,0.0,1.0,0.0,0.0,0.0,0.0,0.0,0.02806,0.02806,0.0,255.0,0.0,0.0,benign
0.0,0.0,0.0,0.0,0.0,0.0,0.0,0.0,0.0,0.0,0.0,0.0,0.0,0.0,0.0,0.0,0.0,0.0,0.0,0.0,0.0,0.0,0.0,0.0,0.0,0.0,0.0,0.0,0.0,0.0,benign
12.0,0.0,1.0,0.0,1.0,0.0,0.0,0.0,2.0,2.0,0.0,54.0,1.0,0.0,10.5,2.0,2.0,1.0,1.0,1.0,0.0,0.0,0.0,24.0,0.030137,0.0,0.0150685,64.0,95.5,5576.0,benign
0.0,0.0,0.0,0.0,0.0,0.0,0.0,0.0,0.0,0.0,0.0,0.0,0.0,0.0,0.0,0.0,0.0,0.0,0.0,0.0,0.0,0.0,0.0,0.0,0.0,0.0,0.0,0.0,0.0,0.0,benign
0.0,0.0,0.0,0.0,0.0,0.0,0.0,0.0,0.0,0.0,0.0,0.0,0.0,0.0,0.0,0.0,0.0,0.0,0.0,0.0,0.0,0.0,0.0,0.0,0.0,0.0,0.0,0.0,0.0,0.0,benign
0.0,0.0,0.0,0.0,0.0,0.0,2.0,0.0,2.0,2.0,0.0,60.0,1.0,0.0,0.0,0.0,0.0,1.0,1.0,0.0,0.0,0.0,0.0,0.0,0.021175,0.002119,0.009528,0.0,0.0,0.0,benign
22.5,0.0,1.0,0.0,7.0,0.0,1.1428571428571428,0.0,2.0,2.0,0.0,54.0,4.0,0.0,43.15940656450225,2.0,2.0,1.0,1.0,4.0,0.0,0.0,0.0,24.0,0.083714,0.0,0.0273348437321191,64.0,95.5,5598.0,benign
0.0,0.0,0.0,0.0,0.0,0.0,0.0,0.0,0.0,0.0,0.0,0.0,0.0,0.0,0.0,0.0,0.0,0.0,0.0,0.0,0.0,0.0,0.0,0.0,0.0,0.0,0.0,0.0,0.0,0.0,benign
0.0,0.0,0.0,0.0,0.0,0.0,0.0,0.0,0.0,0.0,0.0,0.0,0.0,0.0,0.0,0.0,0.0,0.0,0.0,0.0,0.0,0.0,0.0,0.0,0.0,0.0,0.0,0.0,0.0,0.0,benign
0.0,0.0,0.0,0.0,0.0,0.0,66.25,2.0,6.0,4.0,0.0,66.0,5.0,0.0,839.2088131679537,6.0,6.0,3.0,3.0,4.0,0.0,0.0,0.0,24.0,0.070945,0.0,0.0223854480135071,53.0,55.4539070081553,27.0,benign
-0.7,0.5880476171195662,2.0,0.0,2.0,0.0,2.0,0.0,2.0,2.0,0.0,54.0,2.0,0.0,19.327585352432298,2.0,2.0,1.0,1.0,1.0,0.0,0.0,0.0,24.0,0.155559,0.0,0.0732127110411846,64.0,90.03826347108705,5638.0,benign
0.0,0.0,0.0,0.0,0.0,0.0,0.0,0.0,0.0,0.0,0.0,0.0,0.0,0.0,0.0,0.0,0.0,0.0,0.0,0.0,0.0,0.0,0.0,0.0,0.0,0.0,0.0,0.0,0.0,0.0,benign
0.0,0.0,0.0,0.0,0.0,0.0,0.0,0.0,1.0,2.0,0.0,214.0,0.0,180.0,0.0,1.0,1.0,0.0,1.0,0.0,0.0,0.0,0.0,0.0,0.010747,0.010747,0.0,255.0,0.0,0.0,benign
0.0,0.0,0.0,0.0,0.0,0.0,66.0,0.0,2.0,2.0,0.0,60.0,1.0,0.0,0.0,0.0,0.0,1.0,1.0,0.0,0.0,0.0,0.0,0.0,0.016699,0.006261,0.0052189999999999,0.0,0.0,0.0,benign
22.5,0.0,1.0,0.0,7.0,0.0,0.8571428571428571,0.0,2.0,2.0,0.0,54.0,4.0,0.0,35.755899862819845,2.0,2.0,1.0,1.0,4.0,0.0,0.0,0.0,24.0,0.011409,0.0,0.0035771357955772,64.0,95.5,5558.0,benign
0.0,0.0,0.0,0.0,0.0,0.0,21.944444444444443,2.0,11.0,12.0,1460.0,60.0,21.0,0.0,556.2991235331492,5.0,4.0,4.0,5.0,5.0,0.0,2.0,0.0,24.0,0.119903,0.0,0.0208135716553373,61.0,0.9921567416492216,453.0,benign
0.0,0.0,0.0,0.0,0.0,0.0,0.0,0.0,0.0,0.0,0.0,0.0,0.0,0.0,0.0,0.0,0.0,0.0,0.0,0.0,0.0,0.0,0.0,0.0,0.0,0.0,0.0,0.0,0.0,0.0,benign
0.0,0.0,0.0,0.0,0.0,0.0,0.0,0.0,1.0,2.0,0.0,214.0,0.0,180.0,0.0,1.0,1.0,0.0,1.0,0.0,0.0,0.0,0.0,0.0,0.055845,0.055845,0.0,255.0,0.0,0.0,benign
0.0,0.0,0.0,0.0,0.0,0.0,0.0,0.0,0.0,0.0,0.0,0.0,0.0,0.0,0.0,0.0,0.0,0.0,0.0,0.0,0.0,0.0,0.0,0.0,0.0,0.0,0.0,0.0,0.0,0.0,benign
1023.0,0.0,1.0,0.0,1.0,0.0,0.0,0.0,2.0,2.0,0.0,54.0,1.0,0.0,9.0,2.0,2.0,1.0,1.0,1.0,0.0,0.0,0.0,24.0,0.052726,0.0,0.026363,64.0,95.5,5600.0,benign
132.0,0.0,1.0,0.0,2.0,0.0,0.6666666666666666,0.0,2.0,2.0,0.0,54.0,2.0,0.0,11.0227038425243,2.0,2.0,1.0,1.0,2.0,0.0,0.0,0.0,24.0,0.019459,0.0,0.0081543435358096,64.0,95.5,5636.0,benign
0.0,0.0,0.0,0.0,0.0,0.0,59.0,0.0,3.0,3.0,0.0,54.0,1.0,0.0,64.5,3.0,3.0,1.0,3.0,2.0,0.0,0.0,0.0,24.0,0.075466,0.001505,0.029614788961767,238.0,7.361215932167728,2506.0,benign
0.0,5.938459911664721,0.1428571428571428,1003.0,1.0,0.0,4.989285714285714,0.0,0.5714285714285714,0.5714285714285714,265.0,60.0,109.85714285714286,0.0,11.705068095833257,75.14285714285714,78.57142857142857,0.4285714285714285,0.7142857142857143,1.1428571428571428,88.57142857142857,108.0,0.1428571428571428,41.0,0.043467423,2.8e-08,0.0062749447625216,37.0,103.01137534507605,1024.0,recon
0.0,0.0,0.0,0.0,0.0,0.0,0.0,0.0,0.0,0.0,0.0,0.0,0.0,0.0,0.0,0.0,0.0,0.0,0.0,0.0,0.0,0.0,0.0,0.0,0.0,0.0,0.0,0.0,0.0,0.0,benign
0.0,0.0,0.0,0.0,0.0,0.0,0.0,0.0,0.0,0.0,0.0,0.0,0.0,0.0,0.0,0.0,0.0,0.0,0.0,0.0,0.0,0.0,0.0,0.0,0.0,0.0,0.0,0.0,0.0,0.0,benign
0.0,0.0,0.0,0.0,0.0,0.0,0.0,0.0,1.0,2.0,0.0,60.0,1.0,0.0,0.0,0.0,0.0,1.0,0.0,0.0,0.0,0.0,0.0,0.0,0.012981,0.012981,0.0,0.0,0.0,0.0,benign
0.0,0.0,0.0,0.0,0.0,0.0,0.0,0.0,0.0,0.0,0.0,0.0,0.0,0.0,0.0,0.0,0.0,0.0,0.0,0.0,0.0,0.0,0.0,0.0,0.0,0.0,0.0,0.0,0.0,0.0,benign
0.0,0.0,0.0,0.0,0.0,0.0,0.0692000474514611,2.0,0.5714285714285714,0.2857142857142857,1460.0,60.0,8008.714285714285,0.0,0.4179187001383859,6079.571428571428,5202.142857142857,0.4285714285714285,0.4285714285714285,0.5714285714285714,6441.571428571428,8002.0,0.0,24.0,0.009983202,2.5e-08,8.460566949406755e-05,46.0,0.0871893271422924,0.0,dos
0.0,0.0,0.0,0.0,0.0,0.0,0.0,0.0,1.0,2.0,0.0,230.0,0.0,196.0,0.0,1.0,1.0,0.0,1.0,0.0,0.0,0.0,0.0,0.0,0.000498,0.000498,0.0,255.0,0.0,0.0,benign
0.0,0.0,0.0,0.0,0.0,0.0,0.0,0.0,0.0,0.0,0.0,0.0,0.0,0.0,0.0,0.0,0.0,0.0,0.0,0.0,0.0,0.0,0.0,0.0,0.0,0.0,0.0,0.0,0.0,0.0,benign
0.0,0.0,0.0,0.0,0.0,0.0,1.4894977168949772,0.0,0.4285714285714285,0.4285714285714285,1460.0,60.0,157.28571428571428,0.0,35.28709456303992,145.71428571428572,145.71428571428572,0.5714285714285714,0.7142857142857143,5.857142857142857,143.0,148.14285714285714,0.0,24.0,0.042721707,2.8e-08,0.0014700224000842,37.0,9.009254145648685,0.0,recon
1023.0,0.0,1.0,0.0,1.0,0.0,0.0,0.0,2.0,2.0,0.0,54.0,1.0,0.0,9.0,2.0,2.0,1.0,1.0,1.0,0.0,0.0,0.0,24.0,0.06464,0.0,0.03232,64.0,95.5,5560.0,benign
0.0,0.0,0.0,0.0,0.0,0.0,22.95,0.0,12.0,12.0,0.0,54.0,20.0,0.0,397.67817664944135,13.0,13.0,3.0,2.0,20.0,0.0,0.0,0.0,24.0,0.078096,0.0,0.0185387810535594,61.0,94.91876986818627,660.0,benign
0.0,0.0,0.0,0.0,0.0,0.0,0.0,0.0,0.0,0.0,0.0,0.0,0.0,0.0,0.0,0.0,0.0,0.0,0.0,0.0,0.0,0.0,0.0,0.0,0.0,0.0,0.0,0.0,0.0,0.0,benign
0.0,0.0,0.0,0.0,0.0,0.0,0.0,0.0,0.0,0.0,0.0,0.0,0.0,0.0,0.0,0.0,0.0,0.0,0.0,0.0,0.0,0.0,0.0,0.0,0.0,0.0,0.0,0.0,0.0,0.0,benign
0.0,0.0,0.0,0.0,0.0,0.0,0.0,0.0,0.0,0.0,0.0,0.0,0.0,0.0,0.0,0.0,0.0,0.0,0.0,0.0,0.0,0.0,0.0,0.0,0.0,0.0,0.0,0.0,0.0,0.0,benign
869.0,5.310751512977805,0.1428571428571428,1003.1666666666666,1.0,0.0,376.1875,0.0,0.5714285714285714,0.5714285714285714,0.0,60.0,1.1428571428571428,0.0,8.5,0.2857142857142857,0.2857142857142857,0.2857142857142857,0.2857142857142857,1.0,0.0,0.0,0.0,24.0,0.032932929,1.21e-07,0.0118597522268697,64.0,95.5,4836.0,recon
0.0,0.0,0.0,0.0,0.0,0.0,584.3333333333334,0.0,0.4285714285714285,0.4285714285714285,0.0,60.0,0.1428571428571428,180.0,0.0,0.1428571428571428,0.1428571428571428,0.1428571428571428,0.2857142857142857,0.0,0.0,0.0,0.0,0.0,0.015893812,0.003123248,0.005138200222192,255.0,0.0,0.0,recon
-0.69,0.5840281576164704,2.0,0.0,2.0,0.0,2.5,0.0,2.0,2.0,0.0,54.0,2.0,0.0,19.327585352432298,2.0,2.0,1.0,1.0,1.0,0.0,0.0,0.0,24.0,0.000483,0.0,0.0002118841402486,64.0,90.03826347108705,5644.0,benign
0.0,0.0,0.0,0.0,0.0,0.0,0.0,0.0,0.0,0.0,0.0,0.0,0.0,0.0,0.0,0.0,0.0,0.0,0.0,0.0,0.0,0.0,0.0,0.0,0.0,0.0,0.0,0.0,0.0,0.0,benign
0.0,0.0,0.0,0.0,0.0,0.0,0.0368188512518409,0.0,0.2857142857142857,0.4285714285714285,0.0,60.0,26504.0,0.0,0.0,646.0,9416.57142857143,0.2857142857142857,0.1428571428571428,0.0,656.1428571428571,0.0,0.0,20.0,0.001482946,2.6e-08,0.0001078749923509,64.0,29.326380103872538,512.0,dos
0.0,0.0,0.0,0.0,0.0,0.0,24.4,0.0,13.0,13.0,0.0,54.0,19.0,0.0,287.8841416274868,14.0,14.0,3.0,3.0,19.0,0.0,0.0,0.0,24.0,0.141684,0.0,0.0323853194814307,61.0,94.22312678140123,660.0,benign
2.0,0.0,1.0,0.0,1.0,0.0,0.0,0.0,2.0,2.0,0.0,54.0,1.0,0.0,8.5,2.0,2.0,1.0,1.0,1.0,0.0,0.0,0.0,24.0,0.06089,0.0,0.030445,64.0,95.5,5622.0,benign
0.0,0.0,0.0,0.0,0.0,0.0,2.0,0.0,2.0,2.0,0.0,60.0,1.0,0.0,0.0,0.0,0.0,1.0,1.0,0.0,0.0,0.0,0.0,0.0,0.01071,0.001972,0.004369,0.0,0.0,0.0,benign
0.0,0.0,0.0,0.0,0.0,0.0,0.0,0.0,0.0,0.0,0.0,0.0,0.0,0.0,0.0,0.0,0.0,0.0,0.0,0.0,0.0,0.0,0.0,0.0,0.0,0.0,0.0,0.0,0.0,0.0,benign
22.3,0.0,1.0,0.0,7.0,0.0,4.4,0.0,2.0,2.0,0.0,54.0,3.0,0.0,61.98498922230196,2.0,2.0,1.0,1.0,3.0,0.0,0.0,0.0,24.0,0.013055,0.0,0.0047319806547223,64.0,95.5,5614.0,benign
133.0,0.0,1.0,0.0,2.0,0.0,0.6666666666666666,0.0,2.0,2.0,0.0,54.0,2.0,0.0,11.0227038425243,2.0,2.0,1.0,1.0,2.0,0.0,0.0,0.0,24.0,0.074007,0.0,0.0317022162987069,64.0,95.5,5558.0,benign
0.0,0.0,0.0,0.0,0.0,0.0,0.0,0.0,0.0,0.0,0.0,0.0,0.0,0.0,0.0,0.0,0.0,0.0,0.0,0.0,0.0,0.0,0.0,0.0,0.0,0.0,0.0,0.0,0.0,0.0,benign
0.0,0.0,0.0,0.0,0.0,0.0,15.52821670428894,0.0,0.5714285714285714,0.4285714285714285,1460.0,60.0,31.714285714285715,0.0,1.5749999627673672,31.571428571428573,31.571428571428573,0.4285714285714285,0.2857142857142857,0.1428571428571428,31.142857142857142,31.142857142857142,0.0,24.0,0.023786217,3.3e-08,0.001420630060198,37.0,12.985722552912549,0.0,recon
12.0,0.0,1.0,0.0,1.0,0.0,0.0,0.0,2.0,2.0,0.0,54.0,1.0,0.0,10.5,2.0,2.0,1.0,1.0,1.0,0.0,0.0,0.0,24.0,0.000305,0.000293,6.000000000000093e-06,64.0,95.5,5620.0,benign
0.0,0.0,0.0,0.0,0.0,0.0,101.0,0.0,2.0,2.0,0.0,54.0,1.0,0.0,32.526911934581186,2.0,2.0,1.0,2.0,2.0,0.0,0.0,0.0,24.0,0.031217,0.0,0.0131849399526715,238.0,8.013876853447337,3897.0,benign
0.0,0.0,0.0,0.0,0.0,0.0,0.0,0.0,0.0,0.0,0.0,0.0,0.0,0.0,0.0,0.0,0.0,0.0,0.0,0.0,0.0,0.0,0.0,0.0,0.0,0.0,0.0,0.0,0.0,0.0,benign
0.0,0.0,0.0,0.0,0.0,0.0,0.0,0.0,0.0,0.0,0.0,0.0,0.0,0.0,0.0,0.0,0.0,0.0,0.0,0.0,0.0,0.0,0.0,0.0,0.0,0.0,0.0,0.0,0.0,0.0,benign
0.0,0.0,0.0,0.0,0.0,0.0,0.0,0.0,0.0,0.0,0.0,0.0,0.0,0.0,0.0,0.0,0.0,0.0,0.0,0.0,0.0,0.0,0.0,0.0,0.0,0.0,0.0,0.0,0.0,0.0,benign
0.0,0.0,0.0,0.0,0.0,0.0,0.0,0.0,0.0,0.0,0.0,0.0,0.0,0.0,0.0,0.0,0.0,0.0,0.0,0.0,0.0,0.0,0.0,0.0,0.0,0.0,0.0,0.0,0.0,0.0,benign
0.0,0.0,0.0,0.0,0.0,0.0,0.0,0.0,0.0,0.0,0.0,0.0,0.0,0.0,0.0,0.0,0.0,0.0,0.0,0.0,0.0,0.0,0.0,0.0,0.0,0.0,0.0,0.0,0.0,0.0,benign
0.0,0.0,0.0,0.0,0.0,0.0,0.0,0.0,1.0,2.0,0.0,60.0,0.0,0.0,0.0,0.0,0.0,0.0,1.0,0.0,0.0,0.0,0.0,0.0,0.083805,0.083805,0.0,0.0,0.0,0.0,benign
0.0,0.0,0.0,0.0,0.0,0.0,0.0,0.0,0.0,0.0,0.0,0.0,0.0,0.0,0.0,0.0,0.0,0.0,0.0,0.0,0.0,0.0,0.0,0.0,0.0,0.0,0.0,0.0,0.0,0.0,benign
0.0,0.0,0.0,0.0,0.0,0.0,0.0,0.0,0.0,0.0,0.0,0.0,0.0,0.0,0.0,0.0,0.0,0.0,0.0,0.0,0.0,0.0,0.0,0.0,0.0,0.0,0.0,0.0,0.0,0.0,benign
0.0,0.0,0.2857142857142857,0.0,0.4285714285714285,0.0,0.0369877200769344,0.0,0.5714285714285714,0.5714285714285714,0.0,60.0,26365.285714285717,0.0,0.227847980639585,657.7142857142857,9416.57142857143,0.4285714285714285,0.4285714285714285,0.8571428571428571,670.4285714285714,26364.285714285717,0.0,24.0,0.001547345,2.6e-08,0.0001133109832279,64.0,29.708249800211203,512.0,dos
0.0,0.0,0.0,0.0,0.0,0.0,45.47619047619048,0.0,12.0,11.0,0.0,54.0,11.0,0.0,32.526911934581186,2.0,2.0,3.0,2.0,2.0,0.0,0.0,0.0,24.0,0.146502,0.0,0.0317306469288078,238.0,8.013876853447337,2644.0,benign
0.0,0.0,0.0,0.0,0.0,0.0,0.0,0.0,0.0,0.0,0.0,0.0,0.0,0.0,0.0,0.0,0.0,0.0,0.0,0.0,0.0,0.0,0.0,0.0,0.0,0.0,0.0,0.0,0.0,0.0,benign
0.0,0.0,0.0,0.0,0.0,0.0,61.5,0.0,2.0,2.0,0.0,60.0,1.0,0.0,0.0,0.0,0.0,1.0,1.0,0.0,0.0,0.0,0.0,0.0,0.029935,0.004416,0.0115409333629862,0.0,0.0,0.0,benign
0.0,0.0,0.0,0.0,0.0,0.0,0.0,0.0,0.0,0.0,0.0,0.0,0.0,0.0,0.0,0.0,0.0,0.0,0.0,0.0,0.0,0.0,0.0,0.0,0.0,0.0,0.0,0.0,0.0,0.0,benign
0.0,0.0,0.0,0.0,0.0,0.0,0.0,0.0,0.0,0.0,0.0,0.0,0.0,0.0,0.0,0.0,0.0,0.0,0.0,0.0,0.0,0.0,0.0,0.0,0.0,0.0,0.0,0.0,0.0,0.0,benign
22.0,0.0,0.1428571428571428,1101.6,6.0,0.0,17.285302593659942,0.0,0.5714285714285714,0.5714285714285714,1460.0,60.0,24.857142857142858,0.0,24.140573867500425,22.428571428571427,22.571428571428573,0.4285714285714285,0.4285714285714285,2.4285714285714284,22.285714285714285,22.142857142857142,0.0,24.0,0.006464442,3.3e-08,0.0008706874008537,37.0,103.01225842269176,1024.0,recon
0.0,0.0,0.0,0.0,0.0,0.0,0.0,0.0,0.0,0.0,0.0,0.0,0.0,0.0,0.0,0.0,0.0,0.0,0.0,0.0,0.0,0.0,0.0,0.0,0.0,0.0,0.0,0.0,0.0,0.0,ddos
0.0,0.0,0.0,0.0,0.0,0.0,0.5214929598450421,0.0,0.4285714285714285,0.4285714285714285,1460.0,60.0,1159.428571428571,0.0,0.0,1081.571428571429,727.4285714285714,0.2857142857142857,0.2857142857142857,0.0,758.0,1158.142857142857,0.0,20.0,0.000428454,2.6e-08,4.5132661376429176e-05,64.0,93.38483930383184,5744.0,ddos
3.0,0.0,1.0,0.0,1.0,0.0,0.0,0.0,2.0,2.0,0.0,54.0,1.0,0.0,8.5,2.0,2.0,1.0,1.0,1.0,0.0,0.0,0.0,24.0,0.027049,0.0,0.0135245,64.0,95.5,5602.0,benign
0.0,0.0,0.0,0.0,0.0,0.0,0.0,0.0,0.0,0.0,0.0,0.0,0.0,0.0,0.0,0.0,0.0,0.0,0.0,0.0,0.0,0.0,0.0,0.0,0.0,0.0,0.0,0.0,0.0,0.0,benign
14.0,0.0,1.0,0.0,1.0,0.0,468.0,0.0,2.0,3.0,0.0,54.0,2.0,0.0,10.5,2.0,2.0,2.0,1.0,1.0,0.0,0.0,0.0,24.0,0.053202,0.0,0.0217766194856369,64.0,95.5,5644.0,benign
0.0,0.0,0.0,0.0,0.0,0.0,0.0,0.0,0.0,0.0,0.0,0.0,0.0,0.0,0.0,0.0,0.0,0.0,0.0,0.0,0.0,0.0,0.0,0.0,0.0,0.0,0.0,0.0,0.0,0.0,malware
3.0,0.0,1.0,0.0,1.0,0.0,0.0,0.0,2.0,2.0,0.0,54.0,1.0,0.0,8.5,2.0,2.0,1.0,1.0,1.0,0.0,0.0,0.0,24.0,0.003357,0.0,0.0016785,64.0,95.5,5630.0,benign
0.0,0.0,0.0,0.0,0.0,0.0,0.0,0.0,0.0,0.0,0.0,0.0,0.0,0.0,0.0,0.0,0.0,0.0,0.0,0.0,0.0,0.0,0.0,0.0,0.0,0.0,0.0,0.0,0.0,0.0,benign
916.0,0.0,2.0,0.0,3.0,0.0,0.6666666666666666,0.0,2.0,2.0,0.0,54.0,2.0,0.0,22.93877721239735,2.0,2.0,1.0,1.0,2.0,0.0,0.0,0.0,24.0,0.034773,0.0,0.0149014551533566,64.0,95.5,5536.0,benign
0.0,0.0,0.0,0.0,0.0,0.0,0.0,0.0,1.0,2.0,0.0,60.0,0.0,0.0,0.0,0.0,0.0,0.0,1.0,0.0,0.0,0.0,0.0,0.0,0.058851,0.058851,0.0,0.0,0.0,0.0,benign
0.0,0.0,0.0,0.0,0.0,0.0,0.0,0.0,0.0,0.0,0.0,0.0,0.0,0.0,0.0,0.0,0.0,0.0,0.0,0.0,0.0,0.0,0.0,0.0,0.0,0.0,0.0,0.0,0.0,0.0,benign
0.0,0.0,0.0,0.0,0.0,0.0,36.91534391534392,0.0,0.4285714285714285,0.4285714285714285,1460.0,60.0,13.571428571428571,0.0,20.10803775696403,13.285714285714286,13.285714285714286,0.1428571428571428,0.4285714285714285,0.0,13.0,13.571428571428571,0.0,20.0,0.041489029,3.3e-08,0.0036505567400197,37.0,103.44065922431336,0.0,recon
0.0,0.0,0.0,0.0,0.0,0.0,0.0,0.0,0.0,0.0,0.0,0.0,0.0,0.0,0.0,0.0,0.0,0.0,0.0,0.0,0.0,0.0,0.0,0.0,0.0,0.0,0.0,0.0,0.0,0.0,benign
0.0,0.0,0.0,0.0,0.0,0.0,0.0,0.0,0.0,0.0,0.0,0.0,0.0,0.0,0.0,0.0,0.0,0.0,0.0,0.0,0.0,0.0,0.0,0.0,0.0,0.0,0.0,0.0,0.0,0.0,benign
0.0,0.0,0.0,0.0,0.0,0.0,0.0,0.0,0.0,2.0,0.0,198.0,0.0,0.0,0.0,0.0,0.0,0.0,1.0,0.0,0.0,0.0,0.0,0.0,0.013332,0.013332,0.0,0.0,0.0,0.0,benign
0.0,0.0,0.0,0.0,0.0,0.0,26.5,0.0,2.0,3.0,0.0,60.0,1.0,0.0,0.0,0.0,0.0,1.0,2.0,0.0,0.0,0.0,0.0,0.0,0.039734,0.000456,0.0177357688741017,0.0,0.0,0.0,benign
0.0,0.0,0.0,0.0,0.0,0.0,0.0,0.0,0.0,2.0,0.0,198.0,0.0,0.0,0.0,0.0,0.0,0.0,1.0,0.0,0.0,0.0,0.0,0.0,0.048708,0.048708,0.0,0.0,0.0,0.0,benign
0.0,0.0,0.0,0.0,0.0,0.0,0.0,0.0,0.0,0.0,0.0,0.0,0.0,0.0,0.0,0.0,0.0,0.0,0.0,0.0,0.0,0.0,0.0,0.0,0.0,0.0,0.0,0.0,0.0,0.0,benign
0.0,0.0,0.0,0.0,0.0,0.0,0.0,0.0,0.0,0.0,0.0,0.0,0.0,0.0,0.0,0.0,0.0,0.0,0.0,0.0,0.0,0.0,0.0,0.0,0.0,0.0,0.0,0.0,0.0,0.0,benign
0.0,0.0,0.0,0.0,0.0,0.0,0.0,0.0,0.0,0.0,0.0,0.0,0.0,0.0,0.0,0.0,0.0,0.0,0.0,0.0,0.0,0.0,0.0,0.0,0.0,0.0,0.0,0.0,0.0,0.0,benign
1023.0,0.0,1.0,0.0,1.0,0.0,0.0,0.0,2.0,2.0,0.0,54.0,1.0,0.0,9.0,2.0,2.0,1.0,1.0,1.0,0.0,0.0,0.0,24.0,0.011977,0.0,0.0059885,64.0,95.5,5548.0,benign
22.3,0.0,1.0,0.0,7.0,0.0,0.8,0.0,2.0,2.0,0.0,54.0,3.0,0.0,61.98498922230196,2.0,2.0,1.0,1.0,3.0,0.0,0.0,0.0,24.0,0.009518,0.0,0.0033383667996325,64.0,95.5,5610.0,benign
0.0,0.0,0.0,0.0,0.0,0.0,0.0,0.0,0.0,0.0,0.0,0.0,0.0,0.0,0.0,0.0,0.0,0.0,0.0,0.0,0.0,0.0,0.0,0.0,0.0,0.0,0.0,0.0,0.0,0.0,benign
0.0,0.0,0.1428571428571428,0.0,0.1428571428571428,0.0,752.0,0.0,0.4285714285714285,0.5714285714285714,0.0,60.0,0.2857142857142857,0.0,7.5,0.2857142857142857,0.2857142857142857,0.2857142857142857,0.2857142857142857,0.1428571428571428,0.0,0.0,0.0,24.0,0.040010216,0.000296379,0.0198103825747422,64.0,95.5,5070.0,mitm
13.0,0.0,1.0,0.0,1.0,0.0,0.0,0.0,2.0,2.0,0.0,54.0,1.0,0.0,10.5,2.0,2.0,1.0,1.0,1.0,0.0,0.0,0.0,24.0,0.066843,0.0,0.0334215,64.0,95.5,5616.0,benign
0.0,0.0,0.0,0.0,0.0,0.0,0.0,0.0,0.0,0.0,0.0,0.0,0.0,0.0,0.0,0.0,0.0,0.0,0.0,0.0,0.0,0.0,0.0,0.0,0.0,0.0,0.0,0.0,0.0,0.0,benign
0.0,0.0,0.0,0.0,0.0,0.0,0.0,0.0,0.0,0.0,0.0,0.0,0.0,0.0,0.0,0.0,0.0,0.0,0.0,0.0,0.0,0.0,0.0,0.0,0.0,0.0,0.0,0.0,0.0,0.0,benign
0.0,0.0,0.0,0.0,0.0,0.0,1.6666666666666667,2.0,2.0,2.0,0.0,66.0,2.0,0.0,964.1966539560278,2.0,2.0,2.0,2.0,2.0,0.0,0.0,0.0,24.0,0.193834,0.0,0.0832496366418496,61.0,1.5,660.0,benign
0.0,0.0,0.0,0.0,0.0,0.0,0.0,0.0,0.0,0.0,0.0,0.0,0.0,0.0,0.0,0.0,0.0,0.0,0.0,0.0,0.0,0.0,0.0,0.0,0.0,0.0,0.0,0.0,0.0,0.0,benign
0.0,0.0,0.0,0.0,0.0,0.0,0.0,0.0,0.0,0.0,0.0,0.0,0.0,0.0,0.0,0.0,0.0,0.0,0.0,0.0,0.0,0.0,0.0,0.0,0.0,0.0,0.0,0.0,0.0,0.0,benign
-0.7,0.5921899094791204,2.0,0.0,2.0,0.0,4.0,0.0,2.0,2.0,0.0,54.0,2.0,0.0,19.327585352432298,2.0,2.0,1.0,1.0,1.0,0.0,0.0,0.0,24.0,0.055704,0.0,0.0262591174261436,64.0,90.03826347108705,5584.0,benign
1.0,0.0,1.0,302.5,3.0,0.0,120.8,0.0,2.0,2.0,0.0,54.0,3.0,0.0,8.0,2.0,2.0,1.0,1.0,3.0,0.0,0.0,0.0,24.0,0.094395,0.0,0.0350985351708428,64.0,95.5,5630.0,benign
0.0,0.0,0.0,0.0,0.0,0.0,18.916666666666668,0.0,12.0,12.0,0.0,54.0,24.0,0.0,450.125767051941,13.0,13.0,3.0,2.0,24.0,0.0,0.0,0.0,24.0,0.083603,0.0,0.0216549448974659,61.0,95.11382952247614,660.0,benign
0.0,0.0,0.0,0.0,0.0,0.0,0.0,0.0,0.0,0.0,0.0,0.0,0.0,0.0,0.0,0.0,0.0,0.0,0.0,0.0,0.0,0.0,0.0,0.0,0.0,0.0,0.0,0.0,0.0,0.0,benign
0.0,0.0,0.0,0.0,0.0,0.0,0.0,0.0,0.0,2.0,0.0,94.0,0.0,40.0,10.5,1.0,1.0,0.0,1.0,0.0,0.0,0.0,0.0,0.0,0.040444,0.0,0.020222,0.0,0.0,0.0,benign
0.0,0.0,0.0,0.0,0.0,0.0,0.0,0.0,0.0,0.0,0.0,0.0,0.0,0.0,0.0,0.0,0.0,0.0,0.0,0.0,0.0,0.0,0.0,0.0,0.0,0.0,0.0,0.0,0.0,0.0,benign
1023.0,0.0,1.0,0.0,1.0,0.0,0.0,0.0,2.0,2.0,0.0,54.0,1.0,0.0,9.0,2.0,2.0,1.0,1.0,1.0,0.0,0.0,0.0,24.0,0.003573,0.0,0.0017865,64.0,95.5,5582.0,benign
0.0,0.0,0.0,0.0,0.0,0.0,0.0,0.0,0.0,0.0,0.0,0.0,0.0,0.0,0.0,0.0,0.0,0.0,0.0,0.0,0.0,0.0,0.0,0.0,0.0,0.0,0.0,0.0,0.0,0.0,benign
0.0,0.0,0.0,0.0,0.0,0.0,0.0,0.0,0.0,0.0,0.0,0.0,0.0,0.0,0.0,0.0,0.0,0.0,0.0,0.0,0.0,0.0,0.0,0.0,0.0,0.0,0.0,0.0,0.0,0.0,benign
210.0,0.0,1.0,0.0,2.0,0.0,1.6666666666666667,0.0,2.0,2.0,0.0,54.0,2.0,0.0,10.594810050208546,2.0,2.0,1.0,1.0,2.0,0.0,0.0,0.0,24.0,0.01433,0.0,0.0061348635019452,64.0,95.5,5640.0,benign
1.0,0.0,1.0,301.5,3.0,0.0,120.6,0.0,2.0,2.0,0.0,54.0,3.0,0.0,8.0,2.0,2.0,1.0,1.0,3.0,0.0,0.0,0.0,24.0,0.161493,0.0,0.0710355644082987,64.0,95.5,5570.0,benign
0.0,0.0,1.0,0.0,1.0,0.0,29.8,0.0,2.0,2.0,0.0,54.0,3.0,0.0,5.367080729368206,2.0,2.0,2.0,2.0,3.0,0.0,0.0,0.0,24.0,0.111371,0.0,0.0404022440111794,64.0,95.5,5536.0,benign
142.0,0.0,1.0,0.0,2.0,0.0,99.8,0.0,3.0,3.0,0.0,54.0,3.0,0.0,11.0227038425243,2.0,2.0,2.0,2.0,2.0,0.0,0.0,0.0,24.0,0.024705,0.0,0.0089490109633535,64.0,95.5,5604.0,benign
0.0,0.0,0.0,0.0,0.0,0.0,350.0,0.0,3.0,3.0,0.0,60.0,1.0,196.0,0.0,1.0,1.0,1.0,2.0,0.0,0.0,0.0,0.0,0.0,0.048575,0.024314,0.0100675993276561,255.0,0.0,0.0,benign
0.0,0.0,0.0,0.0,0.0,0.0,21.466666666666665,2.0,10.0,8.0,0.0,60.0,25.0,0.0,654.3491946293743,4.0,4.0,4.0,3.0,14.0,0.0,0.0,0.0,24.0,0.075651,0.0,0.0176391713283061,53.0,4.843216638231671,660.0,benign
0.0,0.0,0.0,0.0,0.0,0.0,0.0,0.0,0.0,0.0,0.0,0.0,0.0,0.0,0.0,0.0,0.0,0.0,0.0,0.0,0.0,0.0,0.0,0.0,0.0,0.0,0.0,0.0,0.0,0.0,benign
0.0,0.0,0.0,0.0,0.0,0.0,0.0,0.0,0.0,0.0,0.0,0.0,0.0,0.0,0.0,0.0,0.0,0.0,0.0,0.0,0.0,0.0,0.0,0.0,0.0,0.0,0.0,0.0,0.0,0.0,benign
2.0,0.0,1.0,0.0,1.0,0.0,0.0,0.0,2.0,2.0,0.0,54.0,1.0,0.0,8.5,2.0,2.0,1.0,1.0,1.0,0.0,0.0,0.0,24.0,0.102175,0.00048,0.0508475,64.0,95.5,5612.0,benign
0.0,0.0,0.1428571428571428,0.0,0.1428571428571428,0.0,24.28125,0.0,0.5714285714285714,0.5714285714285714,1460.0,60.0,20.571428571428573,0.0,0.9428033184829416,20.571428571428573,20.428571428571427,0.2857142857142857,0.4285714285714285,0.1428571428571428,20.428571428571427,20.285714285714285,0.0,24.0,0.01784117,3.3e-08,0.0018901716651647,37.0,103.78629505779648,1024.0,recon
0.0,0.0,1.0,0.0,1.0,0.0,0.0,0.0,2.0,2.0,0.0,54.0,1.0,0.0,7.5,2.0,2.0,1.0,1.0,1.0,0.0,0.0,0.0,24.0,0.012926,0.0,0.006463,64.0,95.5,5536.0,benign
0.0,0.0,0.0,0.0,0.0,0.0,0.0,0.0,0.0,0.0,0.0,0.0,0.0,0.0,0.0,0.0,0.0,0.0,0.0,0.0,0.0,0.0,0.0,0.0,0.0,0.0,0.0,0.0,0.0,0.0,benign
135.0,0.0,1.0,0.0,2.0,0.0,0.6666666666666666,0.0,2.0,2.0,0.0,54.0,2.0,0.0,11.0227038425243,2.0,2.0,1.0,1.0,2.0,0.0,0.0,0.0,24.0,0.030541,0.000295,0.0128804943883183,64.0,95.5,5636.0,benign
3.0,0.0,1.0,0.0,1.0,0.0,0.0,0.0,2.0,2.0,0.0,54.0,1.0,0.0,7.5,2.0,2.0,1.0,1.0,1.0,0.0,0.0,0.0,24.0,0.228641,0.0,0.1143205,64.0,95.5,5534.0,benign
0.0,0.0,0.0,0.0,0.0,0.0,0.0,0.0,0.0,0.0,0.0,0.0,0.0,0.0,0.0,0.0,0.0,0.0,0.0,0.0,0.0,0.0,0.0,0.0,0.0,0.0,0.0,0.0,0.0,0.0,benign
0.0,0.0,0.0,0.0,0.0,0.0,0.0,0.0,0.0,0.0,0.0,0.0,0.0,0.0,0.0,0.0,0.0,0.0,0.0,0.0,0.0,0.0,0.0,0.0,0.0,0.0,0.0,0.0,0.0,0.0,benign
213.0,0.0,1.0,0.0,2.0,0.0,1.0,0.0,2.0,2.0,0.0,54.0,2.0,0.0,10.594810050208546,2.0,2.0,1.0,1.0,2.0,0.0,0.0,0.0,24.0,0.014411,0.0,0.0059749252035067,64.0,95.5,5556.0,benign
0.0,0.0,0.0,0.0,0.0,0.0,0.0,0.0,1.0,2.0,0.0,214.0,0.0,180.0,0.0,1.0,1.0,0.0,1.0,0.0,0.0,0.0,0.0,0.0,0.184695,0.184695,0.0,255.0,0.0,0.0,benign
0.0,0.0,0.0,0.0,0.0,0.0,22.166666666666668,0.0,13.0,13.0,0.0,54.0,21.0,0.0,385.4974551457569,13.0,13.0,4.0,3.0,20.0,0.0,0.0,0.0,24.0,0.030059,0.0,0.0066781990203766,61.0,94.91876986818627,660.0,benign
212.0,0.0,1.0,0.0,2.0,0.0,1.6666666666666667,0.0,2.0,2.0,0.0,54.0,2.0,0.0,10.594810050208546,2.0,2.0,1.0,1.0,2.0,0.0,0.0,0.0,24.0,0.025905,0.0,0.0107171287899324,64.0,95.5,5548.0,benign
0.0,0.0,0.0,0.0,0.0,0.0,0.0,0.0,0.0,0.0,0.0,0.0,0.0,0.0,0.0,0.0,0.0,0.0,0.0,0.0,0.0,0.0,0.0,0.0,0.0,0.0,0.0,0.0,0.0,0.0,benign
914.0,0.0,2.0,0.0,3.0,0.0,83.6,0.0,3.0,3.0,0.0,54.0,3.0,0.0,22.93877721239735,2.0,2.0,2.0,2.0,2.0,0.0,0.0,0.0,24.0,0.004917,0.0,0.0017048840299432,64.0,95.5,5594.0,benign
0.0,0.0,0.0,0.0,0.0,0.0,0.0,0.0,0.0,0.0,0.0,0.0,0.0,0.0,0.0,0.0,0.0,0.0,0.0,0.0,0.0,0.0,0.0,0.0,0.0,0.0,0.0,0.0,0.0,0.0,benign
0.0,0.0,0.0,0.0,0.0,0.0,0.0,0.0,0.0,0.0,0.0,0.0,0.0,0.0,0.0,0.0,0.0,0.0,0.0,0.0,0.0,0.0,0.0,0.0,0.0,0.0,0.0,0.0,0.0,0.0,benign
0.0,0.0,0.0,0.0,0.0,0.0,0.0,0.0,0.0,0.0,0.0,0.0,0.0,0.0,0.0,0.0,0.0,0.0,0.0,0.0,0.0,0.0,0.0,0.0,0.0,0.0,0.0,0.0,0.0,0.0,benign
0.0,0.0,0.0,0.0,0.0,0.0,0.0,0.0,0.0,0.0,0.0,0.0,0.0,0.0,0.0,0.0,0.0,0.0,0.0,0.0,0.0,0.0,0.0,0.0,0.0,0.0,0.0,0.0,0.0,0.0,benign
0.0,0.0,0.0,0.0,0.0,0.0,0.0,0.0,0.0,0.0,0.0,0.0,0.0,0.0,0.0,0.0,0.0,0.0,0.0,0.0,0.0,0.0,0.0,0.0,0.0,0.0,0.0,0.0,0.0,0.0,benign
22.5,0.0,1.0,0.0,7.0,0.0,2.142857142857143,0.0,3.0,3.0,0.0,54.0,4.0,0.0,61.98498922230196,2.0,2.0,2.0,2.0,3.0,0.0,0.0,0.0,24.0,0.008598,0.0,0.0026889864929699,64.0,95.5,5560.0,benign
0.0,0.0,0.0,0.0,0.0,0.0,0.0,0.0,0.0,0.0,0.0,0.0,0.0,0.0,0.0,0.0,0.0,0.0,0.0,0.0,0.0,0.0,0.0,0.0,0.0,0.0,0.0,0.0,0.0,0.0,benign
0.0,0.0,0.0,0.0,0.0,0.0,0.0,0.0,0.0,0.0,0.0,0.0,0.0,0.0,0.0,0.0,0.0,0.0,0.0,0.0,0.0,0.0,0.0,0.0,0.0,0.0,0.0,0.0,0.0,0.0,benign
0.0,0.0,0.0,0.0,0.0,0.0,0.018963200554809,0.0,2.0,2.0,0.0,60.0,26366.42857142857,0.0,0.8456011649937961,9416.57142857143,9416.57142857143,0.2857142857142857,0.2857142857142857,14.0,26352.42857142857,0.0,0.0,24.0,0.000711489,2.5e-08,8.034326492672899e-05,64.0,3.1116802194772832,0.0,dos
0.0,0.0,0.0,0.0,0.0,0.0,0.0,0.0,0.0,0.0,0.0,0.0,0.0,0.0,0.0,0.0,0.0,0.0,0.0,0.0,0.0,0.0,0.0,0.0,0.0,0.0,0.0,0.0,0.0,0.0,benign
0.0,0.0,0.0,0.0,0.0,0.0,32.41509433962264,0.0,0.7142857142857143,0.5714285714285714,1460.0,60.0,14.857142857142858,0.0,20.120633918866776,15.142857142857142,15.285714285714286,0.4285714285714285,0.5714285714285714,0.2857142857142857,14.714285714285714,14.571428571428571,0.0,24.0,0.028383405,3e-08,0.0022042109326083,37.0,103.47545734186848,1024.0,recon
144.0,0.0,1.0,0.0,2.0,0.0,8.0,0.0,2.0,2.0,0.0,54.0,2.0,0.0,11.0227038425243,2.0,2.0,1.0,1.0,2.0,0.0,0.0,0.0,24.0,0.023473,0.000263,0.010395626108489,64.0,95.5,5628.0,benign
0.0,0.0,0.0,0.0,0.0,0.0,0.0,0.0,0.0,0.0,0.0,0.0,0.0,0.0,0.0,0.0,0.0,0.0,0.0,0.0,0.0,0.0,0.0,0.0,0.0,0.0,0.0,0.0,0.0,0.0,benign
6.0,0.0,1.0,0.0,1.0,0.0,162.33333333333334,0.0,3.0,3.0,0.0,54.0,2.0,0.0,8.5,2.0,2.0,2.0,2.0,1.0,0.0,0.0,0.0,24.0,0.029954,0.0,0.0113197520842993,64.0,95.5,5638.0,benign
0.0,0.0,0.0,0.0,0.0,0.0,55.0,0.0,2.0,2.0,0.0,60.0,1.0,0.0,0.0,0.0,0.0,1.0,1.0,0.0,0.0,0.0,0.0,0.0,0.012514,0.004224,0.0041449999999999,0.0,0.0,0.0,benign
0.0,0.0,0.0,0.0,0.0,0.0,0.0,0.0,0.0,0.0,0.0,0.0,0.0,0.0,0.0,0.0,0.0,0.0,0.0,0.0,0.0,0.0,0.0,0.0,0.0,0.0,0.0,0.0,0.0,0.0,benign
0.0,0.0,1.0,0.0,1.0,0.0,0.0,0.0,2.0,2.0,0.0,54.0,1.0,0.0,7.5,2.0,2.0,1.0,1.0,1.0,0.0,0.0,0.0,24.0,0.037738,0.0,0.018869,64.0,95.5,5546.0,benign
0.0,0.0,0.0,0.0,0.0,0.0,0.0,0.0,0.0,0.0,0.0,0.0,0.0,0.0,0.0,0.0,0.0,0.0,0.0,0.0,0.0,0.0,0.0,0.0,0.0,0.0,0.0,0.0,0.0,0.0,benign
0.0,0.0,0.0,0.0,0.0,0.0,0.0,0.0,1.0,2.0,0.0,214.0,0.0,180.0,0.0,1.0,1.0,0.0,1.0,0.0,0.0,0.0,0.0,0.0,0.218434,0.218434,0.0,255.0,0.0,0.0,benign
-0.69,0.5840281576164704,2.0,0.0,2.0,0.0,1.0,0.0,2.0,2.0,0.0,54.0,2.0,0.0,19.327585352432298,2.0,2.0,1.0,1.0,1.0,0.0,0.0,0.0,24.0,0.003382,0.0,0.0015942900893152,64.0,90.03826347108705,5596.0,benign
0.0,0.0,0.0,0.0,0.0,0.0,0.0,0.0,0.0,0.0,0.0,0.0,0.0,0.0,0.0,0.0,0.0,0.0,0.0,0.0,0.0,0.0,0.0,0.0,0.0,0.0,0.0,0.0,0.0,0.0,benign
210.0,0.0,1.0,0.0,2.0,0.0,1.0,0.0,2.0,2.0,0.0,54.0,2.0,0.0,10.594810050208546,2.0,2.0,1.0,1.0,2.0,0.0,0.0,0.0,24.0,0.036651,0.0,0.0154618409479595,64.0,95.5,5604.0,benign
0.0,0.0,0.0,0.0,0.0,0.0,0.0,0.0,0.0,0.0,0.0,0.0,0.0,0.0,0.0,0.0,0.0,0.0,0.0,0.0,0.0,0.0,0.0,0.0,0.0,0.0,0.0,0.0,0.0,0.0,benign
916.0,0.0,2.0,0.0,3.0,0.0,0.6666666666666666,0.0,2.0,2.0,0.0,54.0,2.0,0.0,22.93877721239735,2.0,2.0,1.0,1.0,2.0,0.0,0.0,0.0,24.0,0.021558,0.0,0.0090236976449513,64.0,95.5,5590.0,benign
913.0,0.0,2.0,0.0,3.0,0.0,1.0,0.0,2.0,2.0,0.0,54.0,2.0,0.0,22.93877721239735,2.0,2.0,1.0,1.0,2.0,0.0,0.0,0.0,24.0,0.015218,0.0,0.0065203513709001,64.0,95.5,5650.0,benign
0.0,0.0,0.0,0.0,0.0,0.0,0.0,0.0,0.0,0.0,0.0,0.0,0.0,0.0,0.0,0.0,0.0,0.0,0.0,0.0,0.0,0.0,0.0,0.0,0.0,0.0,0.0,0.0,0.0,0.0,benign
0.0,0.0,0.0,0.0,0.0,0.0,0.0,0.0,0.0,0.0,0.0,0.0,0.0,0.0,0.0,0.0,0.0,0.0,0.0,0.0,0.0,0.0,0.0,0.0,0.0,0.0,0.0,0.0,0.0,0.0,benign
3.0,0.0,1.0,0.0,1.0,0.0,215.0,0.0,3.0,3.0,0.0,54.0,2.0,0.0,8.5,2.0,2.0,2.0,2.0,1.0,0.0,0.0,0.0,24.0,0.030039,1e-06,0.0107969506661603,64.0,95.5,5544.0,benign
0.0,0.0,0.0,0.0,0.0,0.0,0.0,0.0,0.0,0.0,0.0,0.0,0.0,0.0,0.0,0.0,0.0,0.0,0.0,0.0,0.0,0.0,0.0,0.0,0.0,0.0,0.0,0.0,0.0,0.0,benign
0.0,0.0,0.0,0.0,0.0,0.0,0.0,0.0,0.0,0.0,0.0,0.0,0.0,0.0,0.0,0.0,0.0,0.0,0.0,0.0,0.0,0.0,0.0,0.0,0.0,0.0,0.0,0.0,0.0,0.0,benign
0.0,0.0,0.0,0.0,0.0,0.0,0.0,0.0,0.0,0.0,0.0,0.0,0.0,0.0,0.0,0.0,0.0,0.0,0.0,0.0,0.0,0.0,0.0,0.0,0.0,0.0,0.0,0.0,0.0,0.0,benign
0.0,0.0,0.0,0.0,0.0,0.0,39.0,0.0,2.0,2.0,0.0,60.0,1.0,0.0,0.0,0.0,0.0,1.0,1.0,0.0,0.0,0.0,0.0,0.0,0.029537,0.002889,0.0133239999999999,0.0,0.0,0.0,benign
0.0,0.0,0.0,0.0,0.0,0.0,0.0,0.0,0.0,0.0,0.0,0.0,0.0,0.0,0.0,0.0,0.0,0.0,0.0,0.0,0.0,0.0,0.0,0.0,0.0,0.0,0.0,0.0,0.0,0.0,benign
0.0,0.0,0.0,0.0,0.0,0.0,0.0,0.0,0.0,0.0,0.0,0.0,0.0,0.0,0.0,0.0,0.0,0.0,0.0,0.0,0.0,0.0,0.0,0.0,0.0,0.0,0.0,0.0,0.0,0.0,benign
0.0,0.0,0.0,0.0,0.0,0.0,0.0,0.0,0.0,0.0,0.0,0.0,0.0,0.0,0.0,0.0,0.0,0.0,0.0,0.0,0.0,0.0,0.0,0.0,0.0,0.0,0.0,0.0,0.0,0.0,benign
0.0,0.0,0.0,0.0,0.0,0.0,0.0,0.0,0.0,0.0,0.0,0.0,0.0,0.0,0.0,0.0,0.0,0.0,0.0,0.0,0.0,0.0,0.0,0.0,0.0,0.0,0.0,0.0,0.0,0.0,benign
0.0,0.0,0.0,0.0,0.0,0.0,0.0,0.0,0.0,0.0,0.0,0.0,0.0,0.0,0.0,0.0,0.0,0.0,0.0,0.0,0.0,0.0,0.0,0.0,0.0,0.0,0.0,0.0,0.0,0.0,benign
212.0,0.0,1.0,0.0,2.0,0.0,5.666666666666667,0.0,2.0,2.0,0.0,54.0,2.0,0.0,10.594810050208546,2.0,2.0,1.0,1.0,2.0,0.0,0.0,0.0,24.0,0.007248,0.0,0.0031383317523008,64.0,95.5,5630.0,benign
0.0,0.0,0.0,0.0,0.0,0.0,0.0,0.0,0.0,0.0,0.0,0.0,0.0,0.0,0.0,0.0,0.0,0.0,0.0,0.0,0.0,0.0,0.0,0.0,0.0,0.0,0.0,0.0,0.0,0.0,benign
0.0,0.0,0.0,0.0,0.0,0.0,0.0,0.0,1.0,2.0,0.0,214.0,0.0,180.0,0.0,1.0,1.0,0.0,1.0,0.0,0.0,0.0,0.0,0.0,0.019434,0.019434,0.0,255.0,0.0,0.0,benign
0.0,0.0,0.0,0.0,0.0,0.0,0.0,0.0,0.0,0.0,0.0,0.0,0.0,0.0,0.0,0.0,0.0,0.0,0.0,0.0,0.0,0.0,0.0,0.0,0.0,0.0,0.0,0.0,0.0,0.0,benign
0.0,0.0,0.0,0.0,0.0,0.0,0.0,0.0,0.0,0.0,0.0,0.0,0.0,0.0,0.0,0.0,0.0,0.0,0.0,0.0,0.0,0.0,0.0,0.0,0.0,0.0,0.0,0.0,0.0,0.0,benign
0.0,0.0,0.0,0.0,0.0,0.0,0.0,0.0,0.0,0.0,0.0,0.0,0.0,0.0,0.0,0.0,0.0,0.0,0.0,0.0,0.0,0.0,0.0,0.0,0.0,0.0,0.0,0.0,0.0,0.0,benign
0.0,0.0,0.0,0.0,0.0,0.0,0.0,0.0,0.0,2.0,0.0,198.0,0.0,0.0,0.0,0.0,0.0,0.0,1.0,0.0,0.0,0.0,0.0,0.0,0.049206,0.049206,0.0,0.0,0.0,0.0,benign
914.0,0.0,2.0,0.0,3.0,0.0,0.6666666666666666,0.0,2.0,2.0,0.0,54.0,2.0,0.0,22.93877721239735,2.0,2.0,1.0,1.0,2.0,0.0,0.0,0.0,24.0,0.012567,0.0,0.0051919535340755,64.0,95.5,5592.0,benign
0.0,0.0,0.0,0.0,0.0,0.0,0.0,0.0,0.0,0.0,0.0,0.0,0.0,0.0,0.0,0.0,0.0,0.0,0.0,0.0,0.0,0.0,0.0,0.0,0.0,0.0,0.0,0.0,0.0,0.0,benign
0.0,0.0,0.0,0.0,0.0,0.0,1.0,0.0,2.0,2.0,0.0,60.0,1.0,0.0,0.0,0.0,0.0,1.0,1.0,0.0,0.0,0.0,0.0,0.0,0.00919,0.000477,0.0043564999999999,0.0,0.0,0.0,benign
0.0,0.0,0.0,0.0,0.0,0.0,66.5,0.0,2.0,2.0,0.0,54.0,1.0,0.0,32.526911934581186,2.0,2.0,1.0,2.0,2.0,0.0,0.0,0.0,24.0,0.014397,0.002246,0.0051084990837709,239.0,7.542472332656293,1816.0,benign
1023.0,0.0,1.0,0.0,1.0,0.0,0.0,0.0,2.0,2.0,0.0,54.0,1.0,0.0,9.0,2.0,2.0,1.0,1.0,1.0,0.0,0.0,0.0,24.0,0.05089,0.0,0.025445,64.0,95.5,5596.0,benign
1023.0,0.0,1.0,0.0,1.0,0.0,0.0,0.0,2.0,2.0,0.0,54.0,1.0,0.0,9.0,2.0,2.0,1.0,1.0,1.0,0.0,0.0,0.0,24.0,0.046627,0.0,0.0233135,64.0,95.5,5540.0,benign
0.0,0.0,0.0,0.0,0.0,0.0,2.0,0.0,2.0,3.0,0.0,60.0,0.0,196.0,0.0,1.0,1.0,0.0,2.0,0.0,0.0,0.0,0.0,0.0,0.03147,0.002597,0.0144365,255.0,0.0,0.0,benign
0.0,0.0,0.0,0.0,0.0,0.0,0.0,0.0,0.0,0.0,0.0,0.0,0.0,0.0,0.0,0.0,0.0,0.0,0.0,0.0,0.0,0.0,0.0,0.0,0.0,0.0,0.0,0.0,0.0,0.0,benign
0.0,0.0,0.0,0.0,0.0,0.0,0.0,0.0,0.0,0.0,0.0,0.0,0.0,0.0,0.0,0.0,0.0,0.0,0.0,0.0,0.0,0.0,0.0,0.0,0.0,0.0,0.0,0.0,0.0,0.0,benign
0.0,0.0,0.0,0.0,0.0,0.0,0.0,0.0,0.0,0.0,0.0,0.0,0.0,0.0,0.0,0.0,0.0,0.0,0.0,0.0,0.0,0.0,0.0,0.0,0.0,0.0,0.0,0.0,0.0,0.0,benign
0.0,0.0,0.0,0.0,0.0,0.0,0.0,0.0,0.0,0.0,0.0,0.0,0.0,0.0,0.0,0.0,0.0,0.0,0.0,0.0,0.0,0.0,0.0,0.0,0.0,0.0,0.0,0.0,0.0,0.0,benign
0.0,0.0,0.0,0.0,0.0,0.0,0.0,0.0,0.0,0.0,0.0,0.0,0.0,0.0,0.0,0.0,0.0,0.0,0.0,0.0,0.0,0.0,0.0,0.0,0.0,0.0,0.0,0.0,0.0,0.0,benign
0.0,0.0,0.0,0.0,0.0,0.0,13.5,0.0,3.0,3.0,0.0,60.0,1.0,196.0,0.0,1.0,1.0,1.0,2.0,0.0,0.0,0.0,0.0,0.0,0.016461,0.000518,0.0071420638629336,255.0,0.0,0.0,benign
121.0,0.0,1.0,0.0,2.0,0.0,1.0,0.0,2.0,2.0,0.0,54.0,2.0,0.0,11.0227038425243,2.0,2.0,1.0,1.0,2.0,0.0,0.0,0.0,24.0,0.014041,0.0,0.0058144140074473,64.0,95.5,5550.0,benign
0.0,0.0,0.0,0.0,0.0,0.0,40.0,2.0,2.0,2.0,0.0,66.0,2.0,0.0,20.54872258803452,2.0,2.0,2.0,2.0,2.0,0.0,0.0,0.0,24.0,0.016059,0.0,0.0065187731351459,53.0,5.5,152.0,benign
0.0,0.0,0.0,0.0,0.0,0.0,0.0,0.0,0.0,0.0,0.0,0.0,0.0,0.0,0.0,0.0,0.0,0.0,0.0,0.0,0.0,0.0,0.0,0.0,0.0,0.0,0.0,0.0,0.0,0.0,benign
0.0,0.0,0.0,0.0,0.0,0.0,0.0,0.0,0.0,0.0,0.0,0.0,0.0,0.0,0.0,0.0,0.0,0.0,0.0,0.0,0.0,0.0,0.0,0.0,0.0,0.0,0.0,0.0,0.0,0.0,benign
0.0,0.0,0.0,0.0,0.0,0.0,0.0,0.0,0.0,0.0,0.0,0.0,0.0,0.0,0.0,0.0,0.0,0.0,0.0,0.0,0.0,0.0,0.0,0.0,0.0,0.0,0.0,0.0,0.0,0.0,benign
28.0,0.0,1.0,0.0,1.0,0.0,0.0,0.0,2.0,2.0,0.0,54.0,1.0,0.0,8.0,2.0,2.0,1.0,1.0,1.0,0.0,0.0,0.0,24.0,0.064792,0.0,0.032396,64.0,95.5,5616.0,benign
213.0,0.0,1.0,0.0,2.0,0.0,135.4,0.0,3.0,3.0,0.0,54.0,3.0,0.0,10.594810050208546,2.0,2.0,2.0,2.0,2.0,0.0,0.0,0.0,24.0,0.018221,0.0,0.0064469857728674,64.0,95.5,5616.0,benign
0.0,0.0,0.0,0.0,0.0,0.0,0.0372118737773241,0.0,0.2857142857142857,0.4285714285714285,0.0,60.0,26214.714285714286,0.0,0.0046112581577314,637.2857142857143,9416.57142857143,0.1428571428571428,0.1428571428571428,26214.714285714286,658.5714285714286,0.0,0.0,24.0,0.001556564,2.6e-08,0.0001125165299687,64.0,29.531574663358786,512.0,dos
0.0,0.0,0.0,0.0,0.0,0.0,0.0,0.0,1.0,2.0,0.0,214.0,0.0,180.0,0.0,1.0,1.0,0.0,1.0,0.0,0.0,0.0,0.0,0.0,0.046821,0.046821,0.0,255.0,0.0,0.0,benign
0.0,0.0,0.0,0.0,0.0,0.0,18.75,2.0,3.0,2.0,0.0,60.0,2.0,0.0,85.73343701393419,2.0,2.0,2.0,3.0,2.0,0.0,0.0,0.0,24.0,0.014037,0.002103,0.004495899714184,51.0,6.128258770283395,166.0,benign
0.0,0.0,0.0,0.0,0.0,0.0,0.0,0.0,0.0,0.0,0.0,0.0,0.0,0.0,0.0,0.0,0.0,0.0,0.0,0.0,0.0,0.0,0.0,0.0,0.0,0.0,0.0,0.0,0.0,0.0,benign
0.0,0.0,0.0,0.0,0.0,0.0,90.0,0.0,2.0,2.0,0.0,60.0,1.0,0.0,0.0,0.0,0.0,1.0,1.0,0.0,0.0,0.0,0.0,0.0,0.025168,0.001876,0.0104863385411686,0.0,0.0,0.0,benign
211.0,0.0,1.0,0.0,2.0,0.0,1.0,0.0,2.0,2.0,0.0,54.0,2.0,0.0,10.594810050208546,2.0,2.0,1.0,1.0,2.0,0.0,0.0,0.0,24.0,0.06325,0.0,0.0270351369008925,64.0,95.5,5606.0,benign
0.0,0.0,0.0,0.0,0.0,0.0,0.0,0.0,0.0,0.0,0.0,0.0,0.0,0.0,0.0,0.0,0.0,0.0,0.0,0.0,0.0,0.0,0.0,0.0,0.0,0.0,0.0,0.0,0.0,0.0,benign
22.5,0.0,1.0,0.0,7.0,0.0,4.666666666666667,0.0,2.0,2.0,0.0,54.0,2.0,0.0,84.81560882290476,2.0,2.0,1.0,1.0,2.0,0.0,0.0,0.0,24.0,0.02241,0.0,0.0096368302718009,64.0,95.5,5560.0,benign
22.5,0.0,1.0,0.0,7.0,0.0,0.8571428571428571,0.0,2.0,2.0,0.0,54.0,4.0,0.0,35.755899862819845,2.0,2.0,1.0,1.0,4.0,0.0,0.0,0.0,24.0,0.073281,0.0,0.0240022729483584,64.0,95.5,5598.0,benign
0.0,0.0,0.0,0.0,0.0,0.0,0.0,0.0,1.0,2.0,0.0,230.0,0.0,196.0,0.0,1.0,1.0,0.0,1.0,0.0,0.0,0.0,0.0,0.0,0.022906,0.022906,0.0,255.0,0.0,0.0,benign
0.0,0.0,0.0,0.0,0.0,0.0,0.0,0.0,0.0,0.0,0.0,0.0,0.0,0.0,0.0,0.0,0.0,0.0,0.0,0.0,0.0,0.0,0.0,0.0,0.0,0.0,0.0,0.0,0.0,0.0,benign
0.0,0.0,0.0,0.0,0.0,0.0,0.0,0.0,0.0,0.0,0.0,0.0,0.0,0.0,0.0,0.0,0.0,0.0,0.0,0.0,0.0,0.0,0.0,0.0,0.0,0.0,0.0,0.0,0.0,0.0,benign
0.0,0.0,0.0,0.0,0.0,0.0,0.0,0.0,0.0,0.0,0.0,0.0,0.0,0.0,0.0,0.0,0.0,0.0,0.0,0.0,0.0,0.0,0.0,0.0,0.0,0.0,0.0,0.0,0.0,0.0,benign
0.0,0.0,0.0,0.0,0.0,0.0,0.0,2.0,3.0,2.0,0.0,150.0,0.0,116.0,0.0,1.0,1.0,0.0,1.0,0.0,0.0,0.0,0.0,0.0,0.058033,1e-06,0.0273565471505451,64.0,0.0,0.0,benign
2.0,0.0,1.0,0.0,1.0,0.0,0.0,0.0,2.0,2.0,0.0,54.0,1.0,0.0,8.5,2.0,2.0,1.0,1.0,1.0,0.0,0.0,0.0,24.0,0.047788,0.0,0.023894,64.0,95.5,5638.0,benign
0.0,0.0,0.0,0.0,0.0,0.0,0.0,0.0,0.0,0.0,0.0,0.0,0.0,0.0,0.0,0.0,0.0,0.0,0.0,0.0,0.0,0.0,0.0,0.0,0.0,0.0,0.0,0.0,0.0,0.0,benign
0.0,0.0,0.0,0.0,0.0,0.0,21.761904761904763,0.0,11.0,11.0,0.0,54.0,21.0,0.0,276.585413171588,12.0,12.0,4.0,3.0,19.0,0.0,0.0,0.0,24.0,0.091737,0.0,0.0241615176793154,61.0,94.28562930224776,641.0,benign
0.0,0.0,0.0,0.0,0.0,0.0,0.0,0.0,0.0,0.0,0.0,0.0,0.0,0.0,0.0,0.0,0.0,0.0,0.0,0.0,0.0,0.0,0.0,0.0,0.0,0.0,0.0,0.0,0.0,0.0,benign
0.0,0.0,0.0,0.0,0.0,0.0,28.0,0.0,2.0,2.0,0.0,60.0,1.0,0.0,0.0,0.0,0.0,1.0,1.0,0.0,0.0,0.0,0.0,0.0,0.027953,0.002049,0.0120437903594434,0.0,0.0,0.0,benign
0.0,0.0,0.0,0.0,0.0,0.0,0.0,2.0,1.0,2.0,0.0,230.0,0.0,196.0,0.0,1.0,1.0,0.0,1.0,0.0,0.0,0.0,0.0,0.0,0.096755,0.096755,0.0,64.0,0.0,0.0,benign
0.0,0.0,0.0,0.0,0.0,0.0,76.0,0.0,2.0,2.0,0.0,60.0,1.0,0.0,0.0,0.0,0.0,1.0,1.0,0.0,0.0,0.0,0.0,0.0,0.018777,0.016637,0.0010699999999999,0.0,0.0,0.0,benign
0.0,0.0,0.0,0.0,0.0,0.0,123.0,0.0,2.0,2.0,0.0,54.0,1.0,0.0,32.526911934581186,2.0,2.0,1.0,2.0,2.0,0.0,0.0,0.0,24.0,0.149078,0.013321,0.055497858451175,238.0,8.013876853447337,3966.0,benign
0.0,0.0,0.0,0.0,0.0,0.0,43.0,2.0,2.0,2.0,0.0,66.0,1.0,0.0,81.61835305588784,2.0,2.0,1.0,2.0,2.0,0.0,0.0,0.0,24.0,0.005427,0.001959,0.0016278058852332,64.0,82.49579113843053,27.0,benign
0.0,0.0,0.0,0.0,0.0,0.0,0.0,0.0,1.0,2.0,0.0,54.0,0.0,0.0,0.0,1.0,1.0,0.0,1.0,0.0,0.0,0.0,0.0,16.0,0.009051,0.009051,0.0,255.0,0.0,5578.0,benign
4.0,0.0,1.0,0.0,1.0,0.0,0.0,0.0,2.0,2.0,0.0,54.0,1.0,0.0,10.0,2.0,2.0,1.0,1.0,1.0,0.0,0.0,0.0,24.0,0.000773,0.0,0.0003865,64.0,95.5,5606.0,benign
0.0,0.0,0.0,0.0,0.0,0.0,0.0,0.0,1.0,2.0,0.0,60.0,1.0,0.0,0.0,0.0,0.0,1.0,0.0,0.0,0.0,0.0,0.0,0.0,0.0,0.0,0.0,0.0,0.0,0.0,benign
0.0,0.0,0.0,0.0,0.0,0.0,0.0189880971756561,0.0,2.2857142857142856,2.2857142857142856,0.0,60.0,26331.714285714286,0.0,0.9243363108384364,9416.57142857143,9416.57142857143,0.4285714285714285,0.4285714285714285,15.428571428571429,26316.0,26316.0,0.0,24.0,0.00137963,2.5e-08,8.049682986706547e-05,64.0,3.253545374227649,0.0,dos
209.0,0.0,1.0,0.0,2.0,0.0,1.0,0.0,2.0,2.0,0.0,54.0,2.0,0.0,10.594810050208546,2.0,2.0,1.0,1.0,2.0,0.0,0.0,0.0,24.0,0.002323,0.0,0.0009811260112748,64.0,95.5,5628.0,benign
0.0,0.0,0.0,0.0,0.0,0.0,18.416666666666668,0.0,12.0,12.0,0.0,54.0,24.0,0.0,361.5424393395126,13.0,13.0,3.0,3.0,24.0,0.0,0.0,0.0,24.0,0.119484,0.0,0.0234043820824518,61.0,95.11382952247614,660.0,benign
0.0,0.0,0.0,0.0,0.0,0.0,0.0,0.0,0.0,0.0,0.0,0.0,0.0,0.0,0.0,0.0,0.0,0.0,0.0,0.0,0.0,0.0,0.0,0.0,0.0,0.0,0.0,0.0,0.0,0.0,benign
905.0,0.0,2.0,0.0,3.0,0.0,0.6666666666666666,0.0,2.0,2.0,0.0,54.0,2.0,0.0,22.93877721239735,2.0,2.0,1.0,1.0,2.0,0.0,0.0,0.0,24.0,0.032316,0.0,0.0137967808813324,64.0,95.5,5566.0,benign
0.0,0.0,0.0,0.0,0.0,0.0,2.940285954583684,2.0,0.4285714285714285,0.4285714285714285,1460.0,60.0,169.57142857142858,0.0,675.9702555033265,29.285714285714285,29.285714285714285,0.2857142857142857,0.4285714285714285,43.85714285714285,0.0,58.0,0.0,24.0,0.025364,0.0,0.0045095613879246,63.0,0.4999988938296937,477.0,web
0.0,0.0,0.0,0.0,0.0,0.0,0.0,0.0,0.0,0.0,0.0,0.0,0.0,0.0,0.0,0.0,0.0,0.0,0.0,0.0,0.0,0.0,0.0,0.0,0.0,0.0,0.0,0.0,0.0,0.0,benign
0.0,0.0,0.0,0.0,0.0,0.0,0.0,0.0,0.0,0.0,0.0,0.0,0.0,0.0,0.0,0.0,0.0,0.0,0.0,0.0,0.0,0.0,0.0,0.0,0.0,0.0,0.0,0.0,0.0,0.0,benign
0.0,0.0,1.0,0.0,1.0,0.0,0.0,0.0,2.0,2.0,0.0,54.0,1.0,0.0,7.5,2.0,2.0,1.0,1.0,1.0,0.0,0.0,0.0,24.0,0.023753,0.0,0.0118765,64.0,95.5,5620.0,benign
0.0,0.0,0.0,0.0,0.0,0.0,0.0,0.0,0.0,0.0,0.0,0.0,0.0,0.0,0.0,0.0,0.0,0.0,0.0,0.0,0.0,0.0,0.0,0.0,0.0,0.0,0.0,0.0,0.0,0.0,benign
0.0,0.0,0.0,0.0,0.0,0.0,0.0,0.0,0.0,0.0,0.0,0.0,0.0,0.0,0.0,0.0,0.0,0.0,0.0,0.0,0.0,0.0,0.0,0.0,0.0,0.0,0.0,0.0,0.0,0.0,benign
0.0,0.0,0.0,0.0,0.0,0.0,3.173633440514469,2.0,1.0,1.1428571428571428,1460.0,60.0,178.14285714285714,0.0,55.74397809817914,34.285714285714285,35.57142857142857,0.2857142857142857,0.4285714285714285,103.0,0.0,74.85714285714286,0.0,24.0,0.136963792,2.7e-08,0.0059334704272754,64.0,0.0,453.0,ddos
0.0,0.0,0.0,0.0,0.0,0.0,0.0,0.0,0.0,0.0,0.0,0.0,0.0,0.0,0.0,0.0,0.0,0.0,0.0,0.0,0.0,0.0,0.0,0.0,0.0,0.0,0.0,0.0,0.0,0.0,benign
22.3,0.0,0.1428571428571428,1093.6,6.0,0.0,220.7,0.0,0.4285714285714285,0.4285714285714285,0.0,60.0,2.2857142857142856,0.0,84.38601779915912,0.2857142857142857,0.2857142857142857,0.2857142857142857,0.2857142857142857,2.0,0.0,0.0,0.0,24.0,0.100367186,1.94e-07,0.0176000951335341,64.0,95.5,5216.0,mitm
0.0,0.0,0.0,0.0,0.0,0.0,0.0,0.0,0.0,0.0,0.0,0.0,0.0,0.0,0.0,0.0,0.0,0.0,0.0,0.0,0.0,0.0,0.0,0.0,0.0,0.0,0.0,0.0,0.0,0.0,benign
0.0,0.0,0.0,0.0,0.0,0.0,0.0,0.0,0.0,0.0,0.0,0.0,0.0,0.0,0.0,0.0,0.0,0.0,0.0,0.0,0.0,0.0,0.0,0.0,0.0,0.0,0.0,0.0,0.0,0.0,benign
0.0,0.0,0.0,0.0,0.0,0.0,25.666666666666668,2.0,2.0,2.0,0.0,66.0,2.0,0.0,20.27775875189366,2.0,2.0,2.0,2.0,2.0,0.0,0.0,0.0,24.0,0.157479,0.0,0.0677208613957877,53.0,5.5,152.0,benign
210.0,0.0,1.0,0.0,2.0,0.0,0.6666666666666666,0.0,2.0,2.0,0.0,54.0,2.0,0.0,10.594810050208546,2.0,2.0,1.0,1.0,2.0,0.0,0.0,0.0,24.0,0.023464,0.0,0.009854706423202,64.0,95.5,5570.0,benign
0.0,0.0,0.0,0.0,0.0,0.0,0.0,0.0,0.0,0.0,0.0,0.0,0.0,0.0,0.0,0.0,0.0,0.0,0.0,0.0,0.0,0.0,0.0,0.0,0.0,0.0,0.0,0.0,0.0,0.0,benign
0.0,0.0,0.0,0.0,0.0,0.0,0.0,0.0,0.0,0.0,0.0,0.0,0.0,0.0,0.0,0.0,0.0,0.0,0.0,0.0,0.0,0.0,0.0,0.0,0.0,0.0,0.0,0.0,0.0,0.0,benign
0.0,0.0,0.0,0.0,0.0,0.0,0.0,0.0,0.0,0.0,0.0,0.0,0.0,0.0,0.0,0.0,0.0,0.0,0.0,0.0,0.0,0.0,0.0,0.0,0.0,0.0,0.0,0.0,0.0,0.0,benign
0.0,0.0,0.0,0.0,0.0,0.0,32.0,0.0,2.0,2.0,0.0,60.0,1.0,0.0,0.0,0.0,0.0,1.0,1.0,0.0,0.0,0.0,0.0,0.0,0.029634,0.000484,0.0129311656173069,0.0,0.0,0.0,benign
0.0,0.0,0.0,0.0,0.0,0.0,23.029411764705884,0.0,11.0,11.0,0.0,54.0,17.0,0.0,463.9228289107715,12.0,12.0,4.0,3.0,16.0,0.0,0.0,0.0,24.0,0.095432,0.0,0.0252124116610879,61.0,94.55609885690954,660.0,benign
0.0,0.0,0.0,0.0,0.0,0.0,0.0,0.0,0.0,0.0,0.0,0.0,0.0,0.0,0.0,0.0,0.0,0.0,0.0,0.0,0.0,0.0,0.0,0.0,0.0,0.0,0.0,0.0,0.0,0.0,benign
22.5,0.0,1.0,0.0,7.0,0.0,6.6,0.0,2.0,2.0,0.0,54.0,3.0,0.0,49.86788100125727,2.0,2.0,1.0,1.0,3.0,0.0,0.0,0.0,24.0,0.030598,0.0,0.0113718808617279,64.0,95.5,5556.0,benign
0.0,0.0,0.0,0.0,0.0,0.0,18.0,0.0,0.0,2.0,0.0,94.0,0.0,40.0,10.5,1.0,1.0,0.0,1.0,0.0,0.0,0.0,0.0,0.0,0.002094,0.000529,0.0007825,0.0,0.0,0.0,benign
0.0,0.0,0.0,0.0,0.0,0.0,0.0,0.0,0.0,0.0,0.0,0.0,0.0,0.0,0.0,0.0,0.0,0.0,0.0,0.0,0.0,0.0,0.0,0.0,0.0,0.0,0.0,0.0,0.0,0.0,benign
0.0,0.0,0.0,0.0,0.0,0.0,0.0,0.0,0.0,0.0,0.0,0.0,0.0,0.0,0.0,0.0,0.0,0.0,0.0,0.0,0.0,0.0,0.0,0.0,0.0,0.0,0.0,0.0,0.0,0.0,benign
0.0,0.0,0.0,0.0,0.0,0.0,0.0,0.0,0.0,0.0,0.0,0.0,0.0,0.0,0.0,0.0,0.0,0.0,0.0,0.0,0.0,0.0,0.0,0.0,0.0,0.0,0.0,0.0,0.0,0.0,benign
0.0,0.0,0.0,0.0,0.0,0.0,0.0,0.0,0.0,0.0,0.0,0.0,0.0,0.0,0.0,0.0,0.0,0.0,0.0,0.0,0.0,0.0,0.0,0.0,0.0,0.0,0.0,0.0,0.0,0.0,benign
0.0,0.0,0.0,0.0,0.0,0.0,0.0,0.0,0.0,0.0,0.0,0.0,0.0,0.0,0.0,0.0,0.0,0.0,0.0,0.0,0.0,0.0,0.0,0.0,0.0,0.0,0.0,0.0,0.0,0.0,benign
0.0,0.0,0.0,0.0,0.0,0.0,0.0,0.0,0.0,0.0,0.0,0.0,0.0,0.0,0.0,0.0,0.0,0.0,0.0,0.0,0.0,0.0,0.0,0.0,0.0,0.0,0.0,0.0,0.0,0.0,benign
0.0,0.0,0.0,0.0,0.0,0.0,2.6666666666666665,2.0,2.0,2.0,0.0,66.0,2.0,0.0,968.5053884723616,2.0,2.0,2.0,2.0,2.0,0.0,0.0,0.0,24.0,0.009301,0.0,0.0038948814487735,61.0,1.5,660.0,benign
0.0,0.0,0.0,0.0,0.0,0.0,0.0,0.0,0.0,0.0,0.0,0.0,0.0,0.0,0.0,0.0,0.0,0.0,0.0,0.0,0.0,0.0,0.0,0.0,0.0,0.0,0.0,0.0,0.0,0.0,benign
0.0,0.0,0.0,0.0,0.0,0.0,0.0,0.0,0.0,0.0,0.0,0.0,0.0,0.0,0.0,0.0,0.0,0.0,0.0,0.0,0.0,0.0,0.0,0.0,0.0,0.0,0.0,0.0,0.0,0.0,benign
0.0,0.0,0.0,0.0,0.0,0.0,0.0,0.0,1.0,2.0,0.0,214.0,0.0,180.0,0.0,1.0,1.0,0.0,1.0,0.0,0.0,0.0,0.0,0.0,0.001591,0.001591,0.0,255.0,0.0,0.0,benign
0.0,0.0,0.0,0.0,0.0,0.0,0.0,0.0,0.0,0.0,0.0,0.0,0.0,0.0,0.0,0.0,0.0,0.0,0.0,0.0,0.0,0.0,0.0,0.0,0.0,0.0,0.0,0.0,0.0,0.0,benign
10.0,0.0,1.0,0.0,1.0,0.0,0.0,0.0,2.0,2.0,0.0,54.0,1.0,0.0,8.0,2.0,2.0,1.0,1.0,1.0,0.0,0.0,0.0,24.0,0.014553,0.0,0.0072765,64.0,95.5,5644.0,benign
0.0,0.0,0.0,0.0,0.0,0.0,0.0,0.0,0.0,0.0,0.0,0.0,0.0,0.0,0.0,0.0,0.0,0.0,0.0,0.0,0.0,0.0,0.0,0.0,0.0,0.0,0.0,0.0,0.0,0.0,benign
0.0,0.0,0.0,0.0,0.0,0.0,0.0,0.0,0.0,0.0,0.0,0.0,0.0,0.0,0.0,0.0,0.0,0.0,0.0,0.0,0.0,0.0,0.0,0.0,0.0,0.0,0.0,0.0,0.0,0.0,benign
0.0,0.0,0.0,0.0,0.0,0.0,0.0,0.0,1.0,2.0,0.0,214.0,0.0,180.0,0.0,1.0,1.0,0.0,1.0,0.0,0.0,0.0,0.0,0.0,0.004444,0.004444,0.0,255.0,0.0,0.0,benign
-0.75,1.1596075362812126,0.2857142857142857,7.5,15.714285714285714,0.0,0.0094340188680377,0.0,1.0,1.0,0.0,60.0,103915.57142857143,0.0,0.0,616.8571428571429,9416.57142857143,0.2857142857142857,0.2857142857142857,103914.85714285714,634.0,0.0,0.0,24.0,0.000820817,2.5e-08,5.181589186160554e-05,64.0,14.828510494309608,512.0,ddos
0.0,0.0,0.0,0.0,0.0,0.0,0.0,0.0,0.0,0.0,0.0,0.0,0.0,0.0,0.0,0.0,0.0,0.0,0.0,0.0,0.0,0.0,0.0,0.0,0.0,0.0,0.0,0.0,0.0,0.0,benign
143.0,0.0,1.0,0.0,2.0,0.0,0.6666666666666666,0.0,2.0,2.0,0.0,54.0,2.0,0.0,11.0227038425243,2.0,2.0,1.0,1.0,2.0,0.0,0.0,0.0,24.0,0.04212,0.000231,0.0178665970371388,64.0,95.5,5556.0,benign
0.0,0.0,0.0,0.0,0.0,0.0,0.0,0.0,0.0,0.0,0.0,0.0,0.0,0.0,0.0,0.0,0.0,0.0,0.0,0.0,0.0,0.0,0.0,0.0,0.0,0.0,0.0,0.0,0.0,0.0,benign
0.0,0.0,0.0,0.0,0.0,0.0,35.0,0.0,2.0,2.0,0.0,60.0,1.0,0.0,0.0,0.0,0.0,1.0,1.0,0.0,0.0,0.0,0.0,0.0,0.01867,0.002171,0.0082495,0.0,0.0,0.0,benign
0.0,0.0,0.0,0.0,0.0,0.0,0.0,0.0,0.0,0.0,0.0,0.0,0.0,0.0,0.0,0.0,0.0,0.0,0.0,0.0,0.0,0.0,0.0,0.0,0.0,0.0,0.0,0.0,0.0,0.0,benign
0.0,0.0,0.0,0.0,0.0,0.0,0.0,0.0,0.0,0.0,0.0,0.0,0.0,0.0,0.0,0.0,0.0,0.0,0.0,0.0,0.0,0.0,0.0,0.0,0.0,0.0,0.0,0.0,0.0,0.0,benign
0.0,0.0,0.0,0.0,0.0,0.0,4.70397842211733,0.0,25.428571428571427,3.4285714285714284,1460.0,60.0,44.285714285714285,0.0,235.655173218272,42.285714285714285,42.285714285714285,0.8571428571428571,1.0,27.714285714285715,4.428571428571429,10.285714285714286,0.0,24.0,0.032044168,3.3e-08,0.0031978226361236,63.0,36.39327320593826,0.0,malware
0.0,0.0,0.0,0.0,0.0,0.0,0.0370292001692763,0.0,0.4285714285714285,0.5714285714285714,1436.0,60.0,26365.42857142857,0.0,0.0,625.8571428571429,9416.57142857143,0.2857142857142857,0.2857142857142857,0.0,640.1428571428571,0.2857142857142857,0.0,20.0,0.00159571,2.5e-08,0.0001056037066757,64.0,29.05916581687427,512.0,dos
0.0,0.0,0.0,0.0,0.0,0.0,0.0,0.0,0.0,0.0,0.0,0.0,0.0,0.0,0.0,0.0,0.0,0.0,0.0,0.0,0.0,0.0,0.0,0.0,0.0,0.0,0.0,0.0,0.0,0.0,benign
0.0,0.0,0.0,0.0,0.0,0.0,0.0,0.0,0.0,0.0,0.0,0.0,0.0,0.0,0.0,0.0,0.0,0.0,0.0,0.0,0.0,0.0,0.0,0.0,0.0,0.0,0.0,0.0,0.0,0.0,benign
1.0,0.0,1.0,0.0,1.0,0.0,0.0,0.0,2.0,2.0,0.0,54.0,1.0,0.0,7.5,2.0,2.0,1.0,1.0,1.0,0.0,0.0,0.0,24.0,0.062921,0.0,0.0314605,64.0,95.5,5638.0,benign
0.0,0.0,0.0,0.0,0.0,0.0,0.0,0.0,0.0,0.0,0.0,0.0,0.0,0.0,0.0,0.0,0.0,0.0,0.0,0.0,0.0,0.0,0.0,0.0,0.0,0.0,0.0,0.0,0.0,0.0,benign
1023.0,0.0,0.1428571428571428,1005.8333333333334,1.0,0.0,377.3125,0.0,0.4285714285714285,0.5714285714285714,0.0,60.0,1.2857142857142858,0.0,9.0,0.2857142857142857,0.2857142857142857,0.2857142857142857,0.2857142857142857,1.0,0.0,0.0,0.0,24.0,0.050425706,8.2e-08,0.0182447641002182,64.0,95.5,5194.0,mitm
0.0,0.0,0.0,0.0,0.0,0.0,0.0,0.0,0.0,0.0,0.0,0.0,0.0,0.0,0.0,0.0,0.0,0.0,0.0,0.0,0.0,0.0,0.0,0.0,0.0,0.0,0.0,0.0,0.0,0.0,benign
0.0,0.0,0.0,0.0,0.0,0.0,0.0,0.0,0.0,0.0,0.0,0.0,0.0,0.0,0.0,0.0,0.0,0.0,0.0,0.0,0.0,0.0,0.0,0.0,0.0,0.0,0.0,0.0,0.0,0.0,benign
0.0,0.0,0.0,0.0,0.0,0.0,0.0,0.0,1.0,2.0,0.0,214.0,0.0,180.0,0.0,1.0,1.0,0.0,1.0,0.0,0.0,0.0,0.0,0.0,0.00786,0.00786,0.0,255.0,0.0,0.0,benign
0.0,0.0,0.0,0.0,0.0,0.0,0.0,0.0,0.0,0.0,0.0,0.0,0.0,0.0,0.0,0.0,0.0,0.0,0.0,0.0,0.0,0.0,0.0,0.0,0.0,0.0,0.0,0.0,0.0,0.0,benign
3.0,0.0,1.0,0.0,1.0,0.0,0.0,0.0,2.0,2.0,0.0,54.0,1.0,0.0,8.5,2.0,2.0,1.0,1.0,1.0,0.0,0.0,0.0,24.0,0.001168,0.0,0.000584,64.0,95.5,5602.0,benign
0.0,0.0,0.0,0.0,0.0,0.0,0.0,0.0,0.0,0.0,0.0,0.0,0.0,0.0,0.0,0.0,0.0,0.0,0.0,0.0,0.0,0.0,0.0,0.0,0.0,0.0,0.0,0.0,0.0,0.0,benign
136.0,0.0,1.0,0.0,2.0,0.0,2.0,0.0,2.0,2.0,0.0,54.0,2.0,0.0,11.0227038425243,2.0,2.0,1.0,1.0,2.0,0.0,0.0,0.0,24.0,0.024714,0.0,0.0101274791131603,64.0,95.5,5586.0,benign
0.0,0.0,0.0,0.0,0.0,0.0,0.0,0.0,0.0,0.0,0.0,0.0,0.0,0.0,0.0,0.0,0.0,0.0,0.0,0.0,0.0,0.0,0.0,0.0,0.0,0.0,0.0,0.0,0.0,0.0,benign
0.0,0.0,0.0,0.0,0.0,0.0,0.0,0.0,0.0,2.0,0.0,198.0,0.0,0.0,0.0,0.0,0.0,0.0,1.0,0.0,0.0,0.0,0.0,0.0,0.080844,0.080844,0.0,0.0,0.0,0.0,benign
0.0,0.0,0.1428571428571428,0.0,0.1428571428571428,0.0,22.22627737226277,0.0,0.4285714285714285,0.4285714285714285,1460.0,60.0,19.571428571428573,0.0,0.9028879285771008,19.571428571428573,19.714285714285715,0.1428571428571428,0.2857142857142857,0.1428571428571428,19.571428571428573,19.428571428571427,0.0,24.0,0.014318762,3.3e-08,0.0013793749573742,37.0,103.59587636580908,1024.0,recon
1023.0,0.0,1.0,0.0,1.0,0.0,0.0,0.0,2.0,2.0,0.0,54.0,1.0,0.0,9.0,2.0,2.0,1.0,1.0,1.0,0.0,0.0,0.0,24.0,0.016102,1e-06,0.0080505,64.0,95.5,5618.0,benign
0.0,0.0,0.0,0.0,0.0,0.0,50.18181818181818,2.0,8.0,5.0,0.0,66.0,7.0,0.0,717.0149299158437,8.0,8.0,3.0,3.0,7.0,0.0,0.0,0.0,24.0,0.055785,0.0,0.0176863489847317,53.0,65.17854751032394,27.0,benign
0.0,0.0,0.0,0.0,0.0,0.0,0.0,0.0,0.0,0.0,0.0,0.0,0.0,0.0,0.0,0.0,0.0,0.0,0.0,0.0,0.0,0.0,0.0,0.0,0.0,0.0,0.0,0.0,0.0,0.0,benign
0.0,0.0,0.0,0.0,0.0,0.0,0.0,0.0,0.0,0.0,0.0,0.0,0.0,0.0,0.0,0.0,0.0,0.0,0.0,0.0,0.0,0.0,0.0,0.0,0.0,0.0,0.0,0.0,0.0,0.0,benign
0.0,0.0,0.0,0.0,0.0,6739.428571428572,0.0819029566967367,0.0,0.1428571428571428,0.4285714285714285,0.0,60.0,12209.714285714286,328.0,213.1791898020604,0.0,0.0,0.2857142857142857,0.0,0.0,0.0,0.0,0.0,0.0,0.001271864,2.6e-08,0.0001608395422634,64.0,0.0,0.0,dos
0.0,0.0,0.0,0.0,0.0,0.0,0.0,0.0,1.0,2.0,0.0,214.0,0.0,180.0,0.0,1.0,1.0,0.0,1.0,0.0,0.0,0.0,0.0,0.0,0.036638,0.036638,0.0,255.0,0.0,0.0,benign
0.0,0.0,0.0,0.0,0.0,0.0,0.0,0.0,0.0,0.0,0.0,0.0,0.0,0.0,0.0,0.0,0.0,0.0,0.0,0.0,0.0,0.0,0.0,0.0,0.0,0.0,0.0,0.0,0.0,0.0,benign
0.0,0.0,0.0,0.0,0.0,0.0,0.0,0.0,0.0,0.0,0.0,0.0,0.0,0.0,0.0,0.0,0.0,0.0,0.0,0.0,0.0,0.0,0.0,0.0,0.0,0.0,0.0,0.0,0.0,0.0,benign
14.0,0.0,1.0,0.0,1.0,0.0,0.0,0.0,2.0,2.0,0.0,54.0,1.0,0.0,10.5,2.0,2.0,1.0,1.0,1.0,0.0,0.0,0.0,24.0,0.001091,0.0,0.0005455,64.0,95.5,5600.0,benign
0.0,0.0,0.0,0.0,0.0,0.0,0.0,0.0,0.0,0.0,0.0,0.0,0.0,0.0,0.0,0.0,0.0,0.0,0.0,0.0,0.0,0.0,0.0,0.0,0.0,0.0,0.0,0.0,0.0,0.0,benign
0.0,0.0,0.0,0.0,0.0,0.0,0.0,0.0,0.0,0.0,0.0,0.0,0.0,0.0,0.0,0.0,0.0,0.0,0.0,0.0,0.0,0.0,0.0,0.0,0.0,0.0,0.0,0.0,0.0,0.0,benign
0.0,0.0,0.0,0.0,0.0,0.0,0.0,0.0,0.0,0.0,0.0,0.0,0.0,0.0,0.0,0.0,0.0,0.0,0.0,0.0,0.0,0.0,0.0,0.0,0.0,0.0,0.0,0.0,0.0,0.0,benign
0.0,0.0,0.0,0.0,0.0,0.0,0.0,0.0,0.0,0.0,0.0,0.0,0.0,0.0,0.0,0.0,0.0,0.0,0.0,0.0,0.0,0.0,0.0,0.0,0.0,0.0,0.0,0.0,0.0,0.0,benign
0.0,0.0,0.0,0.0,0.0,0.0,0.0,0.0,0.0,0.0,0.0,0.0,0.0,0.0,0.0,0.0,0.0,0.0,0.0,0.0,0.0,0.0,0.0,0.0,0.0,0.0,0.0,0.0,0.0,0.0,benign
0.0,0.0,0.0,0.0,0.0,0.0,0.0,0.0,1.0,2.0,0.0,60.0,0.0,0.0,0.0,0.0,0.0,0.0,1.0,0.0,0.0,0.0,0.0,0.0,0.058745,0.058745,0.0,0.0,0.0,0.0,benign
2.0,0.0,1.0,0.0,1.0,0.0,0.0,0.0,2.0,2.0,0.0,54.0,1.0,0.0,8.5,2.0,2.0,1.0,1.0,1.0,0.0,0.0,0.0,24.0,0.000501,0.0,0.0002505,64.0,95.5,5586.0,benign
20.0,13.77270852083932,0.1428571428571428,1004.6666666666666,1.1428571428571428,0.0,0.0135940271880543,0.0,0.8571428571428571,1.0,1436.0,60.0,73903.42857142857,0.0,0.0,0.2857142857142857,0.2857142857142857,0.4285714285714285,0.4285714285714285,0.0,0.2857142857142857,0.7142857142857143,0.0,20.0,0.001462506,2.4e-08,6.543625908992387e-05,64.0,2.5741790589072013,0.0,ddos
0.0,0.0,0.0,0.0,0.0,0.0,0.0,0.0,0.0,0.0,0.0,0.0,0.0,0.0,0.0,0.0,0.0,0.0,0.0,0.0,0.0,0.0,0.0,0.0,0.0,0.0,0.0,0.0,0.0,0.0,benign
1023.0,0.0,1.0,0.0,1.0,0.0,0.0,0.0,2.0,2.0,0.0,54.0,1.0,0.0,9.0,2.0,2.0,1.0,1.0,1.0,0.0,0.0,0.0,24.0,0.019377,0.0,0.0096885,64.0,95.5,5650.0,benign
0.0,0.0,0.0,0.0,0.0,0.0,0.0,0.0,0.0,0.0,0.0,0.0,0.0,0.0,0.0,0.0,0.0,0.0,0.0,0.0,0.0,0.0,0.0,0.0,0.0,0.0,0.0,0.0,0.0,0.0,benign
-0.7,0.5880476171195662,2.0,0.0,2.0,0.0,1.5,0.0,2.0,2.0,0.0,54.0,2.0,0.0,19.327585352432298,2.0,2.0,1.0,1.0,1.0,0.0,0.0,0.0,24.0,0.037617,0.000365,0.0175205952017111,64.0,90.03826347108705,5556.0,benign
0.0,0.0,0.0,0.0,0.0,0.0,0.0,0.0,0.0,0.0,0.0,0.0,0.0,0.0,0.0,0.0,0.0,0.0,0.0,0.0,0.0,0.0,0.0,0.0,0.0,0.0,0.0,0.0,0.0,0.0,benign
124.0,0.0,1.0,0.0,2.0,0.0,53.0,0.0,2.0,2.0,0.0,54.0,2.0,0.0,11.0227038425243,2.0,2.0,1.0,1.0,2.0,0.0,0.0,0.0,24.0,0.000482,0.0,0.0002215959160273,64.0,95.5,5578.0,benign
0.0,0.0,0.0,0.0,0.0,0.0,0.0,0.0,0.0,0.0,0.0,0.0,0.0,0.0,0.0,0.0,0.0,0.0,0.0,0.0,0.0,0.0,0.0,0.0,0.0,0.0,0.0,0.0,0.0,0.0,benign
916.0,0.0,2.0,0.0,3.0,0.0,1.0,0.0,2.0,2.0,0.0,54.0,2.0,0.0,22.93877721239735,2.0,2.0,1.0,1.0,2.0,0.0,0.0,0.0,24.0,0.056067,0.0,0.0239437238997508,64.0,95.5,5590.0,benign
0.0,0.0,0.0,0.0,0.0,0.0,0.0,0.0,0.0,0.0,0.0,0.0,0.0,0.0,0.0,0.0,0.0,0.0,0.0,0.0,0.0,0.0,0.0,0.0,0.0,0.0,0.0,0.0,0.0,0.0,benign
0.0,0.0,0.0,0.0,0.0,0.0,81.63636363636364,2.0,7.0,6.0,0.0,60.0,5.0,0.0,923.9525150136234,3.0,3.0,3.0,4.0,2.0,0.0,0.0,0.0,24.0,0.093807,0.0,0.0315610573891438,2.0,28.546258754675524,660.0,benign
0.0,0.0,0.0,0.0,0.0,0.0,0.0,0.0,0.0,0.0,0.0,0.0,0.0,0.0,0.0,0.0,0.0,0.0,0.0,0.0,0.0,0.0,0.0,0.0,0.0,0.0,0.0,0.0,0.0,0.0,benign
0.0,0.0,0.0,0.0,0.0,0.0,23.0,0.0,0.5714285714285714,0.5714285714285714,1460.0,60.0,19.857142857142858,0.0,17.881239606901023,19.714285714285715,19.857142857142858,0.2857142857142857,0.5714285714285714,0.0,19.285714285714285,19.571428571428573,0.0,20.0,0.07619766,3.2e-08,0.0059052975975442,37.0,103.80486091024252,0.0,recon
124.0,0.0,1.0,0.0,2.0,0.0,0.6666666666666666,0.0,2.0,2.0,0.0,54.0,2.0,0.0,11.0227038425243,2.0,2.0,1.0,1.0,2.0,0.0,0.0,0.0,24.0,0.015664,0.0,0.0065158675314573,64.0,95.5,5546.0,benign
0.0,0.0,0.0,0.0,0.0,0.0,0.0,0.0,0.0,2.0,0.0,198.0,0.0,0.0,0.0,0.0,0.0,0.0,1.0,0.0,0.0,0.0,0.0,0.0,0.024846,0.024846,0.0,0.0,0.0,0.0,benign
12.0,0.0,1.0,0.0,1.0,0.0,1.0,0.0,2.0,2.0,0.0,54.0,1.0,0.0,10.5,2.0,2.0,1.0,1.0,1.0,0.0,0.0,0.0,24.0,0.032799,0.000256,0.0162715,64.0,95.5,5632.0,benign
0.0,0.0,0.0,0.0,0.0,0.0,0.0,0.0,1.0,2.0,0.0,230.0,0.0,196.0,0.0,1.0,1.0,0.0,1.0,0.0,0.0,0.0,0.0,0.0,0.018172,0.018172,0.0,255.0,0.0,0.0,benign
0.0,0.0,0.0,0.0,0.0,0.0,0.0,0.0,0.0,0.0,0.0,0.0,0.0,0.0,0.0,0.0,0.0,0.0,0.0,0.0,0.0,0.0,0.0,0.0,0.0,0.0,0.0,0.0,0.0,0.0,benign
0.0,0.0,0.0,0.0,0.0,0.0,0.0,0.0,1.0,2.0,0.0,230.0,0.0,196.0,0.0,1.0,1.0,0.0,1.0,0.0,0.0,0.0,0.0,0.0,0.011494,0.011494,0.0,255.0,0.0,0.0,benign
0.0,0.0,0.0,0.0,0.0,0.0,0.0,0.0,0.0,0.0,0.0,0.0,0.0,0.0,0.0,0.0,0.0,0.0,0.0,0.0,0.0,0.0,0.0,0.0,0.0,0.0,0.0,0.0,0.0,0.0,benign
0.0,0.0,0.0,0.0,0.0,0.0,0.0,0.0,0.0,0.0,0.0,0.0,0.0,0.0,0.0,0.0,0.0,0.0,0.0,0.0,0.0,0.0,0.0,0.0,0.0,0.0,0.0,0.0,0.0,0.0,benign
2.0,0.0,1.0,0.0,1.0,0.0,0.0,0.0,2.0,2.0,0.0,54.0,1.0,0.0,7.5,2.0,2.0,1.0,1.0,1.0,0.0,0.0,0.0,24.0,0.004598,0.000504,0.0020469999999999,64.0,95.5,5558.0,benign
0.0,0.0,0.0,0.0,0.0,0.0,0.0,0.0,0.0,0.0,0.0,0.0,0.0,0.0,0.0,0.0,0.0,0.0,0.0,0.0,0.0,0.0,0.0,0.0,0.0,0.0,0.0,0.0,0.0,0.0,benign
0.0,0.0,0.0,0.0,0.0,0.0,0.0375994370827133,0.0,0.2857142857142857,0.2857142857142857,0.0,60.0,26546.571428571428,0.0,0.0,49.85714285714285,9416.57142857143,0.1428571428571428,0.1428571428571428,0.0,49.71428571428572,0.0,0.0,20.0,0.000864024,2.6e-08,0.0001052007304795,64.0,8.25006174163412,512.0,dos
213.0,0.0,1.0,0.0,2.0,0.0,1.3333333333333333,0.0,2.0,2.0,0.0,54.0,2.0,0.0,10.594810050208546,2.0,2.0,1.0,1.0,2.0,0.0,0.0,0.0,24.0,0.022053,0.0,0.009113362140286,64.0,95.5,5560.0,benign
0.0,0.0,0.0,0.0,0.0,0.0,41.333333333333336,0.0,2.0,2.0,0.0,60.0,2.0,0.0,0.0,0.0,0.0,1.0,1.0,0.0,0.0,0.0,0.0,0.0,0.039444,0.004637,0.0132499463465894,0.0,0.0,0.0,benign
123.0,0.0,1.0,0.0,2.0,0.0,0.6666666666666666,0.0,2.0,2.0,0.0,54.0,2.0,0.0,11.0227038425243,2.0,2.0,1.0,1.0,2.0,0.0,0.0,0.0,24.0,0.003977,0.0,0.001671460644915,64.0,95.5,5572.0,benign
0.0,0.0,0.0,0.0,0.0,0.0,406.0,0.0,2.0,3.0,0.0,60.0,1.0,0.0,0.0,0.0,0.0,1.0,2.0,0.0,0.0,0.0,0.0,0.0,0.023246,1e-06,0.0096331857082114,0.0,0.0,0.0,benign
0.0,0.0,0.0,0.0,0.0,0.0,0.0,0.0,0.0,0.0,0.0,0.0,0.0,0.0,0.0,0.0,0.0,0.0,0.0,0.0,0.0,0.0,0.0,0.0,0.0,0.0,0.0,0.0,0.0,0.0,benign
0.0,0.0,0.0,0.0,0.0,0.0,0.0,0.0,0.0,0.0,0.0,0.0,0.0,0.0,0.0,0.0,0.0,0.0,0.0,0.0,0.0,0.0,0.0,0.0,0.0,0.0,0.0,0.0,0.0,0.0,benign
22.3,0.0,1.0,0.0,7.0,0.0,0.8,0.0,2.0,2.0,0.0,54.0,3.0,0.0,61.98498922230196,2.0,2.0,1.0,1.0,3.0,0.0,0.0,0.0,24.0,0.026254,0.0,0.0095013512372363,64.0,95.5,5626.0,benign
0.0,0.0,0.0,0.0,0.0,0.0,123.33333333333331,0.0,3.0,3.0,0.0,60.0,1.0,180.0,0.0,1.0,1.0,1.0,2.0,0.0,0.0,0.0,0.0,0.0,0.036359,0.001826,0.0145926999279605,255.0,0.0,0.0,benign
0.0,0.0,0.0,0.0,0.0,0.0,0.0,0.0,0.0,0.0,0.0,0.0,0.0,0.0,0.0,0.0,0.0,0.0,0.0,0.0,0.0,0.0,0.0,0.0,0.0,0.0,0.0,0.0,0.0,0.0,benign
1023.0,0.0,1.0,0.0,1.0,0.0,0.0,0.0,2.0,2.0,0.0,54.0,1.0,0.0,9.0,2.0,2.0,1.0,1.0,1.0,0.0,0.0,0.0,24.0,0.001733,0.0,0.0008665,64.0,95.5,5626.0,benign
915.0,0.0,2.0,0.0,3.0,0.0,6.666666666666667,0.0,2.0,2.0,0.0,54.0,2.0,0.0,22.93877721239735,2.0,2.0,1.0,1.0,2.0,0.0,0.0,0.0,24.0,0.035141,0.0,0.0145987794930774,64.0,95.5,5590.0,benign
0.0,0.0,0.0,0.0,0.0,0.0,0.0,0.0,0.0,0.0,0.0,0.0,0.0,0.0,0.0,0.0,0.0,0.0,0.0,0.0,0.0,0.0,0.0,0.0,0.0,0.0,0.0,0.0,0.0,0.0,benign
211.0,0.0,1.0,0.0,2.0,0.0,1.0,0.0,2.0,2.0,0.0,54.0,2.0,0.0,10.594810050208546,2.0,2.0,1.0,1.0,2.0,0.0,0.0,0.0,24.0,0.007675,0.0,0.0031344886744092,64.0,95.5,5596.0,benign
0.0,0.0,0.0,0.0,0.0,0.0,0.0,0.0,0.0,0.0,0.0,0.0,0.0,0.0,0.0,0.0,0.0,0.0,0.0,0.0,0.0,0.0,0.0,0.0,0.0,0.0,0.0,0.0,0.0,0.0,benign
0.0,0.0,0.0,0.0,0.0,0.0,4.5,2.0,2.0,2.0,0.0,66.0,3.0,0.0,538.4715405664444,2.0,2.0,2.0,2.0,2.0,0.0,0.0,0.0,24.0,0.012388,0.0,0.0048179952511392,61.0,1.4696938456698574,660.0,benign
0.0,0.0,0.0,0.0,0.0,0.0,0.0,0.0,0.0,0.0,0.0,0.0,0.0,0.0,0.0,0.0,0.0,0.0,0.0,0.0,0.0,0.0,0.0,0.0,0.0,0.0,0.0,0.0,0.0,0.0,benign
915.0,0.0,2.0,0.0,3.0,0.0,3.6666666666666665,0.0,2.0,2.0,0.0,54.0,2.0,0.0,22.93877721239735,2.0,2.0,1.0,1.0,2.0,0.0,0.0,0.0,24.0,0.091326,0.0,0.0382521186079934,64.0,95.5,5590.0,benign
0.0,0.0,0.0,0.0,0.0,0.0,2.7810885975367503,0.0,31.857142857142858,5.714285714285714,1460.0,60.0,116.57142857142856,0.0,149.78582406222262,139.14285714285714,139.14285714285714,0.7142857142857143,0.8571428571428571,40.285714285714285,72.0,75.0,0.0,24.0,0.034686975,3.2e-08,0.0020188482825524,61.0,91.35465317347186,0.0,malware
22.3,0.0,1.0,0.0,7.0,0.0,63.71428571428572,0.0,3.0,3.0,0.0,54.0,4.0,0.0,61.98498922230196,2.0,2.0,2.0,2.0,3.0,0.0,0.0,0.0,24.0,0.03923,0.0,0.0156218702980589,64.0,95.5,5608.0,benign
-0.69,0.5840281576164704,2.0,0.0,2.0,0.0,110.25,0.0,3.0,3.0,0.0,54.0,3.0,0.0,19.327585352432298,2.0,2.0,2.0,2.0,1.0,0.0,0.0,0.0,24.0,0.006139,0.0,0.0027476748424804,64.0,90.03826347108705,5550.0,benign
0.0,0.0,0.0,0.0,0.0,0.0,0.0,0.0,0.0,0.0,0.0,0.0,0.0,0.0,0.0,0.0,0.0,0.0,0.0,0.0,0.0,0.0,0.0,0.0,0.0,0.0,0.0,0.0,0.0,0.0,benign
0.0,0.0,0.0,0.0,0.0,0.0,0.0,0.0,0.0,0.0,0.0,0.0,0.0,0.0,0.0,0.0,0.0,0.0,0.0,0.0,0.0,0.0,0.0,0.0,0.0,0.0,0.0,0.0,0.0,0.0,benign
0.0,0.0,0.0,0.0,0.0,0.0,13.0,0.0,2.0,2.0,0.0,60.0,1.0,0.0,0.0,0.0,0.0,1.0,1.0,0.0,0.0,0.0,0.0,0.0,0.025998,0.012461,0.0067685,0.0,0.0,0.0,benign
0.0,0.0,0.0,0.0,0.0,0.0,0.0,0.0,0.0,0.0,0.0,0.0,0.0,0.0,0.0,0.0,0.0,0.0,0.0,0.0,0.0,0.0,0.0,0.0,0.0,0.0,0.0,0.0,0.0,0.0,benign
0.0,0.0,0.0,0.0,0.0,0.0,0.0,0.0,1.0,2.0,0.0,970.0,0.0,936.0,0.0,1.0,1.0,0.0,1.0,0.0,0.0,0.0,0.0,0.0,0.005929,0.005929,0.0,64.0,0.0,0.0,benign
0.0,0.0,0.0,0.0,0.0,0.0,0.0,0.0,0.0,0.0,0.0,0.0,0.0,0.0,0.0,0.0,0.0,0.0,0.0,0.0,0.0,0.0,0.0,0.0,0.0,0.0,0.0,0.0,0.0,0.0,benign
1023.0,0.0,1.0,0.0,1.0,0.0,0.0,0.0,2.0,2.0,0.0,54.0,1.0,0.0,9.0,2.0,2.0,1.0,1.0,1.0,0.0,0.0,0.0,24.0,0.001426,0.0,0.000713,64.0,95.5,5598.0,benign
6.0,0.0,1.0,0.0,1.0,0.0,448.0,0.0,2.0,3.0,0.0,54.0,1.0,0.0,8.5,2.0,2.0,1.0,2.0,1.0,0.0,0.0,0.0,24.0,0.110879,0.0,0.0504577079036383,64.0,95.5,5604.0,benign
0.0,0.0,0.0,0.0,0.0,0.0,0.0,0.0,0.0,0.0,0.0,0.0,0.0,0.0,0.0,0.0,0.0,0.0,0.0,0.0,0.0,0.0,0.0,0.0,0.0,0.0,0.0,0.0,0.0,0.0,benign
0.0,0.0,0.0,0.0,0.0,0.0,26.257142857142856,0.0,12.0,11.0,0.0,54.0,17.0,0.0,267.1395156717428,14.0,13.0,4.0,3.0,16.0,0.0,0.0,0.0,24.0,0.249384,0.0,0.0475837467620685,55.0,93.47979579685774,660.0,benign
-0.7,0.5880476171195662,2.0,0.0,2.0,0.0,1.5,0.0,2.0,2.0,0.0,54.0,2.0,0.0,19.327585352432298,2.0,2.0,1.0,1.0,1.0,0.0,0.0,0.0,24.0,0.060164,1e-06,0.0282412041646008,64.0,90.03826347108705,5620.0,benign
0.0,0.0,0.0,0.0,0.0,0.0,0.0,0.0,0.0,0.0,0.0,0.0,0.0,0.0,0.0,0.0,0.0,0.0,0.0,0.0,0.0,0.0,0.0,0.0,0.0,0.0,0.0,0.0,0.0,0.0,benign
0.0,0.0,0.0,0.0,0.0,0.0,0.0,0.0,0.0,0.0,0.0,0.0,0.0,0.0,0.0,0.0,0.0,0.0,0.0,0.0,0.0,0.0,0.0,0.0,0.0,0.0,0.0,0.0,0.0,0.0,benign
1023.0,0.0,1.0,0.0,1.0,0.0,0.0,0.0,2.0,2.0,0.0,54.0,1.0,0.0,9.0,2.0,2.0,1.0,1.0,1.0,0.0,0.0,0.0,24.0,0.044124,0.0,0.022062,64.0,95.5,5606.0,benign
0.0,0.0,0.0,0.0,0.0,0.0,0.0,0.0,0.0,0.0,0.0,0.0,0.0,0.0,0.0,0.0,0.0,0.0,0.0,0.0,0.0,0.0,0.0,0.0,0.0,0.0,0.0,0.0,0.0,0.0,benign
0.0,0.0,0.0,0.0,0.0,0.0,0.0,0.0,0.0,0.0,0.0,0.0,0.0,0.0,0.0,0.0,0.0,0.0,0.0,0.0,0.0,0.0,0.0,0.0,0.0,0.0,0.0,0.0,0.0,0.0,benign
0.0,0.0,0.0,0.0,0.0,0.0,0.0,0.0,0.0,0.0,0.0,0.0,0.0,0.0,0.0,0.0,0.0,0.0,0.0,0.0,0.0,0.0,0.0,0.0,0.0,0.0,0.0,0.0,0.0,0.0,benign
0.0,0.0,0.0,0.0,0.0,0.0,0.0,0.0,0.0,2.0,0.0,198.0,0.0,0.0,0.0,0.0,0.0,0.0,1.0,0.0,0.0,0.0,0.0,0.0,0.03177,0.03177,0.0,0.0,0.0,0.0,benign
0.0,0.0,0.0,0.0,0.0,0.0,0.0,0.0,0.0,0.0,0.0,0.0,0.0,0.0,0.0,0.0,0.0,0.0,0.0,0.0,0.0,0.0,0.0,0.0,0.0,0.0,0.0,0.0,0.0,0.0,benign
0.0,0.0,0.0,0.0,0.0,0.0,141.0,0.0,3.0,3.0,0.0,54.0,3.0,0.0,895.9349529960309,3.0,3.0,2.0,2.0,2.0,0.0,0.0,0.0,24.0,0.257455,0.0,0.0993624954062648,61.0,77.01168742470198,660.0,benign
0.0,0.0,0.0,0.0,0.0,0.0,0.0,0.0,0.0,0.0,0.0,0.0,0.0,0.0,0.0,0.0,0.0,0.0,0.0,0.0,0.0,0.0,0.0,0.0,0.0,0.0,0.0,0.0,0.0,0.0,benign
0.0,9.995917534020515,0.1428571428571428,1001.3333333333334,1.0,0.0,20.640949554896142,0.0,0.5714285714285714,0.5714285714285714,1460.0,60.0,23.714285714285715,0.0,2.1841730450194574,23.0,23.857142857142858,0.2857142857142857,0.4285714285714285,1.0,23.428571428571427,22.571428571428573,0.0,24.0,0.044552218,3.3e-08,0.0027577819755285,37.0,102.83714239381425,1024.0,recon
915.0,0.0,2.0,0.0,3.0,0.0,1.0,0.0,2.0,2.0,0.0,54.0,2.0,0.0,22.93877721239735,2.0,2.0,1.0,1.0,2.0,0.0,0.0,0.0,24.0,0.012059,0.000292,0.0049001548444921,64.0,95.5,5642.0,benign
0.0,0.0,0.0,0.0,0.0,0.0,0.0,0.0,0.0,0.0,0.0,0.0,0.0,0.0,0.0,0.0,0.0,0.0,0.0,0.0,0.0,0.0,0.0,0.0,0.0,0.0,0.0,0.0,0.0,0.0,benign
0.0,0.0,0.0,0.0,0.0,0.0,0.0,0.0,0.0,0.0,0.0,0.0,0.0,0.0,0.0,0.0,0.0,0.0,0.0,0.0,0.0,0.0,0.0,0.0,0.0,0.0,0.0,0.0,0.0,0.0,benign
0.0,0.0,0.0,0.0,0.0,0.0,2.0,2.0,2.0,2.0,0.0,66.0,2.0,0.0,933.4074672938932,2.0,2.0,2.0,2.0,2.0,0.0,0.0,0.0,24.0,0.002429,0.0,0.001191463595751,61.0,1.5,660.0,benign
0.0,0.0,0.0,0.0,0.0,0.0,0.3255419885372539,0.0,0.7142857142857143,0.4285714285714285,1460.0,60.0,1432.857142857143,0.0,80.10143801065477,145.0,145.0,0.4285714285714285,0.4285714285714285,1.0,1428.571428571429,1428.571428571429,0.0,24.0,0.09352535,2.8e-08,0.0012516180577389,37.0,9.294776729775746,0.0,recon
0.0,0.0,0.0,0.0,0.0,0.0,0.0,0.0,1.0,2.0,0.0,60.0,0.0,0.0,0.0,0.0,0.0,0.0,1.0,0.0,0.0,0.0,0.0,0.0,0.08863,0.08863,0.0,0.0,0.0,0.0,benign
0.0,0.0,0.0,0.0,0.0,0.0,0.0,0.0,0.0,0.0,0.0,0.0,0.0,0.0,0.0,0.0,0.0,0.0,0.0,0.0,0.0,0.0,0.0,0.0,0.0,0.0,0.0,0.0,0.0,0.0,benign
0.0,0.0,0.0,0.0,0.0,0.0,0.0,0.0,0.0,0.0,0.0,0.0,0.0,0.0,0.0,0.0,0.0,0.0,0.0,0.0,0.0,0.0,0.0,0.0,0.0,0.0,0.0,0.0,0.0,0.0,benign
0.0,0.0,0.0,0.0,0.0,0.0,0.0,0.0,0.0,0.0,0.0,0.0,0.0,0.0,0.0,0.0,0.0,0.0,0.0,0.0,0.0,0.0,0.0,0.0,0.0,0.0,0.0,0.0,0.0,0.0,benign
0.0,0.0,0.0,0.0,0.0,0.0,0.0,0.0,0.0,0.0,0.0,0.0,0.0,0.0,0.0,0.0,0.0,0.0,0.0,0.0,0.0,0.0,0.0,0.0,0.0,0.0,0.0,0.0,0.0,0.0,benign
0.0,0.0,0.0,0.0,0.0,0.0,0.0,0.0,0.0,0.0,0.0,0.0,0.0,0.0,0.0,0.0,0.0,0.0,0.0,0.0,0.0,0.0,0.0,0.0,0.0,0.0,0.0,0.0,0.0,0.0,benign
0.0,0.0,0.0,0.0,0.0,0.0,0.0,0.0,0.0,0.0,0.0,0.0,0.0,0.0,0.0,0.0,0.0,0.0,0.0,0.0,0.0,0.0,0.0,0.0,0.0,0.0,0.0,0.0,0.0,0.0,benign
0.0,0.0,0.0,0.0,0.0,0.0,0.0,0.0,0.0,0.0,0.0,0.0,0.0,0.0,0.0,0.0,0.0,0.0,0.0,0.0,0.0,0.0,0.0,0.0,0.0,0.0,0.0,0.0,0.0,0.0,benign
0.0,0.0,0.0,0.0,0.0,0.0,0.0,0.0,0.0,0.0,0.0,0.0,0.0,0.0,0.0,0.0,0.0,0.0,0.0,0.0,0.0,0.0,0.0,0.0,0.0,0.0,0.0,0.0,0.0,0.0,benign
0.0,0.0,0.0,0.0,0.0,0.0,0.0,0.0,0.0,0.0,0.0,0.0,0.0,0.0,0.0,0.0,0.0,0.0,0.0,0.0,0.0,0.0,0.0,0.0,0.0,0.0,0.0,0.0,0.0,0.0,benign
0.0,0.0,1.0,0.0,1.0,0.0,166.0,0.0,3.0,3.0,0.0,54.0,2.0,0.0,8.0,2.0,2.0,2.0,2.0,1.0,0.0,0.0,0.0,24.0,0.029978,0.0,0.0117729839569244,64.0,95.5,5632.0,benign
0.0,0.0,0.0,0.0,0.0,0.0,0.0,0.0,1.0,2.0,0.0,214.0,0.0,180.0,0.0,1.0,1.0,0.0,1.0,0.0,0.0,0.0,0.0,0.0,0.000802,0.000802,0.0,255.0,0.0,0.0,benign
0.0,0.0,0.0,0.0,0.0,0.0,0.0,0.0,0.0,2.0,0.0,198.0,0.0,0.0,0.0,0.0,0.0,0.0,1.0,0.0,0.0,0.0,0.0,0.0,0.072895,0.072895,0.0,0.0,0.0,0.0,benign
0.0,0.0,2.0,0.0,2.0,0.0,22.5,0.0,2.0,2.0,0.0,54.0,2.0,0.0,8.956685895029603,2.0,2.0,1.0,1.0,1.0,0.0,0.0,0.0,24.0,0.014266,0.0,0.0065258305899623,64.0,90.03826347108705,5632.0,benign
0.0,0.0,0.0,0.0,0.0,0.0,0.0,0.0,0.0,0.0,0.0,0.0,0.0,0.0,0.0,0.0,0.0,0.0,0.0,0.0,0.0,0.0,0.0,0.0,0.0,0.0,0.0,0.0,0.0,0.0,benign
0.0,0.0,0.0,0.0,0.0,0.0,0.0,0.0,0.0,0.0,0.0,0.0,0.0,0.0,0.0,0.0,0.0,0.0,0.0,0.0,0.0,0.0,0.0,0.0,0.0,0.0,0.0,0.0,0.0,0.0,benign
0.0,0.0,0.0,0.0,0.0,0.0,1.5,2.0,2.0,2.0,0.0,66.0,3.0,0.0,548.9332928507798,2.0,2.0,2.0,2.0,2.0,0.0,0.0,0.0,24.0,0.005528,0.0,0.0020988489797982,61.0,1.4696938456698574,660.0,benign
11.0,0.0,1.0,0.0,1.0,0.0,0.0,0.0,2.0,2.0,0.0,54.0,1.0,0.0,8.0,2.0,2.0,1.0,1.0,1.0,0.0,0.0,0.0,24.0,0.006945,0.000292,0.0033265,64.0,95.5,5614.0,benign
0.0,0.0,0.0,0.0,0.0,0.0,0.0,0.0,0.0,0.0,0.0,0.0,0.0,0.0,0.0,0.0,0.0,0.0,0.0,0.0,0.0,0.0,0.0,0.0,0.0,0.0,0.0,0.0,0.0,0.0,benign
0.0,0.0,0.0,0.0,0.0,0.0,19.27272727272728,0.0,12.0,12.0,0.0,54.0,22.0,0.0,354.70534876774053,13.0,13.0,3.0,2.0,22.0,0.0,0.0,0.0,24.0,0.168317,0.0,0.0336329180103858,61.0,95.0298562571096,660.0,benign
0.0,0.0,0.0,0.0,0.0,0.0,0.0,0.0,0.0,0.0,0.0,0.0,0.0,0.0,0.0,0.0,0.0,0.0,0.0,0.0,0.0,0.0,0.0,0.0,0.0,0.0,0.0,0.0,0.0,0.0,benign
0.0,0.0,1.0,0.0,1.0,0.0,0.0,0.0,2.0,2.0,0.0,54.0,1.0,0.0,7.5,2.0,2.0,1.0,1.0,1.0,0.0,0.0,0.0,24.0,0.028701,0.0,0.0143505,64.0,95.5,5608.0,benign
0.0,0.0,0.0,0.0,0.0,0.0,0.0,0.0,0.0,0.0,0.0,0.0,0.0,0.0,0.0,0.0,0.0,0.0,0.0,0.0,0.0,0.0,0.0,0.0,0.0,0.0,0.0,0.0,0.0,0.0,dos
0.0,0.0,0.0,0.0,0.0,0.0,184.0,0.0,3.0,3.0,0.0,54.0,3.0,0.0,1.0,2.0,2.0,3.0,3.0,2.0,0.0,0.0,0.0,24.0,0.030123,1e-06,0.01151641349577,64.0,95.5,5612.0,benign
-0.7,0.5880476171195662,2.0,0.0,2.0,0.0,2.5,0.0,2.0,2.0,0.0,54.0,2.0,0.0,19.327585352432298,2.0,2.0,1.0,1.0,1.0,0.0,0.0,0.0,24.0,0.004241,0.0,0.0019992265726747,64.0,90.03826347108705,5596.0,benign
22.3,0.0,1.0,0.0,7.0,0.0,1.1428571428571428,0.0,2.0,2.0,0.0,54.0,4.0,0.0,35.755899862819845,2.0,2.0,1.0,1.0,4.0,0.0,0.0,0.0,24.0,0.007345,0.0,0.0024940843729463,64.0,95.5,5616.0,benign
0.0,0.0,0.0,0.0,0.0,0.0,28.0,0.0,12.0,12.0,0.0,54.0,16.0,0.0,397.88098501551264,13.0,13.0,3.0,2.0,16.0,0.0,0.0,0.0,24.0,0.147682,0.0,0.0297632174797905,61.0,94.55609885690954,660.0,benign
0.0,0.0,0.0,0.0,0.0,0.0,0.0,0.0,0.0,0.0,0.0,0.0,0.0,0.0,0.0,0.0,0.0,0.0,0.0,0.0,0.0,0.0,0.0,0.0,0.0,0.0,0.0,0.0,0.0,0.0,benign
0.0,0.0,0.0,0.0,0.0,0.0,0.0,0.0,0.0,0.0,0.0,0.0,0.0,0.0,0.0,0.0,0.0,0.0,0.0,0.0,0.0,0.0,0.0,0.0,0.0,0.0,0.0,0.0,0.0,0.0,benign
0.0,0.0,0.0,0.0,0.0,0.0,0.0,0.0,0.0,0.0,0.0,0.0,0.0,0.0,0.0,0.0,0.0,0.0,0.0,0.0,0.0,0.0,0.0,0.0,0.0,0.0,0.0,0.0,0.0,0.0,benign
0.0,0.0,0.0,0.0,0.0,0.0,0.0,0.0,0.0,0.0,0.0,0.0,0.0,0.0,0.0,0.0,0.0,0.0,0.0,0.0,0.0,0.0,0.0,0.0,0.0,0.0,0.0,0.0,0.0,0.0,benign
0.0,0.0,0.0,0.0,0.0,0.0,0.0,0.0,0.0,2.0,0.0,198.0,0.0,0.0,0.0,0.0,0.0,0.0,1.0,0.0,0.0,0.0,0.0,0.0,0.010287,0.010287,0.0,0.0,0.0,0.0,benign
0.0,0.0,0.0,0.0,0.0,0.0,24.0,0.0,2.0,2.0,0.0,60.0,1.0,0.0,0.0,0.0,0.0,1.0,1.0,0.0,0.0,0.0,0.0,0.0,0.004884,0.001288,0.0014942625829039,0.0,0.0,0.0,benign
911.0,0.0,2.0,0.0,3.0,0.0,1.0,0.0,2.0,2.0,0.0,54.0,2.0,0.0,22.93877721239735,2.0,2.0,1.0,1.0,2.0,0.0,0.0,0.0,24.0,0.030992,0.0,0.013074681112268,64.0,95.5,5628.0,benign
0.0,0.0,0.0,0.0,0.0,0.0,0.0,0.0,0.0,0.0,0.0,0.0,0.0,0.0,0.0,0.0,0.0,0.0,0.0,0.0,0.0,0.0,0.0,0.0,0.0,0.0,0.0,0.0,0.0,0.0,benign
0.0,0.0,0.0,0.0,0.0,0.0,0.0,0.0,0.0,0.0,0.0,0.0,0.0,0.0,0.0,0.0,0.0,0.0,0.0,0.0,0.0,0.0,0.0,0.0,0.0,0.0,0.0,0.0,0.0,0.0,benign
0.0,0.0,0.0,0.0,0.0,0.0,0.0,0.0,0.0,0.0,0.0,0.0,0.0,0.0,0.0,0.0,0.0,0.0,0.0,0.0,0.0,0.0,0.0,0.0,0.0,0.0,0.0,0.0,0.0,0.0,benign
0.0,0.0,0.0,0.0,0.0,0.0,0.0,0.0,0.0,0.0,0.0,0.0,0.0,0.0,0.0,0.0,0.0,0.0,0.0,0.0,0.0,0.0,0.0,0.0,0.0,0.0,0.0,0.0,0.0,0.0,benign
0.0,0.0,1.0,0.0,1.0,0.0,0.0,0.0,2.0,2.0,0.0,54.0,1.0,0.0,7.5,2.0,2.0,1.0,1.0,1.0,0.0,0.0,0.0,24.0,0.18251,0.0,0.091255,64.0,95.5,5630.0,benign
0.0,0.0,0.0,0.0,0.0,0.0,0.0,0.0,0.0,0.0,0.0,0.0,0.0,0.0,0.0,0.0,0.0,0.0,0.0,0.0,0.0,0.0,0.0,0.0,0.0,0.0,0.0,0.0,0.0,0.0,benign
2.0,0.0,1.0,0.0,1.0,0.0,0.0,0.0,2.0,2.0,0.0,54.0,1.0,0.0,8.5,2.0,2.0,1.0,1.0,1.0,0.0,0.0,0.0,24.0,0.006995,0.0,0.0034975,64.0,95.5,5570.0,benign
1023.0,0.0,1.0,0.0,1.0,0.0,0.0,0.0,2.0,2.0,0.0,54.0,1.0,0.0,9.0,2.0,2.0,1.0,1.0,1.0,0.0,0.0,0.0,24.0,0.045809,0.0,0.0229045,64.0,95.5,5590.0,benign
139.0,0.0,1.0,0.0,2.0,0.0,0.6666666666666666,0.0,2.0,2.0,0.0,54.0,2.0,0.0,11.0227038425243,2.0,2.0,1.0,1.0,2.0,0.0,0.0,0.0,24.0,0.013103,0.0,0.0054471178158729,64.0,95.5,5588.0,benign
916.0,0.0,2.0,0.0,3.0,0.0,1.6666666666666667,0.0,2.0,2.0,0.0,54.0,2.0,0.0,22.93877721239735,2.0,2.0,1.0,1.0,2.0,0.0,0.0,0.0,24.0,0.011828,0.0,0.0048331027818576,64.0,95.5,5550.0,benign
0.0,0.0,0.0,0.0,0.0,0.0,21.644012944983817,2.0,0.4285714285714285,0.4285714285714285,1460.0,60.0,24.142857142857142,0.0,103.5032790384696,4.142857142857143,4.142857142857143,0.2857142857142857,0.5714285714285714,8.0,0.0,8.0,0.0,24.0,0.154483,0.0,0.014347296380749,63.0,0.4979295977316241,501.0,web
0.0,0.0,0.0,0.0,0.0,0.0,3.0,0.0,2.0,2.0,0.0,60.0,1.0,0.0,0.0,0.0,0.0,1.0,1.0,0.0,0.0,0.0,0.0,0.0,0.029947,0.002756,0.0135955,0.0,0.0,0.0,benign
0.0,0.0,0.0,0.0,0.0,0.0,0.0,0.0,0.0,0.0,0.0,0.0,0.0,0.0,0.0,0.0,0.0,0.0,0.0,0.0,0.0,0.0,0.0,0.0,0.0,0.0,0.0,0.0,0.0,0.0,benign
0.0,0.0,0.0,0.0,0.0,0.0,0.0,0.0,0.0,0.0,0.0,0.0,0.0,0.0,0.0,0.0,0.0,0.0,0.0,0.0,0.0,0.0,0.0,0.0,0.0,0.0,0.0,0.0,0.0,0.0,benign
0.0,0.0,0.0,0.0,0.0,0.0,0.0347962678517281,0.0,0.8571428571428571,0.4285714285714285,0.0,60.0,26385.0,0.0,0.4521945322702564,2162.0,9416.57142857143,0.4285714285714285,0.4285714285714285,0.0,2353.285714285714,0.0,0.0,20.0,0.001500521,2.5e-08,0.0001019983772738,46.0,0.0610177399086506,0.0,dos
129.0,0.0,1.0,0.0,2.0,0.0,1.6666666666666667,0.0,2.0,2.0,0.0,54.0,2.0,0.0,11.0227038425243,2.0,2.0,1.0,1.0,2.0,0.0,0.0,0.0,24.0,0.014236,0.0,0.0058155483619345,64.0,95.5,5596.0,benign
0.0,0.0,0.0,0.0,0.0,0.0,0.0,0.0,0.0,0.0,0.0,0.0,0.0,0.0,0.0,0.0,0.0,0.0,0.0,0.0,0.0,0.0,0.0,0.0,0.0,0.0,0.0,0.0,0.0,0.0,benign
4.0,0.0,1.0,0.0,1.0,0.0,17.666666666666668,0.0,3.0,3.0,0.0,54.0,2.0,0.0,7.5,2.0,2.0,2.0,2.0,1.0,0.0,0.0,0.0,24.0,0.018245,0.0,0.0076864418621362,64.0,95.5,5606.0,benign
0.0,0.0,0.0,0.0,0.0,0.0,24.25,0.0,11.0,11.0,0.0,54.0,14.0,0.0,411.720822482049,11.0,11.0,4.0,3.0,13.0,0.0,0.0,0.0,24.0,0.152136,0.0,0.0402846188785232,61.0,94.03555641913458,660.0,benign
3.0,0.0,1.0,0.0,1.0,0.0,119.33333333333331,0.0,2.0,2.0,0.0,54.0,2.0,0.0,8.5,2.0,2.0,2.0,2.0,1.0,0.0,0.0,0.0,24.0,0.084701,0.0,0.0328830220402565,64.0,95.5,5564.0,benign
0.0,0.0,0.0,0.0,0.0,0.0,0.0,0.0,0.0,0.0,0.0,0.0,0.0,0.0,0.0,0.0,0.0,0.0,0.0,0.0,0.0,0.0,0.0,0.0,0.0,0.0,0.0,0.0,0.0,0.0,benign
211.0,0.0,1.0,0.0,2.0,0.0,0.6666666666666666,0.0,2.0,2.0,0.0,54.0,2.0,0.0,10.594810050208546,2.0,2.0,1.0,1.0,2.0,0.0,0.0,0.0,24.0,0.007469,0.0,0.0030496665698892,64.0,95.5,5596.0,benign
0.0,0.0,0.0,0.0,0.0,0.0,2.4192094313453536,0.0,36.42857142857143,6.571428571428571,1460.0,60.0,109.71428571428572,0.0,63.60789372764081,37.57142857142857,37.71428571428572,0.5714285714285714,0.7142857142857143,59.0,29.142857142857142,41.85714285714285,0.0,24.0,0.031858354,2.9e-08,0.0041441461176883,63.0,51.75394671022765,0.0,malware
0.0,0.0,0.0,0.0,0.0,0.0,0.0,0.0,0.0,0.0,0.0,0.0,0.0,0.0,0.0,0.0,0.0,0.0,0.0,0.0,0.0,0.0,0.0,0.0,0.0,0.0,0.0,0.0,0.0,0.0,benign
0.0,0.0,0.0,0.0,0.0,0.0,0.0,0.0,0.0,0.0,0.0,0.0,0.0,0.0,0.0,0.0,0.0,0.0,0.0,0.0,0.0,0.0,0.0,0.0,0.0,0.0,0.0,0.0,0.0,0.0,benign
0.0,0.0,0.0,0.0,0.0,0.0,43.0,2.0,2.0,2.0,0.0,66.0,1.0,0.0,42.92888175679502,2.0,2.0,1.0,2.0,2.0,0.0,0.0,0.0,24.0,0.017153,0.001929,0.0069432619295416,53.0,5.185449728701329,135.0,benign
0.0,0.0,0.0,0.0,0.0,0.0,126.875,2.0,0.2857142857142857,0.2857142857142857,1460.0,60.0,0.7142857142857143,0.0,167.8026471634513,0.4285714285714285,0.4285714285714285,0.1428571428571428,0.2857142857142857,0.2857142857142857,0.1428571428571428,0.2857142857142857,0.0,24.0,0.007603157,3.4e-08,0.0023780891637887,64.0,0.0,0.0,recon
0.0,0.0,0.0,0.0,0.0,0.0,0.0,0.0,0.0,0.0,0.0,0.0,0.0,0.0,0.0,0.0,0.0,0.0,0.0,0.0,0.0,0.0,0.0,0.0,0.0,0.0,0.0,0.0,0.0,0.0,benign
910.0,0.0,2.0,0.0,3.0,0.0,1.0,0.0,2.0,2.0,0.0,54.0,2.0,0.0,22.93877721239735,2.0,2.0,1.0,1.0,2.0,0.0,0.0,0.0,24.0,0.022409,0.0,0.0093786700916227,64.0,95.5,5628.0,benign
0.0,0.0,0.0,0.0,0.0,0.0,127.0,0.0,2.0,3.0,0.0,60.0,1.0,0.0,0.0,0.0,0.0,1.0,2.0,0.0,0.0,0.0,0.0,0.0,0.055068,0.0,0.0237795626022758,0.0,0.0,0.0,benign
0.0,0.0,0.0,0.0,0.0,0.0,21.0,0.0,4.0,3.0,0.0,66.0,3.0,0.0,901.6327165512326,4.0,4.0,3.0,3.0,4.0,0.0,0.0,0.0,24.0,0.056724,0.0,0.0198735746490995,61.0,86.88578070598714,660.0,benign
0.0,0.0,0.0,0.0,0.0,0.0,0.0,0.0,0.0,0.0,0.0,0.0,0.0,0.0,0.0,0.0,0.0,0.0,0.0,0.0,0.0,0.0,0.0,0.0,0.0,0.0,0.0,0.0,0.0,0.0,benign
0.0,0.0,0.0,0.0,0.0,0.0,18.0,0.0,2.0,2.0,0.0,60.0,1.0,0.0,0.0,0.0,0.0,1.0,1.0,0.0,0.0,0.0,0.0,0.0,0.00936,0.000991,0.0036537160079385,0.0,0.0,0.0,benign
1.0,0.0,1.0,303.0,2.0,0.0,101.0,0.0,2.0,2.0,0.0,54.0,2.0,0.0,8.0,2.0,2.0,1.0,1.0,2.0,0.0,0.0,0.0,24.0,0.019365,0.0,0.0090247929754648,64.0,95.5,5570.0,benign
0.0,0.0,0.0,0.0,0.0,0.0,0.0,0.0,1.0,2.0,0.0,60.0,0.0,0.0,0.0,0.0,0.0,0.0,1.0,0.0,0.0,0.0,0.0,0.0,0.004663,0.004663,0.0,0.0,0.0,0.0,benign
0.0,0.0,0.0,0.0,0.0,0.0,0.0,0.0,0.0,0.0,0.0,0.0,0.0,0.0,0.0,0.0,0.0,0.0,0.0,0.0,0.0,0.0,0.0,0.0,0.0,0.0,0.0,0.0,0.0,0.0,benign
0.0,0.0,0.0,0.0,0.0,0.0,0.0,0.0,0.0,0.0,0.0,0.0,0.0,0.0,0.0,0.0,0.0,0.0,0.0,0.0,0.0,0.0,0.0,0.0,0.0,0.0,0.0,0.0,0.0,0.0,benign
0.0,0.0,0.0,0.0,0.0,0.0,0.0,0.0,0.0,0.0,0.0,0.0,0.0,0.0,0.0,0.0,0.0,0.0,0.0,0.0,0.0,0.0,0.0,0.0,0.0,0.0,0.0,0.0,0.0,0.0,benign
0.0,0.0,0.0,0.0,0.0,0.0,72.33333333333333,2.0,3.0,3.0,0.0,60.0,5.0,0.0,606.1401158148171,2.0,2.0,3.0,2.0,2.0,0.0,0.0,0.0,24.0,0.071891,0.0,0.024770632415118,61.0,1.4696938456698574,660.0,benign
111.0,3.481730744844026,0.1428571428571428,1002.1666666666666,2.0,0.0,209.20689655172413,0.0,0.4285714285714285,0.2857142857142857,0.0,60.0,2.142857142857143,0.0,10.304731922762477,0.2857142857142857,0.2857142857142857,0.2857142857142857,0.2857142857142857,2.0,0.0,0.0,0.0,24.0,0.132942275,0.002907275,0.0411501764390274,64.0,95.5,5060.0,mitm
22.5,0.0,1.0,0.0,7.0,0.0,114.125,0.0,2.0,3.0,0.0,54.0,5.0,0.0,34.12454212147029,2.0,2.0,2.0,1.0,4.0,0.0,0.0,0.0,24.0,0.029955,0.0,0.0090939607310444,64.0,95.5,5598.0,benign
0.0,0.0,0.0,0.0,0.0,0.0,0.0,0.0,0.0,0.0,0.0,0.0,0.0,0.0,0.0,0.0,0.0,0.0,0.0,0.0,0.0,0.0,0.0,0.0,0.0,0.0,0.0,0.0,0.0,0.0,benign
0.0,0.0,0.0,0.0,0.0,0.0,0.0,0.0,1.0,2.0,0.0,214.0,0.0,180.0,0.0,1.0,1.0,0.0,1.0,0.0,0.0,0.0,0.0,0.0,0.015329,0.015329,0.0,255.0,0.0,0.0,benign
82.0,0.0,1.0,0.0,2.0,0.0,43.4,0.0,2.0,2.0,0.0,54.0,3.0,0.0,15.752424857427156,2.0,2.0,2.0,2.0,3.0,0.0,0.0,0.0,24.0,0.015249,0.0,0.0054874538241539,64.0,95.5,5644.0,benign
0.0,0.0,0.0,0.0,0.0,0.0,0.0,0.0,0.0,0.0,0.0,0.0,0.0,0.0,0.0,0.0,0.0,0.0,0.0,0.0,0.0,0.0,0.0,0.0,0.0,0.0,0.0,0.0,0.0,0.0,benign
12.0,0.0,1.0,0.0,1.0,0.0,0.0,0.0,2.0,2.0,0.0,54.0,1.0,0.0,10.5,2.0,2.0,1.0,1.0,1.0,0.0,0.0,0.0,24.0,0.033462,0.0,0.016731,64.0,95.5,5590.0,benign
0.0,0.0,0.0,0.0,0.0,0.0,0.0,0.0,0.0,0.0,0.0,0.0,0.0,0.0,0.0,0.0,0.0,0.0,0.0,0.0,0.0,0.0,0.0,0.0,0.0,0.0,0.0,0.0,0.0,0.0,benign
0.0,0.0,0.0,0.0,0.0,0.0,0.0,0.0,1.0,2.0,0.0,214.0,0.0,180.0,0.0,1.0,1.0,0.0,1.0,0.0,0.0,0.0,0.0,0.0,0.08293,0.08293,0.0,255.0,0.0,0.0,benign
0.0,0.0,0.0,0.0,0.0,0.0,22.5,0.0,2.0,2.0,0.0,60.0,1.0,0.0,0.0,0.0,0.0,1.0,1.0,0.0,0.0,0.0,0.0,0.0,0.004318,0.000939,0.0014289173057481,0.0,0.0,0.0,benign
0.0,0.0,0.0,0.0,0.0,0.0,0.0,0.0,0.0,0.0,0.0,0.0,0.0,0.0,0.0,0.0,0.0,0.0,0.0,0.0,0.0,0.0,0.0,0.0,0.0,0.0,0.0,0.0,0.0,0.0,benign
13.0,0.0,1.0,0.0,1.0,0.0,0.0,0.0,2.0,2.0,0.0,54.0,1.0,0.0,10.5,2.0,2.0,1.0,1.0,1.0,0.0,0.0,0.0,24.0,0.22249,0.0,0.111245,64.0,95.5,5550.0,benign
0.0,0.0,0.0,0.0,0.0,0.0,0.0,0.0,0.0,0.0,0.0,0.0,0.0,0.0,0.0,0.0,0.0,0.0,0.0,0.0,0.0,0.0,0.0,0.0,0.0,0.0,0.0,0.0,0.0,0.0,benign
0.0,0.0,0.0,0.0,0.0,0.0,0.0,0.0,0.0,0.0,0.0,0.0,0.0,0.0,0.0,0.0,0.0,0.0,0.0,0.0,0.0,0.0,0.0,0.0,0.0,0.0,0.0,0.0,0.0,0.0,benign
0.0,0.0,0.0,0.0,0.0,0.0,0.010754021508043,0.0,1.0,1.2857142857142858,0.0,60.0,79938.71428571429,0.0,0.0,5088.428571428572,9416.57142857143,0.2857142857142857,0.5714285714285714,79937.0,7274.285714285715,0.0,0.0,24.0,0.049206262,-3.5e-08,8.300399593987874e-05,1.0,0.1140299043196312,0.0,ddos
0.0,0.0,0.0,0.0,0.0,0.0,0.0,0.0,0.0,0.0,0.0,0.0,0.0,0.0,0.0,0.0,0.0,0.0,0.0,0.0,0.0,0.0,0.0,0.0,0.0,0.0,0.0,0.0,0.0,0.0,benign
0.0,0.0,0.0,0.0,0.0,0.0,0.0,0.0,0.0,0.0,0.0,0.0,0.0,0.0,0.0,0.0,0.0,0.0,0.0,0.0,0.0,0.0,0.0,0.0,0.0,0.0,0.0,0.0,0.0,0.0,benign
1023.0,0.0,1.0,0.0,1.0,0.0,0.0,0.0,2.0,2.0,0.0,54.0,1.0,0.0,9.0,2.0,2.0,1.0,1.0,1.0,0.0,0.0,0.0,24.0,0.020563,0.000294,0.0101345,64.0,95.5,5534.0,benign
0.0,0.0,0.0,0.0,0.0,0.0,0.038790404362258,0.0,0.2857142857142857,0.4285714285714285,0.0,60.0,25303.0,0.0,0.0,0.0,0.0,0.2857142857142857,0.1428571428571428,0.0,0.0,0.0,0.0,0.0,0.001328356,2.6e-08,0.0001164404591721,64.0,25.731881288705846,0.0,dos
0.0,0.0,0.0,0.0,0.0,0.0,0.0,0.0,0.0,0.0,0.0,0.0,0.0,0.0,0.0,0.0,0.0,0.0,0.0,0.0,0.0,0.0,0.0,0.0,0.0,0.0,0.0,0.0,0.0,0.0,benign
0.0,0.0,0.0,0.0,0.0,0.0,1.5258582255907267,0.0,2.4285714285714284,2.2857142857142856,0.0,60.0,415.57142857142856,0.0,95.7163252497681,16.571428571428573,16.571428571428573,0.5714285714285714,0.5714285714285714,416.57142857142856,0.0,0.0,0.0,24.0,0.133202576,2.8e-08,0.0049646315708605,61.0,28.034503308749432,501.0,dos
0.0,0.0,0.0,0.0,0.0,0.0,3.2317298797409806,0.0,31.571428571428573,5.571428571428571,1460.0,60.0,92.42857142857144,0.0,43.432121670921006,122.42857142857144,122.42857142857144,0.5714285714285714,0.7142857142857143,17.571428571428573,66.14285714285714,69.14285714285714,0.0,24.0,0.024279163,2.8e-08,0.0022765225548058,63.0,34.32228106241412,0.0,malware
211.0,0.0,1.0,0.0,2.0,0.0,3.8,0.0,3.0,3.0,0.0,54.0,3.0,0.0,10.594810050208546,2.0,2.0,2.0,2.0,2.0,0.0,0.0,0.0,24.0,0.010609,0.0,0.0041945973849968,64.0,95.5,5588.0,benign
0.0,0.0,0.0,0.0,0.0,4273.285714285715,0.1082919554027755,0.0,0.2857142857142857,0.4285714285714285,0.0,60.0,7854.428571428572,328.0,236.0797241001063,0.0,0.0,0.2857142857142857,0.1428571428571428,0.0,0.0,0.0,0.0,0.0,0.008734642,2.6e-08,0.0001651304990054,64.0,0.0,0.0,dos
0.0,0.0,0.0,0.0,0.0,0.0,24.8125,0.0,12.0,12.0,0.0,54.0,16.0,0.0,404.4983039143738,13.0,13.0,3.0,2.0,16.0,0.0,0.0,0.0,24.0,0.091926,0.0,0.0245372128509371,61.0,94.55609885690954,660.0,benign
0.0,0.0,0.0,0.0,0.0,0.0,0.0,0.0,1.0,2.0,0.0,60.0,0.0,0.0,0.0,0.0,0.0,0.0,1.0,0.0,0.0,0.0,0.0,0.0,0.026976,0.026976,0.0,0.0,0.0,0.0,benign
0.0,0.0,0.0,0.0,0.0,0.0,0.0,0.0,0.0,0.0,0.0,0.0,0.0,0.0,0.0,0.0,0.0,0.0,0.0,0.0,0.0,0.0,0.0,0.0,0.0,0.0,0.0,0.0,0.0,0.0,benign
-0.7,0.5921899094791204,2.0,0.0,2.0,0.0,34.75,0.0,3.0,3.0,0.0,54.0,3.0,0.0,19.327585352432298,2.0,2.0,2.0,2.0,1.0,0.0,0.0,0.0,24.0,0.04022,0.0,0.0153177565250267,64.0,90.03826347108705,5626.0,benign
0.0,0.0,0.0,0.0,0.0,0.0,0.0,0.0,0.0,0.0,0.0,0.0,0.0,0.0,0.0,0.0,0.0,0.0,0.0,0.0,0.0,0.0,0.0,0.0,0.0,0.0,0.0,0.0,0.0,0.0,benign
0.0,0.0,0.0,0.0,0.0,0.0,0.0,0.0,1.0,2.0,0.0,60.0,0.0,0.0,0.0,0.0,0.0,0.0,1.0,0.0,0.0,0.0,0.0,0.0,0.012378,0.012378,0.0,0.0,0.0,0.0,benign
0.0,0.0,0.0,0.0,0.0,0.0,0.0,0.0,0.0,0.0,0.0,0.0,0.0,0.0,0.0,0.0,0.0,0.0,0.0,0.0,0.0,0.0,0.0,0.0,0.0,0.0,0.0,0.0,0.0,0.0,benign
919.0,0.0,2.0,0.0,3.0,0.0,48.4,0.0,3.0,3.0,0.0,54.0,3.0,0.0,22.93877721239735,2.0,2.0,2.0,2.0,2.0,0.0,0.0,0.0,24.0,0.050391,0.0,0.0175642538286018,64.0,95.5,5552.0,benign
0.0,0.0,0.0,0.0,0.0,0.0,0.0,0.0,0.0,0.0,0.0,0.0,0.0,0.0,0.0,0.0,0.0,0.0,0.0,0.0,0.0,0.0,0.0,0.0,0.0,0.0,0.0,0.0,0.0,0.0,benign
0.0,0.0,0.0,0.0,0.0,0.0,0.0,0.0,0.0,0.0,0.0,0.0,0.0,0.0,0.0,0.0,0.0,0.0,0.0,0.0,0.0,0.0,0.0,0.0,0.0,0.0,0.0,0.0,0.0,0.0,benign
913.0,0.0,2.0,0.0,3.0,0.0,105.8,0.0,3.0,3.0,0.0,54.0,3.0,0.0,22.93877721239735,2.0,2.0,2.0,2.0,2.0,0.0,0.0,0.0,24.0,0.019897,0.0,0.0079522461694095,64.0,95.5,5632.0,benign
0.0,0.0,0.0,0.0,0.0,0.0,0.0,0.0,0.0,0.0,0.0,0.0,0.0,0.0,0.0,0.0,0.0,0.0,0.0,0.0,0.0,0.0,0.0,0.0,0.0,0.0,0.0,0.0,0.0,0.0,benign
0.0,0.0,0.0,0.0,0.0,0.0,0.0,0.0,0.0,0.0,0.0,0.0,0.0,0.0,0.0,0.0,0.0,0.0,0.0,0.0,0.0,0.0,0.0,0.0,0.0,0.0,0.0,0.0,0.0,0.0,benign
0.0,0.0,0.0,0.0,0.0,0.0,0.0,0.0,0.0,0.0,0.0,0.0,0.0,0.0,0.0,0.0,0.0,0.0,0.0,0.0,0.0,0.0,0.0,0.0,0.0,0.0,0.0,0.0,0.0,0.0,benign
0.0,0.0,0.0,0.0,0.0,0.0,0.0,0.0,0.0,0.0,0.0,0.0,0.0,0.0,0.0,0.0,0.0,0.0,0.0,0.0,0.0,0.0,0.0,0.0,0.0,0.0,0.0,0.0,0.0,0.0,benign
0.0,0.0,0.0,0.0,0.0,0.0,41.66666666666666,0.0,3.0,3.0,0.0,54.0,1.0,0.0,64.5,3.0,3.0,1.0,3.0,2.0,0.0,0.0,0.0,24.0,0.033489,0.000569,0.012840991616207,240.0,6.49519052838329,1609.0,benign
-0.69,0.5840281576164704,1.0,0.0,1.0,0.0,0.0,0.0,2.0,2.0,0.0,54.0,1.0,0.0,20.5,2.0,2.0,1.0,1.0,1.0,0.0,0.0,0.0,24.0,0.069819,0.0,0.0349095,64.0,95.5,5646.0,benign
0.0,0.0,0.0,0.0,0.0,0.0,33.0,0.0,2.0,2.0,0.0,60.0,1.0,0.0,0.0,0.0,0.0,1.0,1.0,0.0,0.0,0.0,0.0,0.0,0.039877,0.032726,0.0035755,0.0,0.0,0.0,benign
6.0,0.0,1.0,0.0,1.0,0.0,0.0,0.0,2.0,2.0,0.0,54.0,1.0,0.0,10.0,2.0,2.0,1.0,1.0,1.0,0.0,0.0,0.0,24.0,0.00652,0.0,0.00326,64.0,95.5,5632.0,benign
0.0,0.0,0.0,0.0,0.0,0.0,0.0,0.0,0.0,0.0,0.0,0.0,0.0,0.0,0.0,0.0,0.0,0.0,0.0,0.0,0.0,0.0,0.0,0.0,0.0,0.0,0.0,0.0,0.0,0.0,benign
0.0,0.0,0.0,0.0,0.0,0.0,19.244897959183675,0.0,13.0,13.0,0.0,54.0,24.0,0.0,376.9393909589133,13.0,13.0,3.0,3.0,24.0,0.0,0.0,0.0,24.0,0.009443,0.0,0.0025744216873698,61.0,95.11382952247614,660.0,benign
0.0,0.0,0.0,0.0,0.0,0.0,0.0,0.0,0.0,0.0,0.0,0.0,0.0,0.0,0.0,0.0,0.0,0.0,0.0,0.0,0.0,0.0,0.0,0.0,0.0,0.0,0.0,0.0,0.0,0.0,benign
146.0,0.0,1.0,0.0,2.0,0.0,4.666666666666667,0.0,2.0,2.0,0.0,54.0,2.0,0.0,11.0227038425243,2.0,2.0,1.0,1.0,2.0,0.0,0.0,0.0,24.0,0.214104,0.000302,0.0909022812365014,64.0,95.5,5562.0,benign
0.0,0.0,0.0,0.0,0.0,0.0,0.0,0.0,0.0,0.0,0.0,0.0,0.0,0.0,0.0,0.0,0.0,0.0,0.0,0.0,0.0,0.0,0.0,0.0,0.0,0.0,0.0,0.0,0.0,0.0,benign
0.0,0.0,0.0,0.0,0.0,0.0,0.0,0.0,0.0,0.0,0.0,0.0,0.0,0.0,0.0,0.0,0.0,0.0,0.0,0.0,0.0,0.0,0.0,0.0,0.0,0.0,0.0,0.0,0.0,0.0,benign
0.0,0.0,0.0,0.0,0.0,0.0,0.0,0.0,0.0,0.0,0.0,0.0,0.0,0.0,0.0,0.0,0.0,0.0,0.0,0.0,0.0,0.0,0.0,0.0,0.0,0.0,0.0,0.0,0.0,0.0,benign
0.0,0.0,0.0,0.0,0.0,0.0,0.0,0.0,0.0,0.0,0.0,0.0,0.0,0.0,0.0,0.0,0.0,0.0,0.0,0.0,0.0,0.0,0.0,0.0,0.0,0.0,0.0,0.0,0.0,0.0,benign
0.0,0.0,0.0,0.0,0.0,0.0,0.0,0.0,0.0,0.0,0.0,0.0,0.0,0.0,0.0,0.0,0.0,0.0,0.0,0.0,0.0,0.0,0.0,0.0,0.0,0.0,0.0,0.0,0.0,0.0,benign
1023.0,0.0,1.0,0.0,1.0,0.0,0.0,0.0,2.0,2.0,0.0,54.0,1.0,0.0,9.0,2.0,2.0,1.0,1.0,1.0,0.0,0.0,0.0,24.0,0.005761,0.0,0.0028805,64.0,95.5,5622.0,benign
1023.0,0.0,1.0,0.0,1.0,0.0,0.0,0.0,2.0,2.0,0.0,54.0,1.0,0.0,9.0,2.0,2.0,1.0,1.0,1.0,0.0,0.0,0.0,24.0,0.034542,0.0,0.017271,64.0,95.5,5562.0,benign
0.0,0.0,0.0,0.0,0.0,6889.857142857143,0.0845849897893833,0.0,0.1428571428571428,0.8571428571428571,0.0,362.0,11822.57142857143,328.0,468.3082071065557,0.0,0.0,0.1428571428571428,0.0,0.0,0.0,0.0,0.0,0.0,0.001283009,2.6e-08,0.0001623000814842,64.0,0.0,0.0,ddos
0.0,0.0,0.0,0.0,0.0,0.0,0.0,0.0,0.0,0.0,0.0,0.0,0.0,0.0,0.0,0.0,0.0,0.0,0.0,0.0,0.0,0.0,0.0,0.0,0.0,0.0,0.0,0.0,0.0,0.0,benign
0.0,0.0,0.0,0.0,0.0,0.0,0.0,0.0,0.0,0.0,0.0,0.0,0.0,0.0,0.0,0.0,0.0,0.0,0.0,0.0,0.0,0.0,0.0,0.0,0.0,0.0,0.0,0.0,0.0,0.0,benign
1023.0,0.0,1.0,0.0,1.0,0.0,0.0,0.0,2.0,2.0,0.0,54.0,1.0,0.0,9.0,2.0,2.0,1.0,1.0,1.0,0.0,0.0,0.0,24.0,0.001749,0.0,0.0008745,64.0,95.5,5638.0,benign
0.0,0.0,0.0,0.0,0.0,0.0,0.0,0.0,0.0,0.0,0.0,0.0,0.0,0.0,0.0,0.0,0.0,0.0,0.0,0.0,0.0,0.0,0.0,0.0,0.0,0.0,0.0,0.0,0.0,0.0,benign
0.0,0.0,0.0,0.0,0.0,0.0,0.2354739022650864,0.0,0.5714285714285714,0.5714285714285714,1460.0,60.0,2107.428571428572,0.0,0.0,145.0,145.0,0.2857142857142857,0.4285714285714285,0.0,2096.285714285714,2107.0,0.0,20.0,0.043707881,-3.4e-08,0.0004988719043396,37.0,9.259632536247029,0.0,recon
0.0,0.0,0.0,0.0,0.0,0.0,0.0,0.0,0.0,0.0,0.0,0.0,0.0,0.0,0.0,0.0,0.0,0.0,0.0,0.0,0.0,0.0,0.0,0.0,0.0,0.0,0.0,0.0,0.0,0.0,benign
142.0,0.0,1.0,0.0,2.0,0.0,0.6666666666666666,0.0,2.0,2.0,0.0,54.0,2.0,0.0,11.0227038425243,2.0,2.0,1.0,1.0,2.0,0.0,0.0,0.0,24.0,0.002117,0.0,0.0010376852545449,64.0,95.5,5630.0,benign
0.0,0.0,1.0,0.0,1.0,0.0,0.0,0.0,2.0,2.0,0.0,54.0,1.0,0.0,7.5,2.0,2.0,1.0,1.0,1.0,0.0,0.0,0.0,24.0,0.037379,1e-06,0.018689,64.0,95.5,5590.0,benign
0.0,0.0,0.0,0.0,0.0,0.0,0.0,0.0,0.0,0.0,0.0,0.0,0.0,0.0,0.0,0.0,0.0,0.0,0.0,0.0,0.0,0.0,0.0,0.0,0.0,0.0,0.0,0.0,0.0,0.0,benign
1023.0,0.0,1.0,0.0,1.0,0.0,0.0,0.0,2.0,2.0,0.0,54.0,1.0,0.0,9.0,2.0,2.0,1.0,1.0,1.0,0.0,0.0,0.0,24.0,0.014598,0.0,0.007299,64.0,95.5,5550.0,benign
0.0,0.0,0.0,0.0,0.0,0.0,0.0,0.0,0.0,0.0,0.0,0.0,0.0,0.0,0.0,0.0,0.0,0.0,0.0,0.0,0.0,0.0,0.0,0.0,0.0,0.0,0.0,0.0,0.0,0.0,benign
0.0,0.0,0.0,0.0,0.0,0.0,0.0,0.0,0.0,0.0,0.0,0.0,0.0,0.0,0.0,0.0,0.0,0.0,0.0,0.0,0.0,0.0,0.0,0.0,0.0,0.0,0.0,0.0,0.0,0.0,benign
280.0,0.0,1.0,0.0,1.0,0.0,171.0,0.0,3.0,3.0,0.0,54.0,2.0,0.0,11.0,2.0,2.0,2.0,2.0,1.0,0.0,0.0,0.0,24.0,0.030129,1e-06,0.0120260066522516,64.0,95.5,5536.0,benign
0.0,0.0,0.0,0.0,0.0,0.0,0.0,0.0,0.0,0.0,0.0,0.0,0.0,0.0,0.0,0.0,0.0,0.0,0.0,0.0,0.0,0.0,0.0,0.0,0.0,0.0,0.0,0.0,0.0,0.0,benign
0.0,0.0,0.0,0.0,0.0,0.0,0.0,0.0,1.0,2.0,0.0,214.0,0.0,180.0,0.0,1.0,1.0,0.0,1.0,0.0,0.0,0.0,0.0,0.0,0.027932,0.027932,0.0,255.0,0.0,0.0,benign
0.0,0.0,0.0,0.0,0.0,0.0,0.095715438370964,2.0,0.8571428571428571,0.4285714285714285,1460.0,60.0,5121.714285714285,0.0,0.4823069274793556,3584.714285714286,3702.285714285714,0.2857142857142857,0.4285714285714285,0.4285714285714285,5323.714285714285,5118.428571428572,0.0,24.0,0.001170639,2.7e-08,4.219115432615301e-05,64.0,0.0,0.0,ddos
0.0,0.0,0.0,0.0,0.0,0.0,0.0,0.0,0.0,0.0,0.0,0.0,0.0,0.0,0.0,0.0,0.0,0.0,0.0,0.0,0.0,0.0,0.0,0.0,0.0,0.0,0.0,0.0,0.0,0.0,benign
0.0,0.0,0.0,0.0,0.0,0.0,0.0,0.0,0.0,0.0,0.0,0.0,0.0,0.0,0.0,0.0,0.0,0.0,0.0,0.0,0.0,0.0,0.0,0.0,0.0,0.0,0.0,0.0,0.0,0.0,benign
0.0,0.0,0.0,0.0,0.0,0.0,0.0,0.0,0.0,0.0,0.0,0.0,0.0,0.0,0.0,0.0,0.0,0.0,0.0,0.0,0.0,0.0,0.0,0.0,0.0,0.0,0.0,0.0,0.0,0.0,benign
0.0,0.0,0.0,0.0,0.0,0.0,90.1,2.0,4.0,4.0,0.0,66.0,3.0,0.0,714.2426955168485,5.0,5.0,2.0,4.0,3.0,0.0,0.0,0.0,24.0,0.100408,0.0,0.0282133567597493,61.0,69.03300337922113,480.0,benign
0.0,0.0,0.0,0.0,0.0,0.0,30.85844748858447,0.0,6.714285714285714,6.285714285714286,1460.0,60.0,16.428571428571427,0.0,531.4147370456158,7.285714285714286,7.285714285714286,0.5714285714285714,0.5714285714285714,2.571428571428572,6.285714285714286,6.285714285714286,0.0,24.0,0.157994206,3.4e-08,0.023035865081643,61.0,40.20618720945899,0.0,bruteforce
0.0,0.0,0.0,0.0,0.0,0.0,0.0,0.0,0.0,0.0,0.0,0.0,0.0,0.0,0.0,0.0,0.0,0.0,0.0,0.0,0.0,0.0,0.0,0.0,0.0,0.0,0.0,0.0,0.0,0.0,benign
22.2,0.0,1.0,0.0,7.0,0.0,0.8571428571428571,0.0,2.0,2.0,0.0,54.0,4.0,0.0,43.15940656450225,2.0,2.0,1.0,1.0,4.0,0.0,0.0,0.0,24.0,0.074236,0.0,0.0242602576797423,64.0,95.5,5650.0,benign
-0.7,0.5880476171195662,2.0,0.0,2.0,0.0,9.5,0.0,2.0,2.0,0.0,54.0,2.0,0.0,19.327585352432298,2.0,2.0,1.0,1.0,1.0,0.0,0.0,0.0,24.0,0.000816,0.0,0.0003846660889654,64.0,90.03826347108705,5586.0,benign
0.0,0.0,0.0,0.0,0.0,0.0,0.0,0.0,0.0,0.0,0.0,0.0,0.0,0.0,0.0,0.0,0.0,0.0,0.0,0.0,0.0,0.0,0.0,0.0,0.0,0.0,0.0,0.0,0.0,0.0,benign
14.0,0.0,1.0,0.0,1.0,0.0,0.0,0.0,2.0,2.0,0.0,54.0,1.0,0.0,10.5,2.0,2.0,1.0,1.0,1.0,0.0,0.0,0.0,24.0,0.015364,1e-06,0.0076814999999999,64.0,95.5,5562.0,benign
0.0,0.0,0.0,0.0,0.0,0.0,0.0,0.0,1.0,2.0,0.0,214.0,0.0,180.0,0.0,1.0,1.0,0.0,1.0,0.0,0.0,0.0,0.0,0.0,0.000975,0.000975,0.0,255.0,0.0,0.0,benign
0.0,0.0,0.0,0.0,0.0,0.0,0.0,0.0,1.0,2.0,0.0,54.0,0.0,0.0,0.0,1.0,1.0,0.0,1.0,0.0,0.0,0.0,0.0,16.0,0.0,0.0,0.0,255.0,0.0,5590.0,benign
0.0,0.0,0.0,0.0,0.0,0.0,0.0,0.0,0.0,0.0,0.0,0.0,0.0,0.0,0.0,0.0,0.0,0.0,0.0,0.0,0.0,0.0,0.0,0.0,0.0,0.0,0.0,0.0,0.0,0.0,benign
1023.0,0.0,1.0,0.0,1.0,0.0,167.66666666666666,0.0,3.0,3.0,0.0,54.0,2.0,0.0,9.0,2.0,2.0,2.0,2.0,1.0,0.0,0.0,0.0,24.0,0.022678,0.0,0.0089659288245836,64.0,95.5,5586.0,benign
-0.69,1.1395028155589026,2.0,0.0,2.0,0.0,189.0,0.0,3.0,3.0,0.0,54.0,3.0,0.0,18.856180831641264,2.0,2.0,2.0,2.0,1.0,0.0,0.0,0.0,24.0,0.023461,0.0,0.008878294962435,64.0,90.03826347108705,5536.0,benign
0.0,0.0,0.0,0.0,0.0,0.0,0.0,0.0,0.0,0.0,0.0,0.0,0.0,0.0,0.0,0.0,0.0,0.0,0.0,0.0,0.0,0.0,0.0,0.0,0.0,0.0,0.0,0.0,0.0,0.0,benign
0.0,0.0,0.0,0.0,0.0,0.0,22.5625,0.0,12.0,12.0,0.0,54.0,16.0,0.0,393.1226918817584,13.0,13.0,3.0,2.0,16.0,0.0,0.0,0.0,24.0,0.168487,0.0,0.0359611116263033,61.0,94.55609885690954,660.0,benign
0.0,0.0,0.0,0.0,0.0,0.0,0.0,0.0,1.0,2.0,0.0,230.0,0.0,196.0,0.0,1.0,1.0,0.0,1.0,0.0,0.0,0.0,0.0,0.0,0.061871,0.061871,0.0,255.0,0.0,0.0,benign
0.0,0.0,1.0,0.0,1.0,0.0,0.0,0.0,2.0,2.0,0.0,54.0,1.0,0.0,8.0,2.0,2.0,1.0,1.0,1.0,0.0,0.0,0.0,24.0,0.057443,0.0,0.0287215,64.0,95.5,5554.0,benign
0.0,0.0,0.0,0.0,0.0,0.0,0.0,0.0,0.0,0.0,0.0,0.0,0.0,0.0,0.0,0.0,0.0,0.0,0.0,0.0,0.0,0.0,0.0,0.0,0.0,0.0,0.0,0.0,0.0,0.0,benign
0.0,0.0,0.0,0.0,0.0,0.0,0.0,0.0,0.0,0.0,0.0,0.0,0.0,0.0,0.0,0.0,0.0,0.0,0.0,0.0,0.0,0.0,0.0,0.0,0.0,0.0,0.0,0.0,0.0,0.0,benign
0.0,0.0,0.0,0.0,0.0,0.0,0.0,0.0,0.0,0.0,0.0,0.0,0.0,0.0,0.0,0.0,0.0,0.0,0.0,0.0,0.0,0.0,0.0,0.0,0.0,0.0,0.0,0.0,0.0,0.0,benign
2.0,0.0,1.0,0.0,1.0,0.0,0.0,0.0,2.0,2.0,0.0,54.0,1.0,0.0,7.5,2.0,2.0,1.0,1.0,1.0,0.0,0.0,0.0,24.0,0.002327,0.0,0.0011635,64.0,95.5,5648.0,benign
0.0,0.0,0.0,0.0,0.0,0.0,0.0,0.0,0.0,0.0,0.0,0.0,0.0,0.0,0.0,0.0,0.0,0.0,0.0,0.0,0.0,0.0,0.0,0.0,0.0,0.0,0.0,0.0,0.0,0.0,benign
0.0,0.0,0.0,0.0,0.0,0.0,0.0,0.0,0.0,0.0,0.0,0.0,0.0,0.0,0.0,0.0,0.0,0.0,0.0,0.0,0.0,0.0,0.0,0.0,0.0,0.0,0.0,0.0,0.0,0.0,benign
-0.7,0.5880476171195662,2.0,0.0,2.0,0.0,2.5,0.0,2.0,2.0,0.0,54.0,2.0,0.0,19.327585352432298,2.0,2.0,1.0,1.0,1.0,0.0,0.0,0.0,24.0,0.008327,0.0,0.0039253854446269,64.0,90.03826347108705,5608.0,benign
0.0,0.0,0.0,0.0,0.0,0.0,0.0,0.0,0.0,0.0,0.0,0.0,0.0,0.0,0.0,0.0,0.0,0.0,0.0,0.0,0.0,0.0,0.0,0.0,0.0,0.0,0.0,0.0,0.0,0.0,benign
137.0,0.0,1.0,0.0,2.0,0.0,139.25,0.0,2.0,3.0,0.0,54.0,3.0,0.0,11.0227038425243,2.0,2.0,2.0,1.0,2.0,0.0,0.0,0.0,24.0,0.030099,0.0,0.011783065889657,64.0,95.5,5650.0,benign
0.0,0.0,0.0,0.0,0.0,0.0,0.0,0.0,0.0,0.0,0.0,0.0,0.0,0.0,0.0,0.0,0.0,0.0,0.0,0.0,0.0,0.0,0.0,0.0,0.0,0.0,0.0,0.0,0.0,0.0,benign
0.0,0.0,1.0,0.0,1.0,0.0,0.0,0.0,2.0,2.0,0.0,54.0,1.0,0.0,7.5,2.0,2.0,1.0,1.0,1.0,0.0,0.0,0.0,24.0,0.007964,0.0,0.003982,64.0,95.5,5638.0,benign
3.0,0.0,1.0,0.0,1.0,0.0,0.0,0.0,2.0,2.0,0.0,54.0,1.0,0.0,8.5,2.0,2.0,1.0,1.0,1.0,0.0,0.0,0.0,24.0,0.025921,0.000226,0.0128475,64.0,95.5,5602.0,benign
0.0,0.0,0.0,0.0,0.0,0.0,0.0,0.0,0.0,0.0,0.0,0.0,0.0,0.0,0.0,0.0,0.0,0.0,0.0,0.0,0.0,0.0,0.0,0.0,0.0,0.0,0.0,0.0,0.0,0.0,benign
0.0,0.0,1.0,0.0,1.0,0.0,0.0,0.0,2.0,2.0,0.0,54.0,1.0,0.0,7.5,2.0,2.0,1.0,1.0,1.0,0.0,0.0,0.0,24.0,0.001089,0.0,0.0005445,64.0,95.5,5646.0,benign
0.0,0.0,0.0,0.0,0.0,0.0,0.0,0.0,0.0,0.0,0.0,0.0,0.0,0.0,0.0,0.0,0.0,0.0,0.0,0.0,0.0,0.0,0.0,0.0,0.0,0.0,0.0,0.0,0.0,0.0,benign
0.0,0.0,0.1428571428571428,0.0,0.1428571428571428,0.0,1.755867278122471,0.0,0.5714285714285714,0.5714285714285714,1460.0,60.0,273.7142857142857,0.0,0.2507561662507834,144.0,144.0,0.4285714285714285,0.4285714285714285,0.4285714285714285,255.14285714285717,273.1428571428572,0.0,24.0,0.04542786,2.9e-08,0.0016712496936324,37.0,103.3997669230795,1024.0,recon
0.0,0.0,0.0,0.0,0.0,0.0,0.0,0.0,0.0,0.0,0.0,0.0,0.0,0.0,0.0,0.0,0.0,0.0,0.0,0.0,0.0,0.0,0.0,0.0,0.0,0.0,0.0,0.0,0.0,0.0,benign
0.0,0.0,0.0,0.0,0.0,0.0,0.0,0.0,1.0,2.0,0.0,230.0,0.0,196.0,0.0,1.0,1.0,0.0,1.0,0.0,0.0,0.0,0.0,0.0,0.027671,0.027671,0.0,255.0,0.0,0.0,benign
0.0,0.0,0.0,0.0,0.0,0.0,0.0,0.0,0.0,0.0,0.0,0.0,0.0,0.0,0.0,0.0,0.0,0.0,0.0,0.0,0.0,0.0,0.0,0.0,0.0,0.0,0.0,0.0,0.0,0.0,benign
0.0,0.0,0.0,0.0,0.0,0.0,0.0,0.0,0.0,0.0,0.0,0.0,0.0,0.0,0.0,0.0,0.0,0.0,0.0,0.0,0.0,0.0,0.0,0.0,0.0,0.0,0.0,0.0,0.0,0.0,benign
0.0,0.0,0.0,0.0,0.0,0.0,0.0,0.0,0.0,0.0,0.0,0.0,0.0,0.0,0.0,0.0,0.0,0.0,0.0,0.0,0.0,0.0,0.0,0.0,0.0,0.0,0.0,0.0,0.0,0.0,benign
0.0,0.0,0.0,0.0,0.0,0.0,0.0,0.0,0.0,0.0,0.0,0.0,0.0,0.0,0.0,0.0,0.0,0.0,0.0,0.0,0.0,0.0,0.0,0.0,0.0,0.0,0.0,0.0,0.0,0.0,benign
910.0,0.0,2.0,0.0,3.0,0.0,1.0,0.0,2.0,2.0,0.0,54.0,2.0,0.0,22.93877721239735,2.0,2.0,1.0,1.0,2.0,0.0,0.0,0.0,24.0,0.033623,0.0,0.0141885467257045,64.0,95.5,5602.0,benign
0.0,0.0,0.0,0.0,0.0,0.0,0.0,0.0,0.0,0.0,0.0,0.0,0.0,0.0,0.0,0.0,0.0,0.0,0.0,0.0,0.0,0.0,0.0,0.0,0.0,0.0,0.0,0.0,0.0,0.0,benign
0.0,0.0,0.0,0.0,0.0,0.0,0.0,0.0,0.0,0.0,0.0,0.0,0.0,0.0,0.0,0.0,0.0,0.0,0.0,0.0,0.0,0.0,0.0,0.0,0.0,0.0,0.0,0.0,0.0,0.0,benign
0.0,0.0,0.0,0.0,0.0,0.0,0.0,0.0,0.0,0.0,0.0,0.0,0.0,0.0,0.0,0.0,0.0,0.0,0.0,0.0,0.0,0.0,0.0,0.0,0.0,0.0,0.0,0.0,0.0,0.0,benign
0.0,0.0,0.0,0.0,0.0,0.0,201.0,2.0,2.0,2.0,0.0,60.0,2.0,0.0,42.92888175679502,2.0,2.0,2.0,2.0,2.0,0.0,0.0,0.0,24.0,0.069681,0.002844,0.0248484127712415,53.0,5.185449728701329,135.0,benign
13.0,0.0,1.0,0.0,1.0,0.0,0.0,0.0,2.0,2.0,0.0,54.0,1.0,0.0,10.5,2.0,2.0,1.0,1.0,1.0,0.0,0.0,0.0,24.0,0.03356,1e-06,0.0167794999999999,64.0,95.5,5560.0,benign
0.0,0.0,0.0,0.0,0.0,0.0,0.0,0.0,0.0,0.0,0.0,0.0,0.0,0.0,0.0,0.0,0.0,0.0,0.0,0.0,0.0,0.0,0.0,0.0,0.0,0.0,0.0,0.0,0.0,0.0,benign
920.0,0.0,2.0,0.0,3.0,0.0,81.6,0.0,3.0,3.0,0.0,54.0,3.0,0.0,22.93877721239735,2.0,2.0,2.0,2.0,2.0,0.0,0.0,0.0,24.0,0.004169,0.0,0.0017611881800521,64.0,95.5,5588.0,benign
0.0,0.0,0.0,0.0,0.0,0.0,31.0,0.0,2.0,2.0,0.0,60.0,1.0,0.0,0.0,0.0,0.0,1.0,1.0,0.0,0.0,0.0,0.0,0.0,0.03011,0.002011,0.0129918286883204,0.0,0.0,0.0,benign
0.0,0.0,0.0,0.0,0.0,0.0,0.0,0.0,0.0,0.0,0.0,0.0,0.0,0.0,0.0,0.0,0.0,0.0,0.0,0.0,0.0,0.0,0.0,0.0,0.0,0.0,0.0,0.0,0.0,0.0,benign
0.0,0.0,0.0,0.0,0.0,0.0,0.0,0.0,0.0,0.0,0.0,0.0,0.0,0.0,0.0,0.0,0.0,0.0,0.0,0.0,0.0,0.0,0.0,0.0,0.0,0.0,0.0,0.0,0.0,0.0,benign
0.0,0.0,0.0,0.0,0.0,0.0,0.0,0.0,1.0,2.0,0.0,230.0,0.0,196.0,0.0,1.0,1.0,0.0,1.0,0.0,0.0,0.0,0.0,0.0,0.01902,0.01902,0.0,255.0,0.0,0.0,benign
0.0,0.0,0.0,0.0,0.0,0.0,0.0,0.0,0.0,2.0,0.0,198.0,0.0,0.0,0.0,0.0,0.0,0.0,1.0,0.0,0.0,0.0,0.0,0.0,0.014166,0.014166,0.0,0.0,0.0,0.0,benign
2.0,0.0,1.0,0.0,1.0,0.0,0.0,0.0,2.0,2.0,0.0,54.0,1.0,0.0,8.5,2.0,2.0,1.0,1.0,1.0,0.0,0.0,0.0,24.0,0.015816,0.0,0.007908,64.0,95.5,5618.0,benign
-0.7,0.5880476171195662,2.0,0.0,2.0,0.0,10.5,0.0,2.0,2.0,0.0,54.0,2.0,0.0,19.327585352432298,2.0,2.0,1.0,1.0,1.0,0.0,0.0,0.0,24.0,0.046709,0.0,0.0220188337616283,64.0,90.03826347108705,5646.0,benign
0.0,0.0,0.0,0.0,0.0,0.0,87.0,0.0,2.0,2.0,0.0,60.0,1.0,0.0,0.0,0.0,0.0,1.0,1.0,0.0,0.0,0.0,0.0,0.0,0.00704,0.001136,0.002952,0.0,0.0,0.0,benign
0.0,0.0,0.0,0.0,0.0,0.0,0.0372290918760803,0.0,0.4285714285714285,0.4285714285714285,0.0,60.0,26281.14285714286,0.0,0.0603578865070313,576.0,9416.57142857143,0.1428571428571428,0.1428571428571428,26281.14285714286,579.4285714285714,0.0,0.0,24.0,0.001399084,2.5e-08,0.0001140597225005,64.0,27.75508904336571,512.0,dos
0.0,0.0,0.0,0.0,0.0,0.0,4.0,2.0,2.0,2.0,0.0,66.0,1.0,0.0,0.0,2.0,2.0,1.0,1.0,0.0,0.0,0.0,0.0,16.0,0.103778,0.000568,0.051605,64.0,87.0,27.0,benign
0.0,0.0,0.0,0.0,0.0,0.0,0.0,0.0,0.0,0.0,0.0,0.0,0.0,0.0,0.0,0.0,0.0,0.0,0.0,0.0,0.0,0.0,0.0,0.0,0.0,0.0,0.0,0.0,0.0,0.0,benign
0.0,0.0,0.0,0.0,0.0,0.0,77.0,2.0,3.0,3.0,0.0,60.0,1.0,196.0,0.0,1.0,1.0,1.0,2.0,0.0,0.0,0.0,0.0,0.0,0.04015,1e-06,0.0163914311015101,64.0,0.0,0.0,benign
0.0,0.0,0.0,0.0,0.0,0.0,2.0,0.0,2.0,2.0,0.0,60.0,1.0,0.0,0.0,0.0,0.0,1.0,1.0,0.0,0.0,0.0,0.0,0.0,0.01843,0.001623,0.0084034999999999,0.0,0.0,0.0,benign
0.0,0.0,0.0,0.0,0.0,0.0,95.5,0.0,2.0,2.0,0.0,54.0,1.0,0.0,32.526911934581186,2.0,2.0,1.0,2.0,2.0,0.0,0.0,0.0,24.0,0.045326,0.029919,0.0069408386781105,238.0,8.013876853447337,3828.0,benign
0.0,0.0,0.0,0.0,0.0,0.0,39.0,2.0,3.0,2.0,0.0,66.0,4.0,0.0,33.29479253391652,4.0,4.0,2.0,2.0,6.0,0.0,0.0,0.0,24.0,0.051683,0.001484,0.0164949738338009,53.0,5.465943944999502,135.0,benign
0.0,0.0,0.0,0.0,0.0,0.0,0.0,0.0,0.0,0.0,0.0,0.0,0.0,0.0,0.0,0.0,0.0,0.0,0.0,0.0,0.0,0.0,0.0,0.0,0.0,0.0,0.0,0.0,0.0,0.0,benign
2.0,0.0,1.0,0.0,1.0,0.0,0.0,0.0,2.0,2.0,0.0,54.0,1.0,0.0,8.5,2.0,2.0,1.0,1.0,1.0,0.0,0.0,0.0,24.0,0.002057,0.0,0.0010285,64.0,95.5,5560.0,benign
0.0,0.0,0.0,0.0,0.0,0.0,0.0,0.0,0.0,0.0,0.0,0.0,0.0,0.0,0.0,0.0,0.0,0.0,0.0,0.0,0.0,0.0,0.0,0.0,0.0,0.0,0.0,0.0,0.0,0.0,benign
0.0,0.0,0.0,0.0,0.0,0.0,0.0,0.0,0.0,0.0,0.0,0.0,0.0,0.0,0.0,0.0,0.0,0.0,0.0,0.0,0.0,0.0,0.0,0.0,0.0,0.0,0.0,0.0,0.0,0.0,benign
0.0,0.0,0.0,0.0,0.0,0.0,22.28125,0.0,12.0,12.0,0.0,54.0,16.0,0.0,395.9941656729498,13.0,13.0,3.0,2.0,16.0,0.0,0.0,0.0,24.0,0.102061,0.0,0.0234840066476683,61.0,94.55609885690954,660.0,benign
-0.7,0.5880476171195662,2.0,0.0,2.0,0.0,1.5,0.0,2.0,2.0,0.0,54.0,2.0,0.0,19.327585352432298,2.0,2.0,1.0,1.0,1.0,0.0,0.0,0.0,24.0,0.115304,0.0,0.0543545911645618,64.0,90.03826347108705,5572.0,benign
0.0,0.0,0.0,0.0,0.0,0.0,0.0,0.0,0.0,0.0,0.0,0.0,0.0,0.0,0.0,0.0,0.0,0.0,0.0,0.0,0.0,0.0,0.0,0.0,0.0,0.0,0.0,0.0,0.0,0.0,benign
0.0,0.0,0.0,0.0,0.0,0.0,0.5152109911678115,0.0,0.7142857142857143,0.5714285714285714,1460.0,60.0,876.8571428571429,0.0,1.6971853902425815,144.57142857142858,144.57142857142858,0.4285714285714285,0.5714285714285714,0.8571428571428571,867.1428571428571,875.8571428571429,0.0,24.0,0.076451801,2.8e-08,0.0014476889541103,37.0,9.252972232383142,0.0,recon
-0.71,1.1486851400712068,0.2857142857142857,1005.3333333333334,2.0,0.0,25.363970588235293,0.0,0.5714285714285714,0.5714285714285714,1460.0,60.0,20.0,0.0,6.50377561378887,18.428571428571427,18.428571428571427,0.2857142857142857,0.4285714285714285,1.0,17.857142857142858,17.857142857142858,0.0,24.0,0.017309065,3.3e-08,0.001762912110274,37.0,103.22748704047108,1024.0,recon
0.0,0.0,0.0,0.0,0.0,0.0,42.08695652173913,0.0,15.0,12.0,0.0,50.0,12.0,0.0,729.2802746600681,7.0,7.0,5.0,5.0,6.0,0.0,0.0,0.0,24.0,0.17758,0.0,0.0348763670564403,48.0,84.74804661441276,91.0,benign
0.0,0.0,0.0,0.0,0.0,0.0,0.0,0.0,0.0,0.0,0.0,0.0,0.0,0.0,0.0,0.0,0.0,0.0,0.0,0.0,0.0,0.0,0.0,0.0,0.0,0.0,0.0,0.0,0.0,0.0,benign
0.0,0.0,0.0,0.0,0.0,0.0,0.0090820181640363,0.0,2.4285714285714284,2.857142857142857,0.0,60.0,108763.28571428572,0.0,0.6658631122794363,2.142857142857143,9416.57142857143,0.4285714285714285,0.4285714285714285,14.428571428571429,0.0,0.0,0.0,24.0,0.000530158,2.4e-08,5.0822747435031465e-05,64.0,2.199611490139064,512.0,ddos
0.0,0.0,0.0,0.0,0.0,0.0,0.0,0.0,0.0,0.0,0.0,0.0,0.0,0.0,0.0,0.0,0.0,0.0,0.0,0.0,0.0,0.0,0.0,0.0,0.0,0.0,0.0,0.0,0.0,0.0,benign
0.0,0.0,0.0,0.0,0.0,0.0,0.0,0.0,0.0,0.0,0.0,0.0,0.0,0.0,0.0,0.0,0.0,0.0,0.0,0.0,0.0,0.0,0.0,0.0,0.0,0.0,0.0,0.0,0.0,0.0,benign
0.0,0.0,0.0,0.0,0.0,0.0,75.0,0.0,2.0,2.0,0.0,60.0,1.0,0.0,0.0,0.0,0.0,1.0,1.0,0.0,0.0,0.0,0.0,0.0,0.050032,0.000346,0.024843,0.0,0.0,0.0,benign
204.0,0.0,1.0,0.0,2.0,0.0,1.0,0.0,2.0,2.0,0.0,54.0,2.0,0.0,10.594810050208546,2.0,2.0,1.0,1.0,2.0,0.0,0.0,0.0,24.0,0.030785,0.0,0.0129467324714578,64.0,95.5,5644.0,benign
0.0,0.0,0.0,0.0,0.0,0.0,0.0,2.0,1.0,2.0,0.0,230.0,0.0,196.0,0.0,1.0,1.0,0.0,1.0,0.0,0.0,0.0,0.0,0.0,0.007724,0.007724,0.0,64.0,0.0,0.0,benign
0.0,0.0,0.0,0.0,0.0,0.0,0.0,0.0,0.0,0.0,0.0,0.0,0.0,0.0,0.0,0.0,0.0,0.0,0.0,0.0,0.0,0.0,0.0,0.0,0.0,0.0,0.0,0.0,0.0,0.0,benign
0.0,0.0,0.0,0.0,0.0,0.0,0.0,0.0,0.0,0.0,0.0,0.0,0.0,0.0,0.0,0.0,0.0,0.0,0.0,0.0,0.0,0.0,0.0,0.0,0.0,0.0,0.0,0.0,0.0,0.0,benign
0.0,0.0,0.0,0.0,0.0,0.0,0.0,0.0,0.0,0.0,0.0,0.0,0.0,0.0,0.0,0.0,0.0,0.0,0.0,0.0,0.0,0.0,0.0,0.0,0.0,0.0,0.0,0.0,0.0,0.0,benign
0.0,0.0,0.0,0.0,0.0,0.0,19.33333333333333,2.0,3.0,2.0,0.0,60.0,2.0,0.0,16.5,2.0,2.0,2.0,2.0,1.0,0.0,0.0,0.0,24.0,0.03016,0.000515,0.0124272335718775,64.0,86.0,480.0,benign
0.0,0.0,0.0,0.0,0.0,0.0,34.111111111111114,0.0,10.0,10.0,0.0,54.0,14.0,0.0,440.20589756217566,11.0,11.0,4.0,3.0,13.0,0.0,0.0,0.0,24.0,0.16193,0.0,0.0427074167312557,61.0,94.5638461882614,660.0,benign
1.0,0.0,1.0,303.0,3.0,0.0,121.2,0.0,2.0,2.0,0.0,54.0,3.0,0.0,8.0,2.0,2.0,1.0,1.0,3.0,0.0,0.0,0.0,24.0,0.051879,0.0,0.0192762388742951,64.0,95.5,5544.0,benign
0.0,0.0,0.0,0.0,0.0,0.0,0.0,0.0,1.0,2.0,0.0,214.0,0.0,180.0,0.0,1.0,1.0,0.0,1.0,0.0,0.0,0.0,0.0,0.0,0.018543,0.018543,0.0,255.0,0.0,0.0,benign
0.0,0.0,0.0,0.0,0.0,0.0,0.0,0.0,0.0,0.0,0.0,0.0,0.0,0.0,0.0,0.0,0.0,0.0,0.0,0.0,0.0,0.0,0.0,0.0,0.0,0.0,0.0,0.0,0.0,0.0,benign
0.0,0.0,0.0,0.0,0.0,0.0,0.0,0.0,0.0,2.0,0.0,198.0,0.0,0.0,0.0,0.0,0.0,0.0,1.0,0.0,0.0,0.0,0.0,0.0,0.020385,0.020385,0.0,0.0,0.0,0.0,benign
0.0,0.0,0.0,0.0,0.0,0.0,6194.0,0.0,0.1428571428571428,0.2857142857142857,0.0,214.0,0.0,180.0,0.0,0.1428571428571428,0.1428571428571428,0.0,0.1428571428571428,0.0,0.0,0.0,0.0,0.0,0.044733057,3.5e-08,0.022366511,255.0,0.0,0.0,recon
0.0,0.0,0.0,0.0,0.0,0.0,24.5,2.0,2.0,2.0,0.0,66.0,1.0,0.0,85.73343701393419,2.0,2.0,1.0,2.0,2.0,0.0,0.0,0.0,24.0,0.048315,0.0,0.020846387648703,51.0,6.128258770283395,166.0,benign
140.0,0.0,1.0,0.0,2.0,0.0,0.6666666666666666,0.0,2.0,2.0,0.0,54.0,2.0,0.0,11.0227038425243,2.0,2.0,1.0,1.0,2.0,0.0,0.0,0.0,24.0,0.0209,0.0,0.0087665168503516,64.0,95.5,5578.0,benign
0.0,0.0,0.0,0.0,0.0,0.0,3.5535714285714284,0.0,14.0,5.0,1384.0,54.0,102.0,0.0,747.1822442208781,15.0,16.0,6.0,9.0,95.0,2.0,8.0,0.0,194.0,0.043853,0.0,0.0058461775492861,44.0,22.05523313257525,0.0,benign
0.0,0.0,0.0,0.0,0.0,0.0,0.0,0.0,0.0,0.0,0.0,0.0,0.0,0.0,0.0,0.0,0.0,0.0,0.0,0.0,0.0,0.0,0.0,0.0,0.0,0.0,0.0,0.0,0.0,0.0,benign
0.0,0.0,0.0,0.0,0.0,0.0,4.77906976744186,0.0,0.5714285714285714,0.5714285714285714,1460.0,60.0,116.42857142857144,0.0,0.0,79.0,79.14285714285714,0.2857142857142857,0.2857142857142857,0.0,92.14285714285714,116.14285714285714,0.0,20.0,0.151424857,2.7e-08,0.0065163182485679,37.0,102.77905777180284,1024.0,recon
12.0,0.0,1.0,0.0,1.0,0.0,0.0,0.0,2.0,2.0,0.0,54.0,1.0,0.0,10.5,2.0,2.0,1.0,1.0,1.0,0.0,0.0,0.0,24.0,0.056757,0.0,0.0283785,64.0,95.5,5610.0,benign
0.0,0.0,1.0,0.0,1.0,0.0,0.0,0.0,2.0,2.0,0.0,54.0,1.0,0.0,7.5,2.0,2.0,1.0,1.0,1.0,0.0,0.0,0.0,24.0,0.026843,1e-06,0.0134209999999999,64.0,95.5,5562.0,benign
0.0,0.0,0.0,0.0,0.0,0.0,0.0,0.0,1.0,2.0,0.0,230.0,0.0,196.0,0.0,1.0,1.0,0.0,1.0,0.0,0.0,0.0,0.0,0.0,0.004981,0.004981,0.0,255.0,0.0,0.0,benign
0.0,0.0,0.0,0.0,0.0,0.0,0.0,0.0,0.0,0.0,0.0,0.0,0.0,0.0,0.0,0.0,0.0,0.0,0.0,0.0,0.0,0.0,0.0,0.0,0.0,0.0,0.0,0.0,0.0,0.0,benign
0.0,0.0,0.0,0.0,0.0,0.0,0.0,0.0,0.0,0.0,0.0,0.0,0.0,0.0,0.0,0.0,0.0,0.0,0.0,0.0,0.0,0.0,0.0,0.0,0.0,0.0,0.0,0.0,0.0,0.0,benign
0.0,0.0,0.0,0.0,0.0,0.0,135.0,0.0,3.0,2.0,0.0,54.0,2.0,0.0,32.526911934581186,2.0,2.0,2.0,3.0,2.0,0.0,0.0,0.0,24.0,0.146502,0.005564,0.0504423345536487,238.0,8.013876853447337,2644.0,benign
0.0,0.0,0.0,0.0,0.0,0.0,0.0,0.0,0.0,0.0,0.0,0.0,0.0,0.0,0.0,0.0,0.0,0.0,0.0,0.0,0.0,0.0,0.0,0.0,0.0,0.0,0.0,0.0,0.0,0.0,benign
0.0,0.0,0.0,0.0,0.0,0.0,0.0680018864327356,0.0,1.8571428571428568,2.0,0.0,60.0,14222.0,0.0,1.6585276873848391,1.8571428571428568,9416.57142857143,0.4285714285714285,0.4285714285714285,14.0,0.0,0.0,0.0,24.0,0.111879077,2.6e-08,0.0008138814664111,64.0,5.986550933633327,512.0,dos
0.0,0.0,0.0,0.0,0.0,0.0,74.0,0.0,2.0,2.0,0.0,60.0,1.0,0.0,0.0,0.0,0.0,1.0,1.0,0.0,0.0,0.0,0.0,0.0,0.015557,0.013007,0.0012749999999999,0.0,0.0,0.0,benign
64.0,0.0,1.0,0.0,2.0,0.0,14.4,0.0,2.0,2.0,0.0,54.0,3.0,0.0,15.752424857427156,2.0,2.0,2.0,2.0,3.0,0.0,0.0,0.0,24.0,0.279999,1e-06,0.101888366114859,64.0,95.5,5604.0,benign
0.0,0.0,0.0,0.0,0.0,0.0,0.0,0.0,1.0,2.0,0.0,214.0,0.0,180.0,0.0,1.0,1.0,0.0,1.0,0.0,0.0,0.0,0.0,0.0,0.052552,0.052552,0.0,255.0,0.0,0.0,benign
4.0,0.0,1.0,0.0,1.0,0.0,0.0,0.0,2.0,2.0,0.0,54.0,1.0,0.0,7.5,2.0,2.0,1.0,1.0,1.0,0.0,0.0,0.0,24.0,0.015631,0.0,0.0078155,64.0,95.5,5636.0,benign
0.0,0.0,0.0,0.0,0.0,0.0,0.0,0.0,0.0,0.0,0.0,0.0,0.0,0.0,0.0,0.0,0.0,0.0,0.0,0.0,0.0,0.0,0.0,0.0,0.0,0.0,0.0,0.0,0.0,0.0,benign
0.0,0.0,0.0,0.0,0.0,0.0,0.0,0.0,0.0,0.0,0.0,0.0,0.0,0.0,0.0,0.0,0.0,0.0,0.0,0.0,0.0,0.0,0.0,0.0,0.0,0.0,0.0,0.0,0.0,0.0,benign
0.0,0.0,0.0,0.0,0.0,0.0,353.0,0.0,2.0,2.0,0.0,60.0,0.0,196.0,0.0,1.0,1.0,0.0,2.0,0.0,0.0,0.0,0.0,0.0,0.041038,0.00183,0.019604,255.0,0.0,0.0,benign
14.0,0.0,1.0,0.0,1.0,0.0,0.0,0.0,2.0,2.0,0.0,54.0,1.0,0.0,10.5,2.0,2.0,1.0,1.0,1.0,0.0,0.0,0.0,24.0,0.013754,0.0,0.006877,64.0,95.5,5550.0,benign
1023.0,0.0,1.0,0.0,1.0,0.0,0.0,0.0,2.0,2.0,0.0,54.0,1.0,0.0,9.0,2.0,2.0,1.0,1.0,1.0,0.0,0.0,0.0,24.0,0.000526,0.0,0.000263,64.0,95.5,5556.0,benign
1023.0,0.0,0.1428571428571428,1004.0,1.0,0.0,399.375,0.0,0.4285714285714285,0.4285714285714285,0.0,60.0,1.2857142857142858,0.0,9.0,0.2857142857142857,0.2857142857142857,0.2857142857142857,0.2857142857142857,1.0,0.0,0.0,0.0,24.0,0.170518594,1.72e-07,0.0462656852115993,64.0,95.5,5194.0,mitm
0.0,0.0,0.0,0.0,0.0,0.0,0.0112340224680449,0.0,0.8571428571428571,0.8571428571428571,0.0,60.0,89069.14285714286,0.0,55.0,0.2857142857142857,0.2857142857142857,0.2857142857142857,0.2857142857142857,0.1428571428571428,0.0,0.0,0.0,24.0,0.001152578,2.6e-08,5.7949159701423794e-05,64.0,13.710073962099267,5176.0,ddos
124.0,0.0,1.0,0.0,2.0,0.0,0.6666666666666666,0.0,2.0,2.0,0.0,54.0,2.0,0.0,11.0227038425243,2.0,2.0,1.0,1.0,2.0,0.0,0.0,0.0,24.0,0.045383,0.0,0.0193196369595807,64.0,95.5,5534.0,benign
0.0,0.0,0.0,0.0,0.0,0.0,0.0,0.0,0.0,0.0,0.0,0.0,0.0,0.0,0.0,0.0,0.0,0.0,0.0,0.0,0.0,0.0,0.0,0.0,0.0,0.0,0.0,0.0,0.0,0.0,benign
0.0,0.0,0.0,0.0,0.0,0.0,0.0,0.0,0.0,0.0,0.0,0.0,0.0,0.0,0.0,0.0,0.0,0.0,0.0,0.0,0.0,0.0,0.0,0.0,0.0,0.0,0.0,0.0,0.0,0.0,benign
0.0,0.0,0.0,0.0,0.0,0.0,0.0,0.0,0.0,0.0,0.0,0.0,0.0,0.0,0.0,0.0,0.0,0.0,0.0,0.0,0.0,0.0,0.0,0.0,0.0,0.0,0.0,0.0,0.0,0.0,benign
1023.0,0.0,1.0,0.0,1.0,0.0,0.0,0.0,2.0,2.0,0.0,54.0,1.0,0.0,9.0,2.0,2.0,1.0,1.0,1.0,0.0,0.0,0.0,24.0,0.015622,0.000602,0.00751,64.0,95.5,5642.0,benign
0.0,0.0,0.0,0.0,0.0,0.0,0.0,0.0,0.0,0.0,0.0,0.0,0.0,0.0,0.0,0.0,0.0,0.0,0.0,0.0,0.0,0.0,0.0,0.0,0.0,0.0,0.0,0.0,0.0,0.0,benign
0.0,0.0,0.0,0.0,0.0,0.0,0.0,0.0,0.0,0.0,0.0,0.0,0.0,0.0,0.0,0.0,0.0,0.0,0.0,0.0,0.0,0.0,0.0,0.0,0.0,0.0,0.0,0.0,0.0,0.0,benign
0.0,0.0,0.0,0.0,0.0,0.0,0.0,0.0,0.0,0.0,0.0,0.0,0.0,0.0,0.0,0.0,0.0,0.0,0.0,0.0,0.0,0.0,0.0,0.0,0.0,0.0,0.0,0.0,0.0,0.0,benign
0.0,0.0,0.0,0.0,0.0,0.0,0.0,0.0,0.0,0.0,0.0,0.0,0.0,0.0,0.0,0.0,0.0,0.0,0.0,0.0,0.0,0.0,0.0,0.0,0.0,0.0,0.0,0.0,0.0,0.0,benign
0.0,0.0,0.0,0.0,0.0,0.0,0.0,0.0,0.0,0.0,0.0,0.0,0.0,0.0,0.0,0.0,0.0,0.0,0.0,0.0,0.0,0.0,0.0,0.0,0.0,0.0,0.0,0.0,0.0,0.0,benign
0.0,0.0,0.0,0.0,0.0,0.0,0.0,0.0,0.0,0.0,0.0,0.0,0.0,0.0,0.0,0.0,0.0,0.0,0.0,0.0,0.0,0.0,0.0,0.0,0.0,0.0,0.0,0.0,0.0,0.0,benign
0.0,0.0,0.0,0.0,0.0,0.0,0.0,0.0,0.0,0.0,0.0,0.0,0.0,0.0,0.0,0.0,0.0,0.0,0.0,0.0,0.0,0.0,0.0,0.0,0.0,0.0,0.0,0.0,0.0,0.0,benign
0.0,0.0,0.0,0.0,0.0,0.0,0.0,0.0,0.0,0.0,0.0,0.0,0.0,0.0,0.0,0.0,0.0,0.0,0.0,0.0,0.0,0.0,0.0,0.0,0.0,0.0,0.0,0.0,0.0,0.0,benign
0.0,0.0,0.0,0.0,0.0,0.0,0.0,0.0,0.0,0.0,0.0,0.0,0.0,0.0,0.0,0.0,0.0,0.0,0.0,0.0,0.0,0.0,0.0,0.0,0.0,0.0,0.0,0.0,0.0,0.0,benign
0.0,0.0,0.0,0.0,0.0,0.0,19.25,0.0,12.0,12.0,0.0,54.0,24.0,0.0,374.4800476960675,13.0,13.0,3.0,2.0,24.0,0.0,0.0,0.0,24.0,0.085031,0.0,0.0196237067408248,61.0,95.11382952247614,660.0,benign
2.0,0.0,1.0,0.0,1.0,0.0,172.0,0.0,3.0,3.0,0.0,54.0,2.0,0.0,8.5,2.0,2.0,2.0,2.0,1.0,0.0,0.0,0.0,24.0,0.021632,0.0,0.0087948738620858,64.0,95.5,5582.0,benign
0.0,0.0,0.0,0.0,0.0,0.0,65.0,0.0,2.0,2.0,0.0,60.0,1.0,0.0,0.0,0.0,0.0,1.0,1.0,0.0,0.0,0.0,0.0,0.0,0.015213,0.01516,2.650000000024289e-05,0.0,0.0,0.0,benign
0.0,0.0,0.0,0.0,0.0,0.0,0.0,0.0,0.0,0.0,0.0,0.0,0.0,0.0,0.0,0.0,0.0,0.0,0.0,0.0,0.0,0.0,0.0,0.0,0.0,0.0,0.0,0.0,0.0,0.0,benign
0.0,0.0,0.0,0.0,0.0,0.0,0.0,0.0,0.0,0.0,0.0,0.0,0.0,0.0,0.0,0.0,0.0,0.0,0.0,0.0,0.0,0.0,0.0,0.0,0.0,0.0,0.0,0.0,0.0,0.0,benign
0.0,0.0,0.0,0.0,0.0,0.0,56.5,2.0,4.0,4.0,0.0,66.0,3.0,0.0,523.2813358045404,5.0,6.0,3.0,4.0,2.0,0.0,0.0,0.0,24.0,0.100575,0.0,0.0314778604682862,2.0,29.349354599115383,660.0,benign
0.0,0.0,0.0,0.0,0.0,0.0,0.0,0.0,0.0,0.0,0.0,0.0,0.0,0.0,0.0,0.0,0.0,0.0,0.0,0.0,0.0,0.0,0.0,0.0,0.0,0.0,0.0,0.0,0.0,0.0,benign
0.0,0.0,0.0,0.0,0.0,0.0,0.0,0.0,0.0,0.0,0.0,0.0,0.0,0.0,0.0,0.0,0.0,0.0,0.0,0.0,0.0,0.0,0.0,0.0,0.0,0.0,0.0,0.0,0.0,0.0,benign
0.0,0.0,0.0,0.0,0.0,0.0,54.5,0.0,2.0,2.0,0.0,60.0,1.0,0.0,0.0,0.0,0.0,1.0,1.0,0.0,0.0,0.0,0.0,0.0,0.00481,0.001446,0.0014996781877011,0.0,0.0,0.0,benign
1023.0,0.0,1.0,0.0,1.0,0.0,68.0,0.0,2.0,2.0,0.0,54.0,2.0,0.0,9.0,2.0,2.0,2.0,2.0,1.0,0.0,0.0,0.0,24.0,0.044852,0.000578,0.0159752523767231,64.0,95.5,5614.0,benign
0.0,0.0,0.0,0.0,0.0,0.0,0.0,0.0,0.0,0.0,0.0,0.0,0.0,0.0,0.0,0.0,0.0,0.0,0.0,0.0,0.0,0.0,0.0,0.0,0.0,0.0,0.0,0.0,0.0,0.0,benign
0.0,0.0,0.0,0.0,0.0,0.0,2.910721735502712,2.0,0.4285714285714285,0.4285714285714285,1460.0,60.0,173.0,0.0,695.3782324133202,29.428571428571427,29.428571428571427,0.2857142857142857,0.4285714285714285,44.285714285714285,0.0,58.0,0.0,24.0,0.024478,0.0,0.0042438789476198,63.0,0.4999749158289951,477.0,web
0.0,0.0,0.0,0.0,0.0,0.0,25.51428571428572,0.0,12.0,12.0,0.0,54.0,17.0,0.0,274.50181991190533,13.0,13.0,4.0,4.0,16.0,0.0,0.0,0.0,24.0,0.118765,0.0,0.0271044042898884,61.0,94.15139100972296,660.0,benign
0.0,0.0,0.0,0.0,0.0,0.0,0.0,0.0,0.0,0.0,0.0,0.0,0.0,0.0,0.0,0.0,0.0,0.0,0.0,0.0,0.0,0.0,0.0,0.0,0.0,0.0,0.0,0.0,0.0,0.0,benign
0.0,0.0,0.0,0.0,0.0,0.0,0.0,0.0,0.0,0.0,0.0,0.0,0.0,0.0,0.0,0.0,0.0,0.0,0.0,0.0,0.0,0.0,0.0,0.0,0.0,0.0,0.0,0.0,0.0,0.0,benign
0.0,0.0,0.0,0.0,0.0,0.0,37.0,0.0,2.0,2.0,0.0,60.0,1.0,0.0,0.0,0.0,0.0,1.0,1.0,0.0,0.0,0.0,0.0,0.0,0.026922,0.0,0.0118406634480036,0.0,0.0,0.0,benign
0.0,0.0,0.0,0.0,0.0,0.0,0.0,0.0,0.0,0.0,0.0,0.0,0.0,0.0,0.0,0.0,0.0,0.0,0.0,0.0,0.0,0.0,0.0,0.0,0.0,0.0,0.0,0.0,0.0,0.0,benign
0.0,0.0,0.0,0.0,0.0,0.0,0.0,0.0,0.0,0.0,0.0,0.0,0.0,0.0,0.0,0.0,0.0,0.0,0.0,0.0,0.0,0.0,0.0,0.0,0.0,0.0,0.0,0.0,0.0,0.0,benign
0.0,0.0,0.0,0.0,0.0,0.0,0.0,0.0,0.0,0.0,0.0,0.0,0.0,0.0,0.0,0.0,0.0,0.0,0.0,0.0,0.0,0.0,0.0,0.0,0.0,0.0,0.0,0.0,0.0,0.0,benign
0.0,0.0,0.0,0.0,0.0,0.0,0.0,0.0,0.0,0.0,0.0,0.0,0.0,0.0,0.0,0.0,0.0,0.0,0.0,0.0,0.0,0.0,0.0,0.0,0.0,0.0,0.0,0.0,0.0,0.0,benign
0.0,0.0,0.0,0.0,0.0,0.0,0.1059690873033895,2.0,0.4285714285714285,0.2857142857142857,1460.0,60.0,6271.0,0.0,0.3796599652862648,4944.428571428572,2783.714285714286,0.1428571428571428,0.2857142857142857,0.2857142857142857,3165.5714285714284,6262.714285714285,0.0,24.0,0.000679373,2.6e-08,6.301156286661318e-05,64.0,0.0,0.0,dos
0.0,0.0,0.0,0.0,0.0,0.0,0.0,0.0,1.0,2.0,0.0,214.0,0.0,180.0,0.0,1.0,1.0,0.0,1.0,0.0,0.0,0.0,0.0,0.0,0.048351,0.048351,0.0,255.0,0.0,0.0,benign
0.0,0.0,0.0,0.0,0.0,0.0,0.0,0.0,0.0,2.0,0.0,198.0,0.0,0.0,0.0,0.0,0.0,0.0,1.0,0.0,0.0,0.0,0.0,0.0,0.001181,0.001181,0.0,0.0,0.0,0.0,benign
0.0,0.0,0.0,0.0,0.0,0.0,0.0,0.0,1.0,2.0,0.0,230.0,0.0,196.0,0.0,1.0,1.0,0.0,1.0,0.0,0.0,0.0,0.0,0.0,0.02038,0.02038,0.0,255.0,0.0,0.0,benign
12.0,0.0,1.0,0.0,1.0,0.0,0.0,0.0,2.0,2.0,0.0,54.0,1.0,0.0,10.5,2.0,2.0,1.0,1.0,1.0,0.0,0.0,0.0,24.0,0.018354,0.0,0.009177,64.0,95.5,5616.0,benign
0.0,0.0,0.0,0.0,0.0,0.0,97.0,0.0,2.0,2.0,0.0,60.0,1.0,0.0,0.0,0.0,0.0,1.0,1.0,0.0,0.0,0.0,0.0,0.0,0.006906,0.00461,0.0011479999999999,0.0,0.0,0.0,benign
0.0,0.0,0.0,0.0,0.0,0.0,0.0,0.0,0.0,0.0,0.0,0.0,0.0,0.0,0.0,0.0,0.0,0.0,0.0,0.0,0.0,0.0,0.0,0.0,0.0,0.0,0.0,0.0,0.0,0.0,benign
0.0,0.0,0.0,0.0,0.0,0.0,0.0,0.0,1.0,2.0,0.0,971.0,0.0,937.0,0.0,1.0,1.0,0.0,1.0,0.0,0.0,0.0,0.0,0.0,0.007539,0.007539,0.0,64.0,0.0,0.0,benign
0.0,0.0,0.0,0.0,0.0,0.0,0.0,0.0,0.0,0.0,0.0,0.0,0.0,0.0,0.0,0.0,0.0,0.0,0.0,0.0,0.0,0.0,0.0,0.0,0.0,0.0,0.0,0.0,0.0,0.0,benign
0.0,0.0,0.0,0.0,0.0,0.0,135.4,0.0,3.0,2.0,0.0,66.0,3.0,0.0,21.759416863101418,3.0,4.0,2.0,2.0,1.0,0.0,0.0,0.0,24.0,0.007835,0.0,0.0030725115360058,64.0,68.57275130999355,442.0,benign
0.0,0.0,1.0,0.0,1.0,0.0,0.0,0.0,2.0,2.0,0.0,54.0,1.0,0.0,7.5,2.0,2.0,1.0,1.0,1.0,0.0,0.0,0.0,24.0,0.071795,0.0,0.0358975,64.0,95.5,5594.0,benign
0.0,0.0,0.0,0.0,0.0,0.0,0.0,0.0,0.0,0.0,0.0,0.0,0.0,0.0,0.0,0.0,0.0,0.0,0.0,0.0,0.0,0.0,0.0,0.0,0.0,0.0,0.0,0.0,0.0,0.0,benign
0.0,0.0,0.0,0.0,0.0,0.0,0.0,0.0,0.0,0.0,0.0,0.0,0.0,0.0,0.0,0.0,0.0,0.0,0.0,0.0,0.0,0.0,0.0,0.0,0.0,0.0,0.0,0.0,0.0,0.0,benign
0.0,0.0,0.0,0.0,0.0,0.0,0.0,0.0,0.0,0.0,0.0,0.0,0.0,0.0,0.0,0.0,0.0,0.0,0.0,0.0,0.0,0.0,0.0,0.0,0.0,0.0,0.0,0.0,0.0,0.0,benign
0.0,0.0,0.0,0.0,0.0,0.0,0.0,0.0,1.0,2.0,0.0,230.0,0.0,196.0,0.0,1.0,1.0,0.0,1.0,0.0,0.0,0.0,0.0,0.0,0.037963,0.037963,0.0,255.0,0.0,0.0,benign
0.0,0.0,0.0,0.0,0.0,0.0,0.0,0.0,0.0,0.0,0.0,0.0,0.0,0.0,0.0,0.0,0.0,0.0,0.0,0.0,0.0,0.0,0.0,0.0,0.0,0.0,0.0,0.0,0.0,0.0,benign
0.0,0.0,0.0,0.0,0.0,0.0,0.0,0.0,0.0,0.0,0.0,0.0,0.0,0.0,0.0,0.0,0.0,0.0,0.0,0.0,0.0,0.0,0.0,0.0,0.0,0.0,0.0,0.0,0.0,0.0,benign
0.0,0.0,0.0,0.0,0.0,0.0,0.0,0.0,0.0,0.0,0.0,0.0,0.0,0.0,0.0,0.0,0.0,0.0,0.0,0.0,0.0,0.0,0.0,0.0,0.0,0.0,0.0,0.0,0.0,0.0,benign
-0.7,0.5880476171195662,2.0,0.0,2.0,0.0,84.5,0.0,2.0,2.0,0.0,54.0,4.0,0.0,14.140692475033513,2.0,2.0,2.0,2.0,3.0,0.0,0.0,0.0,24.0,0.113523,0.0,0.0384880675858089,64.0,94.52048692733015,5566.0,benign
0.0,0.0,1.0,0.0,1.0,0.0,0.0,0.0,2.0,2.0,0.0,54.0,1.0,0.0,7.5,2.0,2.0,1.0,1.0,1.0,0.0,0.0,0.0,24.0,0.008088,0.0,0.004044,64.0,95.5,5542.0,benign
3.0,0.0,1.0,0.0,1.0,0.0,0.0,0.0,2.0,2.0,0.0,54.0,1.0,0.0,8.5,2.0,2.0,1.0,1.0,1.0,0.0,0.0,0.0,24.0,0.032718,0.0,0.016359,64.0,95.5,5602.0,benign
1023.0,0.0,0.1428571428571428,400.3636363636364,1.7142857142857142,0.0,31.615384615384617,0.0,0.4285714285714285,0.4285714285714285,1460.0,60.0,17.428571428571427,0.0,9.98659925084758,15.428571428571429,14.142857142857142,0.1428571428571428,0.2857142857142857,0.7142857142857143,13.571428571428571,16.714285714285715,0.0,24.0,0.082512282,3.3e-08,0.0070591347090166,37.0,102.74534014976084,1024.0,recon
13.0,0.0,1.0,0.0,1.0,0.0,0.0,0.0,2.0,2.0,0.0,54.0,1.0,0.0,10.5,2.0,2.0,1.0,1.0,1.0,0.0,0.0,0.0,24.0,0.005452,0.000293,0.0025795,64.0,95.5,5624.0,benign
0.0,0.0,0.0,0.0,0.0,0.0,0.0,0.0,0.0,0.0,0.0,0.0,0.0,0.0,0.0,0.0,0.0,0.0,0.0,0.0,0.0,0.0,0.0,0.0,0.0,0.0,0.0,0.0,0.0,0.0,benign
0.0,0.0,0.0,0.0,0.0,0.0,0.0,0.0,0.0,0.0,0.0,0.0,0.0,0.0,0.0,0.0,0.0,0.0,0.0,0.0,0.0,0.0,0.0,0.0,0.0,0.0,0.0,0.0,0.0,0.0,benign
1023.0,0.0,1.0,0.0,1.0,0.0,0.0,0.0,2.0,2.0,0.0,54.0,1.0,0.0,9.0,2.0,2.0,1.0,1.0,1.0,0.0,0.0,0.0,24.0,0.05814,0.0,0.02907,64.0,95.5,5534.0,benign
-0.69,1.1395028155589026,2.0,0.0,2.0,0.0,2.0,0.0,2.0,2.0,0.0,54.0,2.0,0.0,18.856180831641264,2.0,2.0,1.0,1.0,1.0,0.0,0.0,0.0,24.0,0.017416,0.0,0.0082097454419867,64.0,90.03826347108705,5544.0,benign
0.0,0.0,0.0,0.0,0.0,0.0,0.0,0.0,2.0,2.0,0.0,60.0,1.0,0.0,0.0,0.0,0.0,1.0,1.0,0.0,0.0,0.0,0.0,0.0,0.030728,0.0,0.015364,0.0,0.0,0.0,benign
0.0,0.0,0.0,0.0,0.0,4948.428571428572,0.100770218228498,0.0,0.2857142857142857,1.0,0.0,60.0,8457.57142857143,0.0,459.0817468211618,0.2857142857142857,0.2857142857142857,0.2857142857142857,0.1428571428571428,0.2857142857142857,0.0,0.0,0.0,24.0,0.052635826,2.6e-08,0.0002815322264157,64.0,1.110099320437972,5048.0,ddos
0.0,0.0,0.0,0.0,0.0,0.0,0.0,0.0,0.0,0.0,0.0,0.0,0.0,0.0,0.0,0.0,0.0,0.0,0.0,0.0,0.0,0.0,0.0,0.0,0.0,0.0,0.0,0.0,0.0,0.0,benign
132.0,0.0,1.0,0.0,2.0,0.0,1.3333333333333333,0.0,2.0,2.0,0.0,54.0,2.0,0.0,11.0227038425243,2.0,2.0,1.0,1.0,2.0,0.0,0.0,0.0,24.0,0.130615,0.0,0.0560000498615849,64.0,95.5,5584.0,benign
0.0,0.0,0.0,0.0,0.0,0.0,0.0,0.0,0.0,0.0,0.0,0.0,0.0,0.0,0.0,0.0,0.0,0.0,0.0,0.0,0.0,0.0,0.0,0.0,0.0,0.0,0.0,0.0,0.0,0.0,benign
2.0,0.0,1.0,0.0,1.0,0.0,278.6666666666667,0.0,3.0,3.0,0.0,54.0,2.0,0.0,8.5,2.0,2.0,2.0,2.0,1.0,0.0,0.0,0.0,24.0,0.021313,0.0,0.0092599083283799,64.0,95.5,5616.0,benign
116.0,8.893932809299107,0.1428571428571428,1005.3333333333334,2.0,0.0,0.0093320186640373,0.0,1.0,1.0,0.0,60.0,105745.42857142857,0.0,0.0,45.142857142857146,9416.57142857143,0.2857142857142857,0.2857142857142857,0.0,45.0,105744.71428571428,0.0,20.0,0.001241759,2.5e-08,4.960026696494904e-05,64.0,3.9384516112344654,512.0,ddos
6.0,0.0,1.0,0.0,1.0,0.0,1.0,0.0,2.0,2.0,0.0,54.0,1.0,0.0,7.5,2.0,2.0,1.0,1.0,1.0,0.0,0.0,0.0,24.0,0.157419,0.000371,0.078524,64.0,95.5,5600.0,benign
0.0,0.0,0.0,0.0,0.0,0.0,0.0,0.0,1.0,2.0,0.0,60.0,0.0,0.0,0.0,0.0,0.0,0.0,1.0,0.0,0.0,0.0,0.0,0.0,0.0125,0.0125,0.0,0.0,0.0,0.0,benign
1.0,0.0,1.0,303.5,3.0,0.0,121.4,0.0,2.0,2.0,0.0,54.0,3.0,0.0,8.0,2.0,2.0,1.0,1.0,3.0,0.0,0.0,0.0,24.0,0.016457,0.0,0.006143988841859,64.0,95.5,5648.0,benign
0.0,0.0,0.0,0.0,0.0,0.0,54.45454545454545,0.0,5.0,5.0,0.0,60.0,7.0,0.0,745.3435449509172,3.0,4.0,4.0,4.0,2.0,0.0,0.0,0.0,24.0,0.053815,0.0,0.0218045725575317,61.0,1.299038105676658,660.0,benign
0.0,0.0,0.0,0.0,0.0,0.0,0.0,0.0,1.0,2.0,0.0,214.0,0.0,180.0,0.0,1.0,1.0,0.0,1.0,0.0,0.0,0.0,0.0,0.0,0.010963,0.010963,0.0,255.0,0.0,0.0,benign
0.0,0.0,0.0,0.0,0.0,0.0,0.0,0.0,0.0,0.0,0.0,0.0,0.0,0.0,0.0,0.0,0.0,0.0,0.0,0.0,0.0,0.0,0.0,0.0,0.0,0.0,0.0,0.0,0.0,0.0,benign
12.0,0.0,1.0,0.0,1.0,0.0,1.0,0.0,2.0,2.0,0.0,54.0,1.0,0.0,10.5,2.0,2.0,1.0,1.0,1.0,0.0,0.0,0.0,24.0,0.004623,0.000303,0.00216,64.0,95.5,5570.0,benign
0.0,0.0,0.0,0.0,0.0,0.0,0.0,0.0,0.0,0.0,0.0,0.0,0.0,0.0,0.0,0.0,0.0,0.0,0.0,0.0,0.0,0.0,0.0,0.0,0.0,0.0,0.0,0.0,0.0,0.0,benign
0.0,0.0,0.0,0.0,0.0,0.0,0.0,0.0,0.0,0.0,0.0,0.0,0.0,0.0,0.0,0.0,0.0,0.0,0.0,0.0,0.0,0.0,0.0,0.0,0.0,0.0,0.0,0.0,0.0,0.0,benign
1.0,0.0,1.0,0.0,1.0,0.0,0.0,0.0,2.0,2.0,0.0,54.0,1.0,0.0,8.5,2.0,2.0,1.0,1.0,1.0,0.0,0.0,0.0,24.0,0.003666,0.0,0.001833,64.0,95.5,5556.0,benign
0.0,0.0,0.0,0.0,0.0,0.0,0.0,0.0,0.0,0.0,0.0,0.0,0.0,0.0,0.0,0.0,0.0,0.0,0.0,0.0,0.0,0.0,0.0,0.0,0.0,0.0,0.0,0.0,0.0,0.0,benign
121.0,0.0,1.0,0.0,2.0,0.0,0.6666666666666666,0.0,2.0,2.0,0.0,54.0,2.0,0.0,11.0227038425243,2.0,2.0,1.0,1.0,2.0,0.0,0.0,0.0,24.0,0.023388,0.0,0.0098349086771306,64.0,95.5,5552.0,benign
0.0,0.0,0.0,0.0,0.0,0.0,0.0,0.0,0.0,0.0,0.0,0.0,0.0,0.0,0.0,0.0,0.0,0.0,0.0,0.0,0.0,0.0,0.0,0.0,0.0,0.0,0.0,0.0,0.0,0.0,benign
0.0,0.0,0.0,0.0,0.0,0.0,0.0,0.0,1.0,2.0,0.0,972.0,0.0,938.0,0.0,1.0,1.0,0.0,1.0,0.0,0.0,0.0,0.0,0.0,0.020018,0.020018,0.0,64.0,0.0,0.0,benign
0.0,0.0,0.0,0.0,0.0,0.0,0.0,0.0,0.0,0.0,0.0,0.0,0.0,0.0,0.0,0.0,0.0,0.0,0.0,0.0,0.0,0.0,0.0,0.0,0.0,0.0,0.0,0.0,0.0,0.0,benign
0.0,0.0,0.0,0.0,0.0,0.0,0.0,0.0,0.0,0.0,0.0,0.0,0.0,0.0,0.0,0.0,0.0,0.0,0.0,0.0,0.0,0.0,0.0,0.0,0.0,0.0,0.0,0.0,0.0,0.0,benign
0.0,0.0,0.0,0.0,0.0,0.0,253.0,0.0,3.0,3.0,0.0,60.0,1.0,180.0,0.0,1.0,1.0,1.0,2.0,0.0,0.0,0.0,0.0,0.0,0.024668,0.003475,0.0078122662645035,255.0,0.0,0.0,benign
0.0,0.0,0.0,0.0,0.0,0.0,0.0,0.0,0.0,0.0,0.0,0.0,0.0,0.0,0.0,0.0,0.0,0.0,0.0,0.0,0.0,0.0,0.0,0.0,0.0,0.0,0.0,0.0,0.0,0.0,benign
0.0,0.0,0.0,0.0,0.0,0.0,0.0,0.0,1.0,2.0,0.0,60.0,1.0,0.0,0.0,0.0,0.0,1.0,0.0,0.0,0.0,0.0,0.0,0.0,0.135013,0.135013,0.0,0.0,0.0,0.0,benign
0.0,0.0,0.0,0.0,0.0,0.0,0.0,0.0,0.0,0.0,0.0,0.0,0.0,0.0,0.0,0.0,0.0,0.0,0.0,0.0,0.0,0.0,0.0,0.0,0.0,0.0,0.0,0.0,0.0,0.0,benign
0.0,0.0,0.0,0.0,0.0,0.0,0.0,0.0,0.0,0.0,0.0,0.0,0.0,0.0,0.0,0.0,0.0,0.0,0.0,0.0,0.0,0.0,0.0,0.0,0.0,0.0,0.0,0.0,0.0,0.0,benign
12.0,0.0,1.0,0.0,1.0,0.0,148.0,0.0,3.0,3.0,0.0,54.0,2.0,0.0,8.0,2.0,2.0,2.0,2.0,1.0,0.0,0.0,0.0,24.0,0.060124,0.0,0.0257749995283705,64.0,95.5,5560.0,benign
0.0,0.0,0.0,0.0,0.0,0.0,0.0,0.0,2.0,2.0,0.0,60.0,1.0,0.0,0.0,0.0,0.0,1.0,1.0,0.0,0.0,0.0,0.0,0.0,0.114357,0.000495,0.0569309999999999,0.0,0.0,0.0,benign
0.0,0.0,0.0,0.0,0.0,0.0,7.287356321839081,0.0,0.7142857142857143,0.5714285714285714,1460.0,66.0,5.714285714285714,0.0,100.4055001621421,2.4285714285714284,2.4285714285714284,0.4285714285714285,0.5714285714285714,0.7142857142857143,0.0,1.4285714285714286,0.0,24.0,0.030904372,3.3e-08,0.0048608960713041,64.0,16.595313861110313,501.0,bruteforce
0.0,0.0,0.0,0.0,0.0,0.0,18.970108695652176,0.0,0.2857142857142857,0.2857142857142857,1460.0,60.0,26.428571428571427,0.0,0.0,26.571428571428573,26.428571428571427,0.1428571428571428,0.1428571428571428,0.0,26.285714285714285,26.428571428571427,0.0,20.0,0.02853366,3.3e-08,0.0017177605243237,37.0,9.54811507163124,0.0,recon
0.0,0.0,0.0,0.0,0.0,0.0,0.0,0.0,0.0,0.0,0.0,0.0,0.0,0.0,0.0,0.0,0.0,0.0,0.0,0.0,0.0,0.0,0.0,0.0,0.0,0.0,0.0,0.0,0.0,0.0,benign
2.0,0.0,1.0,0.0,1.0,0.0,1.0,0.0,2.0,2.0,0.0,54.0,1.0,0.0,8.5,2.0,2.0,1.0,1.0,1.0,0.0,0.0,0.0,24.0,0.010274,0.000245,0.0050145,64.0,95.5,5590.0,benign
0.0,0.0,0.0,0.0,0.0,0.0,23.5,0.0,10.0,10.0,0.0,54.0,15.0,0.0,384.7344368374862,11.0,11.0,3.0,2.0,15.0,0.0,0.0,0.0,24.0,0.182234,0.0,0.0320513016078202,61.0,94.41683653804677,660.0,benign
0.0,0.0,0.0,0.0,0.0,0.0,0.1350438892640108,0.0,0.5714285714285714,0.2857142857142857,0.0,60.0,7404.285714285715,0.0,33.29479253391652,0.5714285714285714,0.5714285714285714,0.5714285714285714,0.4285714285714285,0.8571428571428571,0.0,0.0,0.0,24.0,0.044358814,2.6e-08,0.0002573331899736,53.0,0.0966270144049726,135.0,mitm
152.0,39.6293373020544,1.0,133.71428571428572,8.0,0.0,59.6875,0.0,2.0,3.0,0.0,54.0,8.0,0.0,10.5,2.0,2.0,1.0,2.0,8.0,0.0,0.0,0.0,24.0,0.084809,0.0,0.0269620676768634,64.0,95.5,5626.0,benign
22.4,0.0,1.0,0.0,7.0,0.0,1.6666666666666667,0.0,2.0,2.0,0.0,54.0,2.0,0.0,84.81560882290476,2.0,2.0,1.0,1.0,2.0,0.0,0.0,0.0,24.0,0.004588,0.0,0.0022578482427966,64.0,95.5,5590.0,benign
1023.0,0.0,1.0,0.0,1.0,0.0,0.0,0.0,2.0,2.0,0.0,54.0,1.0,0.0,9.0,2.0,2.0,1.0,1.0,1.0,0.0,0.0,0.0,24.0,0.018214,0.0,0.009107,64.0,95.5,5646.0,benign
0.0,0.0,0.0,0.0,0.0,0.0,0.0,0.0,0.0,0.0,0.0,0.0,0.0,0.0,0.0,0.0,0.0,0.0,0.0,0.0,0.0,0.0,0.0,0.0,0.0,0.0,0.0,0.0,0.0,0.0,benign
0.0,0.0,0.0,0.0,0.0,0.0,0.0,0.0,0.0,0.0,0.0,0.0,0.0,0.0,0.0,0.0,0.0,0.0,0.0,0.0,0.0,0.0,0.0,0.0,0.0,0.0,0.0,0.0,0.0,0.0,benign
4.0,0.0,1.0,0.0,1.0,0.0,0.0,0.0,2.0,2.0,0.0,54.0,1.0,0.0,8.5,2.0,2.0,1.0,1.0,1.0,0.0,0.0,0.0,24.0,0.000661,0.0,0.0003305,64.0,95.5,5538.0,benign
0.0,4.025429372458677,0.1428571428571428,1003.6666666666666,1.0,0.0,10.613050075872534,0.0,0.4285714285714285,0.4285714285714285,1460.0,60.0,47.142857142857146,0.0,1.5516246410230587,46.285714285714285,46.285714285714285,0.1428571428571428,0.2857142857142857,1.0,46.142857142857146,46.142857142857146,0.0,24.0,0.00930896,3.3e-08,0.0008790857010382,37.0,103.58132548601534,1024.0,recon
0.0,0.0,0.0,0.0,0.0,0.0,0.0,0.0,0.0,0.0,0.0,0.0,0.0,0.0,0.0,0.0,0.0,0.0,0.0,0.0,0.0,0.0,0.0,0.0,0.0,0.0,0.0,0.0,0.0,0.0,benign
0.0,0.0,0.0,0.0,0.0,0.0,0.0,0.0,0.0,0.0,0.0,0.0,0.0,0.0,0.0,0.0,0.0,0.0,0.0,0.0,0.0,0.0,0.0,0.0,0.0,0.0,0.0,0.0,0.0,0.0,benign
26.0,57.495341426191096,1.0,137.33333333333334,7.0,0.0,63.46153846153846,0.0,2.0,2.0,0.0,54.0,7.0,0.0,10.431506436302104,2.0,2.0,1.0,1.0,7.0,0.0,0.0,0.0,24.0,0.052747,0.0,0.0171181764974233,64.0,95.5,5608.0,benign
1023.0,0.0,1.0,0.0,1.0,0.0,0.0,0.0,2.0,2.0,0.0,54.0,1.0,0.0,9.0,2.0,2.0,1.0,1.0,1.0,0.0,0.0,0.0,24.0,0.03661,0.0,0.018305,64.0,95.5,5552.0,benign
0.0,0.0,0.0,0.0,0.0,0.0,72.0,0.0,2.0,2.0,0.0,60.0,1.0,0.0,0.0,0.0,0.0,1.0,1.0,0.0,0.0,0.0,0.0,0.0,0.022876,0.019992,0.0014419999999999,0.0,0.0,0.0,benign
0.0,0.0,0.0,0.0,0.0,0.0,0.0,0.0,0.0,0.0,0.0,0.0,0.0,0.0,0.0,0.0,0.0,0.0,0.0,0.0,0.0,0.0,0.0,0.0,0.0,0.0,0.0,0.0,0.0,0.0,benign
0.0,0.0,1.0,0.0,1.0,0.0,0.0,0.0,2.0,2.0,0.0,54.0,1.0,0.0,9.5,2.0,2.0,1.0,1.0,1.0,0.0,0.0,0.0,24.0,0.004083,0.0,0.0020415,64.0,95.5,5560.0,benign
0.0,0.0,0.0,0.0,0.0,0.0,0.0,0.0,0.0,0.0,0.0,0.0,0.0,0.0,0.0,0.0,0.0,0.0,0.0,0.0,0.0,0.0,0.0,0.0,0.0,0.0,0.0,0.0,0.0,0.0,benign
0.0,0.0,0.0,0.0,0.0,0.0,0.0,0.0,1.0,2.0,0.0,214.0,0.0,180.0,0.0,1.0,1.0,0.0,1.0,0.0,0.0,0.0,0.0,0.0,0.011232,0.011232,0.0,255.0,0.0,0.0,benign
0.0,0.0,0.0,0.0,0.0,0.0,97.0,2.0,2.0,2.0,0.0,66.0,1.0,0.0,16.5,2.0,2.0,1.0,1.0,1.0,0.0,0.0,0.0,24.0,0.097074,0.003815,0.0466294999999999,64.0,92.0,442.0,benign
0.0,0.0,0.0,0.0,0.0,0.0,0.0,0.0,0.0,0.0,0.0,0.0,0.0,0.0,0.0,0.0,0.0,0.0,0.0,0.0,0.0,0.0,0.0,0.0,0.0,0.0,0.0,0.0,0.0,0.0,benign
1023.0,0.0,1.0,0.0,1.0,0.0,0.0,0.0,2.0,2.0,0.0,54.0,1.0,0.0,9.0,2.0,2.0,1.0,1.0,1.0,0.0,0.0,0.0,24.0,0.041453,0.000293,0.0205799999999999,64.0,95.5,5562.0,benign
0.0,0.0,0.0,0.0,0.0,0.0,0.0,0.0,0.0,0.0,0.0,0.0,0.0,0.0,0.0,0.0,0.0,0.0,0.0,0.0,0.0,0.0,0.0,0.0,0.0,0.0,0.0,0.0,0.0,0.0,benign
0.0,0.0,0.0,0.0,0.0,0.0,88.0,0.0,2.0,2.0,0.0,60.0,1.0,0.0,0.0,0.0,0.0,1.0,1.0,0.0,0.0,0.0,0.0,0.0,0.007798,0.00544,0.001179,0.0,0.0,0.0,benign
0.0,0.0,0.0,0.0,0.0,0.0,0.0,0.0,1.0,2.0,0.0,230.0,0.0,196.0,0.0,1.0,1.0,0.0,1.0,0.0,0.0,0.0,0.0,0.0,0.06734,0.06734,0.0,255.0,0.0,0.0,benign
0.0,0.0,0.0,0.0,0.0,0.0,0.0,0.0,0.0,0.0,0.0,0.0,0.0,0.0,0.0,0.0,0.0,0.0,0.0,0.0,0.0,0.0,0.0,0.0,0.0,0.0,0.0,0.0,0.0,0.0,benign
0.0,0.0,0.0,0.0,0.0,0.0,0.0,0.0,0.0,0.0,0.0,0.0,0.0,0.0,0.0,0.0,0.0,0.0,0.0,0.0,0.0,0.0,0.0,0.0,0.0,0.0,0.0,0.0,0.0,0.0,benign
0.0,0.0,0.0,0.0,0.0,0.0,0.0,0.0,0.0,0.0,0.0,0.0,0.0,0.0,0.0,0.0,0.0,0.0,0.0,0.0,0.0,0.0,0.0,0.0,0.0,0.0,0.0,0.0,0.0,0.0,benign
0.0,0.0,0.0,0.0,0.0,0.0,0.0,0.0,0.0,0.0,0.0,0.0,0.0,0.0,0.0,0.0,0.0,0.0,0.0,0.0,0.0,0.0,0.0,0.0,0.0,0.0,0.0,0.0,0.0,0.0,benign
0.0,0.0,0.0,0.0,0.0,0.0,0.0,0.0,0.0,0.0,0.0,0.0,0.0,0.0,0.0,0.0,0.0,0.0,0.0,0.0,0.0,0.0,0.0,0.0,0.0,0.0,0.0,0.0,0.0,0.0,benign
0.0,0.0,0.0,0.0,0.0,0.0,0.0,0.0,0.0,0.0,0.0,0.0,0.0,0.0,0.0,0.0,0.0,0.0,0.0,0.0,0.0,0.0,0.0,0.0,0.0,0.0,0.0,0.0,0.0,0.0,benign
0.0,0.0,0.0,0.0,0.0,0.0,0.0,0.0,0.0,0.0,0.0,0.0,0.0,0.0,0.0,0.0,0.0,0.0,0.0,0.0,0.0,0.0,0.0,0.0,0.0,0.0,0.0,0.0,0.0,0.0,benign
0.0,0.0,0.0,0.0,0.0,0.0,0.0,0.0,0.0,0.0,0.0,0.0,0.0,0.0,0.0,0.0,0.0,0.0,0.0,0.0,0.0,0.0,0.0,0.0,0.0,0.0,0.0,0.0,0.0,0.0,benign
0.0,0.0,0.0,0.0,0.0,0.0,76.5,2.0,2.0,3.0,0.0,66.0,1.0,0.0,34.27302146003471,3.0,3.0,1.0,3.0,2.0,0.0,0.0,0.0,24.0,0.05282,0.0,0.0224196391853214,53.0,5.185449728701329,135.0,benign
211.0,0.0,1.0,0.0,2.0,0.0,0.6666666666666666,0.0,2.0,2.0,0.0,54.0,2.0,0.0,10.594810050208546,2.0,2.0,1.0,1.0,2.0,0.0,0.0,0.0,24.0,0.008466,0.0,0.0034646051723104,64.0,95.5,5590.0,benign
0.0,0.0,0.0,0.0,0.0,0.0,15.654545454545454,2.0,24.0,24.0,0.0,60.0,30.0,0.0,796.1203147486915,4.0,4.0,3.0,4.0,3.0,0.0,0.0,0.0,24.0,0.075796,0.0,0.0154779647095702,61.0,69.03300337922113,480.0,benign
0.0,0.0,0.0,0.0,0.0,0.0,12.058823529411764,0.0,2.0,2.0,1432.0,54.0,7.0,0.0,999.9377650387136,2.0,2.0,3.0,2.0,5.0,0.0,2.0,0.0,24.0,0.081314,0.0,0.0187281235644928,64.0,83.36216168022516,251.0,benign
0.0,0.0,0.0,0.0,0.0,0.0,0.0,0.0,0.0,0.0,0.0,0.0,0.0,0.0,0.0,0.0,0.0,0.0,0.0,0.0,0.0,0.0,0.0,0.0,0.0,0.0,0.0,0.0,0.0,0.0,benign
0.0,0.0,0.0,0.0,0.0,0.0,0.0,0.0,0.0,0.0,0.0,0.0,0.0,0.0,0.0,0.0,0.0,0.0,0.0,0.0,0.0,0.0,0.0,0.0,0.0,0.0,0.0,0.0,0.0,0.0,benign
0.0,0.0,0.0,0.0,0.0,0.0,0.0,0.0,0.0,0.0,0.0,0.0,0.0,0.0,0.0,0.0,0.0,0.0,0.0,0.0,0.0,0.0,0.0,0.0,0.0,0.0,0.0,0.0,0.0,0.0,benign
0.0,0.0,0.0,0.0,0.0,0.0,0.0,0.0,1.0,2.0,0.0,230.0,0.0,196.0,0.0,1.0,1.0,0.0,1.0,0.0,0.0,0.0,0.0,0.0,0.156541,0.156541,0.0,255.0,0.0,0.0,benign
0.0,0.0,0.0,0.0,0.0,0.0,0.0,0.0,0.0,0.0,0.0,0.0,0.0,0.0,0.0,0.0,0.0,0.0,0.0,0.0,0.0,0.0,0.0,0.0,0.0,0.0,0.0,0.0,0.0,0.0,benign
0.0,0.0,0.0,0.0,0.0,0.0,0.0385938602681721,0.0,0.4285714285714285,0.4285714285714285,1460.0,60.0,25296.85714285714,0.0,1.3402689780888204,9416.57142857143,601.5714285714286,0.4285714285714285,0.4285714285714285,0.4285714285714285,613.5714285714286,25270.0,0.0,24.0,0.000640039,2.5e-08,5.483278627243303e-05,64.0,29.04862602819569,4678.0,dos
0.0,0.0,0.0,0.0,0.0,0.0,0.0,0.0,0.0,0.0,0.0,0.0,0.0,0.0,0.0,0.0,0.0,0.0,0.0,0.0,0.0,0.0,0.0,0.0,0.0,0.0,0.0,0.0,0.0,0.0,benign
0.0,0.0,0.0,0.0,0.0,0.0,42.333333333333336,0.0,8.0,5.0,0.0,54.0,7.0,0.0,638.7710954611944,7.0,7.0,4.0,5.0,6.0,0.0,0.0,0.0,24.0,0.098371,0.0,0.026196809966146,53.0,83.6475288990003,135.0,benign
0.0,0.0,0.0,0.0,0.0,0.0,0.0,0.0,0.0,0.0,0.0,0.0,0.0,0.0,0.0,0.0,0.0,0.0,0.0,0.0,0.0,0.0,0.0,0.0,0.0,0.0,0.0,0.0,0.0,0.0,benign
0.0,0.0,0.0,0.0,0.0,0.0,0.0,0.0,0.0,0.0,0.0,0.0,0.0,0.0,0.0,0.0,0.0,0.0,0.0,0.0,0.0,0.0,0.0,0.0,0.0,0.0,0.0,0.0,0.0,0.0,benign
0.0,0.0,0.0,0.0,0.0,0.0,0.0,0.0,0.0,0.0,0.0,0.0,0.0,0.0,0.0,0.0,0.0,0.0,0.0,0.0,0.0,0.0,0.0,0.0,0.0,0.0,0.0,0.0,0.0,0.0,benign
0.0,0.0,0.0,0.0,0.0,0.0,0.0,0.0,0.0,0.0,0.0,0.0,0.0,0.0,0.0,0.0,0.0,0.0,0.0,0.0,0.0,0.0,0.0,0.0,0.0,0.0,0.0,0.0,0.0,0.0,benign
0.0,0.0,0.0,0.0,0.0,0.0,0.0,0.0,0.0,0.0,0.0,0.0,0.0,0.0,0.0,0.0,0.0,0.0,0.0,0.0,0.0,0.0,0.0,0.0,0.0,0.0,0.0,0.0,0.0,0.0,benign
0.0,0.0,0.0,0.0,0.0,0.0,0.0,0.0,0.0,0.0,0.0,0.0,0.0,0.0,0.0,0.0,0.0,0.0,0.0,0.0,0.0,0.0,0.0,0.0,0.0,0.0,0.0,0.0,0.0,0.0,benign
0.0,0.0,0.0,0.0,0.0,6905.857142857143,0.0849092077970912,0.0,0.8571428571428571,1.0,0.0,60.0,11774.0,328.0,452.5691440264742,0.0,0.0,0.2857142857142857,0.2857142857142857,0.0,0.0,0.0,0.0,0.0,0.000603115,2.6e-08,0.0001271647215029,64.0,0.0,0.0,ddos
0.0,0.0,0.0,0.0,0.0,0.0,0.0,0.0,1.0,2.0,0.0,214.0,0.0,180.0,0.0,1.0,1.0,0.0,1.0,0.0,0.0,0.0,0.0,0.0,0.03771,0.03771,0.0,255.0,0.0,0.0,benign
0.0,0.0,0.0,0.0,0.0,0.0,0.0,0.0,0.0,0.0,0.0,0.0,0.0,0.0,0.0,0.0,0.0,0.0,0.0,0.0,0.0,0.0,0.0,0.0,0.0,0.0,0.0,0.0,0.0,0.0,benign
0.0,0.0,0.0,0.0,0.0,0.0,0.0,0.0,0.0,0.0,0.0,0.0,0.0,0.0,0.0,0.0,0.0,0.0,0.0,0.0,0.0,0.0,0.0,0.0,0.0,0.0,0.0,0.0,0.0,0.0,benign
0.0,0.0,0.0,0.0,0.0,0.0,38.0,2.0,6.0,4.0,0.0,60.0,5.0,0.0,784.7688857756995,4.0,4.0,4.0,4.0,4.0,0.0,0.0,0.0,24.0,0.037207,0.0,0.0166880218660711,53.0,3.7361990944634447,135.0,benign
1.0,0.0,1.0,0.0,1.0,0.0,0.0,0.0,2.0,2.0,0.0,54.0,1.0,0.0,7.5,2.0,2.0,1.0,1.0,1.0,0.0,0.0,0.0,24.0,0.008324,0.0,0.004162,64.0,95.5,5560.0,benign
0.0,0.0,0.0,0.0,0.0,0.0,0.0,0.0,0.0,0.0,0.0,0.0,0.0,0.0,0.0,0.0,0.0,0.0,0.0,0.0,0.0,0.0,0.0,0.0,0.0,0.0,0.0,0.0,0.0,0.0,benign
0.0,0.0,0.0,0.0,0.0,0.0,0.0,0.0,0.0,2.0,0.0,198.0,0.0,0.0,0.0,0.0,0.0,0.0,1.0,0.0,0.0,0.0,0.0,0.0,0.02255,0.02255,0.0,0.0,0.0,0.0,benign
907.0,0.0,2.0,0.0,3.0,0.0,1.6666666666666667,0.0,2.0,2.0,0.0,54.0,2.0,0.0,22.93877721239735,2.0,2.0,1.0,1.0,2.0,0.0,0.0,0.0,24.0,0.025639,0.0,0.0106190679293194,64.0,95.5,5616.0,benign
0.0,0.0,0.0,0.0,0.0,0.0,0.0,0.0,0.0,2.0,0.0,94.0,0.0,40.0,10.5,1.0,1.0,0.0,1.0,0.0,0.0,0.0,0.0,0.0,0.019063,0.0,0.0095315,0.0,0.0,0.0,benign
0.0,0.0,0.0,0.0,0.0,0.0,0.0,0.0,0.0,0.0,0.0,0.0,0.0,0.0,0.0,0.0,0.0,0.0,0.0,0.0,0.0,0.0,0.0,0.0,0.0,0.0,0.0,0.0,0.0,0.0,benign
909.0,0.0,2.0,0.0,3.0,0.0,0.6666666666666666,0.0,2.0,2.0,0.0,54.0,2.0,0.0,22.93877721239735,2.0,2.0,1.0,1.0,2.0,0.0,0.0,0.0,24.0,0.002277,0.0,0.0009293794972991,64.0,95.5,5630.0,benign
191.0,0.0,1.0,0.0,2.0,0.0,1.0,0.0,2.0,2.0,0.0,54.0,2.0,0.0,11.0227038425243,2.0,2.0,1.0,1.0,2.0,0.0,0.0,0.0,24.0,0.00301,0.0,0.0013544649081833,64.0,95.5,5534.0,benign
0.0,0.0,0.0,0.0,0.0,0.0,0.0,0.0,1.0,2.0,0.0,230.0,0.0,196.0,0.0,1.0,1.0,0.0,1.0,0.0,0.0,0.0,0.0,0.0,0.059471,0.059471,0.0,255.0,0.0,0.0,benign
21.9,0.0,0.1428571428571428,1095.5,7.0,0.0,21.51393188854489,0.0,0.4285714285714285,0.4285714285714285,1460.0,60.0,23.142857142857142,0.0,23.05108539142806,19.571428571428573,19.571428571428573,0.1428571428571428,0.2857142857142857,3.142857142857143,20.0,20.0,0.0,24.0,0.031095974,3.3e-08,0.0032062248096387,37.0,102.24218932406416,1024.0,recon
0.0,0.0,0.0,0.0,0.0,0.0,12.0,0.0,0.0,2.0,0.0,94.0,0.0,40.0,10.5,1.0,1.0,0.0,1.0,0.0,0.0,0.0,0.0,0.0,0.190285,0.012291,0.0889969999999999,0.0,0.0,0.0,benign
0.0,0.0,0.0,0.0,0.0,0.0,0.0,0.0,0.0,0.0,0.0,0.0,0.0,0.0,0.0,0.0,0.0,0.0,0.0,0.0,0.0,0.0,0.0,0.0,0.0,0.0,0.0,0.0,0.0,0.0,benign
0.0,0.0,0.0,0.0,0.0,0.0,0.0,0.0,0.0,0.0,0.0,0.0,0.0,0.0,0.0,0.0,0.0,0.0,0.0,0.0,0.0,0.0,0.0,0.0,0.0,0.0,0.0,0.0,0.0,0.0,benign
0.0,0.0,0.0,0.0,0.0,0.0,0.0,0.0,0.0,0.0,0.0,0.0,0.0,0.0,0.0,0.0,0.0,0.0,0.0,0.0,0.0,0.0,0.0,0.0,0.0,0.0,0.0,0.0,0.0,0.0,benign
4.0,0.0,1.0,0.0,1.0,0.0,0.0,0.0,2.0,2.0,0.0,54.0,1.0,0.0,8.5,2.0,2.0,1.0,1.0,1.0,0.0,0.0,0.0,24.0,0.081517,0.0,0.0407585,64.0,95.5,5578.0,benign
113.0,0.0,1.0,0.0,2.0,0.0,0.6666666666666666,0.0,2.0,2.0,0.0,54.0,2.0,0.0,11.0227038425243,2.0,2.0,1.0,1.0,2.0,0.0,0.0,0.0,24.0,0.01122,0.0,0.0046768892105223,64.0,95.5,5614.0,benign
211.0,0.0,1.0,0.0,2.0,0.0,3.0,0.0,3.0,3.0,0.0,54.0,3.0,0.0,10.594810050208546,2.0,2.0,2.0,2.0,2.0,0.0,0.0,0.0,24.0,0.033665,0.0,0.0118677959024973,64.0,95.5,5614.0,benign
0.0,0.0,0.0,0.0,0.0,0.0,0.0,0.0,0.0,0.0,0.0,0.0,0.0,0.0,0.0,0.0,0.0,0.0,0.0,0.0,0.0,0.0,0.0,0.0,0.0,0.0,0.0,0.0,0.0,0.0,benign
0.0,0.0,0.0,0.0,0.0,0.0,0.0,0.0,1.0,2.0,0.0,230.0,0.0,196.0,0.0,1.0,1.0,0.0,1.0,0.0,0.0,0.0,0.0,0.0,0.100279,0.100279,0.0,255.0,0.0,0.0,benign
0.0,0.0,0.0,0.0,0.0,0.0,70.57142857142857,2.0,5.0,4.0,0.0,66.0,5.0,0.0,905.8277895797854,5.0,5.0,3.0,2.0,2.0,0.0,0.0,0.0,24.0,0.055707,0.0,0.0182729055806506,61.0,57.84245845397652,27.0,benign
0.0,0.0,0.0,0.0,0.0,0.0,0.0,0.0,1.0,2.0,0.0,973.0,0.0,939.0,0.0,1.0,1.0,0.0,1.0,0.0,0.0,0.0,0.0,0.0,0.019893,0.019893,0.0,64.0,0.0,0.0,benign
0.0,0.0,0.0,0.0,0.0,0.0,0.0,0.0,0.0,0.0,0.0,0.0,0.0,0.0,0.0,0.0,0.0,0.0,0.0,0.0,0.0,0.0,0.0,0.0,0.0,0.0,0.0,0.0,0.0,0.0,benign
4.0,0.0,1.0,0.0,1.0,0.0,49.2,0.0,2.0,2.0,0.0,54.0,3.0,0.0,5.367080729368206,2.0,2.0,2.0,2.0,3.0,0.0,0.0,0.0,24.0,0.053429,0.0,0.0209861288692475,64.0,95.5,5538.0,benign
0.0,0.0,0.0,0.0,0.0,0.0,0.0,0.0,0.0,0.0,0.0,0.0,0.0,0.0,0.0,0.0,0.0,0.0,0.0,0.0,0.0,0.0,0.0,0.0,0.0,0.0,0.0,0.0,0.0,0.0,benign
0.0,0.0,0.0,0.0,0.0,0.0,0.0,0.0,0.0,0.0,0.0,0.0,0.0,0.0,0.0,0.0,0.0,0.0,0.0,0.0,0.0,0.0,0.0,0.0,0.0,0.0,0.0,0.0,0.0,0.0,benign
13.0,0.0,1.0,0.0,1.0,0.0,0.0,0.0,2.0,2.0,0.0,54.0,1.0,0.0,10.5,2.0,2.0,1.0,1.0,1.0,0.0,0.0,0.0,24.0,0.0097,0.0,0.00485,64.0,95.5,5560.0,benign
0.0,0.0,0.0,0.0,0.0,0.0,0.0,0.0,0.0,0.0,0.0,0.0,0.0,0.0,0.0,0.0,0.0,0.0,0.0,0.0,0.0,0.0,0.0,0.0,0.0,0.0,0.0,0.0,0.0,0.0,benign
0.0,0.0,0.0,0.0,0.0,0.0,0.0,0.0,0.0,0.0,0.0,0.0,0.0,0.0,0.0,0.0,0.0,0.0,0.0,0.0,0.0,0.0,0.0,0.0,0.0,0.0,0.0,0.0,0.0,0.0,benign
1023.0,0.0,1.0,0.0,1.0,0.0,0.0,0.0,2.0,2.0,0.0,54.0,1.0,0.0,9.0,2.0,2.0,1.0,1.0,1.0,0.0,0.0,0.0,24.0,0.062425,0.0,0.0312125,64.0,95.5,5584.0,benign
0.0,0.0,0.0,0.0,0.0,0.0,0.0,0.0,0.0,0.0,0.0,0.0,0.0,0.0,0.0,0.0,0.0,0.0,0.0,0.0,0.0,0.0,0.0,0.0,0.0,0.0,0.0,0.0,0.0,0.0,benign
0.0,0.0,0.0,0.0,0.0,0.0,0.0,0.0,0.0,0.0,0.0,0.0,0.0,0.0,0.0,0.0,0.0,0.0,0.0,0.0,0.0,0.0,0.0,0.0,0.0,0.0,0.0,0.0,0.0,0.0,ddos
0.0,0.0,0.0,0.0,0.0,0.0,0.0,0.0,0.0,0.0,0.0,0.0,0.0,0.0,0.0,0.0,0.0,0.0,0.0,0.0,0.0,0.0,0.0,0.0,0.0,0.0,0.0,0.0,0.0,0.0,benign
0.0,0.0,0.0,0.0,0.0,0.0,0.0,0.0,0.0,0.0,0.0,0.0,0.0,0.0,0.0,0.0,0.0,0.0,0.0,0.0,0.0,0.0,0.0,0.0,0.0,0.0,0.0,0.0,0.0,0.0,benign
0.0,0.0,0.0,0.0,0.0,0.0,109.0,0.0,2.0,2.0,0.0,60.0,1.0,0.0,0.0,0.0,0.0,1.0,1.0,0.0,0.0,0.0,0.0,0.0,0.008769,0.002083,0.003343,0.0,0.0,0.0,benign
0.0,0.0,0.0,0.0,0.0,0.0,0.0,0.0,0.0,0.0,0.0,0.0,0.0,0.0,0.0,0.0,0.0,0.0,0.0,0.0,0.0,0.0,0.0,0.0,0.0,0.0,0.0,0.0,0.0,0.0,benign
0.0,0.0,0.0,0.0,0.0,0.0,0.0,0.0,0.0,0.0,0.0,0.0,0.0,0.0,0.0,0.0,0.0,0.0,0.0,0.0,0.0,0.0,0.0,0.0,0.0,0.0,0.0,0.0,0.0,0.0,benign
130.0,0.0,1.0,0.0,2.0,0.0,1.0,0.0,2.0,2.0,0.0,54.0,2.0,0.0,11.0227038425243,2.0,2.0,1.0,1.0,2.0,0.0,0.0,0.0,24.0,0.004516,0.0,0.0018905689619794,64.0,95.5,5546.0,benign
213.0,0.0,1.0,0.0,2.0,0.0,0.6666666666666666,0.0,2.0,2.0,0.0,54.0,2.0,0.0,10.594810050208546,2.0,2.0,1.0,1.0,2.0,0.0,0.0,0.0,24.0,0.0079,0.0,0.0031856037398741,64.0,95.5,5624.0,benign
0.0,0.0,0.0,0.0,0.0,0.0,0.0,0.0,0.0,0.0,0.0,0.0,0.0,0.0,0.0,0.0,0.0,0.0,0.0,0.0,0.0,0.0,0.0,0.0,0.0,0.0,0.0,0.0,0.0,0.0,benign
0.0,0.0,0.0,0.0,0.0,0.0,0.0,0.0,0.0,0.0,0.0,0.0,0.0,0.0,0.0,0.0,0.0,0.0,0.0,0.0,0.0,0.0,0.0,0.0,0.0,0.0,0.0,0.0,0.0,0.0,benign
12.0,0.0,1.0,0.0,1.0,0.0,282.0,0.0,2.0,3.0,0.0,54.0,1.0,0.0,10.5,2.0,2.0,1.0,2.0,1.0,0.0,0.0,0.0,24.0,0.06234,0.0,0.0288890240748973,64.0,95.5,5624.0,benign
0.0,0.0,0.1428571428571428,0.0,0.1428571428571428,0.0,788.3333333333334,0.0,0.4285714285714285,0.4285714285714285,0.0,60.0,0.2857142857142857,0.0,8.0,0.2857142857142857,0.2857142857142857,0.2857142857142857,0.2857142857142857,0.1428571428571428,0.0,0.0,0.0,24.0,0.054066191,1.54e-07,0.0222136100666743,64.0,95.5,4840.0,recon
0.0,0.0,2.0,0.0,2.0,0.0,1.5,0.0,2.0,2.0,0.0,54.0,2.0,0.0,8.956685895029603,2.0,2.0,1.0,1.0,1.0,0.0,0.0,0.0,24.0,0.01264,0.0,0.0059585531427986,64.0,90.03826347108705,5536.0,benign
212.0,0.0,1.0,0.0,2.0,0.0,1.0,0.0,2.0,2.0,0.0,54.0,2.0,0.0,10.594810050208546,2.0,2.0,1.0,1.0,2.0,0.0,0.0,0.0,24.0,0.011736,0.0,0.0048117956822271,64.0,95.5,5562.0,benign
0.0,0.0,0.0,0.0,0.0,0.0,0.0,0.0,0.0,0.0,0.0,0.0,0.0,0.0,0.0,0.0,0.0,0.0,0.0,0.0,0.0,0.0,0.0,0.0,0.0,0.0,0.0,0.0,0.0,0.0,benign
0.0,0.0,0.0,0.0,0.0,0.0,0.0,0.0,0.0,0.0,0.0,0.0,0.0,0.0,0.0,0.0,0.0,0.0,0.0,0.0,0.0,0.0,0.0,0.0,0.0,0.0,0.0,0.0,0.0,0.0,benign
0.0,0.0,0.0,0.0,0.0,0.0,0.0,0.0,0.0,0.0,0.0,0.0,0.0,0.0,0.0,0.0,0.0,0.0,0.0,0.0,0.0,0.0,0.0,0.0,0.0,0.0,0.0,0.0,0.0,0.0,benign
0.0,0.0,0.0,0.0,0.0,0.0,0.0,0.0,0.0,0.0,0.0,0.0,0.0,0.0,0.0,0.0,0.0,0.0,0.0,0.0,0.0,0.0,0.0,0.0,0.0,0.0,0.0,0.0,0.0,0.0,benign
0.0,0.0,0.0,0.0,0.0,0.0,21.0,0.0,2.0,2.0,0.0,60.0,1.0,0.0,0.0,0.0,0.0,1.0,1.0,0.0,0.0,0.0,0.0,0.0,0.030886,0.000561,0.0136020135355844,0.0,0.0,0.0,benign
0.0,0.0,0.0,0.0,0.0,0.0,98.0,0.0,2.0,2.0,0.0,60.0,1.0,0.0,0.0,0.0,0.0,1.0,1.0,0.0,0.0,0.0,0.0,0.0,0.018096,0.00407,0.0070129999999999,0.0,0.0,0.0,benign
0.0,0.0,0.0,0.0,0.0,0.0,1.0,0.0,2.0,2.0,0.0,98.0,1.0,0.0,0.0,0.0,0.0,1.0,1.0,0.0,0.0,0.0,0.0,0.0,0.000583,0.0,0.0002915,64.0,0.0,0.0,benign
0.0,0.0,0.0,0.0,0.0,0.0,14.861538461538462,0.0,32.0,30.0,0.0,54.0,34.0,0.0,833.6828304147778,5.0,5.0,4.0,5.0,4.0,0.0,0.0,0.0,24.0,0.0415,0.0,0.0116642055494714,2.0,100.43239849105798,660.0,benign
0.0,0.0,0.0,0.0,0.0,0.0,0.0224009318787661,0.0,0.1428571428571428,0.5714285714285714,0.0,60.0,44641.0,0.0,0.007155554915936,0.4285714285714285,9416.57142857143,0.1428571428571428,0.1428571428571428,0.1428571428571428,44640.71428571428,0.0,0.0,24.0,0.00167778,2.5e-08,8.949276239690649e-05,64.0,0.0,512.0,dos
0.0,0.0,0.0,0.0,0.0,0.0,0.0,0.0,0.0,0.0,0.0,0.0,0.0,0.0,0.0,0.0,0.0,0.0,0.0,0.0,0.0,0.0,0.0,0.0,0.0,0.0,0.0,0.0,0.0,0.0,benign
22.5,0.0,1.0,0.0,7.0,0.0,1.3333333333333333,0.0,2.0,2.0,0.0,54.0,2.0,0.0,84.81560882290476,2.0,2.0,1.0,1.0,2.0,0.0,0.0,0.0,24.0,0.010097,0.0,0.0041246244298723,64.0,95.5,5536.0,benign
0.0,0.0,0.0,0.0,0.0,0.0,0.0,0.0,0.0,0.0,0.0,0.0,0.0,0.0,0.0,0.0,0.0,0.0,0.0,0.0,0.0,0.0,0.0,0.0,0.0,0.0,0.0,0.0,0.0,0.0,benign
153.0,0.0,1.0,0.0,2.0,0.0,2.0,0.0,2.0,2.0,0.0,54.0,2.0,0.0,11.0227038425243,2.0,2.0,1.0,1.0,2.0,0.0,0.0,0.0,24.0,0.051362,0.0,0.0214986781221543,64.0,95.5,5618.0,benign
0.0,0.0,0.0,0.0,0.0,0.0,20.29787234042553,0.0,13.0,13.0,0.0,54.0,23.0,0.0,378.9171500436767,14.0,14.0,3.0,3.0,24.0,0.0,0.0,0.0,24.0,0.051769,0.0,0.0101083024146786,61.0,94.86303860698328,660.0,benign
0.0,0.0,0.0,0.0,0.0,0.0,0.0,0.0,1.0,2.0,0.0,214.0,0.0,180.0,0.0,1.0,1.0,0.0,1.0,0.0,0.0,0.0,0.0,0.0,0.064934,0.064934,0.0,255.0,0.0,0.0,benign
0.0,0.0,0.0,0.0,0.0,6916.0,0.085142613878246,0.0,0.8571428571428571,1.0,0.0,60.0,10805.57142857143,328.0,460.1240215799821,0.0,0.0,0.2857142857142857,0.2857142857142857,0.0,0.0,0.0,0.0,0.0,0.000758769,2.5e-08,0.0001308719048868,64.0,0.0,0.0,ddos
-0.7,0.588179866669674,2.0,0.0,2.0,0.0,1.5,0.0,2.0,2.0,0.0,54.0,2.0,0.0,19.327585352432298,2.0,2.0,1.0,1.0,1.0,0.0,0.0,0.0,24.0,0.008601,0.0,0.0040540789610245,64.0,90.03826347108705,5588.0,benign
0.0,0.0,0.0,0.0,0.0,0.0,0.0,0.0,0.0,0.0,0.0,0.0,0.0,0.0,0.0,0.0,0.0,0.0,0.0,0.0,0.0,0.0,0.0,0.0,0.0,0.0,0.0,0.0,0.0,0.0,benign
0.0,0.0,0.0,0.0,0.0,0.0,0.0,0.0,1.0,2.0,0.0,230.0,0.0,196.0,0.0,1.0,1.0,0.0,1.0,0.0,0.0,0.0,0.0,0.0,0.072022,0.072022,0.0,255.0,0.0,0.0,benign
0.0,0.0,0.0,0.0,0.0,0.0,0.0,0.0,0.0,0.0,0.0,0.0,0.0,0.0,0.0,0.0,0.0,0.0,0.0,0.0,0.0,0.0,0.0,0.0,0.0,0.0,0.0,0.0,0.0,0.0,benign
0.0,0.0,0.0,0.0,0.0,0.0,2.333333333333333,2.0,2.0,2.0,0.0,66.0,2.0,0.0,1144.2205589395778,2.0,2.0,2.0,2.0,2.0,0.0,0.0,0.0,24.0,0.020126,0.0,0.0081241311958571,61.0,1.5,660.0,benign
0.0,0.0,0.0,0.0,0.0,0.0,0.0,0.0,0.0,0.0,0.0,0.0,0.0,0.0,0.0,0.0,0.0,0.0,0.0,0.0,0.0,0.0,0.0,0.0,0.0,0.0,0.0,0.0,0.0,0.0,benign
0.0,0.0,0.0,0.0,0.0,0.0,101.0,0.0,2.0,2.0,0.0,60.0,1.0,0.0,0.0,0.0,0.0,1.0,1.0,0.0,0.0,0.0,0.0,0.0,0.020652,0.003435,0.0086085,0.0,0.0,0.0,benign
0.0,0.0,0.0,0.0,0.0,0.0,0.0,0.0,0.0,0.0,0.0,0.0,0.0,0.0,0.0,0.0,0.0,0.0,0.0,0.0,0.0,0.0,0.0,0.0,0.0,0.0,0.0,0.0,0.0,0.0,benign
0.0,0.0,0.0,0.0,0.0,0.0,0.0,0.0,0.0,0.0,0.0,0.0,0.0,0.0,0.0,0.0,0.0,0.0,0.0,0.0,0.0,0.0,0.0,0.0,0.0,0.0,0.0,0.0,0.0,0.0,benign
3.0,0.0,1.0,0.0,1.0,0.0,0.0,0.0,2.0,2.0,0.0,54.0,1.0,0.0,8.5,2.0,2.0,1.0,1.0,1.0,0.0,0.0,0.0,24.0,0.003219,1e-06,0.001609,64.0,95.5,5616.0,benign
0.0,0.0,0.0,0.0,0.0,0.0,0.0,0.0,0.0,0.0,0.0,0.0,0.0,0.0,0.0,0.0,0.0,0.0,0.0,0.0,0.0,0.0,0.0,0.0,0.0,0.0,0.0,0.0,0.0,0.0,benign
0.0,0.0,0.0,0.0,0.0,0.0,0.0,0.0,1.0,2.0,0.0,230.0,0.0,196.0,0.0,1.0,1.0,0.0,1.0,0.0,0.0,0.0,0.0,0.0,0.034405,0.034405,0.0,255.0,0.0,0.0,benign
0.0,0.0,0.0,0.0,0.0,0.0,81.0,0.0,2.0,2.0,0.0,123.0,1.0,69.0,0.0,2.0,2.0,1.0,1.0,2.0,0.0,0.0,0.0,24.0,0.003914,0.000365,0.0017745,238.0,8.5,2713.0,benign
12.0,0.0,1.0,0.0,1.0,0.0,0.0,0.0,2.0,2.0,0.0,54.0,1.0,0.0,10.5,2.0,2.0,1.0,1.0,1.0,0.0,0.0,0.0,24.0,0.0,0.0,0.0,64.0,95.5,5598.0,benign
0.0,0.0,0.0,0.0,0.0,0.0,0.0,0.0,0.0,0.0,0.0,0.0,0.0,0.0,0.0,0.0,0.0,0.0,0.0,0.0,0.0,0.0,0.0,0.0,0.0,0.0,0.0,0.0,0.0,0.0,benign
0.0,0.0,0.0,0.0,0.0,0.0,14.26,2.0,22.0,23.0,0.0,60.0,28.0,0.0,962.47321391299,2.0,2.0,3.0,3.0,2.0,0.0,0.0,0.0,24.0,0.040175,0.0,0.0129007299403651,61.0,1.5,660.0,benign
0.0,0.0,0.0,0.0,0.0,0.0,0.0,0.0,0.0,0.0,0.0,0.0,0.0,0.0,0.0,0.0,0.0,0.0,0.0,0.0,0.0,0.0,0.0,0.0,0.0,0.0,0.0,0.0,0.0,0.0,benign
0.0,0.0,0.0,0.0,0.0,0.0,0.0,0.0,0.0,0.0,0.0,0.0,0.0,0.0,0.0,0.0,0.0,0.0,0.0,0.0,0.0,0.0,0.0,0.0,0.0,0.0,0.0,0.0,0.0,0.0,benign
0.0,0.0,0.0,0.0,0.0,0.0,0.0,0.0,0.0,0.0,0.0,0.0,0.0,0.0,0.0,0.0,0.0,0.0,0.0,0.0,0.0,0.0,0.0,0.0,0.0,0.0,0.0,0.0,0.0,0.0,benign
0.0,0.0,0.0,0.0,0.0,0.0,0.0,0.0,0.0,0.0,0.0,0.0,0.0,0.0,0.0,0.0,0.0,0.0,0.0,0.0,0.0,0.0,0.0,0.0,0.0,0.0,0.0,0.0,0.0,0.0,benign
0.0,0.0,0.0,0.0,0.0,0.0,0.0093460186920373,0.0,1.0,1.1428571428571428,0.0,60.0,105029.85714285714,0.0,0.0,0.0,0.0,0.2857142857142857,0.2857142857142857,0.0,0.0,0.0,0.0,0.0,0.000623823,2.6e-08,4.5567162702251465e-05,64.0,0.0,0.0,ddos
166.0,0.0,1.0,0.0,2.0,0.0,2.0,0.0,2.0,2.0,0.0,54.0,2.0,0.0,11.0227038425243,2.0,2.0,1.0,1.0,2.0,0.0,0.0,0.0,24.0,0.006417,0.0,0.0026656710693557,64.0,95.5,5610.0,benign
0.0,0.0,0.0,0.0,0.0,0.0,0.0,0.0,0.0,0.0,0.0,0.0,0.0,0.0,0.0,0.0,0.0,0.0,0.0,0.0,0.0,0.0,0.0,0.0,0.0,0.0,0.0,0.0,0.0,0.0,benign
0.0,0.0,0.0,0.0,0.0,0.0,0.0,0.0,1.0,2.0,0.0,230.0,0.0,196.0,0.0,1.0,1.0,0.0,1.0,0.0,0.0,0.0,0.0,0.0,0.036115,0.036115,0.0,255.0,0.0,0.0,benign
0.0,0.0,0.0,0.0,0.0,0.0,0.0,0.0,1.0,2.0,0.0,60.0,0.0,0.0,0.0,0.0,0.0,0.0,1.0,0.0,0.0,0.0,0.0,0.0,0.02185,0.02185,0.0,0.0,0.0,0.0,benign
0.0,0.0,0.0,0.0,0.0,0.0,0.0,0.0,1.0,2.0,0.0,230.0,0.0,196.0,0.0,1.0,1.0,0.0,1.0,0.0,0.0,0.0,0.0,0.0,0.00992,0.00992,0.0,255.0,0.0,0.0,benign
208.0,0.0,1.0,0.0,1.0,0.0,67.4,0.0,3.0,3.0,0.0,54.0,3.0,0.0,10.594810050208546,2.0,2.0,2.0,2.0,2.0,0.0,0.0,0.0,24.0,0.009261,0.0,0.0032437846722617,64.0,95.5,5544.0,benign
0.0,0.0,0.0,0.0,0.0,0.0,19.0,0.0,2.0,2.0,0.0,60.0,1.0,0.0,0.0,0.0,0.0,1.0,1.0,0.0,0.0,0.0,0.0,0.0,0.006377,0.000495,0.0024680232305767,0.0,0.0,0.0,benign
0.0,0.0,0.0,0.0,0.0,0.0,0.0,0.0,1.0,2.0,0.0,214.0,0.0,180.0,0.0,1.0,1.0,0.0,1.0,0.0,0.0,0.0,0.0,0.0,0.013122,0.013122,0.0,255.0,0.0,0.0,benign
0.0,0.0,0.0,0.0,0.0,0.0,0.0,0.0,0.1428571428571428,0.2857142857142857,0.0,214.0,0.0,180.0,0.0,0.1428571428571428,0.1428571428571428,0.0,0.1428571428571428,0.0,0.0,0.0,0.0,0.0,0.000476116,0.000476116,0.0,255.0,0.0,0.0,recon
0.0,0.0,0.0,0.0,0.0,0.0,0.0,0.0,1.0,2.0,0.0,230.0,0.0,196.0,0.0,1.0,1.0,0.0,1.0,0.0,0.0,0.0,0.0,0.0,0.01453,0.01453,0.0,255.0,0.0,0.0,benign
0.0,0.0,0.0,0.0,0.0,0.0,43.5,0.0,2.0,2.0,0.0,60.0,1.0,0.0,0.0,0.0,0.0,1.0,1.0,0.0,0.0,0.0,0.0,0.0,0.004559,0.002431,0.0009303194194588,0.0,0.0,0.0,benign
0.0,0.0,0.0,0.0,0.0,0.0,0.0,0.0,0.0,0.0,0.0,0.0,0.0,0.0,0.0,0.0,0.0,0.0,0.0,0.0,0.0,0.0,0.0,0.0,0.0,0.0,0.0,0.0,0.0,0.0,benign
0.0,0.0,1.0,0.0,1.0,0.0,0.0,0.0,2.0,2.0,0.0,54.0,1.0,0.0,9.5,2.0,2.0,1.0,1.0,1.0,0.0,0.0,0.0,24.0,0.004516,0.0,0.002258,64.0,95.5,5576.0,benign
0.0,0.0,0.0,0.0,0.0,0.0,0.0,0.0,0.0,0.0,0.0,0.0,0.0,0.0,0.0,0.0,0.0,0.0,0.0,0.0,0.0,0.0,0.0,0.0,0.0,0.0,0.0,0.0,0.0,0.0,benign
0.0,0.0,0.0,0.0,0.0,0.0,64.0,0.0,2.0,2.0,0.0,60.0,1.0,0.0,0.0,0.0,0.0,1.0,1.0,0.0,0.0,0.0,0.0,0.0,0.006839,0.00341,0.0017145,0.0,0.0,0.0,benign
0.0,0.0,0.0,0.0,0.0,0.0,0.0,0.0,0.0,0.0,0.0,0.0,0.0,0.0,0.0,0.0,0.0,0.0,0.0,0.0,0.0,0.0,0.0,0.0,0.0,0.0,0.0,0.0,0.0,0.0,benign
0.0,0.0,0.0,0.0,0.0,0.0,0.0,0.0,0.0,0.0,0.0,0.0,0.0,0.0,0.0,0.0,0.0,0.0,0.0,0.0,0.0,0.0,0.0,0.0,0.0,0.0,0.0,0.0,0.0,0.0,benign
0.0,0.0,0.0,0.0,0.0,0.0,22.0,0.0,2.0,2.0,0.0,60.0,1.0,0.0,0.0,0.0,0.0,1.0,1.0,0.0,0.0,0.0,0.0,0.0,0.027913,0.001545,0.0108451399970473,0.0,0.0,0.0,benign
0.0,0.0,0.0,0.0,0.0,0.0,0.0,0.0,0.0,0.0,0.0,0.0,0.0,0.0,0.0,0.0,0.0,0.0,0.0,0.0,0.0,0.0,0.0,0.0,0.0,0.0,0.0,0.0,0.0,0.0,benign
0.0,0.0,0.0,0.0,0.0,0.0,0.0,0.0,0.0,0.0,0.0,0.0,0.0,0.0,0.0,0.0,0.0,0.0,0.0,0.0,0.0,0.0,0.0,0.0,0.0,0.0,0.0,0.0,0.0,0.0,benign
0.0,0.0,0.0,0.0,0.0,0.0,0.0,0.0,0.0,0.0,0.0,0.0,0.0,0.0,0.0,0.0,0.0,0.0,0.0,0.0,0.0,0.0,0.0,0.0,0.0,0.0,0.0,0.0,0.0,0.0,benign
-0.7,0.588179866669674,2.0,0.0,2.0,0.0,1.0,0.0,2.0,2.0,0.0,54.0,2.0,0.0,19.327585352432298,2.0,2.0,1.0,1.0,1.0,0.0,0.0,0.0,24.0,0.004187,0.0,0.001973770728552,64.0,90.03826347108705,5574.0,benign
544.0,0.6871842709268651,0.2857142857142857,1039.6,2.571428571428572,0.0,21.58204334365325,0.0,0.4285714285714285,0.4285714285714285,1460.0,60.0,23.285714285714285,0.0,8.107410791329682,22.0,21.714285714285715,0.1428571428571428,0.2857142857142857,1.7142857142857142,21.285714285714285,21.571428571428573,0.0,24.0,0.044814111,3.2e-08,0.0027759515587448,37.0,102.64788922933248,1024.0,recon
22.2,0.0,1.0,0.0,7.0,0.0,1.1428571428571428,0.0,2.0,2.0,0.0,54.0,4.0,0.0,35.755899862819845,2.0,2.0,1.0,1.0,4.0,0.0,0.0,0.0,24.0,0.020622,0.0,0.0065525443293044,64.0,95.5,5648.0,benign
0.0,0.0,0.0,0.0,0.0,0.0,0.0,0.0,0.0,0.0,0.0,0.0,0.0,0.0,0.0,0.0,0.0,0.0,0.0,0.0,0.0,0.0,0.0,0.0,0.0,0.0,0.0,0.0,0.0,0.0,benign
0.0,0.0,0.0,0.0,0.0,0.0,0.0,0.0,1.0,2.0,0.0,214.0,0.0,180.0,0.0,1.0,1.0,0.0,1.0,0.0,0.0,0.0,0.0,0.0,0.016905,0.016905,0.0,255.0,0.0,0.0,benign
544.0,0.8329931278264865,0.2857142857142857,1039.3333333333333,2.7142857142857144,0.0,2.470938897168405,0.0,0.5714285714285714,0.5714285714285714,1460.0,60.0,202.28571428571428,0.0,2.89225043610146,143.85714285714286,143.85714285714286,0.2857142857142857,0.4285714285714285,1.8571428571428568,179.0,200.28571428571428,0.0,24.0,0.07089294,2.9e-08,0.0043129256380175,37.0,103.47410091776986,1024.0,recon
0.0,0.0,0.0,0.0,0.0,0.0,0.0,0.0,0.0,0.0,0.0,0.0,0.0,0.0,0.0,0.0,0.0,0.0,0.0,0.0,0.0,0.0,0.0,0.0,0.0,0.0,0.0,0.0,0.0,0.0,benign
0.0,0.0,0.0,0.0,0.0,0.0,0.0,0.0,1.0,2.0,0.0,214.0,0.0,180.0,0.0,1.0,1.0,0.0,1.0,0.0,0.0,0.0,0.0,0.0,0.015679,0.015679,0.0,255.0,0.0,0.0,benign
0.0,0.0,0.0,0.0,0.0,0.0,25.08823529411765,0.0,11.0,11.0,0.0,54.0,17.0,0.0,376.18938565242775,12.0,12.0,3.0,2.0,17.0,0.0,0.0,0.0,24.0,0.143301,0.0,0.0383522932733161,61.0,94.6713930026448,660.0,benign
0.0,0.0,0.0,0.0,0.0,0.0,1.75,2.0,2.0,2.0,0.0,66.0,3.0,0.0,644.8629621865408,2.0,2.0,2.0,2.0,2.0,0.0,0.0,0.0,24.0,0.005495,0.000256,0.0021097037706749,61.0,1.4696938456698574,660.0,benign
0.0,0.0,0.0,0.0,0.0,0.0,0.0,0.0,0.0,0.0,0.0,0.0,0.0,0.0,0.0,0.0,0.0,0.0,0.0,0.0,0.0,0.0,0.0,0.0,0.0,0.0,0.0,0.0,0.0,0.0,benign
919.0,0.0,2.0,0.0,3.0,0.0,0.6666666666666666,0.0,2.0,2.0,0.0,54.0,2.0,0.0,22.93877721239735,2.0,2.0,1.0,1.0,2.0,0.0,0.0,0.0,24.0,0.03635,0.0,0.0154570173545868,64.0,95.5,5552.0,benign
0.0,0.0,0.0,0.0,0.0,0.0,0.0,0.0,0.0,0.0,0.0,0.0,0.0,0.0,0.0,0.0,0.0,0.0,0.0,0.0,0.0,0.0,0.0,0.0,0.0,0.0,0.0,0.0,0.0,0.0,benign
0.0,0.0,0.0,0.0,0.0,0.0,0.0,0.0,0.0,0.0,0.0,0.0,0.0,0.0,0.0,0.0,0.0,0.0,0.0,0.0,0.0,0.0,0.0,0.0,0.0,0.0,0.0,0.0,0.0,0.0,benign
0.0,0.0,0.0,0.0,0.0,0.0,93.63157894736842,0.0,0.5714285714285714,0.4285714285714285,1460.0,60.0,3.857142857142857,0.0,404.68036074783765,1.2857142857142858,2.4285714285714284,0.5714285714285714,0.7142857142857143,0.5714285714285714,0.0,0.5714285714285714,0.0,24.0,0.063913,0.0,0.0131725850447547,63.0,20.85701290321549,501.0,web
0.0,0.0,0.0,0.0,0.0,0.0,0.0,0.0,0.0,0.0,0.0,0.0,0.0,0.0,0.0,0.0,0.0,0.0,0.0,0.0,0.0,0.0,0.0,0.0,0.0,0.0,0.0,0.0,0.0,0.0,benign
0.0,0.0,0.0,0.0,0.0,0.0,0.0,0.0,0.0,0.0,0.0,0.0,0.0,0.0,0.0,0.0,0.0,0.0,0.0,0.0,0.0,0.0,0.0,0.0,0.0,0.0,0.0,0.0,0.0,0.0,benign
0.0,0.0,0.0,0.0,0.0,0.0,0.0,0.0,0.0,0.0,0.0,0.0,0.0,0.0,0.0,0.0,0.0,0.0,0.0,0.0,0.0,0.0,0.0,0.0,0.0,0.0,0.0,0.0,0.0,0.0,benign
0.0,0.0,0.0,0.0,0.0,0.0,0.0,0.0,0.0,0.0,0.0,0.0,0.0,0.0,0.0,0.0,0.0,0.0,0.0,0.0,0.0,0.0,0.0,0.0,0.0,0.0,0.0,0.0,0.0,0.0,benign
0.0,0.0,0.0,0.0,0.0,0.0,0.0,0.0,0.0,0.0,0.0,0.0,0.0,0.0,0.0,0.0,0.0,0.0,0.0,0.0,0.0,0.0,0.0,0.0,0.0,0.0,0.0,0.0,0.0,0.0,benign
-0.69,0.5840281576164704,2.0,0.0,2.0,0.0,1.5,0.0,2.0,2.0,0.0,54.0,2.0,0.0,19.327585352432298,2.0,2.0,1.0,1.0,1.0,0.0,0.0,0.0,24.0,0.012641,0.0,0.0059587888590439,64.0,90.03826347108705,5630.0,benign
3.0,0.0,1.0,0.0,1.0,0.0,0.0,0.0,2.0,2.0,0.0,54.0,1.0,0.0,8.5,2.0,2.0,1.0,1.0,1.0,0.0,0.0,0.0,24.0,0.018665,0.0,0.0093325,64.0,95.5,5600.0,benign
0.0,0.0,0.0,0.0,0.0,0.0,0.0119020238040476,0.0,0.2857142857142857,0.2857142857142857,0.0,60.0,83758.0,16.0,0.0,83.57142857142857,83.14285714285714,0.4285714285714285,0.1428571428571428,0.0,0.0,0.0,0.0,0.0,0.001189693,2.5e-08,5.945757709544317e-05,64.0,6.8451943362493,0.0,dos
0.0,0.0,0.0,0.0,0.0,0.0,0.0,0.0,1.0,2.0,0.0,230.0,0.0,196.0,0.0,1.0,1.0,0.0,1.0,0.0,0.0,0.0,0.0,0.0,0.005677,0.005677,0.0,255.0,0.0,0.0,benign
0.0,0.0,0.0,0.0,0.0,0.0,62.0,0.0,2.0,2.0,0.0,60.0,1.0,0.0,0.0,0.0,0.0,1.0,1.0,0.0,0.0,0.0,0.0,0.0,0.03166,0.030128,0.000766,0.0,0.0,0.0,benign
-0.69,0.5840281576164704,2.0,0.0,2.0,0.0,74.5,0.0,3.0,3.0,0.0,54.0,3.0,0.0,19.327585352432298,2.0,2.0,2.0,2.0,1.0,0.0,0.0,0.0,24.0,0.027137,0.0,0.0106606665570216,64.0,90.03826347108705,5634.0,benign
0.0,0.0,0.0,0.0,0.0,0.0,0.0,0.0,0.0,0.0,0.0,0.0,0.0,0.0,0.0,0.0,0.0,0.0,0.0,0.0,0.0,0.0,0.0,0.0,0.0,0.0,0.0,0.0,0.0,0.0,benign
0.0,0.0,0.0,0.0,0.0,0.0,0.0,0.0,0.0,0.0,0.0,0.0,0.0,0.0,0.0,0.0,0.0,0.0,0.0,0.0,0.0,0.0,0.0,0.0,0.0,0.0,0.0,0.0,0.0,0.0,benign
12.0,0.0,1.0,0.0,1.0,0.0,0.0,0.0,2.0,2.0,0.0,54.0,1.0,0.0,10.5,2.0,2.0,1.0,1.0,1.0,0.0,0.0,0.0,24.0,0.090705,0.0,0.0453525,64.0,95.5,5622.0,benign
0.0,0.0,0.0,0.0,0.0,0.0,0.0,0.0,0.0,0.0,0.0,0.0,0.0,0.0,0.0,0.0,0.0,0.0,0.0,0.0,0.0,0.0,0.0,0.0,0.0,0.0,0.0,0.0,0.0,0.0,benign
0.0,0.0,0.0,0.0,0.0,0.0,0.0,0.0,0.0,0.0,0.0,0.0,0.0,0.0,0.0,0.0,0.0,0.0,0.0,0.0,0.0,0.0,0.0,0.0,0.0,0.0,0.0,0.0,0.0,0.0,benign
0.0,0.0,0.0,0.0,0.0,0.0,0.0,0.0,0.0,0.0,0.0,0.0,0.0,0.0,0.0,0.0,0.0,0.0,0.0,0.0,0.0,0.0,0.0,0.0,0.0,0.0,0.0,0.0,0.0,0.0,benign
0.0,0.0,0.0,0.0,0.0,0.0,1.72994555353902,0.0,0.5714285714285714,0.5714285714285714,265.0,60.0,194.57142857142856,0.0,12.240445445516777,146.71428571428572,147.0,0.4285714285714285,0.5714285714285714,0.5714285714285714,197.7142857142857,191.57142857142856,0.5714285714285714,2242.0,0.121526113,3.1e-08,0.0046398248239455,37.0,103.4395873120126,0.0,recon
0.0,0.0,0.0,0.0,0.0,0.0,0.0371678126742241,0.0,0.5714285714285714,0.5714285714285714,0.0,60.0,26307.0,0.0,0.2834312057147381,585.2857142857143,9416.57142857143,0.2857142857142857,0.2857142857142857,0.1428571428571428,597.7142857142857,0.0,0.0,24.0,0.005275962,2.4e-08,0.0001028121415039,64.0,28.15431323099019,512.0,dos
0.0,0.0,0.0,0.0,0.0,0.0,21.236666666666668,0.0,0.2857142857142857,0.2857142857142857,1460.0,60.0,21.571428571428573,0.0,0.0,21.571428571428573,21.571428571428573,0.1428571428571428,0.1428571428571428,0.0,21.428571428571427,21.571428571428573,0.0,20.0,0.002279503,2.8e-08,0.0005928215269402,37.0,9.322434364199458,0.0,recon
0.0,0.0,0.0,0.0,0.0,0.0,0.0,0.0,0.0,0.0,0.0,0.0,0.0,0.0,0.0,0.0,0.0,0.0,0.0,0.0,0.0,0.0,0.0,0.0,0.0,0.0,0.0,0.0,0.0,0.0,benign
0.0,0.0,0.0,0.0,0.0,0.0,0.0,0.0,0.0,0.0,0.0,0.0,0.0,0.0,0.0,0.0,0.0,0.0,0.0,0.0,0.0,0.0,0.0,0.0,0.0,0.0,0.0,0.0,0.0,0.0,benign
0.0,0.0,0.0,0.0,0.0,0.0,0.0,0.0,1.0,2.0,0.0,230.0,0.0,196.0,0.0,1.0,1.0,0.0,1.0,0.0,0.0,0.0,0.0,0.0,0.005898,0.005898,0.0,255.0,0.0,0.0,benign
0.0,0.0,0.0,0.0,0.0,0.0,0.0,0.0,0.0,0.0,0.0,0.0,0.0,0.0,0.0,0.0,0.0,0.0,0.0,0.0,0.0,0.0,0.0,0.0,0.0,0.0,0.0,0.0,0.0,0.0,benign
905.0,0.0,2.0,0.0,3.0,0.0,0.6666666666666666,0.0,2.0,2.0,0.0,54.0,2.0,0.0,22.93877721239735,2.0,2.0,1.0,1.0,2.0,0.0,0.0,0.0,24.0,0.015572,0.0,0.006467061987487,64.0,95.5,5620.0,benign
0.0,0.0,0.0,0.0,0.0,0.0,106.0,0.0,2.0,2.0,0.0,60.0,1.0,0.0,0.0,0.0,0.0,1.0,1.0,0.0,0.0,0.0,0.0,0.0,0.030043,0.0,0.0150215,0.0,0.0,0.0,benign
0.0,0.0,0.0,0.0,0.0,0.0,0.0067960135920271,0.0,0.2857142857142857,1.0,0.0,60.0,105357.14285714286,16.0,0.0,234.42857142857144,229.7142857142857,0.4285714285714285,0.1428571428571428,0.0,0.0,0.0,0.0,0.0,0.045502356,2.5e-08,6.677380218712881e-05,64.0,0.0,0.0,ddos
0.0,0.0,0.0,0.0,0.0,0.0,0.0,2.0,1.0,2.0,0.0,230.0,0.0,196.0,0.0,1.0,1.0,0.0,1.0,0.0,0.0,0.0,0.0,0.0,0.004296,0.004296,0.0,64.0,0.0,0.0,benign
0.0,0.0,0.0,0.0,0.0,0.0,0.0,0.0,0.0,0.0,0.0,0.0,0.0,0.0,0.0,0.0,0.0,0.0,0.0,0.0,0.0,0.0,0.0,0.0,0.0,0.0,0.0,0.0,0.0,0.0,benign
0.0,0.0,0.0,0.0,0.0,0.0,0.0,0.0,0.0,0.0,0.0,0.0,0.0,0.0,0.0,0.0,0.0,0.0,0.0,0.0,0.0,0.0,0.0,0.0,0.0,0.0,0.0,0.0,0.0,0.0,benign
0.0,0.0,0.0,0.0,0.0,0.0,5185.0,0.0,0.1428571428571428,0.2857142857142857,0.0,214.0,0.0,180.0,0.0,0.1428571428571428,0.1428571428571428,0.0,0.1428571428571428,0.0,0.0,0.0,0.0,0.0,0.013712093,8.789e-06,0.006851652,255.0,0.0,0.0,recon
22.5,0.0,1.0,0.0,7.0,0.0,1.6666666666666667,0.0,2.0,2.0,0.0,54.0,2.0,0.0,84.81560882290476,2.0,2.0,1.0,1.0,2.0,0.0,0.0,0.0,24.0,0.016773,0.0,0.0068106735120324,64.0,95.5,5564.0,benign
0.0,0.0,0.0,0.0,0.0,0.0,0.0086140172280344,0.0,2.0,1.5714285714285714,0.0,60.0,108583.71428571428,0.0,6.585344716460937,4117.714285714285,9416.57142857143,0.5714285714285714,0.5714285714285714,108583.14285714286,5337.714285714285,0.0,0.0,24.0,0.001186562,2.5e-08,4.707223568744201e-05,55.0,0.4084285918736612,0.0,ddos
0.0,0.0,0.0,0.0,0.0,0.0,30.98636363636364,2.0,0.5714285714285714,0.5714285714285714,1460.0,60.0,14.428571428571429,0.0,95.82802667377982,0.5714285714285714,0.5714285714285714,0.5714285714285714,0.5714285714285714,16.428571428571427,0.0,0.2857142857142857,0.0,24.0,0.135881931,3.4e-08,0.0158640106945889,64.0,0.0,501.0,malware
0.0,0.0,0.0,0.0,0.0,0.0,0.0,0.0,0.0,0.0,0.0,0.0,0.0,0.0,0.0,0.0,0.0,0.0,0.0,0.0,0.0,0.0,0.0,0.0,0.0,0.0,0.0,0.0,0.0,0.0,benign
0.0,0.0,0.1428571428571428,0.0,0.1428571428571428,0.0,19.965714285714284,0.0,0.4285714285714285,0.4285714285714285,1460.0,60.0,25.0,0.0,1.012699292716594,25.285714285714285,25.428571428571427,0.1428571428571428,0.2857142857142857,0.1428571428571428,25.0,24.857142857142858,0.0,24.0,0.040363035,6.3e-08,0.0136293282687415,37.0,103.3686931725082,1024.0,recon
0.0,0.0,0.0,0.0,0.0,0.0,0.0,0.0,0.0,0.0,0.0,0.0,0.0,0.0,0.0,0.0,0.0,0.0,0.0,0.0,0.0,0.0,0.0,0.0,0.0,0.0,0.0,0.0,0.0,0.0,benign
0.0,0.0,0.0,0.0,0.0,0.0,0.0,0.0,0.0,0.0,0.0,0.0,0.0,0.0,0.0,0.0,0.0,0.0,0.0,0.0,0.0,0.0,0.0,0.0,0.0,0.0,0.0,0.0,0.0,0.0,benign
174.0,40.48353574808736,1.0,142.6,6.0,0.0,54.84615384615385,0.0,3.0,3.0,0.0,54.0,7.0,0.0,10.5,2.0,2.0,2.0,2.0,6.0,0.0,0.0,0.0,24.0,0.02674,0.0,0.0090135782292549,64.0,95.5,5610.0,benign
-0.69,0.5841803374529706,2.0,0.0,2.0,0.0,2.5,0.0,2.0,2.0,0.0,54.0,2.0,0.0,19.327585352432298,2.0,2.0,1.0,1.0,1.0,0.0,0.0,0.0,24.0,0.107306,0.0,0.0505845335080024,64.0,90.03826347108705,5564.0,benign
0.0,0.0,0.0,0.0,0.0,0.0,0.0,0.0,0.0,0.0,0.0,0.0,0.0,0.0,0.0,0.0,0.0,0.0,0.0,0.0,0.0,0.0,0.0,0.0,0.0,0.0,0.0,0.0,0.0,0.0,benign
0.0,0.0,0.0,0.0,0.0,0.0,66.66666666666667,0.0,3.0,3.0,0.0,60.0,1.0,180.0,0.0,1.0,1.0,1.0,2.0,0.0,0.0,0.0,0.0,0.0,0.009808,0.000647,0.0037560522077708,255.0,0.0,0.0,benign
0.0,0.0,0.0,0.0,0.0,0.0,0.0,0.0,0.0,0.0,0.0,0.0,0.0,0.0,0.0,0.0,0.0,0.0,0.0,0.0,0.0,0.0,0.0,0.0,0.0,0.0,0.0,0.0,0.0,0.0,benign
909.0,0.0,2.0,0.0,3.0,0.0,0.6666666666666666,0.0,2.0,2.0,0.0,54.0,2.0,0.0,22.93877721239735,2.0,2.0,1.0,1.0,2.0,0.0,0.0,0.0,24.0,0.024923,0.0,0.0105299536798601,64.0,95.5,5604.0,benign
0.0,0.0,0.0,0.0,0.0,0.0,0.0,0.0,0.0,0.0,0.0,0.0,0.0,0.0,0.0,0.0,0.0,0.0,0.0,0.0,0.0,0.0,0.0,0.0,0.0,0.0,0.0,0.0,0.0,0.0,benign
12.0,0.0,1.0,0.0,1.0,0.0,1.0,0.0,2.0,2.0,0.0,54.0,1.0,0.0,10.5,2.0,2.0,1.0,1.0,1.0,0.0,0.0,0.0,24.0,0.008924,0.00036,0.004282,64.0,95.5,5648.0,benign
0.0,0.0,0.0,0.0,0.0,0.0,0.0,0.0,0.0,0.0,0.0,0.0,0.0,0.0,0.0,0.0,0.0,0.0,0.0,0.0,0.0,0.0,0.0,0.0,0.0,0.0,0.0,0.0,0.0,0.0,benign
0.0,0.0,1.0,0.0,1.0,0.0,0.0,0.0,2.0,2.0,0.0,54.0,1.0,0.0,7.5,2.0,2.0,1.0,1.0,1.0,0.0,0.0,0.0,24.0,0.054366,0.000449,0.0269584999999999,64.0,95.5,5546.0,benign
0.0,0.0,0.0,0.0,0.0,0.0,0.0,0.0,0.0,0.0,0.0,0.0,0.0,0.0,0.0,0.0,0.0,0.0,0.0,0.0,0.0,0.0,0.0,0.0,0.0,0.0,0.0,0.0,0.0,0.0,benign
0.0,0.0,0.0,0.0,0.0,0.0,0.0,0.0,1.0,2.0,0.0,214.0,0.0,180.0,0.0,1.0,1.0,0.0,1.0,0.0,0.0,0.0,0.0,0.0,0.096482,0.096482,0.0,255.0,0.0,0.0,benign
0.0,0.0,0.0,0.0,0.0,0.0,2.0,0.0,2.0,2.0,0.0,60.0,1.0,0.0,0.0,0.0,0.0,1.0,1.0,0.0,0.0,0.0,0.0,0.0,0.012543,0.001814,0.0053645,0.0,0.0,0.0,benign
0.0,0.0,0.0,0.0,0.0,0.0,0.0,0.0,0.0,0.0,0.0,0.0,0.0,0.0,0.0,0.0,0.0,0.0,0.0,0.0,0.0,0.0,0.0,0.0,0.0,0.0,0.0,0.0,0.0,0.0,benign
0.0,0.0,0.0,0.0,0.0,0.0,61.0,0.0,2.0,2.0,0.0,60.0,1.0,0.0,0.0,0.0,0.0,1.0,1.0,0.0,0.0,0.0,0.0,0.0,0.024539,0.0,0.0122695,0.0,0.0,0.0,benign
0.0,0.0,0.0,0.0,0.0,0.0,0.0,0.0,0.0,0.0,0.0,0.0,0.0,0.0,0.0,0.0,0.0,0.0,0.0,0.0,0.0,0.0,0.0,0.0,0.0,0.0,0.0,0.0,0.0,0.0,benign
0.0,0.0,0.0,0.0,0.0,0.0,17.566037735849058,0.0,13.0,13.0,0.0,54.0,26.0,0.0,361.5196762713766,14.0,14.0,4.0,4.0,26.0,0.0,0.0,0.0,24.0,0.1221,0.0,0.0197562319791865,61.0,94.96659915792132,660.0,benign
0.0,0.0,0.0,0.0,0.0,0.0,0.0,0.0,0.0,0.0,0.0,0.0,0.0,0.0,0.0,0.0,0.0,0.0,0.0,0.0,0.0,0.0,0.0,0.0,0.0,0.0,0.0,0.0,0.0,0.0,benign
1023.0,0.0,0.1428571428571428,1022.3333333333334,1.0,0.0,36.359375,0.0,0.5714285714285714,0.5714285714285714,1460.0,60.0,14.571428571428571,0.0,3.757980826162589,12.285714285714286,11.714285714285714,0.2857142857142857,0.4285714285714285,1.0,11.857142857142858,13.428571428571429,0.0,24.0,0.030857587,3.3e-08,0.0039526548297835,37.0,102.65399991943808,1024.0,recon
0.0,0.0,0.0,0.0,0.0,0.0,0.0,0.0,0.0,0.0,0.0,0.0,0.0,0.0,0.0,0.0,0.0,0.0,0.0,0.0,0.0,0.0,0.0,0.0,0.0,0.0,0.0,0.0,0.0,0.0,benign
0.0,0.0,0.0,0.0,0.0,0.0,0.0,0.0,0.0,2.0,0.0,198.0,0.0,0.0,0.0,0.0,0.0,0.0,1.0,0.0,0.0,0.0,0.0,0.0,0.019072,0.019072,0.0,0.0,0.0,0.0,benign
0.0,0.0,0.0,0.0,0.0,0.0,0.0,0.0,1.0,2.0,0.0,214.0,0.0,180.0,0.0,1.0,1.0,0.0,1.0,0.0,0.0,0.0,0.0,0.0,0.100778,0.100778,0.0,255.0,0.0,0.0,benign
0.0,0.0,0.0,0.0,0.0,0.0,46.0,0.0,2.0,2.0,0.0,60.0,1.0,0.0,0.0,0.0,0.0,1.0,1.0,0.0,0.0,0.0,0.0,0.0,0.032415,0.009264,0.0115755,0.0,0.0,0.0,benign
0.0,0.0,0.0,0.0,0.0,0.0,0.0,0.0,0.0,0.0,0.0,0.0,0.0,0.0,0.0,0.0,0.0,0.0,0.0,0.0,0.0,0.0,0.0,0.0,0.0,0.0,0.0,0.0,0.0,0.0,benign
0.0,0.0,0.0,0.0,0.0,0.0,0.0,0.0,0.0,0.0,0.0,0.0,0.0,0.0,0.0,0.0,0.0,0.0,0.0,0.0,0.0,0.0,0.0,0.0,0.0,0.0,0.0,0.0,0.0,0.0,benign
0.0,0.0,0.0,0.0,0.0,0.0,30.23333333333333,0.0,11.0,11.0,0.0,54.0,15.0,0.0,443.9069002710147,12.0,12.0,3.0,2.0,15.0,0.0,0.0,0.0,24.0,0.077331,0.0,0.0167536235119581,61.0,94.41683653804677,660.0,benign
143.0,0.0,1.0,0.0,2.0,0.0,3.6666666666666665,0.0,2.0,2.0,0.0,54.0,2.0,0.0,11.0227038425243,2.0,2.0,1.0,1.0,2.0,0.0,0.0,0.0,24.0,0.086746,0.0,0.0361398458033166,64.0,95.5,5538.0,benign
0.0,0.0,2.0,0.0,4.0,0.0,0.6666666666666666,0.0,2.0,2.0,0.0,54.0,2.0,0.0,38.05587996617606,2.0,2.0,1.0,1.0,2.0,0.0,0.0,0.0,24.0,0.048294,0.0,0.020610033301465,64.0,95.5,5562.0,benign
0.0,0.0,0.0,0.0,0.0,0.0,0.0,0.0,0.0,0.0,0.0,0.0,0.0,0.0,0.0,0.0,0.0,0.0,0.0,0.0,0.0,0.0,0.0,0.0,0.0,0.0,0.0,0.0,0.0,0.0,benign
0.0,0.0,0.0,0.0,0.0,0.0,2.0,2.0,2.0,2.0,0.0,66.0,1.0,0.0,0.0,2.0,2.0,1.0,1.0,0.0,0.0,0.0,0.0,16.0,0.002048,0.001125,0.0004615,64.0,87.0,27.0,benign
0.0,0.0,0.0,0.0,0.0,0.0,27.71875,0.0,11.0,11.0,0.0,54.0,16.0,0.0,405.7182274355712,12.0,12.0,3.0,2.0,16.0,0.0,0.0,0.0,24.0,0.175948,0.0,0.0349026328762358,61.0,94.55609885690954,660.0,benign
0.0,0.0,0.0,0.0,0.0,0.0,0.0,0.0,0.0,0.0,0.0,0.0,0.0,0.0,0.0,0.0,0.0,0.0,0.0,0.0,0.0,0.0,0.0,0.0,0.0,0.0,0.0,0.0,0.0,0.0,benign
117.0,0.0,1.0,0.0,2.0,0.0,3.6666666666666665,0.0,2.0,2.0,0.0,54.0,2.0,0.0,11.0227038425243,2.0,2.0,1.0,1.0,2.0,0.0,0.0,0.0,24.0,0.051225,0.0,0.0221003084636278,64.0,95.5,5646.0,benign
0.0,0.0,0.0,0.0,0.0,0.0,0.0,0.0,0.0,0.0,0.0,0.0,0.0,0.0,0.0,0.0,0.0,0.0,0.0,0.0,0.0,0.0,0.0,0.0,0.0,0.0,0.0,0.0,0.0,0.0,benign
13.0,0.0,1.0,0.0,1.0,0.0,0.0,0.0,2.0,2.0,0.0,54.0,1.0,0.0,10.5,2.0,2.0,1.0,1.0,1.0,0.0,0.0,0.0,24.0,0.0193,0.0,0.00965,64.0,95.5,5634.0,benign
0.0,0.0,0.0,0.0,0.0,0.0,0.0,0.0,0.0,0.0,0.0,0.0,0.0,0.0,0.0,0.0,0.0,0.0,0.0,0.0,0.0,0.0,0.0,0.0,0.0,0.0,0.0,0.0,0.0,0.0,benign
0.0,0.0,0.0,0.0,0.0,0.0,0.0,0.0,0.0,0.0,0.0,0.0,0.0,0.0,0.0,0.0,0.0,0.0,0.0,0.0,0.0,0.0,0.0,0.0,0.0,0.0,0.0,0.0,0.0,0.0,benign
0.0,0.0,0.0,0.0,0.0,0.0,0.0,0.0,0.0,0.0,0.0,0.0,0.0,0.0,0.0,0.0,0.0,0.0,0.0,0.0,0.0,0.0,0.0,0.0,0.0,0.0,0.0,0.0,0.0,0.0,benign
0.0,0.0,0.0,0.0,0.0,0.0,0.0,0.0,0.0,0.0,0.0,0.0,0.0,0.0,0.0,0.0,0.0,0.0,0.0,0.0,0.0,0.0,0.0,0.0,0.0,0.0,0.0,0.0,0.0,0.0,benign
0.0,0.0,0.0,0.0,0.0,0.0,203.0,0.0,3.0,3.0,0.0,60.0,1.0,180.0,0.0,1.0,1.0,1.0,2.0,0.0,0.0,0.0,0.0,0.0,0.034392,0.000354,0.0166493896134362,255.0,0.0,0.0,benign
0.0,0.0,0.0,0.0,0.0,0.0,0.0,0.0,0.0,0.0,0.0,0.0,0.0,0.0,0.0,0.0,0.0,0.0,0.0,0.0,0.0,0.0,0.0,0.0,0.0,0.0,0.0,0.0,0.0,0.0,benign
0.0,0.0,0.0,0.0,0.0,0.0,0.0,0.0,0.0,0.0,0.0,0.0,0.0,0.0,0.0,0.0,0.0,0.0,0.0,0.0,0.0,0.0,0.0,0.0,0.0,0.0,0.0,0.0,0.0,0.0,benign
0.0,0.0,0.0,0.0,0.0,0.0,0.0,0.0,0.0,2.0,0.0,198.0,0.0,0.0,0.0,0.0,0.0,0.0,1.0,0.0,0.0,0.0,0.0,0.0,0.010563,0.010563,0.0,0.0,0.0,0.0,benign
0.0,0.0,0.0,0.0,0.0,0.0,0.0,0.0,0.0,0.0,0.0,0.0,0.0,0.0,0.0,0.0,0.0,0.0,0.0,0.0,0.0,0.0,0.0,0.0,0.0,0.0,0.0,0.0,0.0,0.0,benign
0.0,0.0,0.0,0.0,0.0,0.0,0.0,0.0,0.0,0.0,0.0,0.0,0.0,0.0,0.0,0.0,0.0,0.0,0.0,0.0,0.0,0.0,0.0,0.0,0.0,0.0,0.0,0.0,0.0,0.0,benign
212.0,0.0,1.0,0.0,2.0,0.0,1.3333333333333333,0.0,2.0,2.0,0.0,54.0,2.0,0.0,10.594810050208546,2.0,2.0,1.0,1.0,2.0,0.0,0.0,0.0,24.0,0.018668,0.0,0.0076811145797664,64.0,95.5,5600.0,benign
0.0,0.0,0.0,0.0,0.0,0.0,0.0,0.0,0.0,0.0,0.0,0.0,0.0,0.0,0.0,0.0,0.0,0.0,0.0,0.0,0.0,0.0,0.0,0.0,0.0,0.0,0.0,0.0,0.0,0.0,benign
0.0,0.0,0.0,0.0,0.0,0.0,0.0335105051605589,0.0,0.2857142857142857,0.2857142857142857,0.0,60.0,16821.714285714286,0.0,0.0,2424.5714285714284,9416.57142857143,0.1428571428571428,0.1428571428571428,0.0,2583.8571428571427,0.0,0.0,20.0,0.00233702,2.5e-08,0.0001068434290882,64.0,0.0,0.0,dos
211.0,0.0,1.0,0.0,2.0,0.0,0.6666666666666666,0.0,2.0,2.0,0.0,54.0,2.0,0.0,10.594810050208546,2.0,2.0,1.0,1.0,2.0,0.0,0.0,0.0,24.0,0.01712,0.0,0.0071479583929608,64.0,95.5,5612.0,benign
0.0,0.0,0.0,0.0,0.0,0.0,0.0,0.0,0.0,0.0,0.0,0.0,0.0,0.0,0.0,0.0,0.0,0.0,0.0,0.0,0.0,0.0,0.0,0.0,0.0,0.0,0.0,0.0,0.0,0.0,benign
0.0,0.0,0.0,0.0,0.0,0.0,0.0,0.0,0.0,0.0,0.0,0.0,0.0,0.0,0.0,0.0,0.0,0.0,0.0,0.0,0.0,0.0,0.0,0.0,0.0,0.0,0.0,0.0,0.0,0.0,benign
22.5,0.0,1.0,0.0,7.0,0.0,0.8571428571428571,0.0,2.0,2.0,0.0,54.0,4.0,0.0,43.15940656450225,2.0,2.0,1.0,1.0,4.0,0.0,0.0,0.0,24.0,0.010391,0.0,0.0032891520563817,64.0,95.5,5548.0,benign
0.0,0.0,0.0,0.0,0.0,0.0,0.0,0.0,0.0,0.0,0.0,0.0,0.0,0.0,0.0,0.0,0.0,0.0,0.0,0.0,0.0,0.0,0.0,0.0,0.0,0.0,0.0,0.0,0.0,0.0,benign
214.0,0.0,1.0,0.0,2.0,0.0,1.3333333333333333,0.0,2.0,2.0,0.0,54.0,2.0,0.0,10.594810050208546,2.0,2.0,1.0,1.0,2.0,0.0,0.0,0.0,24.0,0.002505,0.0,0.0009454555449623,64.0,95.5,5604.0,benign
1023.0,0.0,0.1428571428571428,577.0,1.5714285714285714,0.0,70.75,0.0,0.4285714285714285,0.4285714285714285,1460.0,60.0,7.142857142857143,0.0,9.896907216494846,6.142857142857143,6.285714285714286,0.1428571428571428,0.2857142857142857,1.0,5.714285714285714,6.142857142857143,0.0,24.0,0.108931666,5.4e-08,0.0280210546485189,37.0,102.70958265734548,1024.0,recon
132.0,0.0,1.0,0.0,2.0,0.0,106.4,0.0,3.0,3.0,0.0,54.0,3.0,0.0,11.0227038425243,2.0,2.0,2.0,2.0,2.0,0.0,0.0,0.0,24.0,0.268999,0.0,0.0994750383285787,64.0,95.5,5604.0,benign
0.0,0.0,1.0,0.0,1.0,0.0,0.0,0.0,2.0,2.0,0.0,54.0,1.0,0.0,7.5,2.0,2.0,1.0,1.0,1.0,0.0,0.0,0.0,24.0,0.011675,0.0,0.0058375,64.0,95.5,5638.0,benign
0.0,0.0,0.0,0.0,0.0,0.0,0.0,0.0,0.0,0.0,0.0,0.0,0.0,0.0,0.0,0.0,0.0,0.0,0.0,0.0,0.0,0.0,0.0,0.0,0.0,0.0,0.0,0.0,0.0,0.0,benign
0.0,0.0,0.0,0.0,0.0,0.0,0.0,0.0,0.0,0.0,0.0,0.0,0.0,0.0,0.0,0.0,0.0,0.0,0.0,0.0,0.0,0.0,0.0,0.0,0.0,0.0,0.0,0.0,0.0,0.0,benign
0.0,0.0,0.0,0.0,0.0,0.0,0.0,0.0,0.0,0.0,0.0,0.0,0.0,0.0,0.0,0.0,0.0,0.0,0.0,0.0,0.0,0.0,0.0,0.0,0.0,0.0,0.0,0.0,0.0,0.0,benign
0.0,0.0,0.0,0.0,0.0,0.0,0.0,0.0,0.0,0.0,0.0,0.0,0.0,0.0,0.0,0.0,0.0,0.0,0.0,0.0,0.0,0.0,0.0,0.0,0.0,0.0,0.0,0.0,0.0,0.0,benign
0.0,0.0,0.0,0.0,0.0,0.0,0.0,0.0,0.0,0.0,0.0,0.0,0.0,0.0,0.0,0.0,0.0,0.0,0.0,0.0,0.0,0.0,0.0,0.0,0.0,0.0,0.0,0.0,0.0,0.0,benign
0.0,0.0,0.0,0.0,0.0,0.0,0.0,0.0,0.0,0.0,0.0,0.0,0.0,0.0,0.0,0.0,0.0,0.0,0.0,0.0,0.0,0.0,0.0,0.0,0.0,0.0,0.0,0.0,0.0,0.0,benign
142.0,0.0,1.0,0.0,2.0,0.0,1.0,0.0,2.0,2.0,0.0,54.0,2.0,0.0,11.0227038425243,2.0,2.0,1.0,1.0,2.0,0.0,0.0,0.0,24.0,0.023889,0.0,0.0100284669659674,64.0,95.5,5610.0,benign
0.0,0.0,0.0,0.0,0.0,0.0,54.5,0.0,2.0,2.0,0.0,60.0,1.0,0.0,0.0,0.0,0.0,1.0,1.0,0.0,0.0,0.0,0.0,0.0,0.026553,0.002283,0.0108227830062327,0.0,0.0,0.0,benign
0.0,0.0,0.0,0.0,0.0,0.0,0.0,0.0,0.0,0.0,0.0,0.0,0.0,0.0,0.0,0.0,0.0,0.0,0.0,0.0,0.0,0.0,0.0,0.0,0.0,0.0,0.0,0.0,0.0,0.0,benign
0.0,0.0,0.0,0.0,0.0,0.0,0.0342279877366009,0.0,0.2857142857142857,0.4285714285714285,0.0,60.0,29215.85714285714,0.0,0.0,0.0,0.0,0.2857142857142857,0.1428571428571428,0.0,0.0,0.0,0.0,0.0,0.000668801,2.5e-08,7.2775897715984e-05,64.0,0.0,0.0,mitm
0.0,0.0,0.0,0.0,0.0,0.0,0.0,0.0,1.0,2.0,0.0,214.0,0.0,180.0,0.0,1.0,1.0,0.0,1.0,0.0,0.0,0.0,0.0,0.0,0.098012,0.098012,0.0,255.0,0.0,0.0,benign
0.0,0.0,0.0,0.0,0.0,0.0,0.0,0.0,0.0,0.0,0.0,0.0,0.0,0.0,0.0,0.0,0.0,0.0,0.0,0.0,0.0,0.0,0.0,0.0,0.0,0.0,0.0,0.0,0.0,0.0,benign
0.0,0.0,0.0,0.0,0.0,0.0,0.0,0.0,0.0,0.0,0.0,0.0,0.0,0.0,0.0,0.0,0.0,0.0,0.0,0.0,0.0,0.0,0.0,0.0,0.0,0.0,0.0,0.0,0.0,0.0,benign
22.4,0.0,1.0,0.0,7.0,0.0,29.428571428571427,0.0,3.0,3.0,0.0,54.0,4.0,0.0,84.81560882290476,2.0,2.0,2.0,2.0,2.0,0.0,0.0,0.0,24.0,0.031204,0.0,0.0103565525121779,64.0,95.5,5572.0,benign
-0.69,0.5840281576164704,2.0,0.0,2.0,0.0,1.0,0.0,2.0,2.0,0.0,54.0,2.0,0.0,19.327585352432298,2.0,2.0,1.0,1.0,1.0,0.0,0.0,0.0,24.0,0.157079,0.0,0.0740477507213344,64.0,90.03826347108705,5628.0,benign
0.0,0.0,0.0,0.0,0.0,0.0,0.0,0.0,2.0,2.0,0.0,60.0,1.0,0.0,0.0,0.0,0.0,1.0,1.0,0.0,0.0,0.0,0.0,0.0,0.019301,0.000474,0.0094135,0.0,0.0,0.0,benign
0.0,0.0,0.0,0.0,0.0,0.0,0.0,0.0,0.0,0.0,0.0,0.0,0.0,0.0,0.0,0.0,0.0,0.0,0.0,0.0,0.0,0.0,0.0,0.0,0.0,0.0,0.0,0.0,0.0,0.0,benign
0.0,0.0,0.0,0.0,0.0,0.0,52.0,0.0,5.0,4.0,0.0,54.0,5.0,0.0,683.0093179416089,5.0,5.0,3.0,3.0,4.0,0.0,0.0,0.0,24.0,0.083092,0.0,0.0299276963912017,53.0,61.272514128721056,152.0,benign
0.0,0.0,0.0,0.0,0.0,0.0,0.0,0.0,1.0,2.0,0.0,214.0,0.0,180.0,0.0,1.0,1.0,0.0,1.0,0.0,0.0,0.0,0.0,0.0,0.067626,0.067626,0.0,255.0,0.0,0.0,benign
0.0,0.0,0.0,0.0,0.0,0.0,0.0,0.0,0.0,0.0,0.0,0.0,0.0,0.0,0.0,0.0,0.0,0.0,0.0,0.0,0.0,0.0,0.0,0.0,0.0,0.0,0.0,0.0,0.0,0.0,benign
0.0,0.5,0.1428571428571428,1409.0,0.2857142857142857,0.0,27.646825396825395,0.0,0.5714285714285714,0.5714285714285714,1460.0,60.0,18.142857142857142,0.0,1.3336203349255815,17.714285714285715,17.571428571428573,0.2857142857142857,0.4285714285714285,0.2857142857142857,17.571428571428573,17.714285714285715,0.0,24.0,0.008310739,3.3e-08,0.0011951482690021,37.0,103.73868714645306,1024.0,recon
0.0,0.0,0.0,0.0,0.0,0.0,47.5,0.0,2.0,2.0,0.0,60.0,1.0,0.0,0.0,0.0,0.0,1.0,1.0,0.0,0.0,0.0,0.0,0.0,0.004265,0.001401,0.0011696886575305,0.0,0.0,0.0,benign
0.0,0.0,1.0,0.0,1.0,0.0,0.0,0.0,2.0,2.0,0.0,54.0,1.0,0.0,8.5,2.0,2.0,1.0,1.0,1.0,0.0,0.0,0.0,24.0,0.072774,0.0,0.036387,64.0,95.5,5538.0,benign
0.0,0.0,0.0,0.0,0.0,0.0,0.0,0.0,1.0,2.0,0.0,214.0,0.0,180.0,0.0,1.0,1.0,0.0,1.0,0.0,0.0,0.0,0.0,0.0,0.032636,0.032636,0.0,255.0,0.0,0.0,benign
0.0,0.0,0.0,0.0,0.0,0.0,0.0,0.0,0.0,0.0,0.0,0.0,0.0,0.0,0.0,0.0,0.0,0.0,0.0,0.0,0.0,0.0,0.0,0.0,0.0,0.0,0.0,0.0,0.0,0.0,benign
0.0,0.0,0.0,0.0,0.0,0.0,0.0,0.0,0.0,0.0,0.0,0.0,0.0,0.0,0.0,0.0,0.0,0.0,0.0,0.0,0.0,0.0,0.0,0.0,0.0,0.0,0.0,0.0,0.0,0.0,benign
0.0,0.0,0.0,0.0,0.0,0.0,0.0,0.0,0.0,0.0,0.0,0.0,0.0,0.0,0.0,0.0,0.0,0.0,0.0,0.0,0.0,0.0,0.0,0.0,0.0,0.0,0.0,0.0,0.0,0.0,benign
0.0,0.0,0.0,0.0,0.0,0.0,0.0,0.0,0.0,0.0,0.0,0.0,0.0,0.0,0.0,0.0,0.0,0.0,0.0,0.0,0.0,0.0,0.0,0.0,0.0,0.0,0.0,0.0,0.0,0.0,benign
0.0,0.0,0.0,0.0,0.0,0.0,0.0,0.0,0.0,0.0,0.0,0.0,0.0,0.0,0.0,0.0,0.0,0.0,0.0,0.0,0.0,0.0,0.0,0.0,0.0,0.0,0.0,0.0,0.0,0.0,benign
0.0,0.0,2.0,0.0,4.0,0.0,4.666666666666667,0.0,2.0,2.0,0.0,54.0,2.0,0.0,38.05587996617606,2.0,2.0,1.0,1.0,2.0,0.0,0.0,0.0,24.0,0.209817,0.0,0.0889879193805962,64.0,95.5,5552.0,benign
918.0,0.0,2.0,0.0,3.0,0.0,0.6666666666666666,0.0,2.0,2.0,0.0,54.0,2.0,0.0,22.93877721239735,2.0,2.0,1.0,1.0,2.0,0.0,0.0,0.0,24.0,0.006365,0.0,0.0026038065764376,64.0,95.5,5640.0,benign
2.0,0.0,0.1428571428571428,0.0,0.1428571428571428,0.0,957.6,0.0,0.5714285714285714,0.4285714285714285,0.0,60.0,0.4285714285714285,0.0,9.5,0.2857142857142857,0.2857142857142857,0.2857142857142857,0.2857142857142857,0.1428571428571428,0.0,0.0,0.0,24.0,0.155747602,0.000915665,0.0526398141594542,64.0,95.5,4966.0,mitm
0.0,0.0,0.0,0.0,0.0,0.0,0.0,0.0,1.0,2.0,0.0,54.0,0.0,0.0,0.0,1.0,1.0,0.0,1.0,0.0,0.0,0.0,0.0,16.0,0.046772,0.046772,0.0,255.0,0.0,2506.0,benign
0.0,0.0,0.0,0.0,0.0,0.0,0.0,0.0,0.0,0.0,0.0,0.0,0.0,0.0,0.0,0.0,0.0,0.0,0.0,0.0,0.0,0.0,0.0,0.0,0.0,0.0,0.0,0.0,0.0,0.0,benign
4.0,0.0,1.0,0.0,1.0,0.0,0.0,0.0,2.0,2.0,0.0,54.0,1.0,0.0,7.5,2.0,2.0,1.0,1.0,1.0,0.0,0.0,0.0,24.0,0.049628,0.0,0.024814,64.0,95.5,5640.0,benign
0.0,0.0,0.0,0.0,0.0,0.0,0.0,0.0,0.0,0.0,0.0,0.0,0.0,0.0,0.0,0.0,0.0,0.0,0.0,0.0,0.0,0.0,0.0,0.0,0.0,0.0,0.0,0.0,0.0,0.0,benign
0.0,0.0,0.0,0.0,0.0,0.0,0.0,0.0,0.0,0.0,0.0,0.0,0.0,0.0,0.0,0.0,0.0,0.0,0.0,0.0,0.0,0.0,0.0,0.0,0.0,0.0,0.0,0.0,0.0,0.0,benign
0.0,0.0,0.0,0.0,0.0,0.0,33.0,0.0,2.0,2.0,0.0,60.0,1.0,0.0,0.0,0.0,0.0,1.0,1.0,0.0,0.0,0.0,0.0,0.0,0.040033,0.000587,0.019723,0.0,0.0,0.0,benign
0.0,0.0,0.0,0.0,0.0,0.0,0.0,0.0,0.0,0.0,0.0,0.0,0.0,0.0,0.0,0.0,0.0,0.0,0.0,0.0,0.0,0.0,0.0,0.0,0.0,0.0,0.0,0.0,0.0,0.0,benign
0.0,0.0,0.0,0.0,0.0,0.0,0.0,0.0,0.0,0.0,0.0,0.0,0.0,0.0,0.0,0.0,0.0,0.0,0.0,0.0,0.0,0.0,0.0,0.0,0.0,0.0,0.0,0.0,0.0,0.0,benign
-0.7,1.1415778554264269,2.0,0.0,2.0,0.0,77.0,0.0,3.0,3.0,0.0,54.0,3.0,0.0,18.856180831641264,2.0,2.0,2.0,2.0,1.0,0.0,0.0,0.0,24.0,0.030058,0.0,0.0116704925962874,64.0,90.03826347108705,5540.0,benign
0.0,0.0,0.1428571428571428,0.0,0.1428571428571428,0.0,17.316708229426435,0.0,0.5714285714285714,0.5714285714285714,1460.0,60.0,28.857142857142858,0.0,0.9488117568833137,28.571428571428573,28.428571428571427,0.2857142857142857,0.4285714285714285,0.1428571428571428,28.285714285714285,28.571428571428573,0.0,24.0,0.008612995,3.3e-08,0.0009953419369183,37.0,103.39189027675236,1024.0,recon
0.0,0.0,0.0,0.0,0.0,0.0,14.80327868852459,0.0,25.0,24.0,0.0,54.0,34.0,0.0,422.1969730157579,6.0,6.0,4.0,4.0,6.0,0.0,0.0,0.0,24.0,0.040136,0.0,0.0119953487404079,53.0,79.56858527907613,642.0,benign
124.0,0.0,1.0,0.0,2.0,0.0,104.2,0.0,3.0,3.0,0.0,54.0,3.0,0.0,11.0227038425243,2.0,2.0,2.0,2.0,2.0,0.0,0.0,0.0,24.0,0.025217,0.0,0.0092728735507872,64.0,95.5,5632.0,benign
0.0,0.0,0.0,0.0,0.0,0.0,0.0338120148579653,0.0,0.2857142857142857,0.4285714285714285,0.0,60.0,26097.0,0.0,0.1025680967001455,3108.714285714286,9416.57142857143,0.1428571428571428,0.1428571428571428,26097.0,3478.428571428572,0.0,0.0,24.0,0.001488975,2.5e-08,0.0001085440789357,64.0,0.5656785939221795,0.0,dos
0.0,0.0,0.0,0.0,0.0,0.0,0.0,0.0,0.0,0.0,0.0,0.0,0.0,0.0,0.0,0.0,0.0,0.0,0.0,0.0,0.0,0.0,0.0,0.0,0.0,0.0,0.0,0.0,0.0,0.0,benign
0.0,0.0,0.0,0.0,0.0,0.0,0.0,0.0,0.0,0.0,0.0,0.0,0.0,0.0,0.0,0.0,0.0,0.0,0.0,0.0,0.0,0.0,0.0,0.0,0.0,0.0,0.0,0.0,0.0,0.0,benign
0.0,0.0,0.0,0.0,0.0,0.0,0.0,0.0,0.0,0.0,0.0,0.0,0.0,0.0,0.0,0.0,0.0,0.0,0.0,0.0,0.0,0.0,0.0,0.0,0.0,0.0,0.0,0.0,0.0,0.0,benign
0.0,0.0,0.0,0.0,0.0,0.0,0.0,0.0,0.0,0.0,0.0,0.0,0.0,0.0,0.0,0.0,0.0,0.0,0.0,0.0,0.0,0.0,0.0,0.0,0.0,0.0,0.0,0.0,0.0,0.0,benign
0.0,0.0,0.0,0.0,0.0,0.0,112.0,0.0,2.0,2.0,0.0,60.0,1.0,0.0,0.0,0.0,0.0,1.0,1.0,0.0,0.0,0.0,0.0,0.0,0.015223,0.000313,0.007455,0.0,0.0,0.0,benign
0.0,0.0,0.0,0.0,0.0,0.0,0.0,0.0,0.0,0.0,0.0,0.0,0.0,0.0,0.0,0.0,0.0,0.0,0.0,0.0,0.0,0.0,0.0,0.0,0.0,0.0,0.0,0.0,0.0,0.0,benign
0.0,0.0,0.0,0.0,0.0,0.0,0.0,0.0,0.0,0.0,0.0,0.0,0.0,0.0,0.0,0.0,0.0,0.0,0.0,0.0,0.0,0.0,0.0,0.0,0.0,0.0,0.0,0.0,0.0,0.0,benign
0.0,0.0,0.0,0.0,0.0,0.0,14.291666666666666,2.0,14.0,12.0,0.0,60.0,12.0,0.0,990.8613116319,4.0,4.0,3.0,3.0,2.0,0.0,0.0,0.0,24.0,0.06054,0.0,0.0163135679916319,61.0,65.30696746902278,27.0,benign
0.0,0.0,0.0,0.0,0.0,0.0,68.18181818181819,0.0,6.0,4.0,0.0,66.0,6.0,0.0,618.7472558861709,6.0,6.0,3.0,3.0,8.0,0.0,0.0,0.0,24.0,0.064057,0.0,0.0228042348532691,53.0,69.69078529874345,660.0,benign
0.0,0.0,0.0,0.0,0.0,0.0,0.0,0.0,0.0,0.0,0.0,0.0,0.0,0.0,0.0,0.0,0.0,0.0,0.0,0.0,0.0,0.0,0.0,0.0,0.0,0.0,0.0,0.0,0.0,0.0,benign
0.0,0.0,0.0,0.0,0.0,0.0,24.029411764705884,0.0,13.0,13.0,0.0,54.0,17.0,0.0,430.5455142642601,13.0,13.0,4.0,3.0,16.0,0.0,0.0,0.0,24.0,0.106476,0.0,0.0264998312038674,61.0,94.55609885690954,660.0,benign
3.0,0.0,1.0,0.0,1.0,0.0,0.0,0.0,2.0,2.0,0.0,54.0,1.0,0.0,8.5,2.0,2.0,1.0,1.0,1.0,0.0,0.0,0.0,24.0,0.050549,0.0,0.0252745,64.0,95.5,5564.0,benign
0.0,0.0,0.0,0.0,0.0,0.0,26.8125,0.0,11.0,11.0,0.0,54.0,16.0,0.0,397.61673460491727,12.0,12.0,4.0,3.0,15.0,0.0,0.0,0.0,24.0,0.118241,0.0,0.0265153799854745,61.0,94.41683653804677,660.0,benign
0.0,0.0,0.0,0.0,0.0,0.0,0.0,0.0,0.0,0.0,0.0,0.0,0.0,0.0,0.0,0.0,0.0,0.0,0.0,0.0,0.0,0.0,0.0,0.0,0.0,0.0,0.0,0.0,0.0,0.0,benign
0.0,0.0,0.0,0.0,0.0,0.0,0.0,0.0,0.0,0.0,0.0,0.0,0.0,0.0,0.0,0.0,0.0,0.0,0.0,0.0,0.0,0.0,0.0,0.0,0.0,0.0,0.0,0.0,0.0,0.0,benign
0.0,0.0,0.0,0.0,0.0,0.0,1590.0,0.0,0.4285714285714285,0.4285714285714285,0.0,60.0,0.1428571428571428,180.0,0.0,0.1428571428571428,0.1428571428571428,0.1428571428571428,0.2857142857142857,0.0,0.0,0.0,0.0,0.0,0.073942059,0.000400937,0.0315523302292631,255.0,0.0,0.0,recon
0.0,0.0,0.0,0.0,0.0,0.0,0.0,0.0,1.0,2.0,0.0,214.0,0.0,180.0,0.0,1.0,1.0,0.0,1.0,0.0,0.0,0.0,0.0,0.0,0.002545,0.002545,0.0,255.0,0.0,0.0,benign
0.0,0.0,0.0,0.0,0.0,0.0,0.0,0.0,0.0,0.0,0.0,0.0,0.0,0.0,0.0,0.0,0.0,0.0,0.0,0.0,0.0,0.0,0.0,0.0,0.0,0.0,0.0,0.0,0.0,0.0,benign
211.0,0.0,1.0,0.0,2.0,0.0,102.75,0.0,2.0,3.0,0.0,54.0,2.0,0.0,10.594810050208546,2.0,2.0,1.0,2.0,2.0,0.0,0.0,0.0,24.0,0.019867,0.0,0.0076844618653488,64.0,95.5,5630.0,benign
0.0,0.0,0.0,0.0,0.0,0.0,0.0,0.0,0.0,0.0,0.0,0.0,0.0,0.0,0.0,0.0,0.0,0.0,0.0,0.0,0.0,0.0,0.0,0.0,0.0,0.0,0.0,0.0,0.0,0.0,benign
0.0,0.0,0.0,0.0,0.0,0.0,0.0,0.0,0.0,0.0,0.0,0.0,0.0,0.0,0.0,0.0,0.0,0.0,0.0,0.0,0.0,0.0,0.0,0.0,0.0,0.0,0.0,0.0,0.0,0.0,benign
0.0,0.0,0.0,0.0,0.0,0.0,0.0,0.0,0.0,0.0,0.0,0.0,0.0,0.0,0.0,0.0,0.0,0.0,0.0,0.0,0.0,0.0,0.0,0.0,0.0,0.0,0.0,0.0,0.0,0.0,benign
0.0,0.0,0.0,0.0,0.0,0.0,0.0,0.0,0.0,0.0,0.0,0.0,0.0,0.0,0.0,0.0,0.0,0.0,0.0,0.0,0.0,0.0,0.0,0.0,0.0,0.0,0.0,0.0,0.0,0.0,benign
136.0,0.0,1.0,0.0,2.0,0.0,1.0,0.0,2.0,2.0,0.0,54.0,2.0,0.0,11.0227038425243,2.0,2.0,1.0,1.0,2.0,0.0,0.0,0.0,24.0,0.002561,0.0,0.0011089455295459,64.0,95.5,5608.0,benign
0.0,0.0,0.0,0.0,0.0,0.0,0.0,0.0,0.0,0.0,0.0,0.0,0.0,0.0,0.0,0.0,0.0,0.0,0.0,0.0,0.0,0.0,0.0,0.0,0.0,0.0,0.0,0.0,0.0,0.0,benign
0.0,0.0,0.0,0.0,0.0,0.0,159.33333333333334,0.0,3.0,3.0,0.0,54.0,1.0,0.0,70.79724570913758,3.0,3.0,1.0,3.0,2.0,0.0,0.0,0.0,24.0,0.080128,0.009153,0.0309593168721065,238.0,7.361215932167728,2931.0,benign
13.0,0.0,1.0,0.0,1.0,0.0,0.0,0.0,2.0,2.0,0.0,54.0,1.0,0.0,10.5,2.0,2.0,1.0,1.0,1.0,0.0,0.0,0.0,24.0,0.00421,0.0,0.002105,64.0,95.5,5622.0,benign
0.0,0.0,0.0,0.0,0.0,0.0,353.0,0.0,2.0,2.0,0.0,60.0,0.0,196.0,0.0,1.0,1.0,0.0,2.0,0.0,0.0,0.0,0.0,0.0,0.025035,0.001539,0.011748,255.0,0.0,0.0,benign
0.0,0.0,0.0,0.0,0.0,0.0,0.0,0.0,0.0,0.0,0.0,0.0,0.0,0.0,0.0,0.0,0.0,0.0,0.0,0.0,0.0,0.0,0.0,0.0,0.0,0.0,0.0,0.0,0.0,0.0,benign
0.0,0.0,0.0,0.0,0.0,0.0,33.06666666666667,0.0,11.0,11.0,0.0,54.0,15.0,0.0,414.5730298588759,12.0,12.0,3.0,2.0,15.0,0.0,0.0,0.0,24.0,0.103349,0.0,0.0275755719454866,61.0,94.41683653804677,660.0,benign
0.0,0.0,0.0,0.0,0.0,0.0,836.0,0.0,0.5714285714285714,0.5714285714285714,0.0,60.0,0.1428571428571428,180.0,0.0,0.1428571428571428,0.1428571428571428,0.1428571428571428,0.2857142857142857,0.0,0.0,0.0,0.0,0.0,0.029625241,0.004319133,0.0112347280907448,255.0,0.0,0.0,recon
126.0,0.0,1.0,0.0,2.0,0.0,0.6666666666666666,0.0,2.0,2.0,0.0,54.0,2.0,0.0,11.0227038425243,2.0,2.0,1.0,1.0,2.0,0.0,0.0,0.0,24.0,0.002048,0.0,0.0008379603212563,64.0,95.5,5544.0,benign
0.0,0.0,0.0,0.0,0.0,0.0,0.0,0.0,0.0,0.0,0.0,0.0,0.0,0.0,0.0,0.0,0.0,0.0,0.0,0.0,0.0,0.0,0.0,0.0,0.0,0.0,0.0,0.0,0.0,0.0,benign
0.0,0.0,0.0,0.0,0.0,0.0,0.0,0.0,0.0,0.0,0.0,0.0,0.0,0.0,0.0,0.0,0.0,0.0,0.0,0.0,0.0,0.0,0.0,0.0,0.0,0.0,0.0,0.0,0.0,0.0,benign
0.0,0.0,1.0,0.0,1.0,0.0,0.0,0.0,2.0,2.0,0.0,54.0,1.0,0.0,20.5,2.0,2.0,1.0,1.0,1.0,0.0,0.0,0.0,24.0,0.066844,0.0,0.033422,64.0,95.5,5554.0,benign
22.5,0.0,1.0,0.0,7.0,0.0,42.11111111111112,0.0,2.0,3.0,0.0,54.0,5.0,0.0,44.267983023712006,2.0,2.0,2.0,2.0,5.0,0.0,0.0,0.0,24.0,0.069287,0.0,0.0249396526447342,64.0,94.90866304499106,5544.0,benign
0.0,0.0,0.0,0.0,0.0,0.0,0.0,0.0,1.0,2.0,0.0,60.0,0.0,0.0,0.0,0.0,0.0,0.0,1.0,0.0,0.0,0.0,0.0,0.0,0.045368,0.045368,0.0,0.0,0.0,0.0,benign
0.0,0.0,0.0,0.0,0.0,0.0,0.0,0.0,0.0,0.0,0.0,0.0,0.0,0.0,0.0,0.0,0.0,0.0,0.0,0.0,0.0,0.0,0.0,0.0,0.0,0.0,0.0,0.0,0.0,0.0,benign
0.0,0.0,0.0,0.0,0.0,0.0,0.0,0.0,0.0,0.0,0.0,0.0,0.0,0.0,0.0,0.0,0.0,0.0,0.0,0.0,0.0,0.0,0.0,0.0,0.0,0.0,0.0,0.0,0.0,0.0,benign
0.0,0.0,0.0,0.0,0.0,0.0,0.0,0.0,0.0,0.0,0.0,0.0,0.0,0.0,0.0,0.0,0.0,0.0,0.0,0.0,0.0,0.0,0.0,0.0,0.0,0.0,0.0,0.0,0.0,0.0,benign
0.0,0.0,0.0,0.0,0.0,0.0,0.0,0.0,0.0,0.0,0.0,0.0,0.0,0.0,0.0,0.0,0.0,0.0,0.0,0.0,0.0,0.0,0.0,0.0,0.0,0.0,0.0,0.0,0.0,0.0,benign
140.0,0.0,1.0,0.0,2.0,0.0,0.6666666666666666,0.0,2.0,2.0,0.0,54.0,2.0,0.0,11.0227038425243,2.0,2.0,1.0,1.0,2.0,0.0,0.0,0.0,24.0,0.017376,0.0,0.0072498540674968,64.0,95.5,5624.0,benign
0.0,0.0,0.0,0.0,0.0,0.0,0.0,0.0,0.0,0.0,0.0,0.0,0.0,0.0,0.0,0.0,0.0,0.0,0.0,0.0,0.0,0.0,0.0,0.0,0.0,0.0,0.0,0.0,0.0,0.0,benign
0.0,0.0,0.0,0.0,0.0,0.0,0.0,0.0,0.0,2.0,0.0,198.0,0.0,0.0,0.0,0.0,0.0,0.0,1.0,0.0,0.0,0.0,0.0,0.0,0.005065,0.005065,0.0,0.0,0.0,0.0,benign
0.0,0.0,0.0,0.0,0.0,0.0,0.0,0.0,0.0,0.0,0.0,0.0,0.0,0.0,0.0,0.0,0.0,0.0,0.0,0.0,0.0,0.0,0.0,0.0,0.0,0.0,0.0,0.0,0.0,0.0,benign
0.0,0.0,0.0,0.0,0.0,0.0,0.0,0.0,0.0,0.0,0.0,0.0,0.0,0.0,0.0,0.0,0.0,0.0,0.0,0.0,0.0,0.0,0.0,0.0,0.0,0.0,0.0,0.0,0.0,0.0,benign
0.0,0.0,0.0,0.0,0.0,0.0,0.4463587182688306,0.0,0.5714285714285714,0.5714285714285714,1460.0,60.0,858.1428571428571,0.0,2.5292954307945488,143.71428571428572,143.85714285714286,0.2857142857142857,0.4285714285714285,0.0,857.1428571428571,858.0,0.0,20.0,0.039057073,2.8e-08,0.0011746029209032,37.0,9.263355485776035,0.0,recon
13.0,0.0,1.0,0.0,1.0,0.0,1.0,0.0,2.0,2.0,0.0,54.0,1.0,0.0,10.5,2.0,2.0,1.0,1.0,1.0,0.0,0.0,0.0,24.0,0.018409,0.000483,0.0089629999999999,64.0,95.5,5550.0,benign
0.0,0.0,0.0,0.0,0.0,0.0,0.0,0.0,0.0,0.0,0.0,0.0,0.0,0.0,0.0,0.0,0.0,0.0,0.0,0.0,0.0,0.0,0.0,0.0,0.0,0.0,0.0,0.0,0.0,0.0,benign
0.0,0.0,0.0,0.0,0.0,0.0,0.0,0.0,0.0,0.0,0.0,0.0,0.0,0.0,0.0,0.0,0.0,0.0,0.0,0.0,0.0,0.0,0.0,0.0,0.0,0.0,0.0,0.0,0.0,0.0,benign
212.0,0.0,1.0,0.0,2.0,0.0,1.0,0.0,2.0,2.0,0.0,54.0,2.0,0.0,10.594810050208546,2.0,2.0,1.0,1.0,2.0,0.0,0.0,0.0,24.0,0.026906,0.0,0.0113549648915133,64.0,95.5,5570.0,benign
0.0,0.0,0.0,0.0,0.0,0.0,0.0,0.0,0.0,0.0,0.0,0.0,0.0,0.0,0.0,0.0,0.0,0.0,0.0,0.0,0.0,0.0,0.0,0.0,0.0,0.0,0.0,0.0,0.0,0.0,benign
0.0,0.0,0.0,0.0,0.0,0.0,0.0,0.0,0.0,0.0,0.0,0.0,0.0,0.0,0.0,0.0,0.0,0.0,0.0,0.0,0.0,0.0,0.0,0.0,0.0,0.0,0.0,0.0,0.0,0.0,benign
12.0,0.0,1.0,0.0,1.0,0.0,0.0,0.0,2.0,2.0,0.0,54.0,1.0,0.0,10.5,2.0,2.0,1.0,1.0,1.0,0.0,0.0,0.0,24.0,0.038398,0.0,0.019199,64.0,95.5,5556.0,benign
0.0,0.0,0.0,0.0,0.0,0.0,373.0,2.0,1.0,3.0,0.0,46.0,0.0,0.0,0.0,0.0,0.0,0.0,2.0,0.0,0.0,0.0,0.0,0.0,0.151907,0.001359,0.0662953294634446,1.0,0.0,0.0,benign
0.0,0.0,0.0,0.0,0.0,0.0,0.0,0.0,1.0,2.0,0.0,214.0,0.0,180.0,0.0,1.0,1.0,0.0,1.0,0.0,0.0,0.0,0.0,0.0,0.083645,0.083645,0.0,255.0,0.0,0.0,benign
0.0,0.0,0.0,0.0,0.0,0.0,0.0,0.0,0.0,0.0,0.0,0.0,0.0,0.0,0.0,0.0,0.0,0.0,0.0,0.0,0.0,0.0,0.0,0.0,0.0,0.0,0.0,0.0,0.0,0.0,benign
0.0,0.0,0.0,0.0,0.0,0.0,15.963636363636365,2.0,28.0,27.0,0.0,60.0,28.0,0.0,819.2609304868762,3.0,3.0,3.0,4.0,2.0,0.0,0.0,0.0,24.0,0.101432,0.0,0.0176108798983923,2.0,28.546258754675524,660.0,benign
0.0,0.0,0.0,0.0,0.0,0.0,0.1424431332485457,2.0,0.2857142857142857,0.2857142857142857,1460.0,60.0,5422.285714285715,0.0,0.0,4718.571428571428,1399.857142857143,0.2857142857142857,0.2857142857142857,0.0,1429.571428571429,5420.857142857143,0.0,18.0,0.019337589,2.6e-08,0.000142022201399,64.0,0.0,0.0,dos
0.0,0.0,0.0,0.0,0.0,0.0,0.0,0.0,0.0,0.0,0.0,0.0,0.0,0.0,0.0,0.0,0.0,0.0,0.0,0.0,0.0,0.0,0.0,0.0,0.0,0.0,0.0,0.0,0.0,0.0,benign
0.0,0.0,0.0,0.0,0.0,0.0,75.0,2.0,3.0,2.0,0.0,60.0,2.0,0.0,237.746830800235,2.0,2.0,2.0,3.0,2.0,0.0,0.0,0.0,24.0,0.018317,0.000511,0.00665282516229,51.0,6.128258770283395,164.0,benign
0.0,0.0,0.0,0.0,0.0,0.0,0.0,0.0,0.0,0.0,0.0,0.0,0.0,0.0,0.0,0.0,0.0,0.0,0.0,0.0,0.0,0.0,0.0,0.0,0.0,0.0,0.0,0.0,0.0,0.0,benign
0.0,0.0,0.0,0.0,0.0,0.0,2.83746444534742,2.0,0.2857142857142857,0.2857142857142857,1460.0,66.0,177.42857142857142,0.0,680.7909630251869,29.857142857142858,29.857142857142858,0.1428571428571428,0.2857142857142857,45.71428571428572,0.0,58.85714285714285,0.0,24.0,0.024367,0.0,0.0043486327070465,63.0,0.4999800373618245,477.0,web
0.0,0.0,0.0,0.0,0.0,0.0,19.45505617977528,0.0,0.4285714285714285,0.4285714285714285,1460.0,60.0,25.428571428571427,0.0,10.37337910549912,25.714285714285715,25.714285714285715,0.1428571428571428,0.4285714285714285,0.0,25.285714285714285,25.428571428571427,0.0,20.0,0.029012361,3.2e-08,0.0021032229927987,37.0,103.21723649961449,1024.0,recon
0.0,0.0,0.0,0.0,0.0,0.0,0.0,0.0,0.0,2.0,0.0,94.0,0.0,40.0,10.5,1.0,1.0,0.0,1.0,0.0,0.0,0.0,0.0,0.0,0.013842,0.0,0.006921,0.0,0.0,0.0,benign
0.0,0.0,0.0,0.0,0.0,0.0,0.0,0.0,0.0,0.0,0.0,0.0,0.0,0.0,0.0,0.0,0.0,0.0,0.0,0.0,0.0,0.0,0.0,0.0,0.0,0.0,0.0,0.0,0.0,0.0,benign
0.0,0.0,0.0,0.0,0.0,0.0,0.0067280134560269,0.0,0.2857142857142857,1.0,0.0,60.0,148571.85714285713,0.0,0.0147086747780082,0.2857142857142857,9416.57142857143,0.1428571428571428,0.1428571428571428,0.1428571428571428,148571.7142857143,0.0,0.0,24.0,0.002396752,2.5e-08,4.089180716984411e-05,64.0,0.1872904588404276,512.0,ddos
0.0,0.0,0.0,0.0,0.0,0.0,0.0,0.0,0.0,0.0,0.0,0.0,0.0,0.0,0.0,0.0,0.0,0.0,0.0,0.0,0.0,0.0,0.0,0.0,0.0,0.0,0.0,0.0,0.0,0.0,benign
0.0,0.0,0.0,0.0,0.0,0.0,0.0,0.0,0.0,0.0,0.0,0.0,0.0,0.0,0.0,0.0,0.0,0.0,0.0,0.0,0.0,0.0,0.0,0.0,0.0,0.0,0.0,0.0,0.0,0.0,benign
1023.0,0.0,1.0,0.0,1.0,0.0,0.0,0.0,2.0,2.0,0.0,54.0,1.0,0.0,9.0,2.0,2.0,1.0,1.0,1.0,0.0,0.0,0.0,24.0,0.019149,0.00026,0.0094445,64.0,95.5,5572.0,benign
0.0,0.0,0.0,0.0,0.0,0.0,0.0,0.0,0.0,0.0,0.0,0.0,0.0,0.0,0.0,0.0,0.0,0.0,0.0,0.0,0.0,0.0,0.0,0.0,0.0,0.0,0.0,0.0,0.0,0.0,benign
0.0,0.0,0.0,0.0,0.0,0.0,0.0,0.0,0.0,0.0,0.0,0.0,0.0,0.0,0.0,0.0,0.0,0.0,0.0,0.0,0.0,0.0,0.0,0.0,0.0,0.0,0.0,0.0,0.0,0.0,benign
0.0,0.0,0.0,0.0,0.0,0.0,0.0,0.0,0.0,0.0,0.0,0.0,0.0,0.0,0.0,0.0,0.0,0.0,0.0,0.0,0.0,0.0,0.0,0.0,0.0,0.0,0.0,0.0,0.0,0.0,benign
0.0,0.0,0.0,0.0,0.0,0.0,0.0,0.0,0.0,0.0,0.0,0.0,0.0,0.0,0.0,0.0,0.0,0.0,0.0,0.0,0.0,0.0,0.0,0.0,0.0,0.0,0.0,0.0,0.0,0.0,benign
0.0,0.0,0.0,0.0,0.0,0.0,0.0,0.0,0.0,2.0,0.0,198.0,0.0,0.0,0.0,0.0,0.0,0.0,1.0,0.0,0.0,0.0,0.0,0.0,0.027557,0.027557,0.0,0.0,0.0,0.0,benign
210.0,0.0,1.0,0.0,2.0,0.0,1.0,0.0,2.0,2.0,0.0,54.0,2.0,0.0,10.594810050208546,2.0,2.0,1.0,1.0,2.0,0.0,0.0,0.0,24.0,0.002288,0.0,0.0009412354580549,64.0,95.5,5546.0,benign
22.5,0.0,1.0,0.0,7.0,0.0,1.6666666666666667,0.0,2.0,2.0,0.0,54.0,2.0,0.0,84.81560882290476,2.0,2.0,1.0,1.0,2.0,0.0,0.0,0.0,24.0,0.103863,0.0,0.0443580809802453,64.0,95.5,5536.0,benign
0.0,0.0,0.0,0.0,0.0,0.0,0.0,0.0,0.0,0.0,0.0,0.0,0.0,0.0,0.0,0.0,0.0,0.0,0.0,0.0,0.0,0.0,0.0,0.0,0.0,0.0,0.0,0.0,0.0,0.0,benign
0.0,0.0,0.0,0.0,0.0,0.0,0.0,0.0,1.0,2.0,0.0,214.0,0.0,180.0,0.0,1.0,1.0,0.0,1.0,0.0,0.0,0.0,0.0,0.0,0.000524,0.000524,0.0,255.0,0.0,0.0,benign
0.0,0.0,0.0,0.0,0.0,0.0,0.0,0.0,0.0,0.0,0.0,0.0,0.0,0.0,0.0,0.0,0.0,0.0,0.0,0.0,0.0,0.0,0.0,0.0,0.0,0.0,0.0,0.0,0.0,0.0,benign
0.0,0.0,0.0,0.0,0.0,0.0,18.0,0.0,2.0,2.0,0.0,60.0,1.0,0.0,0.0,0.0,0.0,1.0,1.0,0.0,0.0,0.0,0.0,0.0,0.077965,0.0,0.0389825,0.0,0.0,0.0,benign
0.0,0.0,0.0,0.0,0.0,0.0,0.0,0.0,0.0,0.0,0.0,0.0,0.0,0.0,0.0,0.0,0.0,0.0,0.0,0.0,0.0,0.0,0.0,0.0,0.0,0.0,0.0,0.0,0.0,0.0,benign
2.0,0.0,1.0,0.0,1.0,0.0,0.0,0.0,2.0,2.0,0.0,54.0,1.0,0.0,8.5,2.0,2.0,1.0,1.0,1.0,0.0,0.0,0.0,24.0,0.074209,0.0,0.0371045,64.0,95.5,5650.0,benign
0.0,0.0,0.0,0.0,0.0,0.0,0.0,0.0,0.0,2.0,0.0,198.0,0.0,0.0,0.0,0.0,0.0,0.0,1.0,0.0,0.0,0.0,0.0,0.0,0.035227,0.035227,0.0,0.0,0.0,0.0,benign
0.0,0.0,0.0,0.0,0.0,0.0,0.0,0.0,0.0,0.0,0.0,0.0,0.0,0.0,0.0,0.0,0.0,0.0,0.0,0.0,0.0,0.0,0.0,0.0,0.0,0.0,0.0,0.0,0.0,0.0,benign
22.3,0.0,1.0,0.0,7.0,0.0,0.6666666666666666,0.0,2.0,2.0,0.0,54.0,2.0,0.0,84.81560882290476,2.0,2.0,1.0,1.0,2.0,0.0,0.0,0.0,24.0,0.01194,0.0,0.0049266381729836,64.0,95.5,5642.0,benign
1023.0,0.0,1.0,0.0,1.0,0.0,0.0,0.0,2.0,2.0,0.0,54.0,1.0,0.0,9.0,2.0,2.0,1.0,1.0,1.0,0.0,0.0,0.0,24.0,0.000465,0.0,0.0002325,64.0,95.5,5586.0,benign
0.0,0.0,0.0,0.0,0.0,0.0,0.0,0.0,0.0,0.0,0.0,0.0,0.0,0.0,0.0,0.0,0.0,0.0,0.0,0.0,0.0,0.0,0.0,0.0,0.0,0.0,0.0,0.0,0.0,0.0,benign
212.0,0.0,1.0,0.0,2.0,0.0,0.6666666666666666,0.0,2.0,2.0,0.0,54.0,2.0,0.0,10.594810050208546,2.0,2.0,1.0,1.0,2.0,0.0,0.0,0.0,24.0,0.035244,0.0,0.0151023916069607,64.0,95.5,5596.0,benign
218.0,0.0,1.0,0.0,2.0,0.0,88.8,0.0,3.0,3.0,0.0,54.0,3.0,0.0,10.594810050208546,2.0,2.0,2.0,2.0,2.0,0.0,0.0,0.0,24.0,0.019887,1e-06,0.0082708887000665,64.0,95.5,5612.0,benign
0.0,0.0,0.0,0.0,0.0,0.0,0.0,0.0,1.0,2.0,0.0,214.0,0.0,180.0,0.0,1.0,1.0,0.0,1.0,0.0,0.0,0.0,0.0,0.0,0.03805,0.03805,0.0,255.0,0.0,0.0,benign
0.0,0.0,0.0,0.0,0.0,0.0,0.0,0.0,0.0,0.0,0.0,0.0,0.0,0.0,0.0,0.0,0.0,0.0,0.0,0.0,0.0,0.0,0.0,0.0,0.0,0.0,0.0,0.0,0.0,0.0,benign
0.0,0.0,0.0,0.0,0.0,0.0,0.0,0.0,0.0,0.0,0.0,0.0,0.0,0.0,0.0,0.0,0.0,0.0,0.0,0.0,0.0,0.0,0.0,0.0,0.0,0.0,0.0,0.0,0.0,0.0,benign
0.0,0.0,0.0,0.0,0.0,0.0,1.0829464562055091,2.0,0.5714285714285714,0.5714285714285714,1460.0,60.0,412.57142857142856,0.0,464.6917400699507,36.42857142857143,48.42857142857143,0.2857142857142857,0.2857142857142857,259.7142857142857,65.14285714285714,99.71428571428572,0.0,25.0,0.070699683,2.6e-08,0.0025029004572629,64.0,2.126891968614456,0.0,dos
132.0,0.0,1.0,0.0,2.0,0.0,1.0,0.0,2.0,2.0,0.0,54.0,2.0,0.0,11.0227038425243,2.0,2.0,1.0,1.0,2.0,0.0,0.0,0.0,24.0,0.038709,0.0,0.0164350662380776,64.0,95.5,5598.0,benign
13.0,0.0,1.0,0.0,1.0,0.0,316.0,0.0,2.0,3.0,0.0,54.0,1.0,0.0,10.5,2.0,2.0,1.0,2.0,1.0,0.0,0.0,0.0,24.0,0.192975,0.0,0.0877934784707839,64.0,95.5,5600.0,benign
1.0,0.0,1.0,0.0,1.0,0.0,0.0,0.0,2.0,2.0,0.0,54.0,1.0,0.0,8.5,2.0,2.0,1.0,1.0,1.0,0.0,0.0,0.0,24.0,0.002005,1e-06,0.001002,64.0,95.5,5650.0,benign
0.0,0.0,0.0,0.0,0.0,0.0,55.0,0.0,2.0,2.0,0.0,60.0,1.0,0.0,0.0,0.0,0.0,1.0,1.0,0.0,0.0,0.0,0.0,0.0,0.016216,0.003138,0.0058923397918163,0.0,0.0,0.0,benign
0.0,0.0,0.0,0.0,0.0,0.0,0.0,0.0,0.0,0.0,0.0,0.0,0.0,0.0,0.0,0.0,0.0,0.0,0.0,0.0,0.0,0.0,0.0,0.0,0.0,0.0,0.0,0.0,0.0,0.0,benign
0.0,0.0,0.0,0.0,0.0,0.0,0.0,0.0,0.0,0.0,0.0,0.0,0.0,0.0,0.0,0.0,0.0,0.0,0.0,0.0,0.0,0.0,0.0,0.0,0.0,0.0,0.0,0.0,0.0,0.0,benign
1.0,0.0,0.1428571428571428,0.0,0.1428571428571428,0.0,0.0170548263940493,0.0,0.5714285714285714,0.7142857142857143,0.0,60.0,58203.142857142855,0.0,0.0,0.0,0.0,0.2857142857142857,0.2857142857142857,0.0,0.0,0.0,0.0,0.0,0.000618109,2.5e-08,7.317081158226181e-05,64.0,16.320650895157485,0.0,ddos
0.0,0.0,0.0,0.0,0.0,0.0,31.066666666666663,0.0,11.0,11.0,0.0,54.0,15.0,0.0,335.3703530028512,12.0,12.0,3.0,2.0,15.0,0.0,0.0,0.0,24.0,0.267576,0.0,0.0591426077552166,61.0,94.41683653804677,660.0,benign
0.0,0.0,0.0,0.0,0.0,0.0,2.0,2.0,2.0,2.0,0.0,66.0,2.0,0.0,996.7392775946978,2.0,2.0,2.0,2.0,2.0,0.0,0.0,0.0,24.0,0.0649,0.0,0.028102380018203,61.0,1.5,660.0,benign
0.0,0.0,0.0,0.0,0.0,0.0,0.0,0.0,0.0,0.0,0.0,0.0,0.0,0.0,0.0,0.0,0.0,0.0,0.0,0.0,0.0,0.0,0.0,0.0,0.0,0.0,0.0,0.0,0.0,0.0,benign
0.0,0.0,0.0,0.0,0.0,0.0,0.0,0.0,0.0,0.0,0.0,0.0,0.0,0.0,0.0,0.0,0.0,0.0,0.0,0.0,0.0,0.0,0.0,0.0,0.0,0.0,0.0,0.0,0.0,0.0,benign
0.0,0.0,0.0,0.0,0.0,0.0,0.0,0.0,0.0,0.0,0.0,0.0,0.0,0.0,0.0,0.0,0.0,0.0,0.0,0.0,0.0,0.0,0.0,0.0,0.0,0.0,0.0,0.0,0.0,0.0,benign
0.0,0.0,0.0,0.0,0.0,0.0,0.0,0.0,0.1428571428571428,0.2857142857142857,0.0,214.0,0.0,180.0,0.0,0.1428571428571428,0.1428571428571428,0.0,0.1428571428571428,0.0,0.0,0.0,0.0,0.0,0.022564182,0.022564182,0.0,255.0,0.0,0.0,recon
0.0,0.0,0.0,0.0,0.0,0.0,0.0,0.0,0.0,0.0,0.0,0.0,0.0,0.0,0.0,0.0,0.0,0.0,0.0,0.0,0.0,0.0,0.0,0.0,0.0,0.0,0.0,0.0,0.0,0.0,benign
1023.0,0.0,1.0,0.0,1.0,0.0,18.6,0.0,2.0,2.0,0.0,54.0,3.0,0.0,6.472162612982533,2.0,2.0,2.0,2.0,3.0,0.0,0.0,0.0,24.0,0.038279,0.0,0.0166995355823647,64.0,95.5,5566.0,benign
141.0,0.0,1.0,0.0,2.0,0.0,21.4,0.0,3.0,3.0,0.0,54.0,3.0,0.0,11.0227038425243,2.0,2.0,2.0,2.0,2.0,0.0,0.0,0.0,24.0,0.00885,0.0,0.0030941188837319,64.0,95.5,5618.0,benign
0.0,0.0,0.0,0.0,0.0,0.0,0.0,0.0,0.0,0.0,0.0,0.0,0.0,0.0,0.0,0.0,0.0,0.0,0.0,0.0,0.0,0.0,0.0,0.0,0.0,0.0,0.0,0.0,0.0,0.0,benign
11.0,0.0,1.0,0.0,1.0,0.0,0.0,0.0,2.0,2.0,0.0,54.0,1.0,0.0,10.5,2.0,2.0,1.0,1.0,1.0,0.0,0.0,0.0,24.0,0.001534,0.0,0.000767,64.0,95.5,5606.0,benign
0.0,0.0,1.0,0.0,1.0,0.0,0.0,0.0,2.0,2.0,0.0,54.0,1.0,0.0,7.5,2.0,2.0,1.0,1.0,1.0,0.0,0.0,0.0,24.0,0.010714,1e-06,0.0053565,64.0,95.5,5584.0,benign
-0.69,0.5840281576164704,2.0,0.0,2.0,0.0,3.0,0.0,2.0,2.0,0.0,54.0,2.0,0.0,19.327585352432298,2.0,2.0,1.0,1.0,1.0,0.0,0.0,0.0,24.0,0.057789,0.0,0.0272419958519929,64.0,90.03826347108705,5606.0,benign
0.0,0.0,0.0,0.0,0.0,0.0,0.0,0.0,0.0,0.0,0.0,0.0,0.0,0.0,0.0,0.0,0.0,0.0,0.0,0.0,0.0,0.0,0.0,0.0,0.0,0.0,0.0,0.0,0.0,0.0,dos
5.0,0.0,1.0,0.0,1.0,0.0,32.6,0.0,2.0,2.0,0.0,54.0,3.0,0.0,5.367080729368206,2.0,2.0,2.0,2.0,3.0,0.0,0.0,0.0,24.0,0.042573,0.0,0.0153980296078931,64.0,95.5,5582.0,benign
0.0,0.0,0.0,0.0,0.0,0.0,0.0,0.0,0.0,0.0,0.0,0.0,0.0,0.0,0.0,0.0,0.0,0.0,0.0,0.0,0.0,0.0,0.0,0.0,0.0,0.0,0.0,0.0,0.0,0.0,benign
206.0,0.0,1.0,0.0,2.0,0.0,1.0,0.0,2.0,2.0,0.0,54.0,2.0,0.0,10.594810050208546,2.0,2.0,1.0,1.0,2.0,0.0,0.0,0.0,24.0,0.009928,0.0,0.004080913194372,64.0,95.5,5650.0,benign
1023.0,0.0,1.0,0.0,1.0,0.0,0.0,0.0,2.0,2.0,0.0,54.0,1.0,0.0,9.0,2.0,2.0,1.0,1.0,1.0,0.0,0.0,0.0,24.0,0.026499,0.000502,0.0129985,64.0,95.5,5568.0,benign
1.0,0.0,1.0,0.0,1.0,0.0,0.0,0.0,2.0,2.0,0.0,54.0,1.0,0.0,7.5,2.0,2.0,1.0,1.0,1.0,0.0,0.0,0.0,24.0,0.088331,0.0,0.0441655,64.0,95.5,5594.0,benign
4.0,0.0,1.0,0.0,1.0,0.0,0.0,0.0,2.0,2.0,0.0,54.0,1.0,0.0,7.5,2.0,2.0,1.0,1.0,1.0,0.0,0.0,0.0,24.0,0.010076,1e-06,0.0050375,64.0,95.5,5634.0,benign
0.0,0.0,0.0,0.0,0.0,0.0,0.0,0.0,0.0,0.0,0.0,0.0,0.0,0.0,0.0,0.0,0.0,0.0,0.0,0.0,0.0,0.0,0.0,0.0,0.0,0.0,0.0,0.0,0.0,0.0,benign
0.0,0.0,0.0,0.0,0.0,0.0,0.0,0.0,0.0,0.0,0.0,0.0,0.0,0.0,0.0,0.0,0.0,0.0,0.0,0.0,0.0,0.0,0.0,0.0,0.0,0.0,0.0,0.0,0.0,0.0,benign
-0.69,0.5841803374529706,2.0,0.0,2.0,0.0,1.0,0.0,2.0,2.0,0.0,54.0,2.0,0.0,19.327585352432298,2.0,2.0,1.0,1.0,1.0,0.0,0.0,0.0,24.0,0.003137,0.0,0.0014787959817214,64.0,90.03826347108705,5560.0,benign
0.0,0.0,0.0,0.0,0.0,0.0,0.0,0.0,0.0,0.0,0.0,0.0,0.0,0.0,0.0,0.0,0.0,0.0,0.0,0.0,0.0,0.0,0.0,0.0,0.0,0.0,0.0,0.0,0.0,0.0,benign
0.0,0.0,0.0,0.0,0.0,0.0,0.0,0.0,0.0,0.0,0.0,0.0,0.0,0.0,0.0,0.0,0.0,0.0,0.0,0.0,0.0,0.0,0.0,0.0,0.0,0.0,0.0,0.0,0.0,0.0,benign
209.0,0.0,1.0,0.0,2.0,0.0,1.0,0.0,2.0,2.0,0.0,54.0,2.0,0.0,10.594810050208546,2.0,2.0,1.0,1.0,2.0,0.0,0.0,0.0,24.0,0.039582,0.0,0.0168318001042669,64.0,95.5,5640.0,benign
13.0,0.0,1.0,0.0,1.0,0.0,0.0,0.0,2.0,2.0,0.0,54.0,1.0,0.0,10.5,2.0,2.0,1.0,1.0,1.0,0.0,0.0,0.0,24.0,0.014893,0.0,0.0074465,64.0,95.5,5618.0,benign
0.0,0.0,0.0,0.0,0.0,0.0,0.0,0.0,1.0,2.0,0.0,230.0,0.0,196.0,0.0,1.0,1.0,0.0,1.0,0.0,0.0,0.0,0.0,0.0,0.020267,0.020267,0.0,255.0,0.0,0.0,benign
0.0,0.0,0.0,0.0,0.0,0.0,33.166666666666664,0.0,4.0,3.0,0.0,54.0,4.0,0.0,964.1137624465152,4.0,4.0,3.0,3.0,4.0,0.0,0.0,0.0,24.0,0.155049,0.0,0.0516241440769091,61.0,92.6141876555749,660.0,benign
0.0,0.0,0.0,0.0,0.0,0.0,0.0,0.0,0.0,0.0,0.0,0.0,0.0,0.0,0.0,0.0,0.0,0.0,0.0,0.0,0.0,0.0,0.0,0.0,0.0,0.0,0.0,0.0,0.0,0.0,benign
12.0,0.0,1.0,0.0,1.0,0.0,0.0,0.0,2.0,2.0,0.0,54.0,1.0,0.0,10.5,2.0,2.0,1.0,1.0,1.0,0.0,0.0,0.0,24.0,0.047075,0.0,0.0235375,64.0,95.5,5604.0,benign
0.0,0.0,1.0,0.0,1.0,0.0,0.0,0.0,2.0,2.0,0.0,54.0,1.0,0.0,8.0,2.0,2.0,1.0,1.0,1.0,0.0,0.0,0.0,24.0,0.127507,0.0,0.0637535,64.0,95.5,5646.0,benign
0.0,0.0,0.0,0.0,0.0,0.0,0.0,0.0,0.0,0.0,0.0,0.0,0.0,0.0,0.0,0.0,0.0,0.0,0.0,0.0,0.0,0.0,0.0,0.0,0.0,0.0,0.0,0.0,0.0,0.0,benign
0.0,0.0,0.0,0.0,0.0,0.0,0.0,0.0,0.0,0.0,0.0,0.0,0.0,0.0,0.0,0.0,0.0,0.0,0.0,0.0,0.0,0.0,0.0,0.0,0.0,0.0,0.0,0.0,0.0,0.0,benign
0.0,0.0,0.0,0.0,0.0,0.0,26.225806451612904,2.0,14.0,14.0,0.0,60.0,18.0,0.0,944.37899568976,2.0,2.0,3.0,3.0,2.0,0.0,0.0,0.0,24.0,0.067963,0.0,0.0148478623411111,61.0,1.5,660.0,benign
0.0,0.0,0.0,0.0,0.0,0.0,46.5,0.0,2.0,2.0,0.0,60.0,1.0,0.0,0.0,0.0,0.0,1.0,1.0,0.0,0.0,0.0,0.0,0.0,0.012158,0.000697,0.0049764670868666,0.0,0.0,0.0,benign
0.0,0.0,0.0,0.0,0.0,0.0,4.967283072546231,0.0,26.428571428571427,4.142857142857143,1460.0,60.0,54.85714285714285,0.0,62.58297187417463,59.285714285714285,59.285714285714285,0.7142857142857143,0.8571428571428571,17.571428571428573,30.285714285714285,33.285714285714285,0.0,24.0,0.034411093,3.3e-08,0.0029679683819565,50.0,26.699324858827307,0.0,malware
0.0,0.0,0.0,0.0,0.0,0.0,0.0,0.0,0.0,0.0,0.0,0.0,0.0,0.0,0.0,0.0,0.0,0.0,0.0,0.0,0.0,0.0,0.0,0.0,0.0,0.0,0.0,0.0,0.0,0.0,benign
0.0,0.0,0.0,0.0,0.0,0.0,2.0,2.0,2.0,2.0,0.0,66.0,2.0,0.0,985.1038016371676,2.0,2.0,2.0,2.0,2.0,0.0,0.0,0.0,24.0,0.014215,0.0,0.0057148059678347,61.0,1.5,660.0,benign
0.0,0.0,0.0,0.0,0.0,0.0,0.0,0.0,0.0,0.0,0.0,0.0,0.0,0.0,0.0,0.0,0.0,0.0,0.0,0.0,0.0,0.0,0.0,0.0,0.0,0.0,0.0,0.0,0.0,0.0,benign
0.0,0.0,0.0,0.0,0.0,0.0,0.0,0.0,0.0,0.0,0.0,0.0,0.0,0.0,0.0,0.0,0.0,0.0,0.0,0.0,0.0,0.0,0.0,0.0,0.0,0.0,0.0,0.0,0.0,0.0,benign
0.0,0.0,0.0,0.0,0.0,0.0,0.0,0.0,0.0,0.0,0.0,0.0,0.0,0.0,0.0,0.0,0.0,0.0,0.0,0.0,0.0,0.0,0.0,0.0,0.0,0.0,0.0,0.0,0.0,0.0,benign
1.0,0.0,1.0,0.0,1.0,0.0,0.0,0.0,2.0,2.0,0.0,54.0,1.0,0.0,8.5,2.0,2.0,1.0,1.0,1.0,0.0,0.0,0.0,24.0,0.002804,0.0,0.001402,64.0,95.5,5556.0,benign
0.0,0.0,0.0,0.0,0.0,0.0,0.0,0.0,0.0,0.0,0.0,0.0,0.0,0.0,0.0,0.0,0.0,0.0,0.0,0.0,0.0,0.0,0.0,0.0,0.0,0.0,0.0,0.0,0.0,0.0,benign
0.0,0.0,0.0,0.0,0.0,0.0,0.0,0.0,0.0,0.0,0.0,0.0,0.0,0.0,0.0,0.0,0.0,0.0,0.0,0.0,0.0,0.0,0.0,0.0,0.0,0.0,0.0,0.0,0.0,0.0,benign
0.0,0.0,0.0,0.0,0.0,0.0,0.0,0.0,0.0,0.0,0.0,0.0,0.0,0.0,0.0,0.0,0.0,0.0,0.0,0.0,0.0,0.0,0.0,0.0,0.0,0.0,0.0,0.0,0.0,0.0,benign
0.0,0.0,0.0,0.0,0.0,0.0,0.0,0.0,0.0,0.0,0.0,0.0,0.0,0.0,0.0,0.0,0.0,0.0,0.0,0.0,0.0,0.0,0.0,0.0,0.0,0.0,0.0,0.0,0.0,0.0,benign
0.0,0.0,0.0,0.0,0.0,0.0,0.0,0.0,0.0,0.0,0.0,0.0,0.0,0.0,0.0,0.0,0.0,0.0,0.0,0.0,0.0,0.0,0.0,0.0,0.0,0.0,0.0,0.0,0.0,0.0,benign
0.0,0.0,0.0,0.0,0.0,0.0,0.0,0.0,0.0,0.0,0.0,0.0,0.0,0.0,0.0,0.0,0.0,0.0,0.0,0.0,0.0,0.0,0.0,0.0,0.0,0.0,0.0,0.0,0.0,0.0,benign
0.0,0.0,0.0,0.0,0.0,0.0,0.0,0.0,0.0,0.0,0.0,0.0,0.0,0.0,0.0,0.0,0.0,0.0,0.0,0.0,0.0,0.0,0.0,0.0,0.0,0.0,0.0,0.0,0.0,0.0,benign
0.0,0.0,0.0,0.0,0.0,0.0,0.0,0.0,1.0,2.0,0.0,214.0,0.0,180.0,0.0,1.0,1.0,0.0,1.0,0.0,0.0,0.0,0.0,0.0,0.011632,0.011632,0.0,255.0,0.0,0.0,benign
0.0,0.0,0.0,0.0,0.0,0.0,0.0,0.0,0.0,0.0,0.0,0.0,0.0,0.0,0.0,0.0,0.0,0.0,0.0,0.0,0.0,0.0,0.0,0.0,0.0,0.0,0.0,0.0,0.0,0.0,benign
0.0,0.0,0.0,0.0,0.0,0.0,0.0,0.0,0.0,0.0,0.0,0.0,0.0,0.0,0.0,0.0,0.0,0.0,0.0,0.0,0.0,0.0,0.0,0.0,0.0,0.0,0.0,0.0,0.0,0.0,benign
0.0,0.0,1.0,0.0,1.0,0.0,0.0,0.0,2.0,2.0,0.0,54.0,1.0,0.0,7.5,2.0,2.0,1.0,1.0,1.0,0.0,0.0,0.0,24.0,0.001247,1e-06,0.000623,64.0,95.5,5570.0,benign
0.0,0.0,0.0,0.0,0.0,0.0,0.0,0.0,0.0,0.0,0.0,0.0,0.0,0.0,0.0,0.0,0.0,0.0,0.0,0.0,0.0,0.0,0.0,0.0,0.0,0.0,0.0,0.0,0.0,0.0,benign
0.0,0.0,0.0,0.0,0.0,0.0,0.0,0.0,0.0,0.0,0.0,0.0,0.0,0.0,0.0,0.0,0.0,0.0,0.0,0.0,0.0,0.0,0.0,0.0,0.0,0.0,0.0,0.0,0.0,0.0,benign
22.2,0.0,1.0,0.0,7.0,0.0,1.6,0.0,2.0,2.0,0.0,54.0,3.0,0.0,45.87089370056887,2.0,2.0,1.0,1.0,3.0,0.0,0.0,0.0,24.0,0.055481,0.0,0.0202204346612254,64.0,95.5,5648.0,benign
0.0,0.0,0.0,0.0,0.0,0.0,0.0,0.0,1.0,2.0,0.0,214.0,0.0,180.0,0.0,1.0,1.0,0.0,1.0,0.0,0.0,0.0,0.0,0.0,0.232114,0.232114,0.0,255.0,0.0,0.0,benign
1023.0,0.0,1.0,0.0,1.0,0.0,0.0,0.0,2.0,2.0,0.0,54.0,1.0,0.0,9.0,2.0,2.0,1.0,1.0,1.0,0.0,0.0,0.0,24.0,0.00682,1e-06,0.0034095,64.0,95.5,5626.0,benign
0.0,0.0,0.0,0.0,0.0,0.0,0.0,0.0,0.0,0.0,0.0,0.0,0.0,0.0,0.0,0.0,0.0,0.0,0.0,0.0,0.0,0.0,0.0,0.0,0.0,0.0,0.0,0.0,0.0,0.0,benign
0.0,0.0,0.0,0.0,0.0,0.0,0.0,0.0,0.0,0.0,0.0,0.0,0.0,0.0,0.0,0.0,0.0,0.0,0.0,0.0,0.0,0.0,0.0,0.0,0.0,0.0,0.0,0.0,0.0,0.0,benign
0.0,0.0,0.0,0.0,0.0,0.0,0.0,0.0,0.0,0.0,0.0,0.0,0.0,0.0,0.0,0.0,0.0,0.0,0.0,0.0,0.0,0.0,0.0,0.0,0.0,0.0,0.0,0.0,0.0,0.0,benign
14.0,0.0,1.0,0.0,1.0,0.0,0.0,0.0,2.0,2.0,0.0,54.0,1.0,0.0,10.5,2.0,2.0,1.0,1.0,1.0,0.0,0.0,0.0,24.0,0.007997,0.0,0.0039985,64.0,95.5,5550.0,benign
0.0,0.0,0.0,0.0,0.0,0.0,0.0,0.0,1.0,2.0,0.0,214.0,0.0,180.0,0.0,1.0,1.0,0.0,1.0,0.0,0.0,0.0,0.0,0.0,0.0343,0.0343,0.0,255.0,0.0,0.0,benign
0.0,0.0,0.0,0.0,0.0,0.0,0.0,0.0,0.0,0.0,0.0,0.0,0.0,0.0,0.0,0.0,0.0,0.0,0.0,0.0,0.0,0.0,0.0,0.0,0.0,0.0,0.0,0.0,0.0,0.0,benign
916.0,0.0,2.0,0.0,3.0,0.0,3.0,0.0,2.0,2.0,0.0,54.0,2.0,0.0,22.93877721239735,2.0,2.0,1.0,1.0,2.0,0.0,0.0,0.0,24.0,0.02618,0.0,0.011266637905227,64.0,95.5,5576.0,benign
-0.7,0.5923399924592857,2.0,0.0,2.0,0.0,1.5,0.0,2.0,2.0,0.0,54.0,2.0,0.0,19.327585352432298,2.0,2.0,1.0,1.0,1.0,0.0,0.0,0.0,24.0,0.016892,0.0,0.0079627294734071,64.0,90.03826347108705,5564.0,benign
0.0,0.0,1.0,0.0,1.0,0.0,0.0,0.0,2.0,2.0,0.0,54.0,1.0,0.0,9.5,2.0,2.0,1.0,1.0,1.0,0.0,0.0,0.0,24.0,0.137935,0.0,0.0689675,64.0,95.5,5554.0,benign
0.0,0.0,0.0,0.0,0.0,0.0,25.5,0.0,2.0,2.0,0.0,60.0,1.0,0.0,0.0,0.0,0.0,1.0,1.0,0.0,0.0,0.0,0.0,0.0,0.010544,0.006197,0.0018428341096136,0.0,0.0,0.0,benign
0.0,0.0,0.0,0.0,0.0,0.0,120.0,0.0,2.0,2.0,0.0,60.0,1.0,0.0,0.0,0.0,0.0,1.0,1.0,0.0,0.0,0.0,0.0,0.0,0.030019,0.0,0.0150095,0.0,0.0,0.0,benign
0.0,0.0,0.0,0.0,0.0,0.0,0.0,0.0,0.0,0.0,0.0,0.0,0.0,0.0,0.0,0.0,0.0,0.0,0.0,0.0,0.0,0.0,0.0,0.0,0.0,0.0,0.0,0.0,0.0,0.0,benign
0.0,0.0,0.0,0.0,0.0,0.0,0.0,0.0,0.0,0.0,0.0,0.0,0.0,0.0,0.0,0.0,0.0,0.0,0.0,0.0,0.0,0.0,0.0,0.0,0.0,0.0,0.0,0.0,0.0,0.0,benign
211.0,0.0,1.0,0.0,2.0,0.0,6.0,0.0,2.0,2.0,0.0,54.0,2.0,0.0,10.594810050208546,2.0,2.0,1.0,1.0,2.0,0.0,0.0,0.0,24.0,0.03366,0.0,0.0140200387481632,64.0,95.5,5604.0,benign
0.0,0.0,0.0,0.0,0.0,0.0,0.0,0.0,0.0,0.0,0.0,0.0,0.0,0.0,0.0,0.0,0.0,0.0,0.0,0.0,0.0,0.0,0.0,0.0,0.0,0.0,0.0,0.0,0.0,0.0,benign
0.0,0.0,0.0,0.0,0.0,0.0,0.0,0.0,0.0,0.0,0.0,0.0,0.0,0.0,0.0,0.0,0.0,0.0,0.0,0.0,0.0,0.0,0.0,0.0,0.0,0.0,0.0,0.0,0.0,0.0,benign
0.0,0.0,0.0,0.0,0.0,0.0,43.5,0.0,2.0,2.0,0.0,54.0,1.0,0.0,32.526911934581186,2.0,2.0,1.0,2.0,2.0,0.0,0.0,0.0,24.0,0.043092,0.005957,0.016467239200573,239.0,7.542472332656293,3966.0,benign
0.0,0.0,0.0,0.0,0.0,0.0,15.0,0.0,2.0,2.0,0.0,60.0,1.0,0.0,0.0,0.0,0.0,1.0,1.0,0.0,0.0,0.0,0.0,0.0,0.014181,0.014149,1.5999999999373798e-05,0.0,0.0,0.0,benign
0.0,0.0,0.0,0.0,0.0,0.0,0.0,0.0,1.0,2.0,0.0,214.0,0.0,180.0,0.0,1.0,1.0,0.0,1.0,0.0,0.0,0.0,0.0,0.0,0.002732,0.002732,0.0,255.0,0.0,0.0,benign
0.0,0.0,0.0,0.0,0.0,0.0,0.0,0.0,0.0,0.0,0.0,0.0,0.0,0.0,0.0,0.0,0.0,0.0,0.0,0.0,0.0,0.0,0.0,0.0,0.0,0.0,0.0,0.0,0.0,0.0,benign
0.0,0.0,0.0,0.0,0.0,0.0,2.0,0.0,2.0,2.0,0.0,60.0,1.0,0.0,0.0,0.0,0.0,1.0,1.0,0.0,0.0,0.0,0.0,0.0,0.013097,0.00201,0.0055435,0.0,0.0,0.0,benign
0.0,0.0,0.0,0.0,0.0,0.0,0.0,0.0,0.0,0.0,0.0,0.0,0.0,0.0,0.0,0.0,0.0,0.0,0.0,0.0,0.0,0.0,0.0,0.0,0.0,0.0,0.0,0.0,0.0,0.0,benign
0.0,0.0,0.0,0.0,0.0,0.0,0.0,0.0,0.0,0.0,0.0,0.0,0.0,0.0,0.0,0.0,0.0,0.0,0.0,0.0,0.0,0.0,0.0,0.0,0.0,0.0,0.0,0.0,0.0,0.0,benign
916.0,0.0,2.0,0.0,3.0,0.0,0.6666666666666666,0.0,2.0,2.0,0.0,54.0,2.0,0.0,22.93877721239735,2.0,2.0,1.0,1.0,2.0,0.0,0.0,0.0,24.0,0.019951,0.0,0.00855647145075,64.0,95.5,5540.0,benign
2.0,0.0,1.0,0.0,1.0,0.0,0.0,0.0,2.0,2.0,0.0,54.0,1.0,0.0,8.5,2.0,2.0,1.0,1.0,1.0,0.0,0.0,0.0,24.0,0.000454,0.0,0.000227,64.0,95.5,5620.0,benign
906.0,0.0,2.0,0.0,3.0,0.0,30.6,0.0,2.0,2.0,0.0,54.0,3.0,0.0,22.93877721239735,2.0,2.0,2.0,2.0,2.0,0.0,0.0,0.0,24.0,0.058872,0.0,0.0241069702466365,64.0,95.5,5616.0,benign
13.0,0.0,1.0,0.0,1.0,0.0,0.0,0.0,2.0,2.0,0.0,54.0,1.0,0.0,10.5,2.0,2.0,1.0,1.0,1.0,0.0,0.0,0.0,24.0,0.027189,0.0,0.0135945,64.0,95.5,5580.0,benign
0.0,0.0,0.0,0.0,0.0,0.0,0.0,0.0,0.0,0.0,0.0,0.0,0.0,0.0,0.0,0.0,0.0,0.0,0.0,0.0,0.0,0.0,0.0,0.0,0.0,0.0,0.0,0.0,0.0,0.0,benign
0.0,0.0,0.0,0.0,0.0,0.0,0.0,0.0,0.0,0.0,0.0,0.0,0.0,0.0,0.0,0.0,0.0,0.0,0.0,0.0,0.0,0.0,0.0,0.0,0.0,0.0,0.0,0.0,0.0,0.0,benign
0.0,0.0,0.0,0.0,0.0,0.0,0.0,2.0,1.0,2.0,0.0,230.0,0.0,196.0,0.0,1.0,1.0,0.0,1.0,0.0,0.0,0.0,0.0,0.0,0.038178,0.038178,0.0,64.0,0.0,0.0,benign
0.0,0.0,0.0,0.0,0.0,0.0,0.0,0.0,0.0,0.0,0.0,0.0,0.0,0.0,0.0,0.0,0.0,0.0,0.0,0.0,0.0,0.0,0.0,0.0,0.0,0.0,0.0,0.0,0.0,0.0,benign
0.0,0.0,0.0,0.0,0.0,0.0,0.0,0.0,0.0,0.0,0.0,0.0,0.0,0.0,0.0,0.0,0.0,0.0,0.0,0.0,0.0,0.0,0.0,0.0,0.0,0.0,0.0,0.0,0.0,0.0,benign
0.0,0.0,0.0,0.0,0.0,0.0,0.0,0.0,2.0,2.0,0.0,54.0,1.0,0.0,11.5,2.0,2.0,1.0,1.0,1.0,0.0,0.0,0.0,24.0,0.109138,0.0,0.054569,64.0,95.5,5636.0,benign
0.0,0.0,0.0,0.0,0.0,0.0,0.0,0.0,0.0,0.0,0.0,0.0,0.0,0.0,0.0,0.0,0.0,0.0,0.0,0.0,0.0,0.0,0.0,0.0,0.0,0.0,0.0,0.0,0.0,0.0,benign
22.5,0.0,1.0,0.0,7.0,0.0,1.0,0.0,2.0,2.0,0.0,54.0,3.0,0.0,49.86788100125727,2.0,2.0,1.0,1.0,3.0,0.0,0.0,0.0,24.0,0.020551,0.0,0.0073764696313495,64.0,95.5,5564.0,benign
0.0,0.0,0.0,0.0,0.0,0.0,0.046581281613589,0.0,0.2857142857142857,0.4285714285714285,0.0,60.0,13359.857142857143,0.0,0.0,0.0,0.0,0.2857142857142857,0.2857142857142857,0.0,0.0,0.0,0.0,0.0,0.01735978,2.6e-08,0.0001386970472124,64.0,27.149715835144548,0.0,dos
144.0,0.0,1.0,0.0,2.0,0.0,1.0,0.0,2.0,2.0,0.0,54.0,2.0,0.0,11.0227038425243,2.0,2.0,1.0,1.0,2.0,0.0,0.0,0.0,24.0,0.00988,0.0,0.003981662553193,64.0,95.5,5556.0,benign
0.0,0.0,0.0,0.0,0.0,0.0,0.0,0.0,0.0,0.0,0.0,0.0,0.0,0.0,0.0,0.0,0.0,0.0,0.0,0.0,0.0,0.0,0.0,0.0,0.0,0.0,0.0,0.0,0.0,0.0,benign
1.0,0.0,1.0,0.0,1.0,0.0,81.33333333333333,0.0,3.0,3.0,0.0,54.0,2.0,0.0,8.5,2.0,2.0,2.0,2.0,1.0,0.0,0.0,0.0,24.0,0.038038,0.0,0.0166375529751222,64.0,95.5,5554.0,benign
0.0,0.0,0.0,0.0,0.0,0.0,0.0,0.0,0.0,0.0,0.0,0.0,0.0,0.0,0.0,0.0,0.0,0.0,0.0,0.0,0.0,0.0,0.0,0.0,0.0,0.0,0.0,0.0,0.0,0.0,benign
0.0,0.0,0.0,0.0,0.0,0.0,0.0,0.0,0.0,0.0,0.0,0.0,0.0,0.0,0.0,0.0,0.0,0.0,0.0,0.0,0.0,0.0,0.0,0.0,0.0,0.0,0.0,0.0,0.0,0.0,benign
0.0,0.0,0.0,0.0,0.0,0.0,0.0,0.0,0.0,0.0,0.0,0.0,0.0,0.0,0.0,0.0,0.0,0.0,0.0,0.0,0.0,0.0,0.0,0.0,0.0,0.0,0.0,0.0,0.0,0.0,benign
0.0,0.0,0.0,0.0,0.0,0.0,0.0,0.0,0.0,0.0,0.0,0.0,0.0,0.0,0.0,0.0,0.0,0.0,0.0,0.0,0.0,0.0,0.0,0.0,0.0,0.0,0.0,0.0,0.0,0.0,benign
0.0,0.0,0.0,0.0,0.0,0.0,0.0,0.0,0.0,2.0,0.0,198.0,0.0,0.0,0.0,0.0,0.0,0.0,1.0,0.0,0.0,0.0,0.0,0.0,0.112224,0.112224,0.0,0.0,0.0,0.0,benign
0.0,0.0,0.0,0.0,0.0,0.0,0.0,0.0,1.0,2.0,0.0,214.0,0.0,180.0,0.0,1.0,1.0,0.0,1.0,0.0,0.0,0.0,0.0,0.0,0.084386,0.084386,0.0,255.0,0.0,0.0,benign
13.0,0.0,1.0,0.0,1.0,0.0,0.0,0.0,2.0,2.0,0.0,54.0,1.0,0.0,10.5,2.0,2.0,1.0,1.0,1.0,0.0,0.0,0.0,24.0,0.005749,0.0,0.0028745,64.0,95.5,5596.0,benign
0.0,0.0,0.0,0.0,0.0,0.0,72.0,0.0,2.0,3.0,0.0,60.0,1.0,0.0,0.0,0.0,0.0,1.0,2.0,0.0,0.0,0.0,0.0,0.0,0.030219,0.000498,0.0128090587476207,0.0,0.0,0.0,benign
3.0,0.0,1.0,0.0,1.0,0.0,0.0,0.0,2.0,2.0,0.0,54.0,1.0,0.0,8.5,2.0,2.0,1.0,1.0,1.0,0.0,0.0,0.0,24.0,0.082876,1e-06,0.0414375,64.0,95.5,5552.0,benign
144.0,0.0,1.0,0.0,2.0,0.0,1.6666666666666667,0.0,2.0,2.0,0.0,54.0,2.0,0.0,11.0227038425243,2.0,2.0,1.0,1.0,2.0,0.0,0.0,0.0,24.0,0.02012,0.000264,0.0081647492459964,64.0,95.5,5570.0,benign
3.0,0.0,1.0,0.0,1.0,0.0,0.0,0.0,2.0,2.0,0.0,54.0,1.0,0.0,8.5,2.0,2.0,1.0,1.0,1.0,0.0,0.0,0.0,24.0,0.043323,0.0,0.0216615,64.0,95.5,5574.0,benign
0.0,0.0,0.0,0.0,0.0,0.0,0.0,0.0,0.0,0.0,0.0,0.0,0.0,0.0,0.0,0.0,0.0,0.0,0.0,0.0,0.0,0.0,0.0,0.0,0.0,0.0,0.0,0.0,0.0,0.0,benign
0.0,0.0,0.0,0.0,0.0,0.0,0.0,0.0,0.0,0.0,0.0,0.0,0.0,0.0,0.0,0.0,0.0,0.0,0.0,0.0,0.0,0.0,0.0,0.0,0.0,0.0,0.0,0.0,0.0,0.0,benign
0.0,0.0,0.0,0.0,0.0,0.0,0.0,0.0,0.0,0.0,0.0,0.0,0.0,0.0,0.0,0.0,0.0,0.0,0.0,0.0,0.0,0.0,0.0,0.0,0.0,0.0,0.0,0.0,0.0,0.0,benign
0.0,0.0,0.0,0.0,0.0,0.0,0.0,0.0,0.0,0.0,0.0,0.0,0.0,0.0,0.0,0.0,0.0,0.0,0.0,0.0,0.0,0.0,0.0,0.0,0.0,0.0,0.0,0.0,0.0,0.0,benign
0.0,0.0,0.0,0.0,0.0,0.0,22.942857142857143,0.0,12.0,12.0,0.0,54.0,18.0,0.0,330.1257545857797,13.0,13.0,4.0,3.0,17.0,0.0,0.0,0.0,24.0,0.113738,0.0,0.0292905032277243,61.0,94.22626544836646,660.0,benign
140.0,0.0,1.0,0.0,2.0,0.0,6.666666666666667,0.0,2.0,2.0,0.0,54.0,2.0,0.0,11.0227038425243,2.0,2.0,1.0,1.0,2.0,0.0,0.0,0.0,24.0,0.114052,0.0,0.0478479242045827,64.0,95.5,5640.0,benign
211.0,0.0,1.0,0.0,2.0,0.0,0.6666666666666666,0.0,2.0,2.0,0.0,54.0,2.0,0.0,10.594810050208546,2.0,2.0,1.0,1.0,2.0,0.0,0.0,0.0,24.0,0.014401,0.0,0.0059766354404045,64.0,95.5,5616.0,benign
0.0,0.0,0.0,0.0,0.0,0.0,0.0224280619911633,0.0,0.2857142857142857,0.2857142857142857,0.0,60.0,44587.0,0.0,0.0,0.1428571428571428,9416.57142857143,0.2857142857142857,0.1428571428571428,0.0,44586.857142857145,0.0,0.0,5.0,0.001335701,2.6e-08,8.77004624748159e-05,64.0,0.0,512.0,dos
0.0,0.0,0.0,0.0,0.0,0.0,0.0,0.0,1.0,2.0,0.0,214.0,0.0,180.0,0.0,1.0,1.0,0.0,1.0,0.0,0.0,0.0,0.0,0.0,0.084051,0.084051,0.0,255.0,0.0,0.0,benign
0.0,0.0,0.0,0.0,0.0,0.0,0.0,0.0,0.0,0.0,0.0,0.0,0.0,0.0,0.0,0.0,0.0,0.0,0.0,0.0,0.0,0.0,0.0,0.0,0.0,0.0,0.0,0.0,0.0,0.0,benign
0.0,0.0,1.0,0.0,1.0,0.0,0.0,0.0,2.0,2.0,0.0,54.0,1.0,0.0,7.5,2.0,2.0,1.0,1.0,1.0,0.0,0.0,0.0,24.0,0.006498,1e-06,0.0032485,64.0,95.5,5648.0,benign
0.0,0.0,0.0,0.0,0.0,0.0,0.0,0.0,0.0,0.0,0.0,0.0,0.0,0.0,0.0,0.0,0.0,0.0,0.0,0.0,0.0,0.0,0.0,0.0,0.0,0.0,0.0,0.0,0.0,0.0,benign
0.0,0.0,0.0,0.0,0.0,0.0,0.0,0.0,1.0,2.0,0.0,214.0,0.0,180.0,0.0,1.0,1.0,0.0,1.0,0.0,0.0,0.0,0.0,0.0,0.00564,0.00564,0.0,255.0,0.0,0.0,benign
0.0,0.0,0.0,0.0,0.0,0.0,0.0,0.0,0.0,0.0,0.0,0.0,0.0,0.0,0.0,0.0,0.0,0.0,0.0,0.0,0.0,0.0,0.0,0.0,0.0,0.0,0.0,0.0,0.0,0.0,benign
0.0,0.0,0.0,0.0,0.0,0.0,0.0,0.0,0.0,0.0,0.0,0.0,0.0,0.0,0.0,0.0,0.0,0.0,0.0,0.0,0.0,0.0,0.0,0.0,0.0,0.0,0.0,0.0,0.0,0.0,benign
0.0,0.0,0.0,0.0,0.0,0.0,0.0,0.0,0.0,0.0,0.0,0.0,0.0,0.0,0.0,0.0,0.0,0.0,0.0,0.0,0.0,0.0,0.0,0.0,0.0,0.0,0.0,0.0,0.0,0.0,benign
0.0,0.0,0.0,0.0,0.0,0.0,0.0,0.0,0.0,0.0,0.0,0.0,0.0,0.0,0.0,0.0,0.0,0.0,0.0,0.0,0.0,0.0,0.0,0.0,0.0,0.0,0.0,0.0,0.0,0.0,benign
0.0,0.0,0.0,0.0,0.0,0.0,0.0,0.0,0.0,0.0,0.0,0.0,0.0,0.0,0.0,0.0,0.0,0.0,0.0,0.0,0.0,0.0,0.0,0.0,0.0,0.0,0.0,0.0,0.0,0.0,benign
125.0,0.0,1.0,0.0,2.0,0.0,8.333333333333334,0.0,2.0,2.0,0.0,54.0,2.0,0.0,11.0227038425243,2.0,2.0,1.0,1.0,2.0,0.0,0.0,0.0,24.0,0.011081,0.0,0.0050789349461772,64.0,95.5,5584.0,benign
210.0,0.0,1.0,0.0,2.0,0.0,1.0,0.0,2.0,2.0,0.0,54.0,2.0,0.0,10.594810050208546,2.0,2.0,1.0,1.0,2.0,0.0,0.0,0.0,24.0,0.01201,0.0,0.0049834904183714,64.0,95.5,5644.0,benign
0.0,0.0,0.0,0.0,0.0,0.0,0.0,0.0,1.0,2.0,0.0,214.0,0.0,180.0,0.0,1.0,1.0,0.0,1.0,0.0,0.0,0.0,0.0,0.0,0.042776,0.042776,0.0,255.0,0.0,0.0,benign
0.0,0.0,0.0,0.0,0.0,0.0,0.0,0.0,0.0,0.0,0.0,0.0,0.0,0.0,0.0,0.0,0.0,0.0,0.0,0.0,0.0,0.0,0.0,0.0,0.0,0.0,0.0,0.0,0.0,0.0,benign
9.0,0.0,1.0,0.0,1.0,0.0,0.0,0.0,2.0,2.0,0.0,54.0,1.0,0.0,7.5,2.0,2.0,1.0,1.0,1.0,0.0,0.0,0.0,24.0,0.069766,0.0,0.034883,64.0,95.5,5564.0,benign
0.0,0.0,0.0,0.0,0.0,0.0,0.0,0.0,0.0,0.0,0.0,0.0,0.0,0.0,0.0,0.0,0.0,0.0,0.0,0.0,0.0,0.0,0.0,0.0,0.0,0.0,0.0,0.0,0.0,0.0,benign
0.0,0.0,1.0,0.0,1.0,0.0,0.0,0.0,2.0,2.0,0.0,54.0,1.0,0.0,7.5,2.0,2.0,1.0,1.0,1.0,0.0,0.0,0.0,24.0,0.0075,0.0,0.00375,64.0,95.5,5590.0,benign
0.0,0.0,0.0,0.0,0.0,0.0,2.636158192090396,2.0,0.2857142857142857,0.2857142857142857,1460.0,66.0,191.0,0.0,705.3309125045829,32.0,32.0,0.1428571428571428,0.2857142857142857,50.71428571428572,0.0,63.42857142857143,0.0,24.0,0.018851,0.0,0.0042232399352892,63.0,0.4999885175682872,477.0,web
1.0,0.0,1.0,303.5,3.0,0.0,121.4,0.0,2.0,2.0,0.0,54.0,3.0,0.0,8.0,2.0,2.0,1.0,1.0,3.0,0.0,0.0,0.0,24.0,0.007732,0.0,0.0027420098721355,64.0,95.5,5648.0,benign
0.0,0.0,0.0,0.0,0.0,0.0,0.0,0.0,0.0,2.0,0.0,198.0,0.0,0.0,0.0,0.0,0.0,0.0,1.0,0.0,0.0,0.0,0.0,0.0,0.150213,0.150213,0.0,0.0,0.0,0.0,benign
0.0,0.0,0.0,0.0,0.0,0.0,0.0,0.0,0.0,0.0,0.0,0.0,0.0,0.0,0.0,0.0,0.0,0.0,0.0,0.0,0.0,0.0,0.0,0.0,0.0,0.0,0.0,0.0,0.0,0.0,benign
0.0,0.0,0.0,0.0,0.0,0.0,37.0,0.0,0.4285714285714285,0.4285714285714285,1460.0,60.0,10.857142857142858,0.0,0.0,10.571428571428571,10.571428571428571,0.2857142857142857,0.2857142857142857,0.0,10.428571428571429,10.428571428571429,0.0,20.0,0.012864593,3.3e-08,0.0012111877624003,37.0,8.98321029363018,0.0,recon
0.0,0.0,0.0,0.0,0.0,0.0,0.0,0.0,0.0,0.0,0.0,0.0,0.0,0.0,0.0,0.0,0.0,0.0,0.0,0.0,0.0,0.0,0.0,0.0,0.0,0.0,0.0,0.0,0.0,0.0,benign
0.0,0.0,0.0,0.0,0.0,0.0,0.0,0.0,0.0,0.0,0.0,0.0,0.0,0.0,0.0,0.0,0.0,0.0,0.0,0.0,0.0,0.0,0.0,0.0,0.0,0.0,0.0,0.0,0.0,0.0,benign
0.0,0.0,0.0,0.0,0.0,0.0,0.0,0.0,0.0,0.0,0.0,0.0,0.0,0.0,0.0,0.0,0.0,0.0,0.0,0.0,0.0,0.0,0.0,0.0,0.0,0.0,0.0,0.0,0.0,0.0,benign
0.0,0.0,0.0,0.0,0.0,0.0,0.0,0.0,0.0,0.0,0.0,0.0,0.0,0.0,0.0,0.0,0.0,0.0,0.0,0.0,0.0,0.0,0.0,0.0,0.0,0.0,0.0,0.0,0.0,0.0,benign
210.0,0.0,1.0,0.0,2.0,0.0,1.3333333333333333,0.0,2.0,2.0,0.0,54.0,2.0,0.0,10.594810050208546,2.0,2.0,1.0,1.0,2.0,0.0,0.0,0.0,24.0,0.05214,0.0,0.0220582501841714,64.0,95.5,5588.0,benign
0.0,0.0,0.0,0.0,0.0,0.0,0.0,0.0,0.0,0.0,0.0,0.0,0.0,0.0,0.0,0.0,0.0,0.0,0.0,0.0,0.0,0.0,0.0,0.0,0.0,0.0,0.0,0.0,0.0,0.0,benign
1.0,0.0,1.0,299.3333333333333,4.0,0.0,128.28571428571428,0.0,2.0,2.0,0.0,54.0,4.0,0.0,8.0,2.0,2.0,1.0,1.0,4.0,0.0,0.0,0.0,24.0,0.029038,0.0,0.0107581801137262,64.0,95.5,5622.0,benign
0.0,0.0,0.0,0.0,0.0,0.0,0.0,0.0,0.0,0.0,0.0,0.0,0.0,0.0,0.0,0.0,0.0,0.0,0.0,0.0,0.0,0.0,0.0,0.0,0.0,0.0,0.0,0.0,0.0,0.0,benign
209.0,0.0,1.0,0.0,2.0,0.0,1.3333333333333333,0.0,2.0,2.0,0.0,54.0,2.0,0.0,10.594810050208546,2.0,2.0,1.0,1.0,2.0,0.0,0.0,0.0,24.0,0.006209,0.0,0.0026599969337388,64.0,95.5,5630.0,benign
0.0,0.0,0.0,0.0,0.0,0.0,0.0,0.0,0.0,0.0,0.0,0.0,0.0,0.0,0.0,0.0,0.0,0.0,0.0,0.0,0.0,0.0,0.0,0.0,0.0,0.0,0.0,0.0,0.0,0.0,benign
0.0,0.0,0.0,0.0,0.0,0.0,0.0,0.0,0.0,0.0,0.0,0.0,0.0,0.0,0.0,0.0,0.0,0.0,0.0,0.0,0.0,0.0,0.0,0.0,0.0,0.0,0.0,0.0,0.0,0.0,benign
918.0,0.0,2.0,0.0,3.0,0.0,1.0,0.0,2.0,2.0,0.0,54.0,2.0,0.0,22.93877721239735,2.0,2.0,1.0,1.0,2.0,0.0,0.0,0.0,24.0,0.014668,0.0,0.0060853299982416,64.0,95.5,5582.0,benign
0.0,0.0,0.0,0.0,0.0,0.0,24.0,0.0,2.0,2.0,0.0,60.0,1.0,0.0,0.0,0.0,0.0,1.0,1.0,0.0,0.0,0.0,0.0,0.0,0.025927,0.002183,0.0108404610090571,0.0,0.0,0.0,benign
164.0,0.0,1.0,0.0,2.0,0.0,1.3333333333333333,0.0,2.0,2.0,0.0,54.0,2.0,0.0,11.0227038425243,2.0,2.0,1.0,1.0,2.0,0.0,0.0,0.0,24.0,0.050575,0.0,0.0213956368741386,64.0,95.5,5592.0,benign
0.0,0.0,0.0,0.0,0.0,0.0,0.0,0.0,0.0,0.0,0.0,0.0,0.0,0.0,0.0,0.0,0.0,0.0,0.0,0.0,0.0,0.0,0.0,0.0,0.0,0.0,0.0,0.0,0.0,0.0,benign
0.0,0.0,0.0,0.0,0.0,0.0,0.0,0.0,0.0,0.0,0.0,0.0,0.0,0.0,0.0,0.0,0.0,0.0,0.0,0.0,0.0,0.0,0.0,0.0,0.0,0.0,0.0,0.0,0.0,0.0,benign
112.0,0.0,1.0,0.0,2.0,0.0,1.0,0.0,2.0,2.0,0.0,54.0,2.0,0.0,11.0227038425243,2.0,2.0,1.0,1.0,2.0,0.0,0.0,0.0,24.0,0.050826,0.0,0.0216487730296084,64.0,95.5,5554.0,benign
0.0,0.0,0.0,0.0,0.0,0.0,0.0,0.0,1.0,2.0,0.0,60.0,0.0,0.0,0.0,0.0,0.0,0.0,1.0,0.0,0.0,0.0,0.0,0.0,0.115206,0.115206,0.0,0.0,0.0,0.0,benign
0.0,0.0,0.0,0.0,0.0,0.0,0.0,0.0,1.0,2.0,0.0,214.0,0.0,180.0,0.0,1.0,1.0,0.0,1.0,0.0,0.0,0.0,0.0,0.0,0.001662,0.001662,0.0,255.0,0.0,0.0,benign
0.0,0.0,0.0,0.0,0.0,0.0,0.0,0.0,0.0,0.0,0.0,0.0,0.0,0.0,0.0,0.0,0.0,0.0,0.0,0.0,0.0,0.0,0.0,0.0,0.0,0.0,0.0,0.0,0.0,0.0,benign
0.0,0.0,0.0,0.0,0.0,0.0,0.0,0.0,0.0,0.0,0.0,0.0,0.0,0.0,0.0,0.0,0.0,0.0,0.0,0.0,0.0,0.0,0.0,0.0,0.0,0.0,0.0,0.0,0.0,0.0,benign
0.0,0.0,0.0,0.0,0.0,0.0,0.0,0.0,1.0,2.0,0.0,214.0,0.0,180.0,0.0,1.0,1.0,0.0,1.0,0.0,0.0,0.0,0.0,0.0,0.116275,0.116275,0.0,255.0,0.0,0.0,benign
-0.74,1.1585728964819542,0.2857142857142857,1005.3333333333334,2.0,0.0,252.48,0.0,0.5714285714285714,0.4285714285714285,0.0,60.0,2.4285714285714284,0.0,19.327585352432298,0.2857142857142857,0.2857142857142857,0.2857142857142857,0.2857142857142857,1.0,0.0,0.0,0.0,24.0,0.068976596,8.2e-08,0.0179080086443433,64.0,90.03826347108705,5166.0,mitm
14.0,0.0,1.0,0.0,1.0,0.0,34.0,0.0,2.0,2.0,0.0,54.0,2.0,0.0,10.5,2.0,2.0,2.0,2.0,1.0,0.0,0.0,0.0,24.0,0.051443,0.0,0.0206213256166401,64.0,95.5,5556.0,benign
0.0,0.0,0.0,0.0,0.0,0.0,5.78743961352657,2.0,0.2857142857142857,0.2857142857142857,1460.0,60.0,13.714285714285714,0.0,391.8466068380528,3.4285714285714284,3.4285714285714284,0.1428571428571428,0.2857142857142857,3.2857142857142856,0.2857142857142857,6.285714285714286,0.0,24.0,0.026879,0.0,0.0057186435790127,63.0,0.498518515261884,0.0,web
0.0,0.0,0.0,0.0,0.0,0.0,0.0,0.0,0.0,0.0,0.0,0.0,0.0,0.0,0.0,0.0,0.0,0.0,0.0,0.0,0.0,0.0,0.0,0.0,0.0,0.0,0.0,0.0,0.0,0.0,benign
0.0,0.0,0.0,0.0,0.0,0.0,0.0,0.0,0.0,0.0,0.0,0.0,0.0,0.0,0.0,0.0,0.0,0.0,0.0,0.0,0.0,0.0,0.0,0.0,0.0,0.0,0.0,0.0,0.0,0.0,benign
0.0,0.0,0.0,0.0,0.0,0.0,7.699779249448124,0.0,16.285714285714285,4.142857142857143,1460.0,60.0,46.0,0.0,246.2524813492224,11.428571428571429,11.142857142857142,0.8571428571428571,1.0,33.0,2.2857142857142856,6.285714285714286,0.0,24.0,0.064981099,3.2e-08,0.0054091149354164,61.0,71.20363130342596,0.0,malware
0.0,0.0,0.0,0.0,0.0,0.0,89.0,0.0,2.0,2.0,0.0,54.0,1.0,0.0,32.526911934581186,2.0,2.0,1.0,2.0,2.0,0.0,0.0,0.0,24.0,0.005061,0.0,0.0021133752361776,238.0,8.013876853447337,3621.0,benign
-0.7,0.5923399924592857,2.0,0.0,2.0,0.0,3.5,0.0,2.0,2.0,0.0,54.0,2.0,0.0,19.327585352432298,2.0,2.0,1.0,1.0,1.0,0.0,0.0,0.0,24.0,0.078204,0.0,0.0368654834439419,64.0,90.03826347108705,5622.0,benign
0.0,0.0,0.0,0.0,0.0,0.0,2.5642252484357746,2.0,0.2857142857142857,0.2857142857142857,1460.0,66.0,186.8571428571429,0.0,608.7566499193309,31.142857142857142,31.142857142857142,0.1428571428571428,0.2857142857142857,49.57142857142857,0.0,61.42857142857143,0.0,24.0,0.024814,0.0,0.0042283796470706,63.0,0.4996477958776094,477.0,web
2.0,0.0,1.0,0.0,1.0,0.0,0.0,0.0,2.0,2.0,0.0,54.0,1.0,0.0,8.5,2.0,2.0,1.0,1.0,1.0,0.0,0.0,0.0,24.0,0.15011,0.0,0.075055,64.0,95.5,5550.0,benign
13.0,0.0,1.0,0.0,1.0,0.0,0.0,0.0,2.0,2.0,0.0,54.0,1.0,0.0,10.5,2.0,2.0,1.0,1.0,1.0,0.0,0.0,0.0,24.0,0.102522,0.000498,0.051012,64.0,95.5,5584.0,benign
0.0,0.0,0.0,0.0,0.0,0.0,0.0,0.0,0.0,0.0,0.0,0.0,0.0,0.0,0.0,0.0,0.0,0.0,0.0,0.0,0.0,0.0,0.0,0.0,0.0,0.0,0.0,0.0,0.0,0.0,benign
0.0,0.0,0.0,0.0,0.0,0.0,0.0,0.0,0.0,0.0,0.0,0.0,0.0,0.0,0.0,0.0,0.0,0.0,0.0,0.0,0.0,0.0,0.0,0.0,0.0,0.0,0.0,0.0,0.0,0.0,benign
0.0,0.0,0.0,0.0,0.0,0.0,0.0,0.0,0.0,0.0,0.0,0.0,0.0,0.0,0.0,0.0,0.0,0.0,0.0,0.0,0.0,0.0,0.0,0.0,0.0,0.0,0.0,0.0,0.0,0.0,benign
0.0,0.0,0.0,0.0,0.0,0.0,0.0,0.0,0.0,0.0,0.0,0.0,0.0,0.0,0.0,0.0,0.0,0.0,0.0,0.0,0.0,0.0,0.0,0.0,0.0,0.0,0.0,0.0,0.0,0.0,benign
0.0,0.0,0.0,0.0,0.0,0.0,0.0,0.0,0.0,0.0,0.0,0.0,0.0,0.0,0.0,0.0,0.0,0.0,0.0,0.0,0.0,0.0,0.0,0.0,0.0,0.0,0.0,0.0,0.0,0.0,benign
22.5,0.0,1.0,0.0,7.0,0.0,1.2,0.0,2.0,2.0,0.0,54.0,3.0,0.0,61.98498922230196,2.0,2.0,1.0,1.0,3.0,0.0,0.0,0.0,24.0,0.031662,0.0,0.0114392378497578,64.0,95.5,5576.0,benign
3.0,0.0,1.0,0.0,1.0,0.0,0.0,0.0,2.0,2.0,0.0,54.0,1.0,0.0,8.5,2.0,2.0,1.0,1.0,1.0,0.0,0.0,0.0,24.0,0.020004,0.0,0.010002,64.0,95.5,5644.0,benign
211.0,0.0,1.0,0.0,2.0,0.0,0.6666666666666666,0.0,2.0,2.0,0.0,54.0,2.0,0.0,10.594810050208546,2.0,2.0,1.0,1.0,2.0,0.0,0.0,0.0,24.0,0.006251,0.0,0.0025555642234152,64.0,95.5,5626.0,benign
0.0,0.0,0.0,0.0,0.0,0.0,0.0,0.0,0.0,0.0,0.0,0.0,0.0,0.0,0.0,0.0,0.0,0.0,0.0,0.0,0.0,0.0,0.0,0.0,0.0,0.0,0.0,0.0,0.0,0.0,benign
0.0,0.0,0.0,0.0,0.0,0.0,0.0,0.0,0.0,0.0,0.0,0.0,0.0,0.0,0.0,0.0,0.0,0.0,0.0,0.0,0.0,0.0,0.0,0.0,0.0,0.0,0.0,0.0,0.0,0.0,benign
0.0,0.0,0.0,0.0,0.0,0.0,5.0,0.0,3.0,3.0,0.0,60.0,1.0,180.0,0.0,1.0,1.0,1.0,2.0,0.0,0.0,0.0,0.0,0.0,0.020027,0.000313,0.0079912289847995,255.0,0.0,0.0,benign
0.0,0.0,0.0,0.0,0.0,0.0,0.0,0.0,0.0,0.0,0.0,0.0,0.0,0.0,0.0,0.0,0.0,0.0,0.0,0.0,0.0,0.0,0.0,0.0,0.0,0.0,0.0,0.0,0.0,0.0,benign
0.0,0.0,1.0,0.0,1.0,0.0,0.0,0.0,2.0,2.0,0.0,54.0,1.0,0.0,7.5,2.0,2.0,1.0,1.0,1.0,0.0,0.0,0.0,24.0,0.057991,0.0,0.0289955,64.0,95.5,5586.0,benign
0.0,0.0,0.2857142857142857,0.0,0.2857142857142857,0.0,72.16842105263157,0.0,0.5714285714285714,0.5714285714285714,1460.0,60.0,6.857142857142857,0.0,1.9661289876344064,6.571428571428571,6.714285714285714,0.4285714285714285,0.4285714285714285,0.4285714285714285,6.285714285714286,6.142857142857143,0.0,24.0,0.15701663,5.5e-08,0.028485745611118,37.0,103.00192118264364,1024.0,recon
0.0,0.0,0.0,0.0,0.0,0.0,0.0,0.0,0.0,0.0,0.0,0.0,0.0,0.0,0.0,0.0,0.0,0.0,0.0,0.0,0.0,0.0,0.0,0.0,0.0,0.0,0.0,0.0,0.0,0.0,benign
0.0,0.0,0.0,0.0,0.0,0.0,0.0,0.0,0.0,0.0,0.0,0.0,0.0,0.0,0.0,0.0,0.0,0.0,0.0,0.0,0.0,0.0,0.0,0.0,0.0,0.0,0.0,0.0,0.0,0.0,benign
0.0,0.0,0.0,0.0,0.0,0.0,0.0,0.0,0.0,0.0,0.0,0.0,0.0,0.0,0.0,0.0,0.0,0.0,0.0,0.0,0.0,0.0,0.0,0.0,0.0,0.0,0.0,0.0,0.0,0.0,benign
1023.0,0.0,1.0,0.0,1.0,0.0,0.0,0.0,2.0,2.0,0.0,54.0,1.0,0.0,9.0,2.0,2.0,1.0,1.0,1.0,0.0,0.0,0.0,24.0,0.062568,0.0,0.031284,64.0,95.5,5542.0,benign
2.0,0.0,1.0,0.0,1.0,0.0,0.0,0.0,2.0,2.0,0.0,54.0,1.0,0.0,9.5,2.0,2.0,1.0,1.0,1.0,0.0,0.0,0.0,24.0,0.01358,0.0,0.00679,64.0,95.5,5580.0,benign
0.0,0.0,0.0,0.0,0.0,0.0,0.0,0.0,0.0,0.0,0.0,0.0,0.0,0.0,0.0,0.0,0.0,0.0,0.0,0.0,0.0,0.0,0.0,0.0,0.0,0.0,0.0,0.0,0.0,0.0,benign
213.0,0.0,1.0,0.0,2.0,0.0,47.2,0.0,3.0,3.0,0.0,54.0,3.0,0.0,10.594810050208546,2.0,2.0,2.0,2.0,2.0,0.0,0.0,0.0,24.0,0.030062,0.00026,0.0129070407745368,64.0,95.5,5566.0,benign
2.0,0.0,1.0,0.0,1.0,0.0,105.0,0.0,2.0,2.0,0.0,54.0,2.0,0.0,8.5,2.0,2.0,2.0,2.0,1.0,0.0,0.0,0.0,24.0,0.117804,0.0,0.0467857918042433,64.0,95.5,5568.0,benign
0.0,0.0,0.0,0.0,0.0,0.0,1042.3333333333333,0.0,0.4285714285714285,0.4285714285714285,0.0,60.0,0.1428571428571428,180.0,0.0,0.1428571428571428,0.1428571428571428,0.1428571428571428,0.2857142857142857,0.0,0.0,0.0,0.0,0.0,0.004319285,0.000261761,0.0016485437496947,255.0,0.0,0.0,recon
-0.69,0.579885046079537,2.0,0.0,2.0,0.0,1.5,0.0,2.0,2.0,0.0,54.0,2.0,0.0,19.327585352432298,2.0,2.0,1.0,1.0,1.0,0.0,0.0,0.0,24.0,0.005057,0.0,0.0023838926616402,64.0,90.03826347108705,5580.0,benign
0.0,0.0,0.0,0.0,0.0,0.0,0.0,0.0,1.0,2.0,0.0,971.0,0.0,937.0,0.0,1.0,1.0,0.0,1.0,0.0,0.0,0.0,0.0,0.0,0.035659,0.035659,0.0,64.0,0.0,0.0,benign
0.0,0.0,0.0,0.0,0.0,0.0,150.4,2.0,0.4285714285714285,0.4285714285714285,1460.0,60.0,3.571428571428572,0.0,100.5476815263812,0.7142857142857143,0.7142857142857143,0.2857142857142857,0.5714285714285714,1.1428571428571428,0.0,1.1428571428571428,0.0,24.0,0.067875,0.0,0.0158468317157475,63.0,0.4979295977319088,501.0,web
0.0,0.0,0.0,0.0,0.0,0.0,61.6,0.0,3.0,2.0,1460.0,54.0,5.0,0.0,98.11496040128362,3.0,3.0,3.0,3.0,4.0,0.0,2.0,0.0,24.0,0.109136,0.0,0.0359913892962063,108.0,41.07944329171254,2796.0,benign
0.0,0.0,0.0,0.0,0.0,0.0,0.0,0.0,0.0,0.0,0.0,0.0,0.0,0.0,0.0,0.0,0.0,0.0,0.0,0.0,0.0,0.0,0.0,0.0,0.0,0.0,0.0,0.0,0.0,0.0,benign
0.0,0.0,0.0,0.0,0.0,0.0,0.0,0.0,0.0,0.0,0.0,0.0,0.0,0.0,0.0,0.0,0.0,0.0,0.0,0.0,0.0,0.0,0.0,0.0,0.0,0.0,0.0,0.0,0.0,0.0,benign
0.0,0.0,0.0,0.0,0.0,0.0,0.0,0.0,0.0,0.0,0.0,0.0,0.0,0.0,0.0,0.0,0.0,0.0,0.0,0.0,0.0,0.0,0.0,0.0,0.0,0.0,0.0,0.0,0.0,0.0,benign
0.0,0.0,0.0,0.0,0.0,0.0,0.0,0.0,0.0,0.0,0.0,0.0,0.0,0.0,0.0,0.0,0.0,0.0,0.0,0.0,0.0,0.0,0.0,0.0,0.0,0.0,0.0,0.0,0.0,0.0,benign
208.0,0.0,1.0,0.0,2.0,0.0,0.6666666666666666,0.0,2.0,2.0,0.0,54.0,2.0,0.0,10.594810050208546,2.0,2.0,1.0,1.0,2.0,0.0,0.0,0.0,24.0,0.016057,0.000254,0.0066217472911233,64.0,95.5,5580.0,benign
1023.0,0.0,1.0,0.0,1.0,0.0,0.0,0.0,2.0,2.0,0.0,54.0,1.0,0.0,9.0,2.0,2.0,1.0,1.0,1.0,0.0,0.0,0.0,24.0,0.084968,1e-06,0.0424835,64.0,95.5,5640.0,benign
0.0,0.0,0.0,0.0,0.0,0.0,0.0,0.0,0.0,0.0,0.0,0.0,0.0,0.0,0.0,0.0,0.0,0.0,0.0,0.0,0.0,0.0,0.0,0.0,0.0,0.0,0.0,0.0,0.0,0.0,benign
0.0,0.0,0.0,0.0,0.0,0.0,0.0,0.0,0.0,0.0,0.0,0.0,0.0,0.0,0.0,0.0,0.0,0.0,0.0,0.0,0.0,0.0,0.0,0.0,0.0,0.0,0.0,0.0,0.0,0.0,benign
0.0,0.0,0.0,0.0,0.0,0.0,0.0,0.0,0.0,0.0,0.0,0.0,0.0,0.0,0.0,0.0,0.0,0.0,0.0,0.0,0.0,0.0,0.0,0.0,0.0,0.0,0.0,0.0,0.0,0.0,benign
134.0,0.0,1.0,0.0,2.0,0.0,1.3333333333333333,0.0,2.0,2.0,0.0,54.0,2.0,0.0,11.0227038425243,2.0,2.0,1.0,1.0,2.0,0.0,0.0,0.0,24.0,0.066245,0.0,0.0281359045616095,64.0,95.5,5564.0,benign
0.0,0.0,0.0,0.0,0.0,0.0,0.0,0.0,0.0,0.0,0.0,0.0,0.0,0.0,0.0,0.0,0.0,0.0,0.0,0.0,0.0,0.0,0.0,0.0,0.0,0.0,0.0,0.0,0.0,0.0,benign
0.0,0.0,0.0,0.0,0.0,0.0,0.0372498935717326,0.0,0.4285714285714285,0.5714285714285714,0.0,60.0,26193.714285714286,0.0,0.0,636.1428571428571,9416.57142857143,0.2857142857142857,0.2857142857142857,26193.14285714286,652.0,0.0,0.0,24.0,0.001079212,2.6e-08,0.0001128696950151,64.0,29.40256721746721,512.0,dos
0.0,0.0,0.0,0.0,0.0,0.0,0.0,0.0,0.0,0.0,0.0,0.0,0.0,0.0,0.0,0.0,0.0,0.0,0.0,0.0,0.0,0.0,0.0,0.0,0.0,0.0,0.0,0.0,0.0,0.0,benign
145.0,0.0,1.0,0.0,2.0,0.0,1.0,0.0,2.0,2.0,0.0,54.0,2.0,0.0,11.0227038425243,2.0,2.0,1.0,1.0,2.0,0.0,0.0,0.0,24.0,0.01973,0.0,0.008240380376536,64.0,95.5,5564.0,benign
1023.0,0.0,1.0,0.0,1.0,0.0,0.0,0.0,2.0,2.0,0.0,54.0,1.0,0.0,9.0,2.0,2.0,1.0,1.0,1.0,0.0,0.0,0.0,24.0,0.121588,0.0,0.060794,64.0,95.5,5542.0,benign
0.0,0.0,0.0,0.0,0.0,0.0,0.0,0.0,0.0,0.0,0.0,0.0,0.0,0.0,0.0,0.0,0.0,0.0,0.0,0.0,0.0,0.0,0.0,0.0,0.0,0.0,0.0,0.0,0.0,0.0,benign
0.0,0.0,0.0,0.0,0.0,0.0,28.11297071129707,0.0,2.2857142857142856,2.2857142857142856,0.0,60.0,16.285714285714285,0.0,313.5597591962212,2.4285714285714284,2.4285714285714284,0.5714285714285714,0.5714285714285714,16.0,0.0,0.0,0.0,24.0,0.190651523,5e-08,0.0331095665686344,61.0,94.21144365359716,501.0,mitm
919.0,0.0,2.0,0.0,3.0,0.0,0.6666666666666666,0.0,2.0,2.0,0.0,54.0,2.0,0.0,22.93877721239735,2.0,2.0,1.0,1.0,2.0,0.0,0.0,0.0,24.0,0.017077,0.0,0.0071239237959147,64.0,95.5,5536.0,benign
0.0,0.0,0.0,0.0,0.0,0.0,0.0,0.0,0.0,0.0,0.0,0.0,0.0,0.0,0.0,0.0,0.0,0.0,0.0,0.0,0.0,0.0,0.0,0.0,0.0,0.0,0.0,0.0,0.0,0.0,benign
135.0,0.0,1.0,0.0,2.0,0.0,4.8,0.0,2.0,2.0,0.0,54.0,3.0,0.0,11.0227038425243,2.0,2.0,2.0,2.0,2.0,0.0,0.0,0.0,24.0,0.037055,0.0,0.0139971331042784,64.0,95.5,5616.0,benign
0.0,0.0,0.0,0.0,0.0,0.0,0.0,0.0,0.0,0.0,0.0,0.0,0.0,0.0,0.0,0.0,0.0,0.0,0.0,0.0,0.0,0.0,0.0,0.0,0.0,0.0,0.0,0.0,0.0,0.0,benign
0.0,0.0,0.0,0.0,0.0,0.0,0.0,2.0,1.0,2.0,0.0,230.0,0.0,196.0,0.0,1.0,1.0,0.0,1.0,0.0,0.0,0.0,0.0,0.0,0.006853,0.006853,0.0,64.0,0.0,0.0,benign
0.0,0.0,0.0,0.0,0.0,0.0,0.0,0.0,0.0,0.0,0.0,0.0,0.0,0.0,0.0,0.0,0.0,0.0,0.0,0.0,0.0,0.0,0.0,0.0,0.0,0.0,0.0,0.0,0.0,0.0,benign
0.0,0.0,0.0,0.0,0.0,0.0,0.0,0.0,0.0,2.0,0.0,198.0,0.0,0.0,0.0,0.0,0.0,0.0,1.0,0.0,0.0,0.0,0.0,0.0,0.051462,0.051462,0.0,0.0,0.0,0.0,benign
2.0,0.0,1.0,0.0,1.0,0.0,0.0,0.0,2.0,2.0,0.0,54.0,1.0,0.0,8.5,2.0,2.0,1.0,1.0,1.0,0.0,0.0,0.0,24.0,0.07001,1e-06,0.0350045,64.0,95.5,5630.0,benign
0.0,0.0,0.0,0.0,0.0,0.0,22.657894736842103,0.0,12.0,12.0,0.0,54.0,19.0,0.0,374.2720534847931,13.0,13.0,3.0,3.0,19.0,0.0,0.0,0.0,24.0,0.062117,0.0,0.0150668309623445,61.0,94.84935285501489,660.0,benign
0.0,0.0,0.2857142857142857,0.0,0.4285714285714285,0.0,0.0253121530879018,0.0,0.2857142857142857,0.4285714285714285,0.0,60.0,39506.42857142857,0.0,17.87266344911782,0.2857142857142857,0.2857142857142857,0.5714285714285714,0.1428571428571428,0.7142857142857143,0.0,0.0,0.0,24.0,0.004043754,2.5e-08,6.194267439028396e-05,64.0,0.6290818614314927,5014.0,mitm
1023.0,0.0,1.0,0.0,1.0,0.0,0.0,0.0,2.0,2.0,0.0,54.0,1.0,0.0,9.0,2.0,2.0,1.0,1.0,1.0,0.0,0.0,0.0,24.0,0.014246,2e-06,0.007122,64.0,95.5,5536.0,benign
0.0,0.0,0.0,0.0,0.0,0.0,0.0,0.0,0.0,0.0,0.0,0.0,0.0,0.0,0.0,0.0,0.0,0.0,0.0,0.0,0.0,0.0,0.0,0.0,0.0,0.0,0.0,0.0,0.0,0.0,benign
121.0,0.0,1.0,0.0,2.0,0.0,0.6666666666666666,0.0,2.0,2.0,0.0,54.0,2.0,0.0,11.0227038425243,2.0,2.0,1.0,1.0,2.0,0.0,0.0,0.0,24.0,0.002317,1e-06,0.0009466803512801,64.0,95.5,5598.0,benign
0.0,0.0,0.0,0.0,0.0,0.0,0.0,0.0,0.0,2.0,0.0,198.0,0.0,0.0,0.0,0.0,0.0,0.0,1.0,0.0,0.0,0.0,0.0,0.0,0.013306,0.013306,0.0,0.0,0.0,0.0,benign
903.0,0.0,2.0,0.0,3.0,0.0,1.3333333333333333,0.0,2.0,2.0,0.0,54.0,2.0,0.0,22.93877721239735,2.0,2.0,1.0,1.0,2.0,0.0,0.0,0.0,24.0,0.002797,0.0,0.0013043517547042,64.0,95.5,5620.0,benign
145.0,0.0,1.0,0.0,2.0,0.0,1.0,0.0,2.0,2.0,0.0,54.0,2.0,0.0,11.0227038425243,2.0,2.0,1.0,1.0,2.0,0.0,0.0,0.0,24.0,0.212714,0.0,0.0916061033815433,64.0,95.5,5638.0,benign
142.0,0.0,1.0,0.0,2.0,0.0,1.6666666666666667,0.0,2.0,2.0,0.0,54.0,2.0,0.0,11.0227038425243,2.0,2.0,1.0,1.0,2.0,0.0,0.0,0.0,24.0,0.004813,0.0,0.0020199538825181,64.0,95.5,5616.0,benign
0.0,0.0,0.0,0.0,0.0,0.0,0.0,0.0,0.0,0.0,0.0,0.0,0.0,0.0,0.0,0.0,0.0,0.0,0.0,0.0,0.0,0.0,0.0,0.0,0.0,0.0,0.0,0.0,0.0,0.0,benign
13.0,0.0,1.0,0.0,1.0,0.0,0.0,0.0,2.0,2.0,0.0,54.0,1.0,0.0,10.5,2.0,2.0,1.0,1.0,1.0,0.0,0.0,0.0,24.0,0.038385,0.0,0.0191925,64.0,95.5,5582.0,benign
0.0,0.0,0.0,0.0,0.0,0.0,0.0,0.0,0.0,0.0,0.0,0.0,0.0,0.0,0.0,0.0,0.0,0.0,0.0,0.0,0.0,0.0,0.0,0.0,0.0,0.0,0.0,0.0,0.0,0.0,benign
0.0,0.0,0.0,0.0,0.0,0.0,0.0,0.0,0.0,0.0,0.0,0.0,0.0,0.0,0.0,0.0,0.0,0.0,0.0,0.0,0.0,0.0,0.0,0.0,0.0,0.0,0.0,0.0,0.0,0.0,benign
0.0,0.0,0.0,0.0,0.0,0.0,266.3333333333333,0.0,0.4285714285714285,0.4285714285714285,0.0,60.0,0.2857142857142857,0.0,7.5,0.2857142857142857,0.2857142857142857,0.2857142857142857,0.2857142857142857,0.1428571428571428,0.0,0.0,0.0,24.0,0.026409309,2.7e-07,0.0107729368888888,64.0,95.5,4460.0,ddos
0.0,0.0,0.0,0.0,0.0,0.0,29.4375,0.0,12.0,12.0,0.0,54.0,16.0,0.0,397.8636199190577,13.0,13.0,3.0,2.0,16.0,0.0,0.0,0.0,24.0,0.019753,0.0,0.0063755586142478,61.0,94.55609885690954,660.0,benign
916.0,0.0,2.0,0.0,3.0,0.0,1.0,0.0,2.0,2.0,0.0,54.0,2.0,0.0,22.93877721239735,2.0,2.0,1.0,1.0,2.0,0.0,0.0,0.0,24.0,0.042516,0.0,0.018102360288095,64.0,95.5,5554.0,benign
1023.0,0.0,1.0,0.0,1.0,0.0,0.0,0.0,2.0,2.0,0.0,54.0,1.0,0.0,9.0,2.0,2.0,1.0,1.0,1.0,0.0,0.0,0.0,24.0,0.093663,0.0,0.0468315,64.0,95.5,5546.0,benign
0.0,0.0,0.0,0.0,0.0,0.0,669.2,0.0,0.5714285714285714,0.5714285714285714,0.0,60.0,0.1428571428571428,196.0,0.0,0.1428571428571428,0.1428571428571428,0.1428571428571428,0.2857142857142857,0.0,0.0,0.0,0.0,0.0,0.161571209,1.8e-07,0.0488928165138986,255.0,0.0,0.0,recon
0.0,0.0,0.0,0.0,0.0,0.0,0.0,0.0,0.0,0.0,0.0,0.0,0.0,0.0,0.0,0.0,0.0,0.0,0.0,0.0,0.0,0.0,0.0,0.0,0.0,0.0,0.0,0.0,0.0,0.0,benign
0.0,0.0,0.0,0.0,0.0,0.0,0.0,0.0,0.0,2.0,0.0,198.0,0.0,0.0,0.0,0.0,0.0,0.0,1.0,0.0,0.0,0.0,0.0,0.0,0.040293,0.040293,0.0,0.0,0.0,0.0,benign
0.0,0.0,0.0,0.0,0.0,0.0,0.0,0.0,0.0,0.0,0.0,0.0,0.0,0.0,0.0,0.0,0.0,0.0,0.0,0.0,0.0,0.0,0.0,0.0,0.0,0.0,0.0,0.0,0.0,0.0,benign
3.0,0.0,1.0,0.0,1.0,0.0,0.0,0.0,2.0,2.0,0.0,54.0,1.0,0.0,8.5,2.0,2.0,1.0,1.0,1.0,0.0,0.0,0.0,24.0,0.029913,0.0,0.0149565,64.0,95.5,5564.0,benign
-0.69,0.5840281576164704,2.0,0.0,2.0,0.0,44.75,0.0,3.0,3.0,0.0,54.0,3.0,0.0,19.327585352432298,2.0,2.0,2.0,2.0,1.0,0.0,0.0,0.0,24.0,0.011988,0.0,0.0044783236417213,64.0,90.03826347108705,5648.0,benign
0.0,0.0,0.0,0.0,0.0,0.0,111.0,0.0,2.0,2.0,0.0,60.0,1.0,0.0,0.0,0.0,0.0,1.0,1.0,0.0,0.0,0.0,0.0,0.0,0.029449,0.000891,0.014279,0.0,0.0,0.0,benign
0.0,0.0,0.0,0.0,0.0,0.0,0.7969505392339159,0.0,0.4285714285714285,0.4285714285714285,1460.0,60.0,572.0,0.0,2.004335026058187,143.85714285714286,143.85714285714286,0.1428571428571428,0.4285714285714285,0.0,579.8571428571429,572.0,0.0,20.0,0.061400786,2.8e-08,0.0016380282267686,37.0,103.54577482184276,0.0,recon
0.0,0.0,0.0,0.0,0.0,0.0,0.0,0.0,0.0,0.0,0.0,0.0,0.0,0.0,0.0,0.0,0.0,0.0,0.0,0.0,0.0,0.0,0.0,0.0,0.0,0.0,0.0,0.0,0.0,0.0,benign
0.0,0.0,0.0,0.0,0.0,0.0,0.0,0.0,0.0,2.0,0.0,198.0,0.0,0.0,0.0,0.0,0.0,0.0,1.0,0.0,0.0,0.0,0.0,0.0,0.052779,0.052779,0.0,0.0,0.0,0.0,benign
0.0,0.0,0.0,0.0,0.0,0.0,0.0,0.0,1.0,2.0,0.0,214.0,0.0,180.0,0.0,1.0,1.0,0.0,1.0,0.0,0.0,0.0,0.0,0.0,0.048716,0.048716,0.0,255.0,0.0,0.0,benign
0.0,0.0,0.0,0.0,0.0,0.0,0.0068560137120274,0.0,1.0,1.1428571428571428,0.0,60.0,142621.2857142857,0.0,0.0190157896608398,0.2857142857142857,9416.57142857143,0.2857142857142857,0.2857142857142857,0.1428571428571428,142619.57142857142,0.0,0.0,24.0,0.000532737,2.5e-08,4.2076272389289565e-05,64.0,0.1911587276437921,512.0,ddos
0.0,0.0,0.0,0.0,0.0,0.0,0.0,0.0,0.0,0.0,0.0,0.0,0.0,0.0,0.0,0.0,0.0,0.0,0.0,0.0,0.0,0.0,0.0,0.0,0.0,0.0,0.0,0.0,0.0,0.0,benign
0.0,0.0,0.0,0.0,0.0,0.0,0.0,0.0,1.0,2.0,0.0,214.0,0.0,180.0,0.0,1.0,1.0,0.0,1.0,0.0,0.0,0.0,0.0,0.0,0.041188,0.041188,0.0,255.0,0.0,0.0,benign
0.0,0.0,0.0,0.0,0.0,0.0,0.0,0.0,0.0,0.0,0.0,0.0,0.0,0.0,0.0,0.0,0.0,0.0,0.0,0.0,0.0,0.0,0.0,0.0,0.0,0.0,0.0,0.0,0.0,0.0,benign
0.0,0.0,0.0,0.0,0.0,0.0,0.0,0.0,0.0,0.0,0.0,0.0,0.0,0.0,0.0,0.0,0.0,0.0,0.0,0.0,0.0,0.0,0.0,0.0,0.0,0.0,0.0,0.0,0.0,0.0,benign
0.0,0.0,0.0,0.0,0.0,0.0,0.0,0.0,1.0,2.0,0.0,214.0,0.0,180.0,0.0,1.0,1.0,0.0,1.0,0.0,0.0,0.0,0.0,0.0,0.025153,0.025153,0.0,255.0,0.0,0.0,benign
0.0,0.0,0.0,0.0,0.0,0.0,0.0,0.0,0.0,0.0,0.0,0.0,0.0,0.0,0.0,0.0,0.0,0.0,0.0,0.0,0.0,0.0,0.0,0.0,0.0,0.0,0.0,0.0,0.0,0.0,benign
0.0,0.0,0.0,0.0,0.0,0.0,0.0,0.0,0.0,0.0,0.0,0.0,0.0,0.0,0.0,0.0,0.0,0.0,0.0,0.0,0.0,0.0,0.0,0.0,0.0,0.0,0.0,0.0,0.0,0.0,benign
0.0,0.0,0.0,0.0,0.0,0.0,0.0,0.0,0.0,0.0,0.0,0.0,0.0,0.0,0.0,0.0,0.0,0.0,0.0,0.0,0.0,0.0,0.0,0.0,0.0,0.0,0.0,0.0,0.0,0.0,benign
-0.69,0.5840281576164704,2.0,0.0,2.0,0.0,2.5,0.0,2.0,2.0,0.0,54.0,2.0,0.0,19.327585352432298,2.0,2.0,1.0,1.0,1.0,0.0,0.0,0.0,24.0,0.026469,0.0,0.0124061103493399,64.0,90.03826347108705,5576.0,benign
0.0,0.0,0.0,0.0,0.0,0.0,0.0,0.0,1.0,2.0,0.0,214.0,0.0,180.0,0.0,1.0,1.0,0.0,1.0,0.0,0.0,0.0,0.0,0.0,0.038724,0.038724,0.0,255.0,0.0,0.0,benign
0.0,0.0,0.0,0.0,0.0,0.0,0.0126100252200504,0.0,2.142857142857143,2.2857142857142856,0.0,60.0,39664.28571428572,0.0,49.5897309202458,2.0,2.0,0.5714285714285714,0.5714285714285714,13.142857142857142,0.0,0.0,0.0,24.0,0.001301578,2.6e-08,6.190516956380723e-05,64.0,2.4448746277973523,5014.0,mitm
6.0,0.0,1.0,0.0,1.0,0.0,43.0,0.0,2.0,2.0,0.0,54.0,1.0,0.0,7.5,2.0,2.0,1.0,1.0,1.0,0.0,0.0,0.0,24.0,0.131907,0.011027,0.0604399999999999,64.0,95.5,5628.0,benign
0.0,0.0,0.0,0.0,0.0,0.0,0.0093940187880375,0.0,1.0,1.0,0.0,60.0,75789.28571428571,0.0,0.0,0.0,0.0,0.2857142857142857,0.2857142857142857,0.0,0.0,0.0,0.0,0.0,0.056317361,2.5e-08,9.246760424094984e-05,64.0,0.0,0.0,ddos
0.0,0.0,0.0,0.0,0.0,0.0,0.0,0.0,0.0,0.0,0.0,0.0,0.0,0.0,0.0,0.0,0.0,0.0,0.0,0.0,0.0,0.0,0.0,0.0,0.0,0.0,0.0,0.0,0.0,0.0,benign
0.0,0.0,0.0,0.0,0.0,0.0,0.0,0.0,0.0,0.0,0.0,0.0,0.0,0.0,0.0,0.0,0.0,0.0,0.0,0.0,0.0,0.0,0.0,0.0,0.0,0.0,0.0,0.0,0.0,0.0,benign
0.0,0.0,0.0,0.0,0.0,0.0,0.0,0.0,1.0,2.0,0.0,230.0,0.0,196.0,0.0,1.0,1.0,0.0,1.0,0.0,0.0,0.0,0.0,0.0,0.078966,0.078966,0.0,255.0,0.0,0.0,benign
0.0,0.0,1.0,0.0,1.0,0.0,0.0,0.0,2.0,2.0,0.0,54.0,1.0,0.0,8.5,2.0,2.0,1.0,1.0,1.0,0.0,0.0,0.0,24.0,0.003383,0.0,0.0016915,64.0,95.5,5638.0,benign
0.0,0.0,0.0,0.0,0.0,0.0,0.0,2.0,1.0,2.0,0.0,92.0,1.0,58.0,0.0,1.0,1.0,1.0,0.0,0.0,0.0,0.0,0.0,0.0,0.000504,0.000504,0.0,64.0,0.0,0.0,benign
0.0,0.0,0.0,0.0,0.0,0.0,0.0,0.0,0.0,0.0,0.0,0.0,0.0,0.0,0.0,0.0,0.0,0.0,0.0,0.0,0.0,0.0,0.0,0.0,0.0,0.0,0.0,0.0,0.0,0.0,benign
22.2,0.0,1.0,0.0,7.0,0.0,1.0,0.0,2.0,2.0,0.0,54.0,3.0,0.0,49.86788100125727,2.0,2.0,1.0,1.0,3.0,0.0,0.0,0.0,24.0,0.012333,0.0,0.0043805890553922,64.0,95.5,5648.0,benign
0.0,0.0,0.0,0.0,0.0,0.0,0.0,0.0,0.0,0.0,0.0,0.0,0.0,0.0,0.0,0.0,0.0,0.0,0.0,0.0,0.0,0.0,0.0,0.0,0.0,0.0,0.0,0.0,0.0,0.0,benign
214.0,0.0,1.0,0.0,2.0,0.0,1.0,0.0,2.0,2.0,0.0,54.0,2.0,0.0,10.594810050208546,2.0,2.0,1.0,1.0,2.0,0.0,0.0,0.0,24.0,0.022378,0.0,0.0093260500079079,64.0,95.5,5570.0,benign
0.0,0.0,0.0,0.0,0.0,0.0,0.0,0.0,0.0,0.0,0.0,0.0,0.0,0.0,0.0,0.0,0.0,0.0,0.0,0.0,0.0,0.0,0.0,0.0,0.0,0.0,0.0,0.0,0.0,0.0,benign
129.0,0.0,1.0,0.0,2.0,0.0,1.0,0.0,2.0,2.0,0.0,54.0,2.0,0.0,11.0227038425243,2.0,2.0,1.0,1.0,2.0,0.0,0.0,0.0,24.0,0.033034,0.0,0.0140130513004841,64.0,95.5,5592.0,benign
0.0,0.0,0.0,0.0,0.0,0.0,0.0,0.0,0.0,0.0,0.0,0.0,0.0,0.0,0.0,0.0,0.0,0.0,0.0,0.0,0.0,0.0,0.0,0.0,0.0,0.0,0.0,0.0,0.0,0.0,benign
8.0,0.0,1.0,0.0,1.0,0.0,0.0,0.0,2.0,2.0,0.0,54.0,1.0,0.0,7.5,2.0,2.0,1.0,1.0,1.0,0.0,0.0,0.0,24.0,0.046176,1e-06,0.0230875,64.0,95.5,5610.0,benign
1.0,0.0,1.0,0.0,1.0,0.0,0.0,0.0,2.0,2.0,0.0,54.0,1.0,0.0,9.5,2.0,2.0,1.0,1.0,1.0,0.0,0.0,0.0,24.0,0.026726,0.0,0.013363,64.0,95.5,5566.0,benign
0.0,0.0,0.0,0.0,0.0,0.0,0.0,0.0,0.0,0.0,0.0,0.0,0.0,0.0,0.0,0.0,0.0,0.0,0.0,0.0,0.0,0.0,0.0,0.0,0.0,0.0,0.0,0.0,0.0,0.0,benign
137.0,24.46904932767107,1.0,118.14285714285714,8.0,0.0,55.13333333333333,0.0,2.0,2.0,0.0,54.0,8.0,0.0,10.5,2.0,2.0,1.0,1.0,8.0,0.0,0.0,0.0,24.0,0.027411,0.0,0.0073603228264373,64.0,95.5,5618.0,benign
0.0,0.0,1.0,0.0,1.0,0.0,0.0,0.0,2.0,2.0,0.0,54.0,1.0,0.0,7.5,2.0,2.0,1.0,1.0,1.0,0.0,0.0,0.0,24.0,0.026531,0.0,0.0132655,64.0,95.5,5546.0,benign
0.0,0.0,0.0,0.0,0.0,0.0,10.714285714285714,2.0,6.0,4.0,0.0,60.0,4.0,0.0,905.8380404661506,4.0,4.0,4.0,4.0,2.0,0.0,0.0,0.0,24.0,0.012879,0.0,0.0055924488989618,51.0,4.496912521077324,660.0,benign
0.0,0.0,0.0,0.0,0.0,0.0,216.25,0.0,3.0,2.0,0.0,60.0,2.0,69.0,0.0,2.0,2.0,2.0,2.0,2.0,0.0,0.0,0.0,24.0,0.027921,0.0,0.0109998333551013,238.0,8.5,2092.0,benign
1.0,0.0,1.0,0.0,1.0,0.0,0.0,0.0,2.0,2.0,0.0,54.0,1.0,0.0,8.5,2.0,2.0,1.0,1.0,1.0,0.0,0.0,0.0,24.0,0.037755,0.0,0.0188775,64.0,95.5,5554.0,benign
120.0,0.0,1.0,0.0,2.0,0.0,2.0,0.0,2.0,2.0,0.0,54.0,2.0,0.0,11.0227038425243,2.0,2.0,1.0,1.0,2.0,0.0,0.0,0.0,24.0,0.027999,0.0,0.0118901837112594,64.0,95.5,5622.0,benign
0.0,0.0,0.0,0.0,0.0,0.0,0.0,0.0,0.0,0.0,0.0,0.0,0.0,0.0,0.0,0.0,0.0,0.0,0.0,0.0,0.0,0.0,0.0,0.0,0.0,0.0,0.0,0.0,0.0,0.0,benign
12.0,0.0,1.0,0.0,1.0,0.0,0.0,0.0,2.0,2.0,0.0,54.0,1.0,0.0,10.5,2.0,2.0,1.0,1.0,1.0,0.0,0.0,0.0,24.0,0.000522,0.0,0.000261,64.0,95.5,5610.0,benign
0.0,0.0,0.0,0.0,0.0,0.0,0.0,0.0,0.0,2.0,0.0,198.0,0.0,0.0,0.0,0.0,0.0,0.0,1.0,0.0,0.0,0.0,0.0,0.0,0.004777,0.004777,0.0,0.0,0.0,0.0,benign
0.0,0.0,0.0,0.0,0.0,0.0,0.0,0.0,0.0,0.0,0.0,0.0,0.0,0.0,0.0,0.0,0.0,0.0,0.0,0.0,0.0,0.0,0.0,0.0,0.0,0.0,0.0,0.0,0.0,0.0,benign
0.0,0.0,0.0,0.0,0.0,0.0,0.0,0.0,0.0,0.0,0.0,0.0,0.0,0.0,0.0,0.0,0.0,0.0,0.0,0.0,0.0,0.0,0.0,0.0,0.0,0.0,0.0,0.0,0.0,0.0,benign
1023.0,0.0,1.0,0.0,1.0,0.0,0.0,0.0,2.0,2.0,0.0,54.0,1.0,0.0,9.0,2.0,2.0,1.0,1.0,1.0,0.0,0.0,0.0,24.0,0.037634,0.0,0.018817,64.0,95.5,5584.0,benign
0.0,0.0,0.0,0.0,0.0,0.0,0.0,0.0,0.0,0.0,0.0,0.0,0.0,0.0,0.0,0.0,0.0,0.0,0.0,0.0,0.0,0.0,0.0,0.0,0.0,0.0,0.0,0.0,0.0,0.0,benign
0.0,0.0,0.0,0.0,0.0,0.0,18.071428571428573,0.0,12.0,12.0,0.0,54.0,20.0,0.0,252.54777485263625,13.0,13.0,3.0,3.0,21.0,0.0,0.0,0.0,24.0,0.038728,0.0,0.0093278624321004,61.0,94.346529942955,660.0,benign
918.0,0.0,2.0,0.0,3.0,0.0,69.5,0.0,2.0,3.0,0.0,54.0,2.0,0.0,22.93877721239735,2.0,2.0,1.0,2.0,2.0,0.0,0.0,0.0,24.0,0.080376,0.0,0.0307566637488528,64.0,95.5,5558.0,benign
0.0,0.0,0.0,0.0,0.0,0.0,34.5,0.0,2.0,3.0,0.0,60.0,1.0,0.0,0.0,0.0,0.0,1.0,2.0,0.0,0.0,0.0,0.0,0.0,0.03045,0.000495,0.0122704808472293,0.0,0.0,0.0,benign
0.0,0.0,0.0,0.0,0.0,0.0,0.0,0.0,0.0,0.0,0.0,0.0,0.0,0.0,0.0,0.0,0.0,0.0,0.0,0.0,0.0,0.0,0.0,0.0,0.0,0.0,0.0,0.0,0.0,0.0,benign
0.0,0.0,0.0,0.0,0.0,0.0,0.0,0.0,0.0,0.0,0.0,0.0,0.0,0.0,0.0,0.0,0.0,0.0,0.0,0.0,0.0,0.0,0.0,0.0,0.0,0.0,0.0,0.0,0.0,0.0,benign
0.0,0.0,0.0,0.0,0.0,0.0,19.125,0.0,12.0,11.0,0.0,54.0,20.0,0.0,378.8668630723117,12.0,12.0,4.0,4.0,19.0,0.0,0.0,0.0,24.0,0.095702,0.0,0.015530145237012,61.0,94.84935285501489,660.0,benign
0.0,0.0,0.0,0.0,0.0,0.0,0.0,0.0,0.0,0.0,0.0,0.0,0.0,0.0,0.0,0.0,0.0,0.0,0.0,0.0,0.0,0.0,0.0,0.0,0.0,0.0,0.0,0.0,0.0,0.0,benign
0.0,0.0,0.0,0.0,0.0,0.0,0.0,0.0,0.0,0.0,0.0,0.0,0.0,0.0,0.0,0.0,0.0,0.0,0.0,0.0,0.0,0.0,0.0,0.0,0.0,0.0,0.0,0.0,0.0,0.0,benign
0.0,0.0,0.0,0.0,0.0,0.0,11.0,0.0,2.0,2.0,0.0,60.0,1.0,0.0,0.0,0.0,0.0,1.0,1.0,0.0,0.0,0.0,0.0,0.0,0.032485,0.000416,0.0160345,0.0,0.0,0.0,benign
0.0,0.0,0.0,0.0,0.0,0.0,0.0,0.0,0.0,0.0,0.0,0.0,0.0,0.0,0.0,0.0,0.0,0.0,0.0,0.0,0.0,0.0,0.0,0.0,0.0,0.0,0.0,0.0,0.0,0.0,benign
122.0,0.0,1.0,0.0,2.0,0.0,0.6666666666666666,0.0,2.0,2.0,0.0,54.0,2.0,0.0,11.0227038425243,2.0,2.0,1.0,1.0,2.0,0.0,0.0,0.0,24.0,0.03211,0.0,0.0136027678134819,64.0,95.5,5626.0,benign
0.0,0.0,0.0,0.0,0.0,0.0,19.33333333333333,0.0,12.0,12.0,0.0,54.0,24.0,0.0,375.67135184637664,13.0,13.0,3.0,2.0,24.0,0.0,0.0,0.0,24.0,0.156115,0.0,0.0295965132448609,61.0,95.11382952247614,660.0,benign
0.0,0.0,0.0,0.0,0.0,0.0,0.0897102359379205,0.0,0.2857142857142857,0.4285714285714285,0.0,60.0,11146.0,0.0,0.0,0.0,0.0,0.2857142857142857,0.2857142857142857,0.0,0.0,0.0,0.0,0.0,0.000719496,2.6e-08,7.238035358715574e-05,64.0,0.0,0.0,mitm
0.0,0.0,0.0,0.0,0.0,0.0,0.0,0.0,0.0,0.0,0.0,0.0,0.0,0.0,0.0,0.0,0.0,0.0,0.0,0.0,0.0,0.0,0.0,0.0,0.0,0.0,0.0,0.0,0.0,0.0,benign
0.0,0.0,0.0,0.0,0.0,0.0,0.0,0.0,0.0,0.0,0.0,0.0,0.0,0.0,0.0,0.0,0.0,0.0,0.0,0.0,0.0,0.0,0.0,0.0,0.0,0.0,0.0,0.0,0.0,0.0,benign
0.0,0.0,0.0,0.0,0.0,0.0,0.0,0.0,0.0,0.0,0.0,0.0,0.0,0.0,0.0,0.0,0.0,0.0,0.0,0.0,0.0,0.0,0.0,0.0,0.0,0.0,0.0,0.0,0.0,0.0,benign
123.0,0.0,1.0,0.0,2.0,0.0,1.0,0.0,2.0,2.0,0.0,54.0,2.0,0.0,11.0227038425243,2.0,2.0,1.0,1.0,2.0,0.0,0.0,0.0,24.0,0.01502,0.0,0.0062359913155407,64.0,95.5,5650.0,benign
0.0,0.0,0.0,0.0,0.0,0.0,33.0,0.0,2.0,2.0,0.0,60.0,1.0,0.0,0.0,0.0,0.0,1.0,1.0,0.0,0.0,0.0,0.0,0.0,0.015268,0.003413,0.0059275,0.0,0.0,0.0,benign
0.0,0.0,0.0,0.0,0.0,0.0,0.0201111823046864,0.0,0.4285714285714285,0.4285714285714285,0.0,60.0,15830.142857142857,0.0,0.0,0.0,0.0,0.2857142857142857,0.2857142857142857,0.0,0.0,0.0,0.0,0.0,0.022337474,2.6e-08,9.403235488564788e-05,64.0,0.0,0.0,dos
0.0,0.0,0.0,0.0,0.0,0.0,0.0,0.0,0.0,0.0,0.0,0.0,0.0,0.0,0.0,0.0,0.0,0.0,0.0,0.0,0.0,0.0,0.0,0.0,0.0,0.0,0.0,0.0,0.0,0.0,benign
0.0,0.0,0.0,0.0,0.0,0.0,0.0,0.0,0.0,0.0,0.0,0.0,0.0,0.0,0.0,0.0,0.0,0.0,0.0,0.0,0.0,0.0,0.0,0.0,0.0,0.0,0.0,0.0,0.0,0.0,benign
0.0,0.0,0.0,0.0,0.0,0.0,0.0,0.0,0.0,0.0,0.0,0.0,0.0,0.0,0.0,0.0,0.0,0.0,0.0,0.0,0.0,0.0,0.0,0.0,0.0,0.0,0.0,0.0,0.0,0.0,benign
0.0,0.0,0.0,0.0,0.0,0.0,0.073802294197031,0.0,0.5714285714285714,0.5714285714285714,1460.0,60.0,5840.142857142857,0.0,785.8610367016145,410.1428571428572,417.8571428571428,0.5714285714285714,0.5714285714285714,4361.285714285715,4557.571428571428,913.4285714285714,0.0,25.0,0.008127144,2.5e-08,0.000287176077605,64.0,0.0,0.0,dos
0.0,0.0,0.0,0.0,0.0,0.0,0.0,0.0,0.0,0.0,0.0,0.0,0.0,0.0,0.0,0.0,0.0,0.0,0.0,0.0,0.0,0.0,0.0,0.0,0.0,0.0,0.0,0.0,0.0,0.0,benign
0.0,0.0,0.0,0.0,0.0,0.0,0.0,0.0,0.0,0.0,0.0,0.0,0.0,0.0,0.0,0.0,0.0,0.0,0.0,0.0,0.0,0.0,0.0,0.0,0.0,0.0,0.0,0.0,0.0,0.0,benign
1023.0,0.0,1.0,0.0,1.0,0.0,0.0,0.0,2.0,2.0,0.0,54.0,1.0,0.0,9.0,2.0,2.0,1.0,1.0,1.0,0.0,0.0,0.0,24.0,0.016932,0.0,0.008466,64.0,95.5,5604.0,benign
0.0,0.0,0.0,0.0,0.0,0.0,13.900226757369614,2.0,0.4285714285714285,0.4285714285714285,0.0,60.0,35.42857142857143,0.0,6.338293285803324,1.5714285714285714,1.5714285714285714,0.4285714285714285,0.4285714285714285,37.0,0.0,0.0,0.0,24.0,0.079373629,3.3e-08,0.010132580247814,64.0,0.0,502.0,bruteforce
0.0,0.0,0.0,0.0,0.0,0.0,0.0,0.0,0.0,0.0,0.0,0.0,0.0,0.0,0.0,0.0,0.0,0.0,0.0,0.0,0.0,0.0,0.0,0.0,0.0,0.0,0.0,0.0,0.0,0.0,benign
0.0,0.0,0.0,0.0,0.0,0.0,0.0,0.0,0.0,0.0,0.0,0.0,0.0,0.0,0.0,0.0,0.0,0.0,0.0,0.0,0.0,0.0,0.0,0.0,0.0,0.0,0.0,0.0,0.0,0.0,benign
0.0,0.0,0.0,0.0,0.0,0.0,2.333333333333333,2.0,2.0,2.0,0.0,66.0,2.0,0.0,1155.8704512184745,2.0,2.0,2.0,2.0,2.0,0.0,0.0,0.0,24.0,0.022431,1e-06,0.0090807846026651,61.0,1.5,660.0,benign
0.0,0.0,0.0,0.0,0.0,0.0,0.0,0.0,0.0,0.0,0.0,0.0,0.0,0.0,0.0,0.0,0.0,0.0,0.0,0.0,0.0,0.0,0.0,0.0,0.0,0.0,0.0,0.0,0.0,0.0,benign
1023.0,0.0,0.1428571428571428,1059.8333333333333,1.0,0.0,26.775590551181104,0.0,0.5714285714285714,0.5714285714285714,1460.0,60.0,18.285714285714285,0.0,3.280394295849238,16.857142857142858,17.0,0.2857142857142857,0.4285714285714285,1.0,17.0,17.142857142857142,0.0,24.0,0.031353107,3.3e-08,0.0026597502313174,37.0,102.7242172348448,1024.0,recon
0.0,0.0,0.0,0.0,0.0,0.0,0.0,0.0,0.0,0.0,0.0,0.0,0.0,0.0,0.0,0.0,0.0,0.0,0.0,0.0,0.0,0.0,0.0,0.0,0.0,0.0,0.0,0.0,0.0,0.0,benign
0.0,0.0,0.0,0.0,0.0,0.0,0.0,0.0,1.0,2.0,0.0,230.0,0.0,196.0,0.0,1.0,1.0,0.0,1.0,0.0,0.0,0.0,0.0,0.0,0.006637,0.006637,0.0,255.0,0.0,0.0,benign
0.0,0.0,0.0,0.0,0.0,0.0,0.0,0.0,0.0,0.0,0.0,0.0,0.0,0.0,0.0,0.0,0.0,0.0,0.0,0.0,0.0,0.0,0.0,0.0,0.0,0.0,0.0,0.0,0.0,0.0,benign
0.0,0.0,0.0,0.0,0.0,0.0,0.0,0.0,0.0,0.0,0.0,0.0,0.0,0.0,0.0,0.0,0.0,0.0,0.0,0.0,0.0,0.0,0.0,0.0,0.0,0.0,0.0,0.0,0.0,0.0,benign
0.0,0.0,0.0,0.0,0.0,0.0,0.0,0.0,1.0,2.0,0.0,971.0,0.0,937.0,0.0,1.0,1.0,0.0,1.0,0.0,0.0,0.0,0.0,0.0,0.026074,0.026074,0.0,64.0,0.0,0.0,benign
0.0,0.0,0.0,0.0,0.0,0.0,0.0,0.0,0.1428571428571428,0.2857142857142857,0.0,214.0,0.0,180.0,0.0,0.1428571428571428,0.1428571428571428,0.0,0.1428571428571428,0.0,0.0,0.0,0.0,0.0,3.4e-08,3.4e-08,0.0,255.0,0.0,0.0,recon
0.0,0.0,0.0,0.0,0.0,0.0,4.206875753920386,0.0,33.57142857142857,5.428571428571429,1460.0,60.0,46.71428571428572,0.0,55.34740445122675,13.571428571428571,12.714285714285714,0.7142857142857143,0.8571428571428571,29.0,10.0,14.142857142857142,0.0,24.0,0.028372155,2.8e-08,0.0037131493123844,63.0,48.26264762766117,0.0,malware
0.0,0.0,0.0,0.0,0.0,0.0,0.0,0.0,0.0,0.0,0.0,0.0,0.0,0.0,0.0,0.0,0.0,0.0,0.0,0.0,0.0,0.0,0.0,0.0,0.0,0.0,0.0,0.0,0.0,0.0,benign
0.0,0.0,0.0,0.0,0.0,0.0,0.0,0.0,0.0,0.0,0.0,0.0,0.0,0.0,0.0,0.0,0.0,0.0,0.0,0.0,0.0,0.0,0.0,0.0,0.0,0.0,0.0,0.0,0.0,0.0,benign
0.0,0.0,0.0,0.0,0.0,0.0,0.0,0.0,0.0,0.0,0.0,0.0,0.0,0.0,0.0,0.0,0.0,0.0,0.0,0.0,0.0,0.0,0.0,0.0,0.0,0.0,0.0,0.0,0.0,0.0,benign
122.0,0.0,1.0,0.0,2.0,0.0,6.0,0.0,2.0,2.0,0.0,54.0,2.0,0.0,11.0227038425243,2.0,2.0,1.0,1.0,2.0,0.0,0.0,0.0,24.0,0.014936,0.0,0.0061213693116818,64.0,95.5,5582.0,benign
0.0,0.0,0.0,0.0,0.0,0.0,0.0,0.0,0.0,0.0,0.0,0.0,0.0,0.0,0.0,0.0,0.0,0.0,0.0,0.0,0.0,0.0,0.0,0.0,0.0,0.0,0.0,0.0,0.0,0.0,benign
0.0,0.0,0.0,0.0,0.0,0.0,0.0,0.0,0.0,0.0,0.0,0.0,0.0,0.0,0.0,0.0,0.0,0.0,0.0,0.0,0.0,0.0,0.0,0.0,0.0,0.0,0.0,0.0,0.0,0.0,benign
0.0,0.0,0.0,0.0,0.0,0.0,0.0,0.0,1.0,2.0,0.0,971.0,0.0,937.0,0.0,1.0,1.0,0.0,1.0,0.0,0.0,0.0,0.0,0.0,0.060675,0.060675,0.0,64.0,0.0,0.0,benign
0.0,0.0,0.0,0.0,0.0,0.0,0.013502027004054,0.0,1.8571428571428568,2.142857142857143,0.0,60.0,36781.71428571428,0.0,39.30990472310638,1.5714285714285714,1.7142857142857142,0.4285714285714285,0.5714285714285714,13.0,0.0,0.0,0.0,24.0,0.001557213,2.5e-08,6.230505261424516e-05,64.0,2.538824810242939,5194.0,mitm
0.0,0.0,0.0,0.0,0.0,0.0,0.0,0.0,0.0,0.0,0.0,0.0,0.0,0.0,0.0,0.0,0.0,0.0,0.0,0.0,0.0,0.0,0.0,0.0,0.0,0.0,0.0,0.0,0.0,0.0,benign
0.0,0.0,0.0,0.0,0.0,0.0,0.0,0.0,1.0,2.0,0.0,230.0,0.0,196.0,0.0,1.0,1.0,0.0,1.0,0.0,0.0,0.0,0.0,0.0,0.037804,0.037804,0.0,255.0,0.0,0.0,benign
0.0,0.0,0.0,0.0,0.0,0.0,0.0,0.0,0.0,0.0,0.0,0.0,0.0,0.0,0.0,0.0,0.0,0.0,0.0,0.0,0.0,0.0,0.0,0.0,0.0,0.0,0.0,0.0,0.0,0.0,benign
0.0,0.0,0.0,0.0,0.0,0.0,37.01063829787234,0.0,0.2857142857142857,0.2857142857142857,1460.0,60.0,13.428571428571429,0.0,0.0,13.285714285714286,13.428571428571429,0.1428571428571428,0.1428571428571428,0.0,13.571428571428571,13.428571428571429,0.0,20.0,0.067919137,3.3e-08,0.0049859336208683,37.0,103.79383163761048,1024.0,recon
0.0,0.0,0.0,0.0,0.0,0.0,0.0,0.0,0.0,0.0,0.0,0.0,0.0,0.0,0.0,0.0,0.0,0.0,0.0,0.0,0.0,0.0,0.0,0.0,0.0,0.0,0.0,0.0,0.0,0.0,benign
-0.7,0.588179866669674,2.0,0.0,2.0,0.0,2.0,0.0,2.0,2.0,0.0,54.0,2.0,0.0,19.327585352432298,2.0,2.0,1.0,1.0,1.0,0.0,0.0,0.0,24.0,0.007551,0.0,0.003559575536493,64.0,90.03826347108705,5594.0,benign
0.0,0.0,0.0,0.0,0.0,0.0,120.0,0.0,2.0,2.0,0.0,60.0,1.0,0.0,0.0,0.0,0.0,1.0,1.0,0.0,0.0,0.0,0.0,0.0,0.021444,0.009796,0.005824,0.0,0.0,0.0,benign
0.0,0.0,0.0,0.0,0.0,0.0,0.0,0.0,0.0,0.0,0.0,0.0,0.0,0.0,0.0,0.0,0.0,0.0,0.0,0.0,0.0,0.0,0.0,0.0,0.0,0.0,0.0,0.0,0.0,0.0,benign
1023.0,0.0,0.1428571428571428,994.8,0.8571428571428571,0.0,382.61538461538464,0.0,0.2857142857142857,0.2857142857142857,0.0,60.0,1.0,0.0,10.0,0.2857142857142857,0.2857142857142857,0.2857142857142857,0.2857142857142857,0.8571428571428571,0.0,0.0,0.0,24.0,0.024265965,8.7e-08,0.0072700472502339,64.0,95.5,5016.0,recon
0.0,0.0,0.0,0.0,0.0,0.0,0.0,0.0,0.0,0.0,0.0,0.0,0.0,0.0,0.0,0.0,0.0,0.0,0.0,0.0,0.0,0.0,0.0,0.0,0.0,0.0,0.0,0.0,0.0,0.0,benign
0.0,0.0,0.0,0.0,0.0,0.0,17.818181818181817,2.0,4.0,3.0,0.0,66.0,6.0,0.0,762.4000298764131,4.0,4.0,3.0,3.0,6.0,0.0,0.0,0.0,24.0,0.061109,0.0,0.0182778115915551,53.0,4.94694069321859,660.0,benign
0.0,0.0,0.0,0.0,0.0,0.0,0.0,0.0,2.0,2.0,0.0,60.0,1.0,0.0,0.0,0.0,0.0,1.0,1.0,0.0,0.0,0.0,0.0,0.0,0.001015,0.0,0.0005075,0.0,0.0,0.0,benign
0.0,0.0,0.0,0.0,0.0,0.0,0.0,0.0,1.0,2.0,0.0,214.0,0.0,180.0,0.0,1.0,1.0,0.0,1.0,0.0,0.0,0.0,0.0,0.0,0.023943,0.023943,0.0,255.0,0.0,0.0,benign
0.0,0.0,0.0,0.0,0.0,0.0,0.0,0.0,0.0,0.0,0.0,0.0,0.0,0.0,0.0,0.0,0.0,0.0,0.0,0.0,0.0,0.0,0.0,0.0,0.0,0.0,0.0,0.0,0.0,0.0,benign
0.0,0.0,0.0,0.0,0.0,0.0,102.0,0.0,2.0,2.0,0.0,60.0,1.0,0.0,0.0,0.0,0.0,1.0,1.0,0.0,0.0,0.0,0.0,0.0,0.032553,0.029747,0.0014029999999999,0.0,0.0,0.0,benign
0.0,0.0,0.0,0.0,0.0,0.0,0.0,0.0,0.0,0.0,0.0,0.0,0.0,0.0,0.0,0.0,0.0,0.0,0.0,0.0,0.0,0.0,0.0,0.0,0.0,0.0,0.0,0.0,0.0,0.0,benign
0.0,0.0,0.0,0.0,0.0,0.0,0.0,0.0,1.0,2.0,0.0,230.0,0.0,196.0,0.0,1.0,1.0,0.0,1.0,0.0,0.0,0.0,0.0,0.0,0.023603,0.023603,0.0,255.0,0.0,0.0,benign
901.0,0.0,2.0,0.0,3.0,0.0,83.5,0.0,3.0,3.0,0.0,54.0,4.0,0.0,25.67059780832411,3.0,4.0,2.0,2.0,2.0,0.0,0.0,0.0,24.0,0.023622,0.0,0.0086869459770487,64.0,94.52048692733015,5568.0,benign
-0.7,0.588179866669674,2.0,0.0,2.0,0.0,4.5,0.0,2.0,2.0,0.0,54.0,2.0,0.0,19.327585352432298,2.0,2.0,1.0,1.0,1.0,0.0,0.0,0.0,24.0,0.139661,0.0,0.0658365910772016,64.0,90.03826347108705,5632.0,benign
0.0,0.0,0.0,0.0,0.0,0.0,0.0,0.0,0.0,0.0,0.0,0.0,0.0,0.0,0.0,0.0,0.0,0.0,0.0,0.0,0.0,0.0,0.0,0.0,0.0,0.0,0.0,0.0,0.0,0.0,benign
0.0,0.0,0.0,0.0,0.0,0.0,0.0,0.0,0.0,0.0,0.0,0.0,0.0,0.0,0.0,0.0,0.0,0.0,0.0,0.0,0.0,0.0,0.0,0.0,0.0,0.0,0.0,0.0,0.0,0.0,benign
0.0,0.0,0.0,0.0,0.0,0.0,14.682539682539682,0.0,31.0,29.0,0.0,54.0,34.0,0.0,800.0405091784606,4.0,4.0,4.0,4.0,4.0,0.0,0.0,0.0,24.0,0.035869,0.0,0.0112432432920561,61.0,92.6141876555749,660.0,benign
0.0,0.0,0.0,0.0,0.0,0.0,0.0,0.0,1.0,2.0,0.0,230.0,0.0,196.0,0.0,1.0,1.0,0.0,1.0,0.0,0.0,0.0,0.0,0.0,0.024433,0.024433,0.0,255.0,0.0,0.0,benign
0.0,0.0,0.0,0.0,0.0,0.0,0.0,0.0,0.0,0.0,0.0,0.0,0.0,0.0,0.0,0.0,0.0,0.0,0.0,0.0,0.0,0.0,0.0,0.0,0.0,0.0,0.0,0.0,0.0,0.0,benign
0.0,0.0,0.0,0.0,0.0,6732.571428571428,0.0814303828391284,0.0,0.1428571428571428,0.2857142857142857,0.0,362.0,12280.57142857143,328.0,232.00429643685,0.0,0.0,0.1428571428571428,0.0,0.0,0.0,0.0,0.0,0.0,0.001272527,2.7e-08,0.0001628204188441,64.0,0.0,0.0,dos
210.0,0.0,1.0,0.0,2.0,0.0,1.6666666666666667,0.0,2.0,2.0,0.0,54.0,2.0,0.0,10.594810050208546,2.0,2.0,1.0,1.0,2.0,0.0,0.0,0.0,24.0,0.102479,0.0,0.0441056429630892,64.0,95.5,5556.0,benign
22.3,0.0,1.0,0.0,7.0,0.0,1.0,0.0,2.0,2.0,0.0,54.0,2.0,0.0,84.81560882290476,2.0,2.0,1.0,1.0,2.0,0.0,0.0,0.0,24.0,0.01809,0.0,0.0074890816192641,64.0,95.5,5624.0,benign
0.0,0.0,0.0,0.0,0.0,0.0,0.0,0.0,1.0,2.0,0.0,230.0,0.0,196.0,0.0,1.0,1.0,0.0,1.0,0.0,0.0,0.0,0.0,0.0,0.0063,0.0063,0.0,255.0,0.0,0.0,benign
1023.0,0.0,1.0,0.0,1.0,0.0,0.0,0.0,2.0,2.0,0.0,54.0,1.0,0.0,9.0,2.0,2.0,1.0,1.0,1.0,0.0,0.0,0.0,24.0,0.00425,0.0,0.002125,64.0,95.5,5628.0,benign
0.0,0.0,0.0,0.0,0.0,0.0,2.0,2.0,2.0,2.0,0.0,66.0,2.0,0.0,813.1040831283533,2.0,2.0,2.0,2.0,2.0,0.0,0.0,0.0,24.0,0.018945,0.0,0.0077116692867044,61.0,1.5,660.0,benign
0.0,0.0,0.0,0.0,0.0,0.0,0.0,0.0,0.0,0.0,0.0,0.0,0.0,0.0,0.0,0.0,0.0,0.0,0.0,0.0,0.0,0.0,0.0,0.0,0.0,0.0,0.0,0.0,0.0,0.0,benign
105.0,39.45340832642256,1.0,137.66666666666666,7.0,0.0,65.81818181818181,0.0,2.0,2.0,0.0,54.0,6.0,0.0,10.5,2.0,2.0,1.0,1.0,6.0,0.0,0.0,0.0,24.0,0.035601,0.0,0.0107908295865826,64.0,95.5,5606.0,benign
0.0,0.0,0.0,0.0,0.0,0.0,0.0,0.0,0.0,0.0,0.0,0.0,0.0,0.0,0.0,0.0,0.0,0.0,0.0,0.0,0.0,0.0,0.0,0.0,0.0,0.0,0.0,0.0,0.0,0.0,benign
0.0,0.0,0.0,0.0,0.0,0.0,20.214925373134328,0.0,2.571428571428572,2.2857142857142856,1460.0,60.0,22.714285714285715,0.0,313.21715987964444,5.428571428571429,6.714285714285714,0.7142857142857143,0.7142857142857143,18.285714285714285,2.857142857142857,2.857142857142857,0.0,24.0,0.14726203,3.3e-08,0.0195285902662899,61.0,88.53037830011023,0.0,bruteforce
0.0,0.0,0.0,0.0,0.0,0.0,0.0,0.0,0.0,0.0,0.0,0.0,0.0,0.0,0.0,0.0,0.0,0.0,0.0,0.0,0.0,0.0,0.0,0.0,0.0,0.0,0.0,0.0,0.0,0.0,benign
0.0,0.0,0.0,0.0,0.0,0.0,0.0,0.0,0.0,0.0,0.0,0.0,0.0,0.0,0.0,0.0,0.0,0.0,0.0,0.0,0.0,0.0,0.0,0.0,0.0,0.0,0.0,0.0,0.0,0.0,benign
0.0,0.0,0.0,0.0,0.0,0.0,54.0,0.0,2.0,2.0,0.0,60.0,1.0,0.0,0.0,0.0,0.0,1.0,1.0,0.0,0.0,0.0,0.0,0.0,0.006217,0.00078,0.0022196487710146,0.0,0.0,0.0,benign
0.0,0.0,1.0,0.0,1.0,0.0,0.0,0.0,2.0,2.0,0.0,54.0,1.0,0.0,7.5,2.0,2.0,1.0,1.0,1.0,0.0,0.0,0.0,24.0,0.003477,1e-06,0.001738,64.0,95.5,5554.0,benign
8.0,0.0,1.0,0.0,1.0,0.0,4.0,0.0,3.0,3.0,0.0,54.0,2.0,0.0,8.5,2.0,2.0,2.0,2.0,1.0,0.0,0.0,0.0,24.0,0.006847,0.0,0.0024877333558884,64.0,95.5,5626.0,benign
210.0,0.0,1.0,0.0,2.0,0.0,4.0,0.0,2.0,2.0,0.0,54.0,2.0,0.0,10.594810050208546,2.0,2.0,1.0,1.0,2.0,0.0,0.0,0.0,24.0,0.012281,0.0,0.0054104957490048,64.0,95.5,5604.0,benign
0.0,0.0,0.0,0.0,0.0,0.0,0.0,0.0,0.0,0.0,0.0,0.0,0.0,0.0,0.0,0.0,0.0,0.0,0.0,0.0,0.0,0.0,0.0,0.0,0.0,0.0,0.0,0.0,0.0,0.0,benign
0.0,0.0,0.0,0.0,0.0,0.0,24.97297297297297,0.0,11.0,11.0,0.0,54.0,18.0,0.0,25.509652727378867,11.0,11.0,1.0,2.0,19.0,0.0,0.0,0.0,24.0,0.053796,0.0,0.0133904544308607,64.0,95.36763680402534,5568.0,benign
2.0,0.0,1.0,0.0,1.0,0.0,131.66666666666666,0.0,3.0,3.0,0.0,54.0,2.0,0.0,8.5,2.0,2.0,2.0,2.0,1.0,0.0,0.0,0.0,24.0,0.016023,0.0,0.0066296280580059,64.0,95.5,5620.0,benign
0.0,0.0,0.0,0.0,0.0,0.0,0.0,0.0,0.0,0.0,0.0,0.0,0.0,0.0,0.0,0.0,0.0,0.0,0.0,0.0,0.0,0.0,0.0,0.0,0.0,0.0,0.0,0.0,0.0,0.0,benign
0.0,0.0,0.0,0.0,0.0,0.0,0.0,0.0,0.0,0.0,0.0,0.0,0.0,0.0,0.0,0.0,0.0,0.0,0.0,0.0,0.0,0.0,0.0,0.0,0.0,0.0,0.0,0.0,0.0,0.0,benign
0.0,0.0,0.0,0.0,0.0,0.0,0.0,0.0,0.0,0.0,0.0,0.0,0.0,0.0,0.0,0.0,0.0,0.0,0.0,0.0,0.0,0.0,0.0,0.0,0.0,0.0,0.0,0.0,0.0,0.0,benign
0.0,0.0,0.0,0.0,0.0,0.0,0.0,0.0,0.0,0.0,0.0,0.0,0.0,0.0,0.0,0.0,0.0,0.0,0.0,0.0,0.0,0.0,0.0,0.0,0.0,0.0,0.0,0.0,0.0,0.0,benign
13.0,0.0,1.0,0.0,1.0,0.0,0.0,0.0,2.0,2.0,0.0,54.0,1.0,0.0,10.5,2.0,2.0,1.0,1.0,1.0,0.0,0.0,0.0,24.0,0.31068,1e-06,0.1553395,64.0,95.5,5558.0,benign
0.0,0.0,0.0,0.0,0.0,0.0,0.0,0.0,0.0,0.0,0.0,0.0,0.0,0.0,0.0,0.0,0.0,0.0,0.0,0.0,0.0,0.0,0.0,0.0,0.0,0.0,0.0,0.0,0.0,0.0,benign
0.0,0.0,0.0,0.0,0.0,0.0,0.0,0.0,0.0,0.0,0.0,0.0,0.0,0.0,0.0,0.0,0.0,0.0,0.0,0.0,0.0,0.0,0.0,0.0,0.0,0.0,0.0,0.0,0.0,0.0,benign
140.0,0.0,1.0,0.0,2.0,0.0,0.6666666666666666,0.0,2.0,2.0,0.0,54.0,2.0,0.0,11.0227038425243,2.0,2.0,1.0,1.0,2.0,0.0,0.0,0.0,24.0,0.069881,0.0,0.0299377559989054,64.0,95.5,5558.0,benign
0.0,0.0,0.0,0.0,0.0,0.0,0.0,0.0,0.0,0.0,0.0,0.0,0.0,0.0,0.0,0.0,0.0,0.0,0.0,0.0,0.0,0.0,0.0,0.0,0.0,0.0,0.0,0.0,0.0,0.0,benign
0.0,0.0,0.0,0.0,0.0,0.0,329.6666666666667,0.0,0.4285714285714285,0.4285714285714285,0.0,60.0,0.1428571428571428,0.0,64.5,0.4285714285714285,0.4285714285714285,0.1428571428571428,0.4285714285714285,0.2857142857142857,0.0,0.0,0.0,24.0,0.025514643,0.000862614,0.008931603922688,238.0,7.361215932167728,2230.0,recon
0.0,0.0,0.0,0.0,0.0,0.0,0.0,0.0,0.0,0.0,0.0,0.0,0.0,0.0,0.0,0.0,0.0,0.0,0.0,0.0,0.0,0.0,0.0,0.0,0.0,0.0,0.0,0.0,0.0,0.0,benign
0.0,0.0,0.0,0.0,0.0,0.0,0.0,0.0,0.0,0.0,0.0,0.0,0.0,0.0,0.0,0.0,0.0,0.0,0.0,0.0,0.0,0.0,0.0,0.0,0.0,0.0,0.0,0.0,0.0,0.0,benign
0.0,0.0,0.0,0.0,0.0,0.0,0.0,0.0,0.0,0.0,0.0,0.0,0.0,0.0,0.0,0.0,0.0,0.0,0.0,0.0,0.0,0.0,0.0,0.0,0.0,0.0,0.0,0.0,0.0,0.0,benign
0.0,0.0,0.0,0.0,0.0,0.0,0.0,0.0,0.0,0.0,0.0,0.0,0.0,0.0,0.0,0.0,0.0,0.0,0.0,0.0,0.0,0.0,0.0,0.0,0.0,0.0,0.0,0.0,0.0,0.0,benign
0.0,0.0,0.0,0.0,0.0,0.0,0.0,0.0,0.0,0.0,0.0,0.0,0.0,0.0,0.0,0.0,0.0,0.0,0.0,0.0,0.0,0.0,0.0,0.0,0.0,0.0,0.0,0.0,0.0,0.0,benign
0.0,0.0,0.0,0.0,0.0,0.0,0.0,0.0,0.0,0.0,0.0,0.0,0.0,0.0,0.0,0.0,0.0,0.0,0.0,0.0,0.0,0.0,0.0,0.0,0.0,0.0,0.0,0.0,0.0,0.0,benign
0.0,0.0,0.0,0.0,0.0,0.0,0.0370499751235881,0.0,0.5714285714285714,0.5714285714285714,1436.0,60.0,26365.714285714286,0.0,0.0915637065462767,609.4285714285714,9416.57142857143,0.4285714285714285,0.4285714285714285,0.4285714285714285,624.2857142857143,0.5714285714285714,0.0,24.0,0.001525577,2.5e-08,0.0001041963896041,64.0,28.723330431758253,512.0,dos
0.0,0.0,0.0,0.0,0.0,0.0,0.0,0.0,0.0,0.0,0.0,0.0,0.0,0.0,0.0,0.0,0.0,0.0,0.0,0.0,0.0,0.0,0.0,0.0,0.0,0.0,0.0,0.0,0.0,0.0,benign
0.0,0.0,0.0,0.0,0.0,0.0,0.0,0.0,0.0,0.0,0.0,0.0,0.0,0.0,0.0,0.0,0.0,0.0,0.0,0.0,0.0,0.0,0.0,0.0,0.0,0.0,0.0,0.0,0.0,0.0,benign
0.0,0.0,0.0,0.0,0.0,0.0,209.51724137931035,0.0,0.2857142857142857,0.2857142857142857,0.0,60.0,2.142857142857143,0.0,10.80219885023415,0.2857142857142857,0.2857142857142857,0.2857142857142857,0.2857142857142857,2.0,0.0,0.0,0.0,24.0,0.132185431,5.4e-08,0.0321014735561291,64.0,95.5,5740.0,ddos
0.0,0.0,0.0,0.0,0.0,0.0,0.0,0.0,0.0,0.0,0.0,0.0,0.0,0.0,0.0,0.0,0.0,0.0,0.0,0.0,0.0,0.0,0.0,0.0,0.0,0.0,0.0,0.0,0.0,0.0,benign
0.0,0.0,0.0,0.0,0.0,0.0,0.0,0.0,0.0,0.0,0.0,0.0,0.0,0.0,0.0,0.0,0.0,0.0,0.0,0.0,0.0,0.0,0.0,0.0,0.0,0.0,0.0,0.0,0.0,0.0,benign
0.0,0.0,0.0,0.0,0.0,0.0,2.0,2.0,2.0,2.0,0.0,66.0,2.0,0.0,1157.1649353052485,2.0,2.0,2.0,2.0,2.0,0.0,0.0,0.0,24.0,0.006574,0.0,0.0027805921581562,61.0,1.5,660.0,benign
0.0,0.0,0.0,0.0,0.0,0.0,0.0,0.0,1.0,2.0,0.0,60.0,0.0,0.0,0.0,0.0,0.0,0.0,1.0,0.0,0.0,0.0,0.0,0.0,0.010033,0.010033,0.0,0.0,0.0,0.0,benign
0.0,0.0,0.0,0.0,0.0,0.0,0.0,0.0,0.0,0.0,0.0,0.0,0.0,0.0,0.0,0.0,0.0,0.0,0.0,0.0,0.0,0.0,0.0,0.0,0.0,0.0,0.0,0.0,0.0,0.0,benign
-0.74,1.1585719178751437,0.2857142857142857,1001.0,0.5714285714285714,0.0,0.0109500219000438,0.0,1.1428571428571428,1.1428571428571428,0.0,60.0,91341.71428571428,0.0,0.0510976527137106,616.1428571428571,9416.57142857143,0.2857142857142857,0.2857142857142857,0.1428571428571428,632.8571428571429,0.0,0.0,24.0,0.000562468,2.5e-08,5.675560045298777e-05,64.0,15.790723311463784,512.0,ddos
0.0,0.0,0.0,0.0,0.0,0.0,0.0,0.0,0.0,0.0,0.0,0.0,0.0,0.0,0.0,0.0,0.0,0.0,0.0,0.0,0.0,0.0,0.0,0.0,0.0,0.0,0.0,0.0,0.0,0.0,benign
0.0,0.0,0.0,0.0,0.0,0.0,0.0,0.0,0.0,0.0,0.0,0.0,0.0,0.0,0.0,0.0,0.0,0.0,0.0,0.0,0.0,0.0,0.0,0.0,0.0,0.0,0.0,0.0,0.0,0.0,benign
7.0,0.0,1.0,0.0,1.0,0.0,67.33333333333333,0.0,3.0,3.0,0.0,54.0,2.0,0.0,8.5,2.0,2.0,2.0,2.0,1.0,0.0,0.0,0.0,24.0,0.040098,0.0,0.0157614257207271,64.0,95.5,5578.0,benign
0.0,0.0,0.0,0.0,0.0,0.0,62.5,0.0,2.0,2.0,0.0,60.0,1.0,0.0,0.0,0.0,0.0,1.0,1.0,0.0,0.0,0.0,0.0,0.0,0.029985,0.000461,0.0129397761272064,0.0,0.0,0.0,benign
0.0,0.0,0.0,0.0,0.0,0.0,0.0,0.0,0.0,0.0,0.0,0.0,0.0,0.0,0.0,0.0,0.0,0.0,0.0,0.0,0.0,0.0,0.0,0.0,0.0,0.0,0.0,0.0,0.0,0.0,benign
0.0,0.0,1.0,0.0,1.0,0.0,0.0,0.0,2.0,2.0,0.0,54.0,1.0,0.0,7.5,2.0,2.0,1.0,1.0,1.0,0.0,0.0,0.0,24.0,0.020852,0.0,0.010426,64.0,95.5,5618.0,benign
0.0,0.0,0.0,0.0,0.0,0.0,0.0,0.0,0.0,0.0,0.0,0.0,0.0,0.0,0.0,0.0,0.0,0.0,0.0,0.0,0.0,0.0,0.0,0.0,0.0,0.0,0.0,0.0,0.0,0.0,benign
0.0,0.0,0.0,0.0,0.0,0.0,22.0,0.0,2.0,2.0,0.0,60.0,1.0,0.0,0.0,0.0,0.0,1.0,1.0,0.0,0.0,0.0,0.0,0.0,0.029863,0.003057,0.0123732213626399,0.0,0.0,0.0,benign
0.0,0.0,0.0,0.0,0.0,0.0,0.0,0.0,0.0,0.0,0.0,0.0,0.0,0.0,0.0,0.0,0.0,0.0,0.0,0.0,0.0,0.0,0.0,0.0,0.0,0.0,0.0,0.0,0.0,0.0,benign
0.0,0.0,0.0,0.0,0.0,0.0,0.0,0.0,0.0,0.0,0.0,0.0,0.0,0.0,0.0,0.0,0.0,0.0,0.0,0.0,0.0,0.0,0.0,0.0,0.0,0.0,0.0,0.0,0.0,0.0,benign
0.0,0.0,0.0,0.0,0.0,0.0,0.0,0.0,0.0,0.0,0.0,0.0,0.0,0.0,0.0,0.0,0.0,0.0,0.0,0.0,0.0,0.0,0.0,0.0,0.0,0.0,0.0,0.0,0.0,0.0,benign
0.0,0.0,1.0,0.0,1.0,0.0,1.0,0.0,2.0,2.0,0.0,54.0,1.0,0.0,7.5,2.0,2.0,1.0,1.0,1.0,0.0,0.0,0.0,24.0,0.009916,0.000346,0.0047849999999999,64.0,95.5,5582.0,benign
123.0,0.0,1.0,0.0,2.0,0.0,8.6,0.0,2.0,2.0,0.0,54.0,3.0,0.0,11.0227038425243,2.0,2.0,2.0,2.0,2.0,0.0,0.0,0.0,24.0,0.127951,0.0,0.0455450370390549,64.0,95.5,5574.0,benign
0.0,0.0,0.0,0.0,0.0,0.0,0.0,0.0,0.0,0.0,0.0,0.0,0.0,0.0,0.0,0.0,0.0,0.0,0.0,0.0,0.0,0.0,0.0,0.0,0.0,0.0,0.0,0.0,0.0,0.0,benign
0.0,0.0,0.0,0.0,0.0,0.0,0.0070720141440282,0.0,0.7142857142857143,2.7142857142857144,0.0,60.0,144368.7142857143,2.0,0.040639041762674,284.42857142857144,281.7142857142857,0.7142857142857143,0.1428571428571428,1.7142857142857142,0.0,0.0,0.0,24.0,0.001019608,2.5e-08,4.177078403965917e-05,64.0,0.6581688916029458,5610.0,ddos
0.0,0.0,0.0,0.0,0.0,0.0,0.0,0.0,0.0,2.0,0.0,198.0,0.0,0.0,0.0,0.0,0.0,0.0,1.0,0.0,0.0,0.0,0.0,0.0,0.036009,0.036009,0.0,0.0,0.0,0.0,benign
0.0,0.0,1.0,0.0,1.0,0.0,0.0,0.0,2.0,2.0,0.0,54.0,1.0,0.0,7.5,2.0,2.0,1.0,1.0,1.0,0.0,0.0,0.0,24.0,0.021601,0.0,0.0108005,64.0,95.5,5644.0,benign
0.0,0.0,0.0,0.0,0.0,0.0,0.0,0.0,0.0,0.0,0.0,0.0,0.0,0.0,0.0,0.0,0.0,0.0,0.0,0.0,0.0,0.0,0.0,0.0,0.0,0.0,0.0,0.0,0.0,0.0,benign
0.0,0.0,0.0,0.0,0.0,0.0,0.0,0.0,1.0,2.0,0.0,230.0,0.0,196.0,0.0,1.0,1.0,0.0,1.0,0.0,0.0,0.0,0.0,0.0,0.034009,0.034009,0.0,255.0,0.0,0.0,benign
0.0,0.0,0.0,0.0,0.0,0.0,69.0,0.0,2.0,2.0,0.0,60.0,1.0,0.0,0.0,0.0,0.0,1.0,1.0,0.0,0.0,0.0,0.0,0.0,0.013149,0.0,0.0065745,0.0,0.0,0.0,benign
1.0,0.0,1.0,303.0,3.0,0.0,129.85714285714286,0.0,2.0,2.0,0.0,54.0,4.0,0.0,8.0,2.0,2.0,1.0,1.0,4.0,0.0,0.0,0.0,24.0,0.146081,0.0,0.0584181692924759,64.0,95.5,5570.0,benign
0.0,0.0,0.0,0.0,0.0,0.0,163.16666666666666,0.0,5.0,4.0,0.0,60.0,3.0,0.0,929.0015285240386,3.0,3.0,3.0,4.0,2.0,0.0,0.0,0.0,24.0,0.011274,0.0,0.0044454526915324,61.0,1.4696938456698574,660.0,benign
561.0,0.7453559924912528,0.2857142857142857,1038.2,2.571428571428572,0.0,3.5041276829939463,0.0,0.5714285714285714,0.5714285714285714,1460.0,60.0,136.14285714285714,0.0,3.472853911888618,122.28571428571428,122.14285714285714,0.2857142857142857,0.4285714285714285,1.7142857142857142,121.42857142857144,134.14285714285714,0.0,24.0,0.110173855,3.2e-08,0.003997838133542,37.0,103.22840529149168,1024.0,recon
0.0,0.0,0.0,0.0,0.0,0.0,0.0,0.0,0.0,0.0,0.0,0.0,0.0,0.0,0.0,0.0,0.0,0.0,0.0,0.0,0.0,0.0,0.0,0.0,0.0,0.0,0.0,0.0,0.0,0.0,benign
0.0,0.0,1.0,0.0,1.0,0.0,0.0,0.0,2.0,2.0,0.0,54.0,1.0,0.0,7.5,2.0,2.0,1.0,1.0,1.0,0.0,0.0,0.0,24.0,0.022874,0.0,0.011437,64.0,95.5,5582.0,benign
0.0,0.0,0.0,0.0,0.0,0.0,0.0067340134680269,2.0,0.8571428571428571,1.0,0.0,60.0,148370.7142857143,16.0,0.0,344.85714285714283,334.85714285714283,0.4285714285714285,0.1428571428571428,0.0,0.0,0.0,0.0,0.0,0.003911751,2.5e-08,4.00097051524323e-05,64.0,0.0,0.0,ddos
0.0,0.0,0.0,0.0,0.0,0.0,0.0,0.0,0.0,0.0,0.0,0.0,0.0,0.0,0.0,0.0,0.0,0.0,0.0,0.0,0.0,0.0,0.0,0.0,0.0,0.0,0.0,0.0,0.0,0.0,benign
0.0,0.0,0.0,0.0,0.0,0.0,107.0,0.0,2.0,2.0,0.0,60.0,1.0,0.0,0.0,0.0,0.0,1.0,1.0,0.0,0.0,0.0,0.0,0.0,0.02273,0.016693,0.0030185,0.0,0.0,0.0,benign
0.0,0.0,0.0,0.0,0.0,0.0,0.0,0.0,0.0,0.0,0.0,0.0,0.0,0.0,0.0,0.0,0.0,0.0,0.0,0.0,0.0,0.0,0.0,0.0,0.0,0.0,0.0,0.0,0.0,0.0,benign
0.0,0.0,0.0,0.0,0.0,0.0,79.0,0.0,2.0,2.0,0.0,60.0,1.0,0.0,0.0,0.0,0.0,1.0,1.0,0.0,0.0,0.0,0.0,0.0,0.017576,0.00641,0.0055829999999999,0.0,0.0,0.0,benign
1023.0,0.0,1.0,0.0,1.0,0.0,0.0,0.0,2.0,2.0,0.0,54.0,1.0,0.0,9.0,2.0,2.0,1.0,1.0,1.0,0.0,0.0,0.0,24.0,0.00336,0.0,0.00168,64.0,95.5,5640.0,benign
0.0,0.0,0.0,0.0,0.0,0.0,0.0,0.0,0.0,0.0,0.0,0.0,0.0,0.0,0.0,0.0,0.0,0.0,0.0,0.0,0.0,0.0,0.0,0.0,0.0,0.0,0.0,0.0,0.0,0.0,benign
0.0,0.0,0.0,0.0,0.0,0.0,0.0,0.0,0.0,0.0,0.0,0.0,0.0,0.0,0.0,0.0,0.0,0.0,0.0,0.0,0.0,0.0,0.0,0.0,0.0,0.0,0.0,0.0,0.0,0.0,benign
0.0,0.0,0.0,0.0,0.0,0.0,0.0,0.0,0.0,0.0,0.0,0.0,0.0,0.0,0.0,0.0,0.0,0.0,0.0,0.0,0.0,0.0,0.0,0.0,0.0,0.0,0.0,0.0,0.0,0.0,benign
0.0,0.0,0.0,0.0,0.0,0.0,0.0,0.0,0.0,0.0,0.0,0.0,0.0,0.0,0.0,0.0,0.0,0.0,0.0,0.0,0.0,0.0,0.0,0.0,0.0,0.0,0.0,0.0,0.0,0.0,benign
0.0,0.0,0.0,0.0,0.0,0.0,26.0,0.0,11.0,11.0,0.0,54.0,17.0,0.0,287.90052079936083,12.0,12.0,3.0,2.0,17.0,0.0,0.0,0.0,24.0,0.143224,0.0,0.0337662474208462,61.0,94.30752738897476,660.0,benign
0.0,0.0,0.0,0.0,0.0,0.0,0.0,0.0,0.0,0.0,0.0,0.0,0.0,0.0,0.0,0.0,0.0,0.0,0.0,0.0,0.0,0.0,0.0,0.0,0.0,0.0,0.0,0.0,0.0,0.0,benign
0.0,0.0,0.0,0.0,0.0,0.0,0.0,0.0,0.0,0.0,0.0,0.0,0.0,0.0,0.0,0.0,0.0,0.0,0.0,0.0,0.0,0.0,0.0,0.0,0.0,0.0,0.0,0.0,0.0,0.0,benign
0.0,0.0,1.0,0.0,1.0,0.0,0.0,0.0,2.0,2.0,0.0,54.0,1.0,0.0,7.5,2.0,2.0,1.0,1.0,1.0,0.0,0.0,0.0,24.0,0.039776,0.0,0.019888,64.0,95.5,5610.0,benign
0.0,0.0,0.0,0.0,0.0,0.0,0.0,0.0,0.0,0.0,0.0,0.0,0.0,0.0,0.0,0.0,0.0,0.0,0.0,0.0,0.0,0.0,0.0,0.0,0.0,0.0,0.0,0.0,0.0,0.0,benign
0.0,0.0,0.0,0.0,0.0,0.0,0.0,0.0,0.0,0.0,0.0,0.0,0.0,0.0,0.0,0.0,0.0,0.0,0.0,0.0,0.0,0.0,0.0,0.0,0.0,0.0,0.0,0.0,0.0,0.0,benign
0.0,0.0,0.0,0.0,0.0,0.0,0.0,0.0,0.0,0.0,0.0,0.0,0.0,0.0,0.0,0.0,0.0,0.0,0.0,0.0,0.0,0.0,0.0,0.0,0.0,0.0,0.0,0.0,0.0,0.0,benign
0.0,0.0,0.0,0.0,0.0,0.0,0.0,0.0,1.0,2.0,0.0,214.0,0.0,180.0,0.0,1.0,1.0,0.0,1.0,0.0,0.0,0.0,0.0,0.0,0.026428,0.026428,0.0,255.0,0.0,0.0,benign
0.0,0.0,0.0,0.0,0.0,0.0,0.0,0.0,0.0,0.0,0.0,0.0,0.0,0.0,0.0,0.0,0.0,0.0,0.0,0.0,0.0,0.0,0.0,0.0,0.0,0.0,0.0,0.0,0.0,0.0,benign
9.0,0.0,1.0,0.0,1.0,0.0,61.66666666666666,0.0,2.0,2.0,0.0,54.0,2.0,0.0,8.5,2.0,2.0,2.0,2.0,1.0,0.0,0.0,0.0,24.0,0.024735,0.0,0.0100664873807848,64.0,95.5,5636.0,benign
0.0,0.0,0.0,0.0,0.0,0.0,0.0,0.0,0.0,0.0,0.0,0.0,0.0,0.0,0.0,0.0,0.0,0.0,0.0,0.0,0.0,0.0,0.0,0.0,0.0,0.0,0.0,0.0,0.0,0.0,benign
5.0,0.0,1.0,0.0,1.0,0.0,0.0,0.0,2.0,2.0,0.0,54.0,1.0,0.0,8.5,2.0,2.0,1.0,1.0,1.0,0.0,0.0,0.0,24.0,0.078141,0.0,0.0390705,64.0,95.5,5602.0,benign
0.0,0.0,0.0,0.0,0.0,0.0,51.0,0.0,2.0,2.0,0.0,60.0,1.0,0.0,0.0,0.0,0.0,1.0,1.0,0.0,0.0,0.0,0.0,0.0,0.005948,0.001031,0.0024585,0.0,0.0,0.0,benign
13.0,26.0,0.1428571428571428,0.0,0.7142857142857143,0.0,0.1926552427130971,0.0,0.4285714285714285,0.4285714285714285,1460.0,60.0,4389.285714285715,0.0,4.74226821418352,3535.0,769.5714285714286,0.2857142857142857,0.2857142857142857,0.7142857142857143,795.4285714285714,4386.714285714285,0.0,24.0,0.000553831,2.6e-08,4.63251019948434e-05,64.0,68.85744960703883,5710.0,ddos
22.3,0.0,1.0,0.0,7.0,0.0,9.333333333333334,0.0,2.0,2.0,0.0,54.0,2.0,0.0,84.81560882290476,2.0,2.0,1.0,1.0,2.0,0.0,0.0,0.0,24.0,0.027107,0.0,0.0111997982431604,64.0,95.5,5636.0,benign
0.0,0.0,0.0,0.0,0.0,0.0,0.0,0.0,0.0,0.0,0.0,0.0,0.0,0.0,0.0,0.0,0.0,0.0,0.0,0.0,0.0,0.0,0.0,0.0,0.0,0.0,0.0,0.0,0.0,0.0,benign
2.0,0.0,1.0,0.0,1.0,0.0,0.0,0.0,2.0,2.0,0.0,54.0,1.0,0.0,8.5,2.0,2.0,1.0,1.0,1.0,0.0,0.0,0.0,24.0,0.0019,0.0,0.00095,64.0,95.5,5646.0,benign
0.0,0.0,0.0,0.0,0.0,0.0,0.0,0.0,0.0,0.0,0.0,0.0,0.0,0.0,0.0,0.0,0.0,0.0,0.0,0.0,0.0,0.0,0.0,0.0,0.0,0.0,0.0,0.0,0.0,0.0,benign
0.0,0.0,0.0,0.0,0.0,0.0,0.0,0.0,1.0,2.0,0.0,60.0,0.0,0.0,0.0,0.0,0.0,0.0,1.0,0.0,0.0,0.0,0.0,0.0,0.041627,0.041627,0.0,0.0,0.0,0.0,benign
0.0,0.0,0.0,0.0,0.0,0.0,0.0,0.0,1.0,2.0,0.0,60.0,0.0,0.0,0.0,0.0,0.0,0.0,1.0,0.0,0.0,0.0,0.0,0.0,0.003333,0.003333,0.0,0.0,0.0,0.0,benign
0.0,0.0,0.0,0.0,0.0,0.0,0.0,0.0,0.0,0.0,0.0,0.0,0.0,0.0,0.0,0.0,0.0,0.0,0.0,0.0,0.0,0.0,0.0,0.0,0.0,0.0,0.0,0.0,0.0,0.0,benign
0.0,0.0,0.0,0.0,0.0,0.0,0.0,0.0,1.0,2.0,0.0,970.0,0.0,936.0,0.0,1.0,1.0,0.0,1.0,0.0,0.0,0.0,0.0,0.0,0.033289,0.033289,0.0,64.0,0.0,0.0,benign
0.0,0.0,0.0,0.0,0.0,0.0,0.0,0.0,0.0,0.0,0.0,0.0,0.0,0.0,0.0,0.0,0.0,0.0,0.0,0.0,0.0,0.0,0.0,0.0,0.0,0.0,0.0,0.0,0.0,0.0,benign
-0.69,0.5841803374529706,2.0,0.0,2.0,0.0,1.0,0.0,2.0,2.0,0.0,54.0,2.0,0.0,19.327585352432298,2.0,2.0,1.0,1.0,1.0,0.0,0.0,0.0,24.0,0.091553,0.0,0.0431584980919813,64.0,90.03826347108705,5554.0,benign
12.0,0.0,1.0,0.0,1.0,0.0,0.0,0.0,2.0,2.0,0.0,54.0,1.0,0.0,10.5,2.0,2.0,1.0,1.0,1.0,0.0,0.0,0.0,24.0,0.039096,0.0,0.019548,64.0,95.5,5590.0,benign
0.0,0.0,1.0,0.0,1.0,0.0,0.0,0.0,2.0,2.0,0.0,54.0,1.0,0.0,7.5,2.0,2.0,1.0,1.0,1.0,0.0,0.0,0.0,24.0,0.009486,1e-06,0.0047425,64.0,95.5,5564.0,benign
210.0,0.0,1.0,0.0,2.0,0.0,0.6666666666666666,0.0,2.0,2.0,0.0,54.0,2.0,0.0,10.594810050208546,2.0,2.0,1.0,1.0,2.0,0.0,0.0,0.0,24.0,0.016145,0.0,0.0067238594200057,64.0,95.5,5544.0,benign
0.0,0.0,0.0,0.0,0.0,0.0,0.0,0.0,0.0,0.0,0.0,0.0,0.0,0.0,0.0,0.0,0.0,0.0,0.0,0.0,0.0,0.0,0.0,0.0,0.0,0.0,0.0,0.0,0.0,0.0,benign
0.0,0.0,0.0,0.0,0.0,0.0,0.0,0.0,0.0,0.0,0.0,0.0,0.0,0.0,0.0,0.0,0.0,0.0,0.0,0.0,0.0,0.0,0.0,0.0,0.0,0.0,0.0,0.0,0.0,0.0,benign
0.0,0.0,0.0,0.0,0.0,0.0,0.0,0.0,0.0,0.0,0.0,0.0,0.0,0.0,0.0,0.0,0.0,0.0,0.0,0.0,0.0,0.0,0.0,0.0,0.0,0.0,0.0,0.0,0.0,0.0,benign
0.0,0.0,0.0,0.0,0.0,0.0,0.0,0.0,0.0,0.0,0.0,0.0,0.0,0.0,0.0,0.0,0.0,0.0,0.0,0.0,0.0,0.0,0.0,0.0,0.0,0.0,0.0,0.0,0.0,0.0,benign
0.0,0.0,0.0,0.0,0.0,0.0,0.0,0.0,0.0,0.0,0.0,0.0,0.0,0.0,0.0,0.0,0.0,0.0,0.0,0.0,0.0,0.0,0.0,0.0,0.0,0.0,0.0,0.0,0.0,0.0,benign
0.0,0.0,0.0,0.0,0.0,0.0,0.0,0.0,0.0,0.0,0.0,0.0,0.0,0.0,0.0,0.0,0.0,0.0,0.0,0.0,0.0,0.0,0.0,0.0,0.0,0.0,0.0,0.0,0.0,0.0,benign
0.0,0.0,0.0,0.0,0.0,0.0,0.0,0.0,0.0,0.0,0.0,0.0,0.0,0.0,0.0,0.0,0.0,0.0,0.0,0.0,0.0,0.0,0.0,0.0,0.0,0.0,0.0,0.0,0.0,0.0,benign
0.0,0.0,0.0,0.0,0.0,0.0,0.0,0.0,0.0,0.0,0.0,0.0,0.0,0.0,0.0,0.0,0.0,0.0,0.0,0.0,0.0,0.0,0.0,0.0,0.0,0.0,0.0,0.0,0.0,0.0,benign
0.0,0.0,0.0,0.0,0.0,0.0,0.0,0.0,0.0,0.0,0.0,0.0,0.0,0.0,0.0,0.0,0.0,0.0,0.0,0.0,0.0,0.0,0.0,0.0,0.0,0.0,0.0,0.0,0.0,0.0,benign
0.0,0.0,0.0,0.0,0.0,0.0,19.6875,0.0,12.0,12.0,0.0,54.0,16.0,0.0,438.6861551265603,13.0,13.0,3.0,2.0,16.0,0.0,0.0,0.0,24.0,0.114473,0.0,0.0283405783693695,61.0,94.55609885690954,660.0,benign
0.0,0.0,0.0,0.0,0.0,0.0,0.0,0.0,0.0,0.0,0.0,0.0,0.0,0.0,0.0,0.0,0.0,0.0,0.0,0.0,0.0,0.0,0.0,0.0,0.0,0.0,0.0,0.0,0.0,0.0,benign
0.0,0.0,0.0,0.0,0.0,0.0,0.0,0.0,0.0,0.0,0.0,0.0,0.0,0.0,0.0,0.0,0.0,0.0,0.0,0.0,0.0,0.0,0.0,0.0,0.0,0.0,0.0,0.0,0.0,0.0,benign
0.0,0.0,0.0,0.0,0.0,0.0,0.0,0.0,0.0,0.0,0.0,0.0,0.0,0.0,0.0,0.0,0.0,0.0,0.0,0.0,0.0,0.0,0.0,0.0,0.0,0.0,0.0,0.0,0.0,0.0,benign
0.0,0.0,0.0,0.0,0.0,0.0,0.0,0.0,0.0,0.0,0.0,0.0,0.0,0.0,0.0,0.0,0.0,0.0,0.0,0.0,0.0,0.0,0.0,0.0,0.0,0.0,0.0,0.0,0.0,0.0,benign
0.0,0.0,0.0,0.0,0.0,0.0,0.0,0.0,0.0,0.0,0.0,0.0,0.0,0.0,0.0,0.0,0.0,0.0,0.0,0.0,0.0,0.0,0.0,0.0,0.0,0.0,0.0,0.0,0.0,0.0,benign
0.0,0.0,0.0,0.0,0.0,0.0,0.0068080136160272,0.0,1.0,1.1428571428571428,0.0,60.0,145071.14285714287,0.0,0.0282774101982411,0.2857142857142857,9416.57142857143,0.4285714285714285,0.2857142857142857,0.7142857142857143,145069.0,0.0,0.0,24.0,0.000610138,2.5e-08,4.139236899165191e-05,64.0,0.2680464821330433,512.0,ddos
0.0,0.0,0.0,0.0,0.0,0.0,0.0,0.0,0.0,2.0,0.0,198.0,0.0,0.0,0.0,0.0,0.0,0.0,1.0,0.0,0.0,0.0,0.0,0.0,0.043766,0.043766,0.0,0.0,0.0,0.0,benign
210.0,0.0,1.0,0.0,2.0,0.0,1.3333333333333333,0.0,2.0,2.0,0.0,54.0,2.0,0.0,10.594810050208546,2.0,2.0,1.0,1.0,2.0,0.0,0.0,0.0,24.0,0.068434,0.000256,0.0291813347364372,64.0,95.5,5566.0,benign
0.0,0.0,0.0,0.0,0.0,0.0,0.0,0.0,0.0,2.0,0.0,94.0,0.0,40.0,10.5,1.0,1.0,0.0,1.0,0.0,0.0,0.0,0.0,0.0,0.008576,0.0,0.004288,0.0,0.0,0.0,benign
0.0,0.0,0.0,0.0,0.0,0.0,0.0,0.0,0.0,0.0,0.0,0.0,0.0,0.0,0.0,0.0,0.0,0.0,0.0,0.0,0.0,0.0,0.0,0.0,0.0,0.0,0.0,0.0,0.0,0.0,benign
0.0,0.0,0.0,0.0,0.0,0.0,0.0,0.0,0.0,0.0,0.0,0.0,0.0,0.0,0.0,0.0,0.0,0.0,0.0,0.0,0.0,0.0,0.0,0.0,0.0,0.0,0.0,0.0,0.0,0.0,benign
0.0,0.0,0.0,0.0,0.0,0.0,0.0,0.0,0.0,0.0,0.0,0.0,0.0,0.0,0.0,0.0,0.0,0.0,0.0,0.0,0.0,0.0,0.0,0.0,0.0,0.0,0.0,0.0,0.0,0.0,benign
0.0,0.0,0.0,0.0,0.0,0.0,0.0,0.0,0.0,0.0,0.0,0.0,0.0,0.0,0.0,0.0,0.0,0.0,0.0,0.0,0.0,0.0,0.0,0.0,0.0,0.0,0.0,0.0,0.0,0.0,benign
0.0,0.0,0.0,0.0,0.0,0.0,30.375,0.0,11.0,11.0,0.0,54.0,16.0,0.0,378.8865519964341,12.0,12.0,3.0,2.0,16.0,0.0,0.0,0.0,24.0,0.079922,0.0,0.0220262658950643,61.0,94.55609885690954,660.0,benign
212.0,0.0,1.0,0.0,2.0,0.0,0.6666666666666666,0.0,2.0,2.0,0.0,54.0,2.0,0.0,10.594810050208546,2.0,2.0,1.0,1.0,2.0,0.0,0.0,0.0,24.0,0.026094,0.0,0.0109772649456729,64.0,95.5,5592.0,benign
0.0,0.0,0.0,0.0,0.0,0.0,22.29299363057325,0.0,0.4285714285714285,0.4285714285714285,1460.0,60.0,23.714285714285715,0.0,15.617334996898563,21.285714285714285,21.285714285714285,0.1428571428571428,0.4285714285714285,0.0,20.714285714285715,23.714285714285715,0.0,20.0,0.046764795,3.3e-08,0.0028205092090451,37.0,103.37415304201232,1024.0,recon
0.0,0.0,0.0,0.0,0.0,0.0,0.0,0.0,0.0,0.0,0.0,0.0,0.0,0.0,0.0,0.0,0.0,0.0,0.0,0.0,0.0,0.0,0.0,0.0,0.0,0.0,0.0,0.0,0.0,0.0,benign
0.0,0.0,0.0,0.0,0.0,0.0,1584.6666666666667,0.0,0.4285714285714285,0.4285714285714285,0.0,60.0,0.1428571428571428,180.0,0.0,0.1428571428571428,0.1428571428571428,0.1428571428571428,0.2857142857142857,0.0,0.0,0.0,0.0,0.0,0.01499486,0.005285102,0.0036026004690111,255.0,0.0,0.0,recon
0.0,0.0,0.0,0.0,0.0,0.0,0.0,0.0,0.0,0.0,0.0,0.0,0.0,0.0,0.0,0.0,0.0,0.0,0.0,0.0,0.0,0.0,0.0,0.0,0.0,0.0,0.0,0.0,0.0,0.0,benign
209.0,0.0,1.0,0.0,2.0,0.0,0.6666666666666666,0.0,2.0,2.0,0.0,54.0,2.0,0.0,10.594810050208546,2.0,2.0,1.0,1.0,2.0,0.0,0.0,0.0,24.0,0.013039,0.0,0.0053891391937859,64.0,95.5,5546.0,benign
909.0,0.0,2.0,0.0,3.0,0.0,3.0,0.0,2.0,2.0,0.0,54.0,2.0,0.0,22.93877721239735,2.0,2.0,1.0,1.0,2.0,0.0,0.0,0.0,24.0,0.030763,0.0,0.0125720075266442,64.0,95.5,5622.0,benign
0.0,0.0,0.0,0.0,0.0,0.0,0.0,0.0,0.0,0.0,0.0,0.0,0.0,0.0,0.0,0.0,0.0,0.0,0.0,0.0,0.0,0.0,0.0,0.0,0.0,0.0,0.0,0.0,0.0,0.0,benign
0.0,0.0,0.0,0.0,0.0,0.0,0.0,0.0,0.0,0.0,0.0,0.0,0.0,0.0,0.0,0.0,0.0,0.0,0.0,0.0,0.0,0.0,0.0,0.0,0.0,0.0,0.0,0.0,0.0,0.0,benign
0.0,0.0,0.0,0.0,0.0,0.0,0.0,0.0,0.0,0.0,0.0,0.0,0.0,0.0,0.0,0.0,0.0,0.0,0.0,0.0,0.0,0.0,0.0,0.0,0.0,0.0,0.0,0.0,0.0,0.0,benign
0.0,0.0,0.0,0.0,0.0,0.0,0.0,0.0,0.0,0.0,0.0,0.0,0.0,0.0,0.0,0.0,0.0,0.0,0.0,0.0,0.0,0.0,0.0,0.0,0.0,0.0,0.0,0.0,0.0,0.0,benign
908.0,0.0,2.0,0.0,3.0,0.0,0.6666666666666666,0.0,2.0,2.0,0.0,54.0,2.0,0.0,22.93877721239735,2.0,2.0,1.0,1.0,2.0,0.0,0.0,0.0,24.0,0.01107,0.0,0.0045487971693075,64.0,95.5,5628.0,benign
0.0,0.0,0.0,0.0,0.0,0.0,0.0,0.0,0.0,0.0,0.0,0.0,0.0,0.0,0.0,0.0,0.0,0.0,0.0,0.0,0.0,0.0,0.0,0.0,0.0,0.0,0.0,0.0,0.0,0.0,benign
13.0,0.0,1.0,0.0,1.0,0.0,44.66666666666666,0.0,3.0,3.0,0.0,54.0,2.0,0.0,10.5,2.0,2.0,2.0,2.0,1.0,0.0,0.0,0.0,24.0,0.039604,1e-06,0.0160573015693017,64.0,95.5,5642.0,benign
3.0,0.0,1.0,0.0,1.0,0.0,0.0,0.0,2.0,2.0,0.0,54.0,1.0,0.0,8.5,2.0,2.0,1.0,1.0,1.0,0.0,0.0,0.0,24.0,0.009143,0.0,0.0045715,64.0,95.5,5596.0,benign
0.0,0.0,0.0,0.0,0.0,0.0,0.0,0.0,0.0,0.0,0.0,0.0,0.0,0.0,0.0,0.0,0.0,0.0,0.0,0.0,0.0,0.0,0.0,0.0,0.0,0.0,0.0,0.0,0.0,0.0,benign
0.0,0.0,2.0,0.0,4.0,0.0,0.6666666666666666,0.0,2.0,2.0,0.0,54.0,2.0,0.0,38.05587996617606,2.0,2.0,1.0,1.0,2.0,0.0,0.0,0.0,24.0,0.053137,0.0,0.0226575935215437,64.0,95.5,5578.0,benign
-0.7,1.142813292809557,2.0,0.0,2.0,0.0,1.5,0.0,2.0,2.0,0.0,54.0,2.0,0.0,18.856180831641264,2.0,2.0,1.0,1.0,1.0,0.0,0.0,0.0,24.0,0.018062,0.0,0.0083780115911964,64.0,90.03826347108705,5544.0,benign
0.0,0.0,0.0,0.0,0.0,0.0,26.89189189189189,0.0,11.0,11.0,0.0,54.0,18.0,0.0,372.933992102321,12.0,12.0,3.0,3.0,19.0,0.0,0.0,0.0,24.0,0.142815,0.0,0.0335512249076545,61.0,94.438976178306,660.0,benign
0.0,0.0,0.0,0.0,0.0,0.0,0.0,0.0,0.0,0.0,0.0,0.0,0.0,0.0,0.0,0.0,0.0,0.0,0.0,0.0,0.0,0.0,0.0,0.0,0.0,0.0,0.0,0.0,0.0,0.0,benign
0.0,0.0,0.0,0.0,0.0,0.0,0.0,0.0,0.0,0.0,0.0,0.0,0.0,0.0,0.0,0.0,0.0,0.0,0.0,0.0,0.0,0.0,0.0,0.0,0.0,0.0,0.0,0.0,0.0,0.0,benign
0.0,0.0,0.0,0.0,0.0,0.0,99.0,0.0,2.0,2.0,0.0,54.0,3.0,0.0,152.81143063702183,2.0,2.0,2.0,2.0,2.0,1.0,0.0,0.0,24.0,0.081687,0.0,0.0354617854289029,240.0,7.5,2061.0,benign
0.0,0.0,0.0,0.0,0.0,0.0,0.0,0.0,0.0,0.0,0.0,0.0,0.0,0.0,0.0,0.0,0.0,0.0,0.0,0.0,0.0,0.0,0.0,0.0,0.0,0.0,0.0,0.0,0.0,0.0,benign
3.0,0.0,1.0,0.0,1.0,0.0,0.0,0.0,2.0,2.0,0.0,54.0,1.0,0.0,8.5,2.0,2.0,1.0,1.0,1.0,0.0,0.0,0.0,24.0,0.027602,0.0,0.013801,64.0,95.5,5632.0,benign
0.0,0.0,0.0,0.0,0.0,0.0,0.0,0.0,0.0,0.0,0.0,0.0,0.0,0.0,0.0,0.0,0.0,0.0,0.0,0.0,0.0,0.0,0.0,0.0,0.0,0.0,0.0,0.0,0.0,0.0,benign
211.0,0.0,1.0,0.0,2.0,0.0,1.3333333333333333,0.0,2.0,2.0,0.0,54.0,2.0,0.0,10.594810050208546,2.0,2.0,1.0,1.0,2.0,0.0,0.0,0.0,24.0,0.008176,0.0,0.0033570234118188,64.0,95.5,5564.0,benign
0.0,0.0,0.0,0.0,0.0,0.0,0.0,0.0,0.0,0.0,0.0,0.0,0.0,0.0,0.0,0.0,0.0,0.0,0.0,0.0,0.0,0.0,0.0,0.0,0.0,0.0,0.0,0.0,0.0,0.0,benign
0.0,0.0,0.0,0.0,0.0,0.0,0.0,0.0,0.0,0.0,0.0,0.0,0.0,0.0,0.0,0.0,0.0,0.0,0.0,0.0,0.0,0.0,0.0,0.0,0.0,0.0,0.0,0.0,0.0,0.0,benign
0.0,0.0,0.0,0.0,0.0,0.0,302.5,0.0,3.0,3.0,0.0,98.0,1.0,196.0,0.0,1.0,1.0,1.0,1.0,0.0,0.0,0.0,0.0,0.0,0.041311,1e-06,0.0180632389122216,64.0,0.0,0.0,benign
0.0,0.0,0.0,0.0,0.0,0.0,0.0,0.0,0.0,0.0,0.0,0.0,0.0,0.0,0.0,0.0,0.0,0.0,0.0,0.0,0.0,0.0,0.0,0.0,0.0,0.0,0.0,0.0,0.0,0.0,benign
120.0,0.0,1.0,0.0,2.0,0.0,1.0,0.0,2.0,2.0,0.0,54.0,2.0,0.0,11.0227038425243,2.0,2.0,1.0,1.0,2.0,0.0,0.0,0.0,24.0,0.044928,0.0,0.0191401278257878,64.0,95.5,5574.0,benign
2.0,0.0,1.0,0.0,1.0,0.0,0.0,0.0,2.0,2.0,0.0,54.0,1.0,0.0,8.5,2.0,2.0,1.0,1.0,1.0,0.0,0.0,0.0,24.0,0.091708,0.0,0.045854,64.0,95.5,5620.0,benign
0.0,0.0,0.0,0.0,0.0,0.0,0.0,0.0,0.0,0.0,0.0,0.0,0.0,0.0,0.0,0.0,0.0,0.0,0.0,0.0,0.0,0.0,0.0,0.0,0.0,0.0,0.0,0.0,0.0,0.0,benign
22.3,0.0,1.0,0.0,7.0,0.0,2.0,0.0,2.0,2.0,0.0,54.0,2.0,0.0,84.81560882290476,2.0,2.0,1.0,1.0,2.0,0.0,0.0,0.0,24.0,0.012924,0.0,0.0052542501546367,64.0,95.5,5616.0,benign
0.0,0.0,0.0,0.0,0.0,0.0,9.285714285714286,0.0,7.0,3.0,1412.0,64.0,37.0,0.0,500.8116196289654,7.0,7.0,4.0,4.0,41.0,0.0,2.0,0.0,194.0,0.109857,0.0,0.0160865364476109,56.0,27.9625116140449,660.0,benign
0.0,0.0,0.0,0.0,0.0,0.0,0.0,0.0,1.0,2.0,0.0,60.0,0.0,0.0,0.0,0.0,0.0,0.0,1.0,0.0,0.0,0.0,0.0,0.0,0.009826,0.009826,0.0,0.0,0.0,0.0,benign
858.0,5.1269595556932455,0.1428571428571428,1004.1666666666666,1.0,0.0,22.244372990353696,0.0,0.4285714285714285,0.4285714285714285,1460.0,60.0,22.285714285714285,0.0,2.525559251282332,21.571428571428573,21.571428571428573,0.2857142857142857,0.4285714285714285,1.0,21.142857142857142,21.142857142857142,0.0,24.0,0.029457162,3.3e-08,0.0020718624284298,37.0,103.49839633397454,1024.0,recon
0.0,0.0,0.0,0.0,0.0,0.0,0.0,0.0,1.0,2.0,0.0,230.0,0.0,196.0,0.0,1.0,1.0,0.0,1.0,0.0,0.0,0.0,0.0,0.0,0.003409,0.003409,0.0,255.0,0.0,0.0,benign
22.4,0.0,1.0,0.0,7.0,0.0,0.6666666666666666,0.0,2.0,2.0,0.0,54.0,2.0,0.0,84.81560882290476,2.0,2.0,1.0,1.0,2.0,0.0,0.0,0.0,24.0,0.002342,0.0,0.0011525550691832,64.0,95.5,5586.0,benign
0.0,0.0,0.0,0.0,0.0,0.0,27.1195219123506,0.0,0.4285714285714285,0.4285714285714285,1460.0,60.0,18.0,0.0,0.0,17.857142857142858,17.857142857142858,0.2857142857142857,0.2857142857142857,0.0,17.714285714285715,17.714285714285715,0.0,20.0,0.002569461,3.2e-08,0.0006082929088979,37.0,9.590262767952549,0.0,recon
0.0,0.0,0.0,0.0,0.0,0.0,0.0,0.0,0.0,0.0,0.0,0.0,0.0,0.0,0.0,0.0,0.0,0.0,0.0,0.0,0.0,0.0,0.0,0.0,0.0,0.0,0.0,0.0,0.0,0.0,benign
-0.69,0.5840281576164704,2.0,0.0,2.0,0.0,1.0,0.0,2.0,2.0,0.0,54.0,2.0,0.0,19.327585352432298,2.0,2.0,1.0,1.0,1.0,0.0,0.0,0.0,24.0,1e-06,0.0,4.714045207910317e-07,64.0,90.03826347108705,5560.0,benign
0.0,0.0,1.0,0.0,1.0,0.0,0.0,0.0,2.0,2.0,0.0,54.0,1.0,0.0,7.5,2.0,2.0,1.0,1.0,1.0,0.0,0.0,0.0,24.0,0.04555,0.0,0.022775,64.0,95.5,5534.0,benign
0.0,0.0,0.0,0.0,0.0,0.0,0.0,0.0,1.0,2.0,0.0,60.0,1.0,0.0,0.0,0.0,0.0,1.0,0.0,0.0,0.0,0.0,0.0,0.0,0.029699,0.029699,0.0,0.0,0.0,0.0,benign
0.0,0.0,0.0,0.0,0.0,0.0,0.0,0.0,0.0,0.0,0.0,0.0,0.0,0.0,0.0,0.0,0.0,0.0,0.0,0.0,0.0,0.0,0.0,0.0,0.0,0.0,0.0,0.0,0.0,0.0,benign
0.0,0.0,0.0,0.0,0.0,0.0,0.0,0.0,0.0,0.0,0.0,0.0,0.0,0.0,0.0,0.0,0.0,0.0,0.0,0.0,0.0,0.0,0.0,0.0,0.0,0.0,0.0,0.0,0.0,0.0,benign
1023.0,0.0,1.0,0.0,1.0,0.0,0.0,0.0,2.0,2.0,0.0,54.0,1.0,0.0,9.0,2.0,2.0,1.0,1.0,1.0,0.0,0.0,0.0,24.0,0.001334,0.0,0.000667,64.0,95.5,5572.0,benign
13.0,0.0,1.0,0.0,1.0,0.0,0.0,0.0,2.0,2.0,0.0,54.0,1.0,0.0,10.5,2.0,2.0,1.0,1.0,1.0,0.0,0.0,0.0,24.0,0.02562,1e-06,0.0128095,64.0,95.5,5646.0,benign
0.0,0.0,0.0,0.0,0.0,0.0,0.0,0.0,0.0,0.0,0.0,0.0,0.0,0.0,0.0,0.0,0.0,0.0,0.0,0.0,0.0,0.0,0.0,0.0,0.0,0.0,0.0,0.0,0.0,0.0,benign
0.0,0.0,0.0,0.0,0.0,0.0,0.0,0.0,0.0,0.0,0.0,0.0,0.0,0.0,0.0,0.0,0.0,0.0,0.0,0.0,0.0,0.0,0.0,0.0,0.0,0.0,0.0,0.0,0.0,0.0,benign
0.0,0.0,0.0,0.0,0.0,0.0,97.89473684210526,0.0,0.4285714285714285,0.4285714285714285,1460.0,60.0,3.142857142857143,0.0,205.3464031804436,1.4285714285714286,1.4285714285714286,0.2857142857142857,0.5714285714285714,1.7142857142857142,0.7142857142857143,0.8571428571428571,0.0,25.0,0.031586003,3.4e-08,0.0052426861960866,64.0,0.0,0.0,recon
0.0,0.0,0.0,0.0,0.0,0.0,123.0,0.0,0.4285714285714285,0.4285714285714285,0.0,60.0,0.1428571428571428,180.0,0.0,0.1428571428571428,0.1428571428571428,0.1428571428571428,0.2857142857142857,0.0,0.0,0.0,0.0,0.0,0.004378463,0.000472239,0.0014355294770274,255.0,0.0,0.0,recon
0.0,0.0,0.0,0.0,0.0,0.0,0.0,0.0,0.0,0.0,0.0,0.0,0.0,0.0,0.0,0.0,0.0,0.0,0.0,0.0,0.0,0.0,0.0,0.0,0.0,0.0,0.0,0.0,0.0,0.0,benign
0.0,0.0,0.0,0.0,0.0,0.0,0.0,0.0,0.0,0.0,0.0,0.0,0.0,0.0,0.0,0.0,0.0,0.0,0.0,0.0,0.0,0.0,0.0,0.0,0.0,0.0,0.0,0.0,0.0,0.0,benign
0.0,0.0,0.0,0.0,0.0,0.0,0.0,0.0,0.0,0.0,0.0,0.0,0.0,0.0,0.0,0.0,0.0,0.0,0.0,0.0,0.0,0.0,0.0,0.0,0.0,0.0,0.0,0.0,0.0,0.0,benign
0.0,0.0,0.0,0.0,0.0,0.0,0.0,0.0,1.0,2.0,0.0,60.0,0.0,0.0,0.0,0.0,0.0,0.0,1.0,0.0,0.0,0.0,0.0,0.0,0.076548,0.076548,0.0,0.0,0.0,0.0,benign
0.0,0.0,0.0,0.0,0.0,0.0,81.0,0.0,2.0,2.0,0.0,123.0,1.0,69.0,0.0,2.0,2.0,1.0,1.0,2.0,0.0,0.0,0.0,24.0,0.103137,0.014805,0.044166,238.0,8.5,2920.0,benign
0.0,0.0,0.0,0.0,0.0,0.0,0.0,0.0,1.0,2.0,0.0,230.0,0.0,196.0,0.0,1.0,1.0,0.0,1.0,0.0,0.0,0.0,0.0,0.0,0.080211,0.080211,0.0,255.0,0.0,0.0,benign
0.0,0.0,0.0,0.0,0.0,0.0,0.0,0.0,0.0,0.0,0.0,0.0,0.0,0.0,0.0,0.0,0.0,0.0,0.0,0.0,0.0,0.0,0.0,0.0,0.0,0.0,0.0,0.0,0.0,0.0,benign
0.0,0.0,0.0,0.0,0.0,0.0,0.0,0.0,0.0,0.0,0.0,0.0,0.0,0.0,0.0,0.0,0.0,0.0,0.0,0.0,0.0,0.0,0.0,0.0,0.0,0.0,0.0,0.0,0.0,0.0,benign
0.0,0.0,0.0,0.0,0.0,0.0,23.29931972789116,0.0,0.4285714285714285,0.4285714285714285,1460.0,60.0,24.285714285714285,0.0,8.249363507328479,2.0,2.0,0.5714285714285714,0.5714285714285714,23.0,0.2857142857142857,0.2857142857142857,0.0,24.0,0.191909465,2.9e-08,0.0161538471482928,64.0,3.2076464572864603,0.0,bruteforce
0.0,0.0,0.0,0.0,0.0,0.0,0.0,0.0,0.0,0.0,0.0,0.0,0.0,0.0,0.0,0.0,0.0,0.0,0.0,0.0,0.0,0.0,0.0,0.0,0.0,0.0,0.0,0.0,0.0,0.0,benign
0.0,0.0,0.0,0.0,0.0,0.0,0.6666666666666666,0.0,2.0,2.0,0.0,54.0,2.0,0.0,22.93877721239735,2.0,2.0,1.0,1.0,2.0,0.0,0.0,0.0,24.0,0.029864,0.0,0.0126402660647432,64.0,95.5,5610.0,benign
0.0,0.0,0.0,0.0,0.0,0.0,0.031781344350866,2.0,0.2857142857142857,0.2857142857142857,1460.0,60.0,19647.714285714286,0.0,462.3731723523274,1020.7142857142856,1035.571428571429,0.4285714285714285,0.2857142857142857,16550.285714285714,1491.2857142857142,769.2857142857143,0.0,25.0,0.005108003,2.4e-08,9.909655859010516e-05,64.0,0.0,0.0,dos
-0.7,0.5923399924592857,2.0,0.0,2.0,0.0,2.0,0.0,2.0,2.0,0.0,54.0,2.0,0.0,19.327585352432298,2.0,2.0,1.0,1.0,1.0,0.0,0.0,0.0,24.0,0.040421,0.0,0.0190546421348942,64.0,90.03826347108705,5588.0,benign
12.0,0.0,1.0,0.0,1.0,0.0,0.0,0.0,2.0,2.0,0.0,54.0,1.0,0.0,10.5,2.0,2.0,1.0,1.0,1.0,0.0,0.0,0.0,24.0,0.034223,0.0,0.0171115,64.0,95.5,5584.0,benign
3.0,0.0,1.0,0.0,1.0,0.0,0.0,0.0,2.0,2.0,0.0,54.0,1.0,0.0,8.5,2.0,2.0,1.0,1.0,1.0,0.0,0.0,0.0,24.0,0.009368,0.0,0.004684,64.0,95.5,5560.0,benign
140.0,0.0,1.0,0.0,2.0,0.0,121.0,0.0,2.0,3.0,0.0,54.0,2.0,0.0,11.0227038425243,2.0,2.0,1.0,2.0,2.0,0.0,0.0,0.0,24.0,0.10565,0.0,0.041313272929653,64.0,95.5,5566.0,benign
0.0,0.0,0.0,0.0,0.0,0.0,30.566666666666663,0.0,11.0,11.0,0.0,54.0,15.0,0.0,461.2768236238268,12.0,12.0,3.0,2.0,15.0,0.0,0.0,0.0,24.0,0.319447,0.0,0.0655764352558423,61.0,94.41683653804677,660.0,benign
0.0,0.0,0.0,0.0,0.0,0.0,0.0,0.0,0.0,0.0,0.0,0.0,0.0,0.0,0.0,0.0,0.0,0.0,0.0,0.0,0.0,0.0,0.0,0.0,0.0,0.0,0.0,0.0,0.0,0.0,benign
208.0,0.0,1.0,0.0,2.0,0.0,1.0,0.0,2.0,2.0,0.0,54.0,2.0,0.0,10.594810050208546,2.0,2.0,1.0,1.0,2.0,0.0,0.0,0.0,24.0,0.032202,0.0,0.0136245001651436,64.0,95.5,5548.0,benign
0.0,0.0,0.0,0.0,0.0,0.0,0.0,0.0,0.0,2.0,0.0,94.0,0.0,40.0,10.5,1.0,1.0,0.0,1.0,0.0,0.0,0.0,0.0,0.0,0.013789,0.0,0.0068945,0.0,0.0,0.0,benign
0.0,0.0,0.0,0.0,0.0,0.0,0.0,0.0,0.0,0.0,0.0,0.0,0.0,0.0,0.0,0.0,0.0,0.0,0.0,0.0,0.0,0.0,0.0,0.0,0.0,0.0,0.0,0.0,0.0,0.0,benign
0.0,0.0,0.0,0.0,0.0,0.0,0.0,0.0,0.0,0.0,0.0,0.0,0.0,0.0,0.0,0.0,0.0,0.0,0.0,0.0,0.0,0.0,0.0,0.0,0.0,0.0,0.0,0.0,0.0,0.0,benign
0.0,0.0,0.0,0.0,0.0,0.0,39.66666666666666,2.0,2.0,2.0,0.0,66.0,2.0,0.0,20.54872258803452,2.0,2.0,2.0,2.0,2.0,0.0,0.0,0.0,24.0,0.031897,0.0,0.0122359985774557,53.0,5.5,152.0,benign
0.0,0.0,0.0,0.0,0.0,0.0,0.0,0.0,0.0,0.0,0.0,0.0,0.0,0.0,0.0,0.0,0.0,0.0,0.0,0.0,0.0,0.0,0.0,0.0,0.0,0.0,0.0,0.0,0.0,0.0,benign
0.0,0.0,0.0,0.0,0.0,0.0,0.0,0.0,0.0,0.0,0.0,0.0,0.0,0.0,0.0,0.0,0.0,0.0,0.0,0.0,0.0,0.0,0.0,0.0,0.0,0.0,0.0,0.0,0.0,0.0,benign
0.0,0.0,0.0,0.0,0.0,0.0,0.0,0.0,0.0,0.0,0.0,0.0,0.0,0.0,0.0,0.0,0.0,0.0,0.0,0.0,0.0,0.0,0.0,0.0,0.0,0.0,0.0,0.0,0.0,0.0,benign
0.0,0.0,0.0,0.0,0.0,0.0,0.0,0.0,0.0,0.0,0.0,0.0,0.0,0.0,0.0,0.0,0.0,0.0,0.0,0.0,0.0,0.0,0.0,0.0,0.0,0.0,0.0,0.0,0.0,0.0,benign
0.0,0.0,0.0,0.0,0.0,0.0,0.0,0.0,0.0,0.0,0.0,0.0,0.0,0.0,0.0,0.0,0.0,0.0,0.0,0.0,0.0,0.0,0.0,0.0,0.0,0.0,0.0,0.0,0.0,0.0,benign
0.0,0.0,0.0,0.0,0.0,0.0,0.0,0.0,0.0,0.0,0.0,0.0,0.0,0.0,0.0,0.0,0.0,0.0,0.0,0.0,0.0,0.0,0.0,0.0,0.0,0.0,0.0,0.0,0.0,0.0,benign
0.0,0.0,0.0,0.0,0.0,0.0,0.0,0.0,0.0,0.0,0.0,0.0,0.0,0.0,0.0,0.0,0.0,0.0,0.0,0.0,0.0,0.0,0.0,0.0,0.0,0.0,0.0,0.0,0.0,0.0,benign
0.0,0.0,0.0,0.0,0.0,0.0,0.0,0.0,0.0,2.0,0.0,198.0,0.0,0.0,0.0,0.0,0.0,0.0,1.0,0.0,0.0,0.0,0.0,0.0,0.000848,0.000848,0.0,0.0,0.0,0.0,benign
0.0,0.0,0.0,0.0,0.0,0.0,0.0,0.0,0.0,0.0,0.0,0.0,0.0,0.0,0.0,0.0,0.0,0.0,0.0,0.0,0.0,0.0,0.0,0.0,0.0,0.0,0.0,0.0,0.0,0.0,benign
0.0,0.0,0.0,0.0,0.0,0.0,4.0,0.0,2.0,2.0,0.0,60.0,1.0,0.0,0.0,0.0,0.0,1.0,1.0,0.0,0.0,0.0,0.0,0.0,0.01277,0.003909,0.0044305,0.0,0.0,0.0,benign
0.0,0.0,0.0,0.0,0.0,0.0,0.0,0.0,0.0,0.0,0.0,0.0,0.0,0.0,0.0,0.0,0.0,0.0,0.0,0.0,0.0,0.0,0.0,0.0,0.0,0.0,0.0,0.0,0.0,0.0,benign
0.0,0.0,0.0,0.0,0.0,0.0,0.0,0.0,0.0,0.0,0.0,0.0,0.0,0.0,0.0,0.0,0.0,0.0,0.0,0.0,0.0,0.0,0.0,0.0,0.0,0.0,0.0,0.0,0.0,0.0,benign
0.0,0.0,0.0,0.0,0.0,0.0,0.0,0.0,0.0,0.0,0.0,0.0,0.0,0.0,0.0,0.0,0.0,0.0,0.0,0.0,0.0,0.0,0.0,0.0,0.0,0.0,0.0,0.0,0.0,0.0,benign
0.0,0.0,0.0,0.0,0.0,0.0,0.0,0.0,0.0,0.0,0.0,0.0,0.0,0.0,0.0,0.0,0.0,0.0,0.0,0.0,0.0,0.0,0.0,0.0,0.0,0.0,0.0,0.0,0.0,0.0,benign
0.0,0.0,0.0,0.0,0.0,0.0,0.0,0.0,0.0,0.0,0.0,0.0,0.0,0.0,0.0,0.0,0.0,0.0,0.0,0.0,0.0,0.0,0.0,0.0,0.0,0.0,0.0,0.0,0.0,0.0,benign
0.0,0.0,0.0,0.0,0.0,0.0,0.0,0.0,0.0,0.0,0.0,0.0,0.0,0.0,0.0,0.0,0.0,0.0,0.0,0.0,0.0,0.0,0.0,0.0,0.0,0.0,0.0,0.0,0.0,0.0,benign
0.0,0.0,0.0,0.0,0.0,0.0,0.0,0.0,0.0,0.0,0.0,0.0,0.0,0.0,0.0,0.0,0.0,0.0,0.0,0.0,0.0,0.0,0.0,0.0,0.0,0.0,0.0,0.0,0.0,0.0,benign
1023.0,0.0,1.0,0.0,1.0,0.0,0.0,0.0,2.0,2.0,0.0,54.0,1.0,0.0,9.0,2.0,2.0,1.0,1.0,1.0,0.0,0.0,0.0,24.0,0.030279,0.0,0.0151395,64.0,95.5,5580.0,benign
0.0,0.0,0.0,0.0,0.0,0.0,0.0,0.0,0.0,0.0,0.0,0.0,0.0,0.0,0.0,0.0,0.0,0.0,0.0,0.0,0.0,0.0,0.0,0.0,0.0,0.0,0.0,0.0,0.0,0.0,benign
1023.0,0.0,1.0,0.0,1.0,0.0,0.0,0.0,2.0,2.0,0.0,54.0,1.0,0.0,9.0,2.0,2.0,1.0,1.0,1.0,0.0,0.0,0.0,24.0,0.00057,1e-06,0.0002844999999999,64.0,95.5,5572.0,benign
0.0,0.0,0.0,0.0,0.0,0.0,0.0,0.0,0.0,0.0,0.0,0.0,0.0,0.0,0.0,0.0,0.0,0.0,0.0,0.0,0.0,0.0,0.0,0.0,0.0,0.0,0.0,0.0,0.0,0.0,benign
0.0,0.0,0.0,0.0,0.0,0.0,0.0,0.0,1.0,2.0,0.0,214.0,0.0,180.0,0.0,1.0,1.0,0.0,1.0,0.0,0.0,0.0,0.0,0.0,0.1845,0.1845,0.0,255.0,0.0,0.0,benign
0.0,5.310751512983173,0.1428571428571428,1004.1666666666666,1.0,0.0,464.2307692307692,0.0,0.2857142857142857,0.2857142857142857,0.0,60.0,1.0,0.0,7.575470619178773,0.2857142857142857,0.2857142857142857,0.1428571428571428,0.1428571428571428,1.0,0.0,0.0,0.0,24.0,0.360495483,0.000416219,0.0989579941116621,64.0,95.5,5052.0,mitm
0.0,0.0,0.0,0.0,0.0,0.0,2.0,0.0,1.0,2.0,0.0,60.0,0.0,0.0,0.0,0.0,0.0,0.0,1.0,0.0,0.0,0.0,0.0,0.0,0.001591,0.000523,0.000534,0.0,0.0,0.0,benign
0.0,0.0,0.0,0.0,0.0,0.0,0.0,0.0,0.0,0.0,0.0,0.0,0.0,0.0,0.0,0.0,0.0,0.0,0.0,0.0,0.0,0.0,0.0,0.0,0.0,0.0,0.0,0.0,0.0,0.0,benign
1023.0,0.0,1.0,0.0,1.0,0.0,0.0,0.0,2.0,2.0,0.0,54.0,1.0,0.0,9.0,2.0,2.0,1.0,1.0,1.0,0.0,0.0,0.0,24.0,0.034989,0.0,0.0174945,64.0,95.5,5620.0,benign
0.0,0.0,0.0,0.0,0.0,0.0,0.0,0.0,0.0,0.0,0.0,0.0,0.0,0.0,0.0,0.0,0.0,0.0,0.0,0.0,0.0,0.0,0.0,0.0,0.0,0.0,0.0,0.0,0.0,0.0,benign
0.0,0.0,0.0,0.0,0.0,0.0,0.0,0.0,0.0,0.0,0.0,0.0,0.0,0.0,0.0,0.0,0.0,0.0,0.0,0.0,0.0,0.0,0.0,0.0,0.0,0.0,0.0,0.0,0.0,0.0,benign
-0.69,0.5840281576164704,2.0,0.0,2.0,0.0,1.0,0.0,2.0,2.0,0.0,54.0,2.0,0.0,19.327585352432298,2.0,2.0,1.0,1.0,1.0,0.0,0.0,0.0,24.0,0.068453,0.0,0.0322688179620305,64.0,90.03826347108705,5604.0,benign
0.0,0.0,0.0,0.0,0.0,0.0,45.333333333333336,0.0,3.0,3.0,0.0,60.0,2.0,0.0,0.0,0.0,0.0,1.0,1.0,0.0,0.0,0.0,0.0,0.0,0.02144,0.000777,0.0083733120500492,0.0,0.0,0.0,benign
0.0,0.0,0.0,0.0,0.0,0.0,0.0,0.0,0.0,0.0,0.0,0.0,0.0,0.0,0.0,0.0,0.0,0.0,0.0,0.0,0.0,0.0,0.0,0.0,0.0,0.0,0.0,0.0,0.0,0.0,benign
0.0,0.0,0.0,0.0,0.0,0.0,0.0,0.0,0.0,0.0,0.0,0.0,0.0,0.0,0.0,0.0,0.0,0.0,0.0,0.0,0.0,0.0,0.0,0.0,0.0,0.0,0.0,0.0,0.0,0.0,benign
0.0,0.0,0.0,0.0,0.0,0.0,0.0,0.0,0.0,0.0,0.0,0.0,0.0,0.0,0.0,0.0,0.0,0.0,0.0,0.0,0.0,0.0,0.0,0.0,0.0,0.0,0.0,0.0,0.0,0.0,benign
0.0,0.0,0.0,0.0,0.0,0.0,0.0,0.0,0.0,0.0,0.0,0.0,0.0,0.0,0.0,0.0,0.0,0.0,0.0,0.0,0.0,0.0,0.0,0.0,0.0,0.0,0.0,0.0,0.0,0.0,benign
0.0,0.0,0.0,0.0,0.0,0.0,29.0,2.0,2.0,2.0,0.0,66.0,1.0,0.0,39.0,2.0,2.0,1.0,1.0,1.0,0.0,0.0,0.0,24.0,0.164229,0.008696,0.0777665,64.0,92.0,442.0,benign
0.0,0.0,0.0,0.0,0.0,0.0,0.0,0.0,1.0,2.0,0.0,214.0,0.0,180.0,0.0,1.0,1.0,0.0,1.0,0.0,0.0,0.0,0.0,0.0,0.000679,0.000679,0.0,255.0,0.0,0.0,benign
0.0,0.0,0.0,0.0,0.0,0.0,0.2820130550406963,0.0,2.142857142857143,1.1428571428571428,1412.0,60.0,1774.142857142857,0.0,38.57609614975059,148.0,148.0,0.7142857142857143,0.8571428571428571,3.7142857142857135,1764.428571428571,1768.571428571429,0.0,24.0,0.127197796,2.6e-08,0.0019443547033605,37.0,10.122721681952656,0.0,recon
0.0,0.0,0.0,0.0,0.0,0.0,0.0,0.0,0.0,0.0,0.0,0.0,0.0,0.0,0.0,0.0,0.0,0.0,0.0,0.0,0.0,0.0,0.0,0.0,0.0,0.0,0.0,0.0,0.0,0.0,benign
0.0,0.0,0.0,0.0,0.0,0.0,0.0,0.0,0.0,0.0,0.0,0.0,0.0,0.0,0.0,0.0,0.0,0.0,0.0,0.0,0.0,0.0,0.0,0.0,0.0,0.0,0.0,0.0,0.0,0.0,benign
22.5,0.0,1.0,0.0,7.0,0.0,1.0,0.0,2.0,2.0,0.0,54.0,4.0,0.0,35.755899862819845,2.0,2.0,1.0,1.0,4.0,0.0,0.0,0.0,24.0,0.019787,0.0,0.0063103909149909,64.0,95.5,5566.0,benign
0.0,0.0,0.0,0.0,0.0,0.0,0.0,0.0,0.0,0.0,0.0,0.0,0.0,0.0,0.0,0.0,0.0,0.0,0.0,0.0,0.0,0.0,0.0,0.0,0.0,0.0,0.0,0.0,0.0,0.0,benign
5.0,0.0,1.0,0.0,1.0,0.0,0.0,0.0,2.0,2.0,0.0,54.0,1.0,0.0,7.5,2.0,2.0,1.0,1.0,1.0,0.0,0.0,0.0,24.0,0.066124,0.0,0.033062,64.0,95.5,5636.0,benign
0.0,0.0,0.0,0.0,0.0,0.0,0.0,0.0,0.0,0.0,0.0,0.0,0.0,0.0,0.0,0.0,0.0,0.0,0.0,0.0,0.0,0.0,0.0,0.0,0.0,0.0,0.0,0.0,0.0,0.0,benign
0.0,0.0,0.0,0.0,0.0,0.0,0.0,0.0,0.0,0.0,0.0,0.0,0.0,0.0,0.0,0.0,0.0,0.0,0.0,0.0,0.0,0.0,0.0,0.0,0.0,0.0,0.0,0.0,0.0,0.0,benign
0.0,0.0,0.0,0.0,0.0,0.0,0.0,0.0,0.0,0.0,0.0,0.0,0.0,0.0,0.0,0.0,0.0,0.0,0.0,0.0,0.0,0.0,0.0,0.0,0.0,0.0,0.0,0.0,0.0,0.0,benign
1023.0,0.0,1.0,0.0,1.0,0.0,0.0,0.0,2.0,2.0,0.0,54.0,1.0,0.0,9.0,2.0,2.0,1.0,1.0,1.0,0.0,0.0,0.0,24.0,0.028134,0.0,0.014067,64.0,95.5,5540.0,benign
0.0,0.0,0.0,0.0,0.0,0.0,50.0,0.0,2.0,2.0,0.0,54.0,2.0,0.0,1.0,2.0,2.0,2.0,2.0,2.0,0.0,0.0,0.0,24.0,0.057384,0.0,0.0247441503996399,64.0,95.5,5640.0,benign
0.0,0.0,0.0,0.0,0.0,0.0,0.0,0.0,0.0,0.0,0.0,0.0,0.0,0.0,0.0,0.0,0.0,0.0,0.0,0.0,0.0,0.0,0.0,0.0,0.0,0.0,0.0,0.0,0.0,0.0,benign
0.0,0.0,0.0,0.0,0.0,0.0,144.0,0.0,2.0,2.0,0.0,70.0,1.0,58.0,0.0,1.0,1.0,1.0,1.0,0.0,0.0,0.0,0.0,0.0,0.000286,1e-06,0.0001425,64.0,95.5,0.0,benign
0.0,0.0,0.0,0.0,0.0,0.0,0.0,0.0,0.0,0.0,0.0,0.0,0.0,0.0,0.0,0.0,0.0,0.0,0.0,0.0,0.0,0.0,0.0,0.0,0.0,0.0,0.0,0.0,0.0,0.0,benign
22.5,0.0,1.0,0.0,7.0,0.0,1.6666666666666667,0.0,2.0,2.0,0.0,54.0,2.0,0.0,84.81560882290476,2.0,2.0,1.0,1.0,2.0,0.0,0.0,0.0,24.0,0.007314,0.0,0.0031063413769255,64.0,95.5,5560.0,benign
0.0,0.0,0.0,0.0,0.0,0.0,0.0,0.0,0.0,0.0,0.0,0.0,0.0,0.0,0.0,0.0,0.0,0.0,0.0,0.0,0.0,0.0,0.0,0.0,0.0,0.0,0.0,0.0,0.0,0.0,benign
0.0,0.0,0.0,0.0,0.0,0.0,0.0,0.0,0.0,0.0,0.0,0.0,0.0,0.0,0.0,0.0,0.0,0.0,0.0,0.0,0.0,0.0,0.0,0.0,0.0,0.0,0.0,0.0,0.0,0.0,benign
0.0,0.0,0.0,0.0,0.0,0.0,0.0,0.0,0.0,2.0,0.0,198.0,0.0,0.0,0.0,0.0,0.0,0.0,1.0,0.0,0.0,0.0,0.0,0.0,0.023414,0.023414,0.0,0.0,0.0,0.0,benign
0.0,0.0,0.0,0.0,0.0,0.0,0.0,0.0,0.0,0.0,0.0,0.0,0.0,0.0,0.0,0.0,0.0,0.0,0.0,0.0,0.0,0.0,0.0,0.0,0.0,0.0,0.0,0.0,0.0,0.0,benign
22.5,0.0,1.0,0.0,7.0,0.0,1.1428571428571428,0.0,2.0,2.0,0.0,54.0,4.0,0.0,43.15940656450225,2.0,2.0,1.0,1.0,4.0,0.0,0.0,0.0,24.0,0.128149,0.0,0.0420418931357461,64.0,95.5,5602.0,benign
0.0,0.0,0.0,0.0,0.0,0.0,0.0,0.0,0.0,0.0,0.0,0.0,0.0,0.0,0.0,0.0,0.0,0.0,0.0,0.0,0.0,0.0,0.0,0.0,0.0,0.0,0.0,0.0,0.0,0.0,benign
-0.69,0.5840281576164704,2.0,0.0,2.0,0.0,3.5,0.0,2.0,2.0,0.0,54.0,2.0,0.0,19.327585352432298,2.0,2.0,1.0,1.0,1.0,0.0,0.0,0.0,24.0,0.03423,0.0,0.016136176746677,64.0,90.03826347108705,5604.0,benign
212.0,0.0,1.0,0.0,2.0,0.0,1.0,0.0,2.0,2.0,0.0,54.0,2.0,0.0,10.594810050208546,2.0,2.0,1.0,1.0,2.0,0.0,0.0,0.0,24.0,0.041427,0.0,0.0178222366511613,64.0,95.5,5630.0,benign
-0.7,0.5921899094791204,2.0,0.0,2.0,0.0,2.0,0.0,2.0,2.0,0.0,54.0,2.0,0.0,19.327585352432298,2.0,2.0,1.0,1.0,1.0,0.0,0.0,0.0,24.0,0.028029,0.0,0.0132127616172984,64.0,90.03826347108705,5604.0,benign
0.0,0.0,0.0,0.0,0.0,0.0,0.0,0.0,0.0,0.0,0.0,0.0,0.0,0.0,0.0,0.0,0.0,0.0,0.0,0.0,0.0,0.0,0.0,0.0,0.0,0.0,0.0,0.0,0.0,0.0,benign
0.0,0.0,1.0,0.0,1.0,0.0,0.0,0.0,2.0,2.0,0.0,54.0,1.0,0.0,8.5,2.0,2.0,1.0,1.0,1.0,0.0,0.0,0.0,24.0,0.025478,0.0,0.012739,64.0,95.5,5644.0,benign
0.0,0.0,0.0,0.0,0.0,0.0,82.0,0.0,2.0,2.0,0.0,60.0,1.0,0.0,0.0,0.0,0.0,1.0,1.0,0.0,0.0,0.0,0.0,0.0,0.027683,0.002063,0.0105725785354798,0.0,0.0,0.0,benign
22.5,0.0,1.0,0.0,7.0,0.0,2.0,0.0,2.0,2.0,0.0,54.0,2.0,0.0,84.81560882290476,2.0,2.0,1.0,1.0,2.0,0.0,0.0,0.0,24.0,0.072159,0.000285,0.0310002571551834,64.0,95.5,5534.0,benign
117.0,0.0,1.0,0.0,2.0,0.0,1.3333333333333333,0.0,2.0,2.0,0.0,54.0,2.0,0.0,11.0227038425243,2.0,2.0,1.0,1.0,2.0,0.0,0.0,0.0,24.0,0.020842,0.0003,0.0085500752737914,64.0,95.5,5648.0,benign
211.0,0.0,1.0,0.0,2.0,0.0,0.6666666666666666,0.0,2.0,2.0,0.0,54.0,2.0,0.0,10.594810050208546,2.0,2.0,1.0,1.0,2.0,0.0,0.0,0.0,24.0,0.007842,0.0,0.0032063267534672,64.0,95.5,5612.0,benign
0.0,0.0,0.0,0.0,0.0,0.0,0.0,0.0,0.0,0.0,0.0,0.0,0.0,0.0,0.0,0.0,0.0,0.0,0.0,0.0,0.0,0.0,0.0,0.0,0.0,0.0,0.0,0.0,0.0,0.0,benign
914.0,0.0,2.0,0.0,3.0,0.0,1.3333333333333333,0.0,2.0,2.0,0.0,54.0,2.0,0.0,22.93877721239735,2.0,2.0,1.0,1.0,2.0,0.0,0.0,0.0,24.0,0.074957,0.0,0.0318532385245205,64.0,95.5,5596.0,benign
0.0,0.0,0.0,0.0,0.0,0.0,0.0,0.0,1.0,2.0,0.0,230.0,0.0,196.0,0.0,1.0,1.0,0.0,1.0,0.0,0.0,0.0,0.0,0.0,0.021156,0.021156,0.0,255.0,0.0,0.0,benign
0.0,0.0,0.0,0.0,0.0,0.0,341.0,0.0,2.0,2.0,0.0,60.0,0.0,196.0,0.0,1.0,1.0,0.0,2.0,0.0,0.0,0.0,0.0,0.0,0.064241,0.008147,0.028047,255.0,0.0,0.0,benign
0.0,0.0,0.0,0.0,0.0,0.0,0.0,0.0,0.0,0.0,0.0,0.0,0.0,0.0,0.0,0.0,0.0,0.0,0.0,0.0,0.0,0.0,0.0,0.0,0.0,0.0,0.0,0.0,0.0,0.0,benign
284.0,0.8975274678539492,0.1428571428571428,1024.0,0.8571428571428571,0.0,6.253034547152194,0.0,0.5714285714285714,0.5714285714285714,1460.0,60.0,83.0,0.0,1.6455563795777517,65.0,60.57142857142857,0.4285714285714285,0.4285714285714285,1.1428571428571428,68.85714285714286,81.71428571428571,0.0,24.0,0.049888824,3.3e-08,0.0060558800051449,37.0,103.1811474174181,1024.0,recon
1023.0,0.0,1.0,0.0,1.0,0.0,0.0,0.0,2.0,2.0,0.0,54.0,1.0,0.0,9.0,2.0,2.0,1.0,1.0,1.0,0.0,0.0,0.0,24.0,0.032373,0.0,0.0161865,64.0,95.5,5566.0,benign
22.5,0.0,1.0,0.0,7.0,0.0,0.6666666666666666,0.0,2.0,2.0,0.0,54.0,2.0,0.0,84.81560882290476,2.0,2.0,1.0,1.0,2.0,0.0,0.0,0.0,24.0,0.017456,0.0,0.0075586697242305,64.0,95.5,5548.0,benign
211.0,0.0,1.0,0.0,2.0,0.0,0.6666666666666666,0.0,2.0,2.0,0.0,54.0,2.0,0.0,10.594810050208546,2.0,2.0,1.0,1.0,2.0,0.0,0.0,0.0,24.0,0.005476,1e-06,0.002250108497384,64.0,95.5,5650.0,benign
914.0,0.0,2.0,0.0,3.0,0.0,140.0,0.0,2.0,3.0,0.0,54.0,3.0,0.0,22.93877721239735,2.0,2.0,2.0,1.0,2.0,0.0,0.0,0.0,24.0,0.006207,0.0,0.0024319130247605,64.0,95.5,5582.0,benign
0.0,0.0,0.0,0.0,0.0,0.0,0.0,0.0,0.0,0.0,0.0,0.0,0.0,0.0,0.0,0.0,0.0,0.0,0.0,0.0,0.0,0.0,0.0,0.0,0.0,0.0,0.0,0.0,0.0,0.0,benign
22.5,0.0,1.0,0.0,7.0,0.0,0.8571428571428571,0.0,2.0,2.0,0.0,54.0,4.0,0.0,35.755899862819845,2.0,2.0,1.0,1.0,4.0,0.0,0.0,0.0,24.0,0.087554,0.0,0.0286686560481892,64.0,95.5,5534.0,benign
0.0,0.0,0.0,0.0,0.0,0.0,0.0,0.0,0.0,0.0,0.0,0.0,0.0,0.0,0.0,0.0,0.0,0.0,0.0,0.0,0.0,0.0,0.0,0.0,0.0,0.0,0.0,0.0,0.0,0.0,benign
0.0,0.0,0.0,0.0,0.0,0.0,0.0,0.0,0.0,0.0,0.0,0.0,0.0,0.0,0.0,0.0,0.0,0.0,0.0,0.0,0.0,0.0,0.0,0.0,0.0,0.0,0.0,0.0,0.0,0.0,benign
12.0,0.0,1.0,0.0,1.0,0.0,0.0,0.0,2.0,2.0,0.0,54.0,1.0,0.0,10.5,2.0,2.0,1.0,1.0,1.0,0.0,0.0,0.0,24.0,0.017181,0.0,0.0085905,64.0,95.5,5568.0,benign
0.0,0.0,0.0,0.0,0.0,0.0,0.0,0.0,0.0,0.0,0.0,0.0,0.0,0.0,0.0,0.0,0.0,0.0,0.0,0.0,0.0,0.0,0.0,0.0,0.0,0.0,0.0,0.0,0.0,0.0,benign
5.0,0.0,1.0,0.0,1.0,0.0,0.0,0.0,2.0,2.0,0.0,54.0,1.0,0.0,7.5,2.0,2.0,1.0,1.0,1.0,0.0,0.0,0.0,24.0,0.00597,0.000367,0.0028014999999999,64.0,95.5,5538.0,benign
0.0,0.0,0.0,0.0,0.0,0.0,0.0,0.0,0.0,2.0,0.0,198.0,0.0,0.0,0.0,0.0,0.0,0.0,1.0,0.0,0.0,0.0,0.0,0.0,0.01697,0.01697,0.0,0.0,0.0,0.0,benign
125.0,0.0,1.0,0.0,2.0,0.0,1.0,0.0,2.0,2.0,0.0,54.0,2.0,0.0,11.0227038425243,2.0,2.0,1.0,1.0,2.0,0.0,0.0,0.0,24.0,0.024958,0.000298,0.0105184767076796,64.0,95.5,5644.0,benign
22.3,0.0,1.0,0.0,7.0,0.0,10.125,0.0,2.0,2.0,0.0,54.0,5.0,0.0,44.267983023712006,2.0,2.0,2.0,1.0,5.0,0.0,0.0,0.0,24.0,0.024568,0.0,0.0075204575527336,64.0,94.90866304499106,5614.0,benign
0.0,0.0,0.0,0.0,0.0,0.0,0.0,0.0,0.0,0.0,0.0,0.0,0.0,0.0,0.0,0.0,0.0,0.0,0.0,0.0,0.0,0.0,0.0,0.0,0.0,0.0,0.0,0.0,0.0,0.0,benign
0.0,0.0,0.0,0.0,0.0,0.0,0.0,0.0,0.0,2.0,0.0,198.0,0.0,0.0,0.0,0.0,0.0,0.0,1.0,0.0,0.0,0.0,0.0,0.0,0.001764,0.001764,0.0,0.0,0.0,0.0,benign
0.0,0.0,0.0,0.0,0.0,0.0,19.977272727272727,0.0,12.0,12.0,0.0,54.0,22.0,0.0,377.45936646655537,13.0,13.0,3.0,2.0,22.0,0.0,0.0,0.0,24.0,0.107816,0.0,0.0232133181245296,61.0,95.0298562571096,660.0,benign
0.0,0.0,0.0,0.0,0.0,0.0,23.5,0.0,2.0,2.0,0.0,60.0,1.0,0.0,0.0,0.0,0.0,1.0,1.0,0.0,0.0,0.0,0.0,0.0,0.019203,0.001989,0.0075525787796104,0.0,0.0,0.0,benign
0.0,0.0,0.0,0.0,0.0,0.0,25.0,0.0,2.0,2.0,0.0,60.0,1.0,0.0,0.0,0.0,0.0,1.0,1.0,0.0,0.0,0.0,0.0,0.0,0.030052,0.0,0.015026,0.0,0.0,0.0,benign
0.0,0.0,0.0,0.0,0.0,0.0,0.0,0.0,0.0,0.0,0.0,0.0,0.0,0.0,0.0,0.0,0.0,0.0,0.0,0.0,0.0,0.0,0.0,0.0,0.0,0.0,0.0,0.0,0.0,0.0,benign
0.0,0.0,0.0,0.0,0.0,0.0,49.5,0.0,3.0,2.0,0.0,60.0,2.0,69.0,0.0,2.0,2.0,2.0,2.0,2.0,0.0,0.0,0.0,24.0,0.029385,0.00052,0.0108787538073071,238.0,8.5,1540.0,benign
-0.7,1.142813292809557,2.0,0.0,2.0,0.0,1.5,0.0,2.0,2.0,0.0,54.0,2.0,0.0,18.856180831641264,2.0,2.0,1.0,1.0,1.0,0.0,0.0,0.0,24.0,0.01012,0.0,0.0047706137504052,64.0,90.03826347108705,5544.0,benign
22.2,0.0,1.0,0.0,7.0,0.0,1.2,0.0,2.0,2.0,0.0,54.0,3.0,0.0,45.87089370056887,2.0,2.0,1.0,1.0,3.0,0.0,0.0,0.0,24.0,0.019713,0.0,0.0070166149344886,64.0,95.5,5648.0,benign
16.0,0.0,1.0,0.0,1.0,0.0,0.0,0.0,2.0,2.0,0.0,54.0,1.0,0.0,8.0,2.0,2.0,1.0,1.0,1.0,0.0,0.0,0.0,24.0,0.166131,1e-06,0.0830649999999999,64.0,95.5,5600.0,benign
0.0,0.0,0.0,0.0,0.0,0.0,132.0,2.0,3.0,3.0,0.0,60.0,4.0,0.0,979.502009951996,2.0,2.0,3.0,2.0,2.0,0.0,0.0,0.0,24.0,0.106062,0.0,0.0388174616710486,61.0,1.5,660.0,benign
0.0,0.0,0.0,0.0,0.0,0.0,0.0,0.0,0.0,0.0,0.0,0.0,0.0,0.0,0.0,0.0,0.0,0.0,0.0,0.0,0.0,0.0,0.0,0.0,0.0,0.0,0.0,0.0,0.0,0.0,benign
22.2,0.0,1.0,0.0,7.0,0.0,249.75,0.0,2.0,2.0,0.0,54.0,3.0,0.0,80.80495034340409,2.0,2.0,2.0,1.0,3.0,0.0,0.0,0.0,24.0,0.078526,0.0,0.0310249496657125,64.0,93.5705081743174,5652.0,benign
0.0,0.0,0.0,0.0,0.0,0.0,0.0,0.0,0.0,0.0,0.0,0.0,0.0,0.0,0.0,0.0,0.0,0.0,0.0,0.0,0.0,0.0,0.0,0.0,0.0,0.0,0.0,0.0,0.0,0.0,benign
0.0,0.0,0.0,0.0,0.0,0.0,0.0,0.0,0.0,0.0,0.0,0.0,0.0,0.0,0.0,0.0,0.0,0.0,0.0,0.0,0.0,0.0,0.0,0.0,0.0,0.0,0.0,0.0,0.0,0.0,benign
0.0,0.0,0.0,0.0,0.0,0.0,0.0,0.0,1.0,2.0,0.0,214.0,0.0,180.0,0.0,1.0,1.0,0.0,1.0,0.0,0.0,0.0,0.0,0.0,0.035127,0.035127,0.0,255.0,0.0,0.0,benign
0.0,0.0,0.0,0.0,0.0,0.0,0.0,0.0,0.0,0.0,0.0,0.0,0.0,0.0,0.0,0.0,0.0,0.0,0.0,0.0,0.0,0.0,0.0,0.0,0.0,0.0,0.0,0.0,0.0,0.0,benign
0.0,0.0,0.0,0.0,0.0,6692.857142857143,0.0824082031479933,0.0,0.5714285714285714,0.5714285714285714,0.0,60.0,12134.0,0.0,244.05747626724835,0.4285714285714285,4644.0,0.5714285714285714,0.2857142857142857,0.4285714285714285,0.0,0.0,0.0,24.0,0.003330968,2.6e-08,0.0001625229088975,64.0,0.0,512.0,dos
0.0,0.0,0.0,0.0,0.0,0.0,0.0,0.0,1.0,2.0,0.0,60.0,0.0,0.0,0.0,0.0,0.0,0.0,1.0,0.0,0.0,0.0,0.0,0.0,0.008616,0.008616,0.0,0.0,0.0,0.0,benign
4.0,0.0,1.0,0.0,1.0,0.0,0.0,0.0,2.0,2.0,0.0,54.0,1.0,0.0,8.5,2.0,2.0,1.0,1.0,1.0,0.0,0.0,0.0,24.0,0.049993,0.0,0.0249965,64.0,95.5,5588.0,benign
0.0,0.0,0.0,0.0,0.0,0.0,0.0,0.0,0.0,0.0,0.0,0.0,0.0,0.0,0.0,0.0,0.0,0.0,0.0,0.0,0.0,0.0,0.0,0.0,0.0,0.0,0.0,0.0,0.0,0.0,benign
0.0,0.0,0.0,0.0,0.0,0.0,349.0,0.0,2.0,2.0,0.0,60.0,0.0,196.0,0.0,1.0,1.0,0.0,2.0,0.0,0.0,0.0,0.0,0.0,0.054411,0.046142,0.0041345,255.0,0.0,0.0,benign
0.0,0.0,0.0,0.0,0.0,0.0,0.0,0.0,0.0,0.0,0.0,0.0,0.0,0.0,0.0,0.0,0.0,0.0,0.0,0.0,0.0,0.0,0.0,0.0,0.0,0.0,0.0,0.0,0.0,0.0,benign
154.0,56.02622153956128,1.0,117.71428571428572,8.0,0.0,54.93333333333333,0.0,2.0,2.0,0.0,54.0,8.0,0.0,10.5,2.0,2.0,1.0,1.0,8.0,0.0,0.0,0.0,24.0,0.101559,0.0,0.0340551852489432,64.0,95.5,5624.0,benign
0.0,0.0,0.0,0.0,0.0,0.0,0.0,0.0,0.0,0.0,0.0,0.0,0.0,0.0,0.0,0.0,0.0,0.0,0.0,0.0,0.0,0.0,0.0,0.0,0.0,0.0,0.0,0.0,0.0,0.0,benign
0.0,0.0,0.0,0.0,0.0,0.0,0.0,0.0,0.0,0.0,0.0,0.0,0.0,0.0,0.0,0.0,0.0,0.0,0.0,0.0,0.0,0.0,0.0,0.0,0.0,0.0,0.0,0.0,0.0,0.0,benign
0.0,0.0,0.0,0.0,0.0,0.0,0.0,0.0,1.0,2.0,0.0,214.0,0.0,180.0,0.0,1.0,1.0,0.0,1.0,0.0,0.0,0.0,0.0,0.0,0.046526,0.046526,0.0,255.0,0.0,0.0,benign
0.0,0.0,0.0,0.0,0.0,0.0,508.5,0.0,0.4285714285714285,0.4285714285714285,0.0,60.0,0.1428571428571428,180.0,0.0,0.1428571428571428,0.1428571428571428,0.1428571428571428,0.2857142857142857,0.0,0.0,0.0,0.0,0.0,0.021794141,3.4e-08,0.0096542343628448,255.0,0.0,0.0,recon
0.0,0.0,0.0,0.0,0.0,0.0,0.0,0.0,0.0,0.0,0.0,0.0,0.0,0.0,0.0,0.0,0.0,0.0,0.0,0.0,0.0,0.0,0.0,0.0,0.0,0.0,0.0,0.0,0.0,0.0,benign
0.0,0.0,0.0,0.0,0.0,0.0,0.0,0.0,0.0,0.0,0.0,0.0,0.0,0.0,0.0,0.0,0.0,0.0,0.0,0.0,0.0,0.0,0.0,0.0,0.0,0.0,0.0,0.0,0.0,0.0,benign
0.0,0.0,0.0,0.0,0.0,0.0,0.0,0.0,0.0,0.0,0.0,0.0,0.0,0.0,0.0,0.0,0.0,0.0,0.0,0.0,0.0,0.0,0.0,0.0,0.0,0.0,0.0,0.0,0.0,0.0,benign
-0.7,0.5921899094791204,2.0,0.0,2.0,0.0,1.5,0.0,2.0,2.0,0.0,54.0,2.0,0.0,19.327585352432298,2.0,2.0,1.0,1.0,1.0,0.0,0.0,0.0,24.0,0.215105,0.0,0.1014014694447548,64.0,90.03826347108705,5636.0,benign
209.0,0.0,1.0,0.0,2.0,0.0,0.6666666666666666,0.0,2.0,2.0,0.0,54.0,2.0,0.0,10.594810050208546,2.0,2.0,1.0,1.0,2.0,0.0,0.0,0.0,24.0,0.062596,0.0,0.0267456642782993,64.0,95.5,5538.0,benign
0.0,0.0,0.0,0.0,0.0,0.0,28.0,0.0,2.0,2.0,0.0,60.0,1.0,0.0,0.0,0.0,0.0,1.0,1.0,0.0,0.0,0.0,0.0,0.0,0.026664,0.011471,0.0075964999999999,0.0,0.0,0.0,benign
0.0,0.0,0.0,0.0,0.0,0.0,0.0,0.0,0.0,0.0,0.0,0.0,0.0,0.0,0.0,0.0,0.0,0.0,0.0,0.0,0.0,0.0,0.0,0.0,0.0,0.0,0.0,0.0,0.0,0.0,benign
0.0,0.0,0.0,0.0,0.0,0.0,27.366666666666667,0.0,12.0,12.0,0.0,54.0,15.0,0.0,427.3843183004402,12.0,12.0,4.0,3.0,14.0,0.0,0.0,0.0,24.0,0.212807,0.0,0.0445074021272946,61.0,94.24658375424552,660.0,benign
0.0,0.0,0.0,0.0,0.0,0.0,0.0,0.0,0.0,0.0,0.0,0.0,0.0,0.0,0.0,0.0,0.0,0.0,0.0,0.0,0.0,0.0,0.0,0.0,0.0,0.0,0.0,0.0,0.0,0.0,benign
0.0,0.0,0.0,0.0,0.0,0.0,0.0,0.0,0.0,0.0,0.0,0.0,0.0,0.0,0.0,0.0,0.0,0.0,0.0,0.0,0.0,0.0,0.0,0.0,0.0,0.0,0.0,0.0,0.0,0.0,benign
0.0,0.0,0.0,0.0,0.0,0.0,0.0,0.0,0.0,0.0,0.0,0.0,0.0,0.0,0.0,0.0,0.0,0.0,0.0,0.0,0.0,0.0,0.0,0.0,0.0,0.0,0.0,0.0,0.0,0.0,benign
827.0,5.639367795753303,0.1428571428571428,1.5,1.2857142857142858,6541.285714285715,0.0842429566870855,0.0,0.5714285714285714,0.5714285714285714,0.0,60.0,11867.714285714286,0.0,234.6898547316119,0.8571428571428571,4565.0,1.7142857142857142,0.5714285714285714,0.4285714285714285,0.0,0.0,0.0,24.0,0.028095065,2.5e-08,0.0001907010544429,64.0,2.542530990617939,512.0,dos
0.0,0.0,0.0,0.0,0.0,0.0,0.0,0.0,0.0,0.0,0.0,0.0,0.0,0.0,0.0,0.0,0.0,0.0,0.0,0.0,0.0,0.0,0.0,0.0,0.0,0.0,0.0,0.0,0.0,0.0,benign
0.0,0.0,0.0,0.0,0.0,0.0,4.0,0.0,1.0,2.0,0.0,60.0,0.0,0.0,0.0,0.0,0.0,0.0,1.0,0.0,0.0,0.0,0.0,0.0,0.002245,0.001563,0.0003409999999999,0.0,0.0,0.0,benign
22.0,0.0,1.0,0.0,1.0,0.0,0.0,0.0,2.0,2.0,0.0,54.0,1.0,0.0,8.0,2.0,2.0,1.0,1.0,1.0,0.0,0.0,0.0,24.0,0.035084,0.0,0.017542,64.0,95.5,5622.0,benign
909.0,0.0,2.0,0.0,3.0,0.0,1.0,0.0,2.0,2.0,0.0,54.0,2.0,0.0,22.93877721239735,2.0,2.0,1.0,1.0,2.0,0.0,0.0,0.0,24.0,0.013577,0.0,0.005613531748151,64.0,95.5,5612.0,benign
908.0,0.0,2.0,0.0,3.0,0.0,1.3333333333333333,0.0,2.0,2.0,0.0,54.0,2.0,0.0,22.93877721239735,2.0,2.0,1.0,1.0,2.0,0.0,0.0,0.0,24.0,0.026161,0.0,0.0108503432059774,64.0,95.5,5570.0,benign
0.0,0.0,0.0,0.0,0.0,0.0,26.676470588235293,0.0,12.0,12.0,0.0,54.0,17.0,0.0,298.67442379382175,13.0,13.0,3.0,3.0,17.0,0.0,0.0,0.0,24.0,0.07649,0.0,0.0195933675220437,61.0,94.6713930026448,660.0,benign
0.0,0.0,0.0,0.0,0.0,0.0,32.5,0.0,2.0,2.0,0.0,60.0,1.0,0.0,0.0,0.0,0.0,1.0,1.0,0.0,0.0,0.0,0.0,0.0,0.018848,0.004205,0.0068340769839256,0.0,0.0,0.0,benign
0.0,0.0,0.0,0.0,0.0,0.0,0.0,0.0,1.0,2.0,0.0,230.0,0.0,196.0,0.0,1.0,1.0,0.0,1.0,0.0,0.0,0.0,0.0,0.0,0.045065,0.045065,0.0,255.0,0.0,0.0,benign
-0.7,0.5880476171195662,2.0,0.0,2.0,0.0,80.25,0.0,3.0,3.0,0.0,54.0,3.0,0.0,19.327585352432298,2.0,2.0,2.0,2.0,1.0,0.0,0.0,0.0,24.0,0.002534,0.0,0.0009407502112675,64.0,90.03826347108705,5648.0,benign
0.0,0.0,0.0,0.0,0.0,0.0,0.0,0.0,0.0,0.0,0.0,0.0,0.0,0.0,0.0,0.0,0.0,0.0,0.0,0.0,0.0,0.0,0.0,0.0,0.0,0.0,0.0,0.0,0.0,0.0,benign
0.0,0.0,0.0,0.0,0.0,0.0,0.0607612516817846,0.0,0.4285714285714285,0.5714285714285714,0.0,60.0,16457.428571428572,0.0,0.2032914349085377,0.2857142857142857,9416.57142857143,0.2857142857142857,0.1428571428571428,0.1428571428571428,16457.14285714286,0.0,0.0,24.0,0.006191108,2.6e-08,9.370505905727923e-05,64.0,0.512647966290997,512.0,dos
0.0,0.0,0.0,0.0,0.0,0.0,0.3740352046199122,0.0,0.2857142857142857,0.2857142857142857,1460.0,60.0,1285.857142857143,0.0,0.0,144.28571428571428,144.28571428571428,0.1428571428571428,0.2857142857142857,0.0,1285.7142857142858,1285.857142857143,0.0,20.0,0.086986464,2.8e-08,0.0010861357393037,37.0,9.278604070679844,0.0,recon
-0.7,0.5880476171195662,2.0,0.0,2.0,0.0,13.5,0.0,3.0,3.0,0.0,54.0,3.0,0.0,19.327585352432298,2.0,2.0,2.0,2.0,1.0,0.0,0.0,0.0,24.0,0.027307,0.0,0.0125434649854017,64.0,90.03826347108705,5636.0,benign
0.0,0.0,0.0,0.0,0.0,0.0,33.0,0.0,2.0,2.0,0.0,60.0,1.0,0.0,0.0,0.0,0.0,1.0,1.0,0.0,0.0,0.0,0.0,0.0,0.014054,0.001609,0.005353679918212,0.0,0.0,0.0,benign
3.0,0.0,1.0,0.0,1.0,0.0,0.0,0.0,2.0,2.0,0.0,54.0,1.0,0.0,8.5,2.0,2.0,1.0,1.0,1.0,0.0,0.0,0.0,24.0,0.012097,0.0,0.0060485,64.0,95.5,5610.0,benign
0.0,0.0,0.0,0.0,0.0,0.0,0.0,0.0,0.0,0.0,0.0,0.0,0.0,0.0,0.0,0.0,0.0,0.0,0.0,0.0,0.0,0.0,0.0,0.0,0.0,0.0,0.0,0.0,0.0,0.0,benign
13.0,0.0,1.0,0.0,1.0,0.0,0.0,0.0,2.0,2.0,0.0,54.0,1.0,0.0,10.5,2.0,2.0,1.0,1.0,1.0,0.0,0.0,0.0,24.0,0.004913,0.0,0.0024565,64.0,95.5,5616.0,benign
0.0,0.0,0.0,0.0,0.0,0.0,0.0,0.0,0.0,0.0,0.0,0.0,0.0,0.0,0.0,0.0,0.0,0.0,0.0,0.0,0.0,0.0,0.0,0.0,0.0,0.0,0.0,0.0,0.0,0.0,benign
0.0,0.0,0.0,0.0,0.0,0.0,0.0,0.0,0.0,0.0,0.0,0.0,0.0,0.0,0.0,0.0,0.0,0.0,0.0,0.0,0.0,0.0,0.0,0.0,0.0,0.0,0.0,0.0,0.0,0.0,benign
136.0,0.0,1.0,0.0,2.0,0.0,155.4,0.0,3.0,3.0,0.0,54.0,3.0,0.0,11.0227038425243,2.0,2.0,2.0,2.0,2.0,0.0,0.0,0.0,24.0,0.005412,0.0,0.0018690298434095,64.0,95.5,5622.0,benign
0.0,0.0,0.0,0.0,0.0,0.0,103.0,0.0,2.0,2.0,0.0,60.0,1.0,0.0,0.0,0.0,0.0,1.0,1.0,0.0,0.0,0.0,0.0,0.0,0.012515,0.00058,0.0059675,0.0,0.0,0.0,benign
908.0,0.0,2.0,0.0,3.0,0.0,1.0,0.0,2.0,2.0,0.0,54.0,2.0,0.0,22.93877721239735,2.0,2.0,1.0,1.0,2.0,0.0,0.0,0.0,24.0,0.011582,0.0,0.0047728328786476,64.0,95.5,5628.0,benign
0.0,0.0,0.0,0.0,0.0,0.0,0.0,0.0,0.0,0.0,0.0,0.0,0.0,0.0,0.0,0.0,0.0,0.0,0.0,0.0,0.0,0.0,0.0,0.0,0.0,0.0,0.0,0.0,0.0,0.0,benign
0.0,0.0,0.0,0.0,0.0,0.0,0.0,0.0,0.0,0.0,0.0,0.0,0.0,0.0,0.0,0.0,0.0,0.0,0.0,0.0,0.0,0.0,0.0,0.0,0.0,0.0,0.0,0.0,0.0,0.0,benign
0.0,0.0,0.0,0.0,0.0,0.0,0.0,0.0,0.0,0.0,0.0,0.0,0.0,0.0,0.0,0.0,0.0,0.0,0.0,0.0,0.0,0.0,0.0,0.0,0.0,0.0,0.0,0.0,0.0,0.0,benign
-0.69,1.1382540235914924,2.0,0.0,2.0,0.0,1.5,0.0,2.0,2.0,0.0,54.0,2.0,0.0,18.856180831641264,2.0,2.0,1.0,1.0,1.0,0.0,0.0,0.0,24.0,0.002072,0.0,0.0009765145501561,64.0,90.03826347108705,5540.0,benign
1023.0,0.0,1.0,0.0,1.0,0.0,0.0,0.0,2.0,2.0,0.0,54.0,1.0,0.0,9.0,2.0,2.0,1.0,1.0,1.0,0.0,0.0,0.0,24.0,0.127756,0.0,0.063878,64.0,95.5,5650.0,benign
0.0,0.0,0.0,0.0,0.0,0.0,3.5449010654490105,0.0,32.285714285714285,5.428571428571429,1460.0,60.0,55.71428571428572,0.0,281.01273050716065,62.85714285714285,62.85714285714285,1.1428571428571428,1.1428571428571428,41.42857142857143,6.714285714285714,10.857142857142858,0.0,24.0,0.031916323,3e-08,0.0032649794089134,61.0,59.22448532284381,0.0,malware
0.0,0.0,0.0,0.0,0.0,0.0,15.445916114790286,0.0,0.4285714285714285,0.4285714285714285,1460.0,60.0,32.42857142857143,0.0,44.067772807412325,32.714285714285715,32.57142857142857,0.1428571428571428,0.2857142857142857,0.0,32.285714285714285,32.42857142857143,0.0,20.0,0.002889563,3.3e-08,0.0005451150002927,37.0,8.951331827030794,0.0,recon
0.0,0.0,0.0,0.0,0.0,0.0,0.0,2.0,1.0,2.0,0.0,230.0,0.0,196.0,0.0,1.0,1.0,0.0,1.0,0.0,0.0,0.0,0.0,0.0,0.032274,0.032274,0.0,64.0,0.0,0.0,benign
1023.0,0.0,1.0,0.0,1.0,0.0,0.0,0.0,2.0,2.0,0.0,54.0,1.0,0.0,9.0,2.0,2.0,1.0,1.0,1.0,0.0,0.0,0.0,24.0,0.022834,0.0,0.011417,64.0,95.5,5642.0,benign
0.0,0.0,0.0,0.0,0.0,0.0,0.0,0.0,0.0,0.0,0.0,0.0,0.0,0.0,0.0,0.0,0.0,0.0,0.0,0.0,0.0,0.0,0.0,0.0,0.0,0.0,0.0,0.0,0.0,0.0,benign
0.0,0.0,0.0,0.0,0.0,0.0,0.0,0.0,0.0,0.0,0.0,0.0,0.0,0.0,0.0,0.0,0.0,0.0,0.0,0.0,0.0,0.0,0.0,0.0,0.0,0.0,0.0,0.0,0.0,0.0,benign
0.0,0.0,0.0,0.0,0.0,0.0,0.0,0.0,0.0,0.0,0.0,0.0,0.0,0.0,0.0,0.0,0.0,0.0,0.0,0.0,0.0,0.0,0.0,0.0,0.0,0.0,0.0,0.0,0.0,0.0,benign
1023.0,0.0,1.0,0.0,1.0,0.0,99.33333333333331,0.0,3.0,3.0,0.0,54.0,2.0,0.0,9.0,2.0,2.0,2.0,2.0,1.0,0.0,0.0,0.0,24.0,0.01312,0.0,0.005416235933515,64.0,95.5,5616.0,benign
0.0,0.0,0.0,0.0,0.0,0.0,172.5,0.0,2.0,2.0,0.0,54.0,1.0,0.0,32.526911934581186,2.0,2.0,1.0,2.0,2.0,0.0,0.0,0.0,24.0,0.074126,0.025789,0.0216662501344577,238.0,8.013876853447337,2161.0,benign
0.0,0.0,0.0,0.0,0.0,0.0,0.0,0.0,0.0,0.0,0.0,0.0,0.0,0.0,0.0,0.0,0.0,0.0,0.0,0.0,0.0,0.0,0.0,0.0,0.0,0.0,0.0,0.0,0.0,0.0,benign
0.0,0.0,0.0,0.0,0.0,0.0,0.0,0.0,0.0,0.0,0.0,0.0,0.0,0.0,0.0,0.0,0.0,0.0,0.0,0.0,0.0,0.0,0.0,0.0,0.0,0.0,0.0,0.0,0.0,0.0,benign
0.0,0.0,0.0,0.0,0.0,0.0,0.0,0.0,0.0,0.0,0.0,0.0,0.0,0.0,0.0,0.0,0.0,0.0,0.0,0.0,0.0,0.0,0.0,0.0,0.0,0.0,0.0,0.0,0.0,0.0,benign
0.0,0.0,0.0,0.0,0.0,0.0,0.0,0.0,0.0,0.0,0.0,0.0,0.0,0.0,0.0,0.0,0.0,0.0,0.0,0.0,0.0,0.0,0.0,0.0,0.0,0.0,0.0,0.0,0.0,0.0,benign
2.0,0.0,1.0,0.0,1.0,0.0,0.0,0.0,2.0,2.0,0.0,54.0,1.0,0.0,7.5,2.0,2.0,1.0,1.0,1.0,0.0,0.0,0.0,24.0,0.015848,0.0,0.007924,64.0,95.5,5600.0,benign
0.0,0.0,0.0,0.0,0.0,0.0,0.0,0.0,0.0,0.0,0.0,0.0,0.0,0.0,0.0,0.0,0.0,0.0,0.0,0.0,0.0,0.0,0.0,0.0,0.0,0.0,0.0,0.0,0.0,0.0,benign
0.0,0.0,0.0,0.0,0.0,0.0,0.0,0.0,0.0,0.0,0.0,0.0,0.0,0.0,0.0,0.0,0.0,0.0,0.0,0.0,0.0,0.0,0.0,0.0,0.0,0.0,0.0,0.0,0.0,0.0,benign
0.0,0.0,0.0,0.0,0.0,0.0,0.0,0.0,0.0,0.0,0.0,0.0,0.0,0.0,0.0,0.0,0.0,0.0,0.0,0.0,0.0,0.0,0.0,0.0,0.0,0.0,0.0,0.0,0.0,0.0,benign
210.0,0.0,1.0,0.0,2.0,0.0,0.6666666666666666,0.0,2.0,2.0,0.0,54.0,2.0,0.0,10.594810050208546,2.0,2.0,1.0,1.0,2.0,0.0,0.0,0.0,24.0,0.017957,0.0,0.0074936200530851,64.0,95.5,5558.0,benign
0.0,0.0,0.0,0.0,0.0,0.0,0.0,0.0,0.0,0.0,0.0,0.0,0.0,0.0,0.0,0.0,0.0,0.0,0.0,0.0,0.0,0.0,0.0,0.0,0.0,0.0,0.0,0.0,0.0,0.0,benign
0.0,0.0,0.0,0.0,0.0,0.0,19.36,0.0,12.0,12.0,0.0,54.0,25.0,0.0,371.6910667946542,13.0,13.0,3.0,2.0,25.0,0.0,0.0,0.0,24.0,0.101493,0.0,0.0243491160664768,61.0,95.14828266429122,660.0,benign
0.0,0.0,0.0,0.0,0.0,0.0,0.0,0.0,0.0,0.0,0.0,0.0,0.0,0.0,0.0,0.0,0.0,0.0,0.0,0.0,0.0,0.0,0.0,0.0,0.0,0.0,0.0,0.0,0.0,0.0,benign
7.0,0.0,1.0,0.0,1.0,0.0,0.0,0.0,2.0,2.0,0.0,54.0,1.0,0.0,8.5,2.0,2.0,1.0,1.0,1.0,0.0,0.0,0.0,24.0,0.0,0.0,0.0,64.0,95.5,5618.0,benign
0.0,0.0,0.0,0.0,0.0,0.0,42.42857142857143,0.0,4.0,3.0,0.0,54.0,5.0,0.0,535.6794604751988,4.0,4.0,3.0,3.0,4.0,0.0,0.0,0.0,24.0,0.148683,0.0,0.0472734046106727,61.0,90.44577104541705,660.0,benign
0.0,0.0,0.0,0.0,0.0,0.0,0.0,0.0,0.0,0.0,0.0,0.0,0.0,0.0,0.0,0.0,0.0,0.0,0.0,0.0,0.0,0.0,0.0,0.0,0.0,0.0,0.0,0.0,0.0,0.0,benign
0.0,0.0,0.0,0.0,0.0,0.0,0.0,0.0,0.0,0.0,0.0,0.0,0.0,0.0,0.0,0.0,0.0,0.0,0.0,0.0,0.0,0.0,0.0,0.0,0.0,0.0,0.0,0.0,0.0,0.0,benign
0.0,0.0,0.0,0.0,0.0,0.0,0.0,0.0,0.0,0.0,0.0,0.0,0.0,0.0,0.0,0.0,0.0,0.0,0.0,0.0,0.0,0.0,0.0,0.0,0.0,0.0,0.0,0.0,0.0,0.0,benign
0.0,0.0,0.0,0.0,0.0,0.0,0.0,0.0,0.0,0.0,0.0,0.0,0.0,0.0,0.0,0.0,0.0,0.0,0.0,0.0,0.0,0.0,0.0,0.0,0.0,0.0,0.0,0.0,0.0,0.0,benign
210.0,0.0,1.0,0.0,2.0,0.0,61.2,0.0,3.0,3.0,0.0,54.0,3.0,0.0,10.594810050208546,2.0,2.0,2.0,2.0,2.0,0.0,0.0,0.0,24.0,0.01894,0.0,0.0073291592893652,64.0,95.5,5610.0,benign
0.0,0.0,0.0,0.0,0.0,0.0,0.0,0.0,0.0,0.0,0.0,0.0,0.0,0.0,0.0,0.0,0.0,0.0,0.0,0.0,0.0,0.0,0.0,0.0,0.0,0.0,0.0,0.0,0.0,0.0,benign
212.0,0.0,1.0,0.0,2.0,0.0,22.666666666666668,0.0,2.0,2.0,0.0,54.0,2.0,0.0,10.594810050208546,2.0,2.0,1.0,1.0,2.0,0.0,0.0,0.0,24.0,0.067274,1e-06,0.0274459441117899,64.0,95.5,5628.0,benign
208.0,0.0,1.0,0.0,2.0,0.0,1.6666666666666667,0.0,2.0,2.0,0.0,54.0,2.0,0.0,10.594810050208546,2.0,2.0,1.0,1.0,2.0,0.0,0.0,0.0,24.0,0.035242,0.0,0.0147304985404432,64.0,95.5,5534.0,benign
119.0,0.0,1.0,0.0,2.0,0.0,4.333333333333333,0.0,2.0,2.0,0.0,54.0,2.0,0.0,11.0227038425243,2.0,2.0,1.0,1.0,2.0,0.0,0.0,0.0,24.0,0.020494,0.0,0.008808052735991,64.0,95.5,5542.0,benign
0.0,0.0,0.0,0.0,0.0,0.0,0.0,0.0,0.0,0.0,0.0,0.0,0.0,0.0,0.0,0.0,0.0,0.0,0.0,0.0,0.0,0.0,0.0,0.0,0.0,0.0,0.0,0.0,0.0,0.0,benign
837.0,5.986379097075005,0.1428571428571428,1003.3333333333334,1.0,0.0,19.22038567493113,0.0,0.4285714285714285,0.4285714285714285,1460.0,60.0,26.0,0.0,2.341011501330904,24.571428571428573,24.571428571428573,0.2857142857142857,0.4285714285714285,1.0,24.857142857142858,24.857142857142858,0.0,24.0,0.068928236,3.3e-08,0.0136224366161513,37.0,102.98779141505096,1024.0,recon
0.0,0.0,0.0,0.0,0.0,0.0,0.0,0.0,0.0,0.0,0.0,0.0,0.0,0.0,0.0,0.0,0.0,0.0,0.0,0.0,0.0,0.0,0.0,0.0,0.0,0.0,0.0,0.0,0.0,0.0,benign
0.0,0.0,0.0,0.0,0.0,0.0,0.0381635209260139,0.0,0.1428571428571428,0.2857142857142857,0.0,60.0,16538.0,0.0,0.0,0.1428571428571428,9416.57142857143,0.1428571428571428,0.0,16538.0,0.0,0.0,0.0,24.0,0.002803546,2.6e-08,0.0001140458003204,64.0,0.0,512.0,dos
13.0,0.0,1.0,0.0,1.0,0.0,0.0,0.0,2.0,2.0,0.0,54.0,1.0,0.0,10.5,2.0,2.0,1.0,1.0,1.0,0.0,0.0,0.0,24.0,0.0,0.0,0.0,64.0,95.5,5598.0,benign
13.0,0.0,1.0,0.0,1.0,0.0,0.0,0.0,2.0,2.0,0.0,54.0,1.0,0.0,10.5,2.0,2.0,1.0,1.0,1.0,0.0,0.0,0.0,24.0,0.00837,0.0,0.004185,64.0,95.5,5616.0,benign
0.0,0.0,0.0,0.0,0.0,0.0,0.0,0.0,0.0,0.0,0.0,0.0,0.0,0.0,0.0,0.0,0.0,0.0,0.0,0.0,0.0,0.0,0.0,0.0,0.0,0.0,0.0,0.0,0.0,0.0,benign
0.0,0.0,0.0,0.0,0.0,0.0,36.0,0.0,2.0,2.0,0.0,60.0,1.0,0.0,0.0,0.0,0.0,1.0,1.0,0.0,0.0,0.0,0.0,0.0,0.002073,0.0,0.0008494268655982,0.0,0.0,0.0,benign
1023.0,0.0,1.0,0.0,1.0,0.0,231.0,0.0,3.0,3.0,0.0,54.0,2.0,0.0,9.0,2.0,2.0,2.0,2.0,1.0,0.0,0.0,0.0,24.0,0.016737,0.0,0.0070856125705545,64.0,95.5,5584.0,benign
0.0,0.0,0.0,0.0,0.0,0.0,10.063400576368876,0.0,0.4285714285714285,0.4285714285714285,1460.0,60.0,49.71428571428572,0.0,10.506659212094242,49.142857142857146,49.0,0.1428571428571428,0.4285714285714285,0.0,49.142857142857146,49.71428571428572,0.0,20.0,0.020505093,3.8e-08,0.0057602425149236,37.0,103.68294742599274,0.0,recon
0.0,0.0,0.0,0.0,0.0,0.0,0.0,0.0,0.0,0.0,0.0,0.0,0.0,0.0,0.0,0.0,0.0,0.0,0.0,0.0,0.0,0.0,0.0,0.0,0.0,0.0,0.0,0.0,0.0,0.0,benign
-0.69,0.5840281576164704,2.0,0.0,2.0,0.0,8.0,0.0,2.0,2.0,0.0,54.0,2.0,0.0,19.327585352432298,2.0,2.0,1.0,1.0,1.0,0.0,0.0,0.0,24.0,0.023717,0.0,0.0111803010196008,64.0,90.03826347108705,5568.0,benign
0.0,0.0,0.0,0.0,0.0,0.0,0.0,0.0,0.0,0.0,0.0,0.0,0.0,0.0,0.0,0.0,0.0,0.0,0.0,0.0,0.0,0.0,0.0,0.0,0.0,0.0,0.0,0.0,0.0,0.0,benign
0.0,0.0,0.0,0.0,0.0,0.0,0.0,0.0,0.0,0.0,0.0,0.0,0.0,0.0,0.0,0.0,0.0,0.0,0.0,0.0,0.0,0.0,0.0,0.0,0.0,0.0,0.0,0.0,0.0,0.0,benign
0.0,0.0,0.0,0.0,0.0,0.0,0.0,0.0,0.0,0.0,0.0,0.0,0.0,0.0,0.0,0.0,0.0,0.0,0.0,0.0,0.0,0.0,0.0,0.0,0.0,0.0,0.0,0.0,0.0,0.0,benign
211.0,0.0,1.0,0.0,2.0,0.0,0.6666666666666666,0.0,2.0,2.0,0.0,54.0,2.0,0.0,10.594810050208546,2.0,2.0,1.0,1.0,2.0,0.0,0.0,0.0,24.0,0.002927,0.0,0.0013626185040208,64.0,95.5,5592.0,benign
0.0,0.0,0.0,0.0,0.0,0.0,0.0,0.0,0.0,0.0,0.0,0.0,0.0,0.0,0.0,0.0,0.0,0.0,0.0,0.0,0.0,0.0,0.0,0.0,0.0,0.0,0.0,0.0,0.0,0.0,benign
78.0,0.0,1.0,0.0,2.0,0.0,0.5,0.0,2.0,2.0,0.0,54.0,3.0,0.0,16.823792675850473,2.0,2.0,2.0,1.0,3.0,0.0,0.0,0.0,24.0,0.026874,0.0,0.0105638811504105,64.0,93.5705081743174,5536.0,benign
0.0,0.0,0.0,0.0,0.0,6902.428571428572,0.0848742043043346,0.0,0.1428571428571428,0.8571428571428571,0.0,362.0,11782.285714285714,328.0,455.71408120410257,0.0,0.0,0.1428571428571428,0.0,0.0,0.0,0.0,0.0,0.0,0.00120244,2.5e-08,0.0001567187199338,64.0,0.0,0.0,ddos
210.0,0.0,1.0,908.0,4.0,0.0,130.28571428571428,0.0,2.0,2.0,0.0,54.0,4.0,0.0,10.594810050208546,2.0,2.0,1.0,1.0,4.0,0.0,0.0,0.0,24.0,0.057523,0.0,0.0186452229836324,64.0,95.5,5574.0,benign
0.0,0.0,0.0,0.0,0.0,0.0,0.0,0.0,0.0,0.0,0.0,0.0,0.0,0.0,0.0,0.0,0.0,0.0,0.0,0.0,0.0,0.0,0.0,0.0,0.0,0.0,0.0,0.0,0.0,0.0,benign
0.0,0.0,0.0,0.0,0.0,0.0,0.0,0.0,0.0,0.0,0.0,0.0,0.0,0.0,0.0,0.0,0.0,0.0,0.0,0.0,0.0,0.0,0.0,0.0,0.0,0.0,0.0,0.0,0.0,0.0,benign
0.0,0.0,1.0,0.0,1.0,0.0,0.0,0.0,2.0,2.0,0.0,54.0,1.0,0.0,7.5,2.0,2.0,1.0,1.0,1.0,0.0,0.0,0.0,24.0,0.030736,0.0,0.015368,64.0,95.5,5614.0,benign
0.0,0.0,0.0,0.0,0.0,0.0,0.0,0.0,0.0,0.0,0.0,0.0,0.0,0.0,0.0,0.0,0.0,0.0,0.0,0.0,0.0,0.0,0.0,0.0,0.0,0.0,0.0,0.0,0.0,0.0,benign
908.0,0.0,2.0,0.0,3.0,0.0,0.6666666666666666,0.0,2.0,2.0,0.0,54.0,2.0,0.0,22.93877721239735,2.0,2.0,1.0,1.0,2.0,0.0,0.0,0.0,24.0,0.050477,0.0,0.0215453963803755,64.0,95.5,5630.0,benign
0.0,0.0,0.0,0.0,0.0,0.0,0.0,0.0,0.0,0.0,0.0,0.0,0.0,0.0,0.0,0.0,0.0,0.0,0.0,0.0,0.0,0.0,0.0,0.0,0.0,0.0,0.0,0.0,0.0,0.0,benign
10.0,0.0,1.0,0.0,1.0,0.0,0.0,0.0,2.0,2.0,0.0,54.0,1.0,0.0,9.0,2.0,2.0,1.0,1.0,1.0,0.0,0.0,0.0,24.0,0.041927,0.0,0.0209635,64.0,95.5,5646.0,benign
0.0,0.0,0.0,0.0,0.0,0.0,0.0,0.0,0.0,0.0,0.0,0.0,0.0,0.0,0.0,0.0,0.0,0.0,0.0,0.0,0.0,0.0,0.0,0.0,0.0,0.0,0.0,0.0,0.0,0.0,benign
-0.69,0.5841803374529706,2.0,0.0,2.0,0.0,1.5,0.0,2.0,2.0,0.0,54.0,2.0,0.0,19.327585352432298,2.0,2.0,1.0,1.0,1.0,0.0,0.0,0.0,24.0,0.033915,0.0,0.0159874486255798,64.0,90.03826347108705,5604.0,benign
0.0,0.0,0.0,0.0,0.0,0.0,0.0,0.0,1.0,2.0,0.0,230.0,0.0,196.0,0.0,1.0,1.0,0.0,1.0,0.0,0.0,0.0,0.0,0.0,0.045551,0.045551,0.0,255.0,0.0,0.0,benign
0.0,0.0,0.0,0.0,0.0,0.0,0.0,0.0,0.0,0.0,0.0,0.0,0.0,0.0,0.0,0.0,0.0,0.0,0.0,0.0,0.0,0.0,0.0,0.0,0.0,0.0,0.0,0.0,0.0,0.0,benign
0.0,0.0,0.0,0.0,0.0,0.0,13.552631578947368,2.0,4.0,3.0,0.0,54.0,15.0,0.0,882.5337857395201,5.0,5.0,2.0,3.0,11.0,2.0,0.0,0.0,24.0,0.080048,0.0,0.0221113501692018,64.0,83.3242598610622,0.0,benign
0.0,0.0,0.0,0.0,0.0,0.0,0.0,0.0,0.0,0.0,0.0,0.0,0.0,0.0,0.0,0.0,0.0,0.0,0.0,0.0,0.0,0.0,0.0,0.0,0.0,0.0,0.0,0.0,0.0,0.0,benign
0.0,0.0,0.0,0.0,0.0,0.0,0.0,0.0,0.0,0.0,0.0,0.0,0.0,0.0,0.0,0.0,0.0,0.0,0.0,0.0,0.0,0.0,0.0,0.0,0.0,0.0,0.0,0.0,0.0,0.0,benign
2.0,0.0,1.0,0.0,1.0,0.0,0.0,0.0,2.0,2.0,0.0,54.0,1.0,0.0,8.5,2.0,2.0,1.0,1.0,1.0,0.0,0.0,0.0,24.0,0.082479,0.0,0.0412395,64.0,95.5,5566.0,benign
1023.0,0.0,1.0,0.0,1.0,0.0,0.0,0.0,2.0,2.0,0.0,54.0,1.0,0.0,9.0,2.0,2.0,1.0,1.0,1.0,0.0,0.0,0.0,24.0,0.015982,0.0,0.007991,64.0,95.5,5606.0,benign
0.0,0.0,0.0,0.0,0.0,0.0,0.0,0.0,0.0,0.0,0.0,0.0,0.0,0.0,0.0,0.0,0.0,0.0,0.0,0.0,0.0,0.0,0.0,0.0,0.0,0.0,0.0,0.0,0.0,0.0,benign
0.0,0.0,0.0,0.0,0.0,0.0,0.0,0.0,0.0,0.0,0.0,0.0,0.0,0.0,0.0,0.0,0.0,0.0,0.0,0.0,0.0,0.0,0.0,0.0,0.0,0.0,0.0,0.0,0.0,0.0,benign
2.0,0.0,1.0,0.0,1.0,0.0,0.0,0.0,2.0,2.0,0.0,54.0,1.0,0.0,8.5,2.0,2.0,1.0,1.0,1.0,0.0,0.0,0.0,24.0,0.014778,0.0,0.007389,64.0,95.5,5554.0,benign
0.0,0.0,0.0,0.0,0.0,0.0,0.0,0.0,0.0,0.0,0.0,0.0,0.0,0.0,0.0,0.0,0.0,0.0,0.0,0.0,0.0,0.0,0.0,0.0,0.0,0.0,0.0,0.0,0.0,0.0,benign
0.0,0.0,0.0,0.0,0.0,0.0,0.0,0.0,0.0,0.0,0.0,0.0,0.0,0.0,0.0,0.0,0.0,0.0,0.0,0.0,0.0,0.0,0.0,0.0,0.0,0.0,0.0,0.0,0.0,0.0,benign
0.0,0.0,0.0,0.0,0.0,0.0,0.0,0.0,0.0,0.0,0.0,0.0,0.0,0.0,0.0,0.0,0.0,0.0,0.0,0.0,0.0,0.0,0.0,0.0,0.0,0.0,0.0,0.0,0.0,0.0,benign
0.0,0.0,0.0,0.0,0.0,0.0,0.0,0.0,1.0,2.0,0.0,230.0,0.0,196.0,0.0,1.0,1.0,0.0,1.0,0.0,0.0,0.0,0.0,0.0,0.004949,0.004949,0.0,255.0,0.0,0.0,benign
0.0,0.0,0.0,0.0,0.0,0.0,31.0,0.0,2.0,2.0,0.0,60.0,1.0,0.0,0.0,0.0,0.0,1.0,1.0,0.0,0.0,0.0,0.0,0.0,0.025844,0.001419,0.010887641015798,0.0,0.0,0.0,benign
0.0,0.0,0.0,0.0,0.0,0.0,0.0,0.0,0.0,0.0,0.0,0.0,0.0,0.0,0.0,0.0,0.0,0.0,0.0,0.0,0.0,0.0,0.0,0.0,0.0,0.0,0.0,0.0,0.0,0.0,benign
0.0,0.0,0.0,0.0,0.0,0.0,0.0,0.0,0.0,0.0,0.0,0.0,0.0,0.0,0.0,0.0,0.0,0.0,0.0,0.0,0.0,0.0,0.0,0.0,0.0,0.0,0.0,0.0,0.0,0.0,benign
132.0,0.0,1.0,0.0,2.0,0.0,0.6666666666666666,0.0,2.0,2.0,0.0,54.0,2.0,0.0,11.0227038425243,2.0,2.0,1.0,1.0,2.0,0.0,0.0,0.0,24.0,0.002384,0.0,0.0010661838490616,64.0,95.5,5570.0,benign
0.0,0.0,0.0,0.0,0.0,0.0,0.0,0.0,0.0,0.0,0.0,0.0,0.0,0.0,0.0,0.0,0.0,0.0,0.0,0.0,0.0,0.0,0.0,0.0,0.0,0.0,0.0,0.0,0.0,0.0,benign
0.0,0.0,0.0,0.0,0.0,0.0,330.5,0.0,2.0,3.0,0.0,60.0,1.0,0.0,0.0,0.0,0.0,1.0,1.0,0.0,0.0,0.0,0.0,0.0,0.087501,0.000947,0.0392240022520225,0.0,0.0,0.0,benign
0.0,0.0,0.0,0.0,0.0,0.0,12.253996447602132,0.0,2.2857142857142856,2.2857142857142856,0.0,60.0,41.71428571428572,0.0,217.578386540376,3.857142857142857,3.857142857142857,0.7142857142857143,0.7142857142857143,35.57142857142857,0.0,0.0,0.0,24.0,0.212318625,3.3e-08,0.0196794721032715,61.0,75.23144807550747,502.0,bruteforce
0.0,0.0,0.0,0.0,0.0,0.0,0.6167734420500873,0.0,0.5714285714285714,0.5714285714285714,1460.0,60.0,736.0,0.0,1.773851038964552,143.85714285714286,143.85714285714286,0.2857142857142857,0.4285714285714285,0.0,734.8571428571429,735.8571428571429,0.0,20.0,0.043495945,2.9e-08,0.0013984138916175,37.0,103.56987335062516,0.0,recon
0.0,0.0,0.0,0.0,0.0,0.0,0.0,0.0,0.0,2.0,0.0,198.0,0.0,0.0,0.0,0.0,0.0,0.0,1.0,0.0,0.0,0.0,0.0,0.0,0.03678,0.03678,0.0,0.0,0.0,0.0,benign
0.0,0.0,0.0,0.0,0.0,0.0,80.5,0.0,2.0,2.0,0.0,54.0,1.0,0.0,32.526911934581186,2.0,2.0,1.0,2.0,2.0,0.0,0.0,0.0,24.0,0.073287,0.002734,0.0293437470113594,238.0,8.013876853447337,1540.0,benign
0.0,0.0,0.0,0.0,0.0,0.0,0.0,0.0,0.0,0.0,0.0,0.0,0.0,0.0,0.0,0.0,0.0,0.0,0.0,0.0,0.0,0.0,0.0,0.0,0.0,0.0,0.0,0.0,0.0,0.0,benign
0.0,0.0,0.0,0.0,0.0,0.0,0.0,0.0,0.1428571428571428,0.2857142857142857,0.0,214.0,0.0,180.0,0.0,0.1428571428571428,0.1428571428571428,0.0,0.1428571428571428,0.0,0.0,0.0,0.0,0.0,0.003877856,0.003877856,0.0,255.0,0.0,0.0,recon
0.0,0.0,0.0,0.0,0.0,0.0,0.0,0.0,0.0,0.0,0.0,0.0,0.0,0.0,0.0,0.0,0.0,0.0,0.0,0.0,0.0,0.0,0.0,0.0,0.0,0.0,0.0,0.0,0.0,0.0,benign
0.0,0.0,0.0,0.0,0.0,0.0,0.0,0.0,0.0,0.0,0.0,0.0,0.0,0.0,0.0,0.0,0.0,0.0,0.0,0.0,0.0,0.0,0.0,0.0,0.0,0.0,0.0,0.0,0.0,0.0,benign
0.0,0.0,0.0,0.0,0.0,0.0,0.0,0.0,1.0,2.0,0.0,971.0,0.0,937.0,0.0,1.0,1.0,0.0,1.0,0.0,0.0,0.0,0.0,0.0,0.084834,0.084834,0.0,64.0,0.0,0.0,benign
0.0,0.0,0.0,0.0,0.0,0.0,0.0,0.0,0.0,0.0,0.0,0.0,0.0,0.0,0.0,0.0,0.0,0.0,0.0,0.0,0.0,0.0,0.0,0.0,0.0,0.0,0.0,0.0,0.0,0.0,benign
209.0,0.0,1.0,0.0,2.0,0.0,1.3333333333333333,0.0,2.0,2.0,0.0,54.0,2.0,0.0,10.594810050208546,2.0,2.0,1.0,1.0,2.0,0.0,0.0,0.0,24.0,0.037375,0.0,0.0157194009805558,64.0,95.5,5620.0,benign
0.0,0.0,0.0,0.0,0.0,0.0,0.0,0.0,1.0,2.0,0.0,60.0,1.0,0.0,0.0,0.0,0.0,1.0,0.0,0.0,0.0,0.0,0.0,0.0,0.006729,0.006729,0.0,0.0,0.0,0.0,benign
0.0,0.0,0.0,0.0,0.0,0.0,0.0,0.0,0.0,0.0,0.0,0.0,0.0,0.0,0.0,0.0,0.0,0.0,0.0,0.0,0.0,0.0,0.0,0.0,0.0,0.0,0.0,0.0,0.0,0.0,benign
917.0,0.0,2.0,0.0,3.0,0.0,5.666666666666667,0.0,2.0,2.0,0.0,54.0,2.0,0.0,22.93877721239735,2.0,2.0,1.0,1.0,2.0,0.0,0.0,0.0,24.0,0.027704,0.0,0.0118623525491362,64.0,95.5,5588.0,benign
0.0,0.0,0.0,0.0,0.0,0.0,0.0,0.0,0.0,2.0,0.0,198.0,0.0,0.0,0.0,0.0,0.0,0.0,1.0,0.0,0.0,0.0,0.0,0.0,0.033052,0.033052,0.0,0.0,0.0,0.0,benign
-0.69,1.1395028155589026,2.0,0.0,2.0,0.0,1.5,0.0,2.0,2.0,0.0,54.0,2.0,0.0,18.856180831641264,2.0,2.0,1.0,1.0,1.0,0.0,0.0,0.0,24.0,0.015404,0.0,0.007261279547481,64.0,90.03826347108705,5544.0,benign
13.0,0.0,1.0,0.0,1.0,0.0,0.0,0.0,2.0,2.0,0.0,54.0,1.0,0.0,10.5,2.0,2.0,1.0,1.0,1.0,0.0,0.0,0.0,24.0,0.048085,0.0,0.0240425,64.0,95.5,5612.0,benign
0.0,0.0,0.0,0.0,0.0,0.0,0.0,0.0,0.0,0.0,0.0,0.0,0.0,0.0,0.0,0.0,0.0,0.0,0.0,0.0,0.0,0.0,0.0,0.0,0.0,0.0,0.0,0.0,0.0,0.0,benign
0.0,0.0,0.0,0.0,0.0,0.0,0.0,0.0,0.0,0.0,0.0,0.0,0.0,0.0,0.0,0.0,0.0,0.0,0.0,0.0,0.0,0.0,0.0,0.0,0.0,0.0,0.0,0.0,0.0,0.0,benign
13.0,0.0,1.0,0.0,1.0,0.0,0.0,0.0,2.0,2.0,0.0,54.0,1.0,0.0,10.5,2.0,2.0,1.0,1.0,1.0,0.0,0.0,0.0,24.0,0.001487,0.0,0.0007435,64.0,95.5,5638.0,benign
0.0,0.0,0.0,0.0,0.0,0.0,0.0,0.0,0.0,0.0,0.0,0.0,0.0,0.0,0.0,0.0,0.0,0.0,0.0,0.0,0.0,0.0,0.0,0.0,0.0,0.0,0.0,0.0,0.0,0.0,benign
22.5,0.0,1.0,0.0,7.0,0.0,1.2,0.0,2.0,2.0,0.0,54.0,3.0,0.0,61.98498922230196,2.0,2.0,1.0,1.0,3.0,0.0,0.0,0.0,24.0,0.020644,0.0,0.007541283675358,64.0,95.5,5576.0,benign
22.5,0.0,1.0,0.0,7.0,0.0,1.0,0.0,2.0,2.0,0.0,54.0,4.0,0.0,43.15940656450225,2.0,2.0,1.0,1.0,4.0,0.0,0.0,0.0,24.0,0.076017,0.0,0.0248476979161928,64.0,95.5,5570.0,benign
920.0,0.0,2.0,0.0,3.0,0.0,3.0,0.0,2.0,2.0,0.0,54.0,2.0,0.0,22.93877721239735,2.0,2.0,1.0,1.0,2.0,0.0,0.0,0.0,24.0,0.142971,0.0,0.0607522101424096,64.0,95.5,5588.0,benign
0.0,0.0,0.0,0.0,0.0,0.0,0.0,0.0,0.0,0.0,0.0,0.0,0.0,0.0,0.0,0.0,0.0,0.0,0.0,0.0,0.0,0.0,0.0,0.0,0.0,0.0,0.0,0.0,0.0,0.0,benign
217.0,0.0,1.0,0.0,2.0,0.0,1.0,0.0,2.0,2.0,0.0,54.0,2.0,0.0,10.594810050208546,2.0,2.0,1.0,1.0,2.0,0.0,0.0,0.0,24.0,0.002345,0.0,0.0010602559537677,64.0,95.5,5556.0,benign
0.0,0.0,0.0,0.0,0.0,0.0,0.0,0.0,1.0,2.0,0.0,230.0,0.0,196.0,0.0,1.0,1.0,0.0,1.0,0.0,0.0,0.0,0.0,0.0,0.054563,0.054563,0.0,255.0,0.0,0.0,benign
0.0,0.0,0.0,0.0,0.0,0.0,5.560740144810941,0.0,21.285714285714285,3.4285714285714284,1460.0,60.0,39.71428571428572,0.0,254.23748024308287,35.0,35.142857142857146,0.8571428571428571,1.1428571428571428,18.571428571428573,4.0,6.714285714285714,0.0,24.0,0.024842892,2.7e-08,0.0030462626500523,55.0,69.35847946528934,0.0,malware
0.0,0.0,0.0,0.0,0.0,0.0,0.0,0.0,0.0,0.0,0.0,0.0,0.0,0.0,0.0,0.0,0.0,0.0,0.0,0.0,0.0,0.0,0.0,0.0,0.0,0.0,0.0,0.0,0.0,0.0,benign
0.0,0.0,0.0,0.0,0.0,0.0,0.0,0.0,0.0,0.0,0.0,0.0,0.0,0.0,0.0,0.0,0.0,0.0,0.0,0.0,0.0,0.0,0.0,0.0,0.0,0.0,0.0,0.0,0.0,0.0,benign
0.0,0.0,0.0,0.0,0.0,0.0,0.0,0.0,0.0,0.0,0.0,0.0,0.0,0.0,0.0,0.0,0.0,0.0,0.0,0.0,0.0,0.0,0.0,0.0,0.0,0.0,0.0,0.0,0.0,0.0,benign
0.0,0.0,0.0,0.0,0.0,0.0,0.0,0.0,0.0,0.0,0.0,0.0,0.0,0.0,0.0,0.0,0.0,0.0,0.0,0.0,0.0,0.0,0.0,0.0,0.0,0.0,0.0,0.0,0.0,0.0,benign
1023.0,0.0,1.0,0.0,1.0,0.0,0.0,0.0,2.0,2.0,0.0,54.0,1.0,0.0,9.0,2.0,2.0,1.0,1.0,1.0,0.0,0.0,0.0,24.0,0.041718,0.0,0.020859,64.0,95.5,5588.0,benign
0.0,0.0,0.0,0.0,0.0,0.0,0.0,0.0,0.0,0.0,0.0,0.0,0.0,0.0,0.0,0.0,0.0,0.0,0.0,0.0,0.0,0.0,0.0,0.0,0.0,0.0,0.0,0.0,0.0,0.0,benign
0.0,0.0,0.0,0.0,0.0,0.0,0.0,0.0,0.0,0.0,0.0,0.0,0.0,0.0,0.0,0.0,0.0,0.0,0.0,0.0,0.0,0.0,0.0,0.0,0.0,0.0,0.0,0.0,0.0,0.0,benign
0.0,0.0,0.0,0.0,0.0,0.0,359.0,0.0,3.0,3.0,0.0,60.0,1.0,196.0,0.0,1.0,1.0,1.0,2.0,0.0,0.0,0.0,0.0,0.0,0.016126,0.0,0.0074635795403784,255.0,0.0,0.0,benign
1023.0,0.0,1.0,0.0,1.0,0.0,0.0,0.0,2.0,2.0,0.0,54.0,1.0,0.0,9.0,2.0,2.0,1.0,1.0,1.0,0.0,0.0,0.0,24.0,0.026327,0.0,0.0131635,64.0,95.5,5606.0,benign
0.0,0.0,0.0,0.0,0.0,0.0,0.0,0.0,1.0,2.0,0.0,214.0,0.0,180.0,0.0,1.0,1.0,0.0,1.0,0.0,0.0,0.0,0.0,0.0,0.049631,0.049631,0.0,255.0,0.0,0.0,benign
0.0,0.0,0.0,0.0,0.0,0.0,0.0,0.0,0.0,0.0,0.0,0.0,0.0,0.0,0.0,0.0,0.0,0.0,0.0,0.0,0.0,0.0,0.0,0.0,0.0,0.0,0.0,0.0,0.0,0.0,benign
-0.7,0.5880476171195662,2.0,0.0,2.0,0.0,3.0,0.0,2.0,2.0,0.0,54.0,2.0,0.0,19.327585352432298,2.0,2.0,1.0,1.0,1.0,0.0,0.0,0.0,24.0,0.0,0.0,0.0,64.0,90.03826347108705,5560.0,benign
0.0,0.0,0.0,0.0,0.0,0.0,0.0,0.0,0.0,0.0,0.0,0.0,0.0,0.0,0.0,0.0,0.0,0.0,0.0,0.0,0.0,0.0,0.0,0.0,0.0,0.0,0.0,0.0,0.0,0.0,benign
0.0,0.0,0.0,0.0,0.0,0.0,0.0,0.0,0.0,0.0,0.0,0.0,0.0,0.0,0.0,0.0,0.0,0.0,0.0,0.0,0.0,0.0,0.0,0.0,0.0,0.0,0.0,0.0,0.0,0.0,benign
0.0,0.0,0.0,0.0,0.0,0.0,0.0,0.0,0.0,0.0,0.0,0.0,0.0,0.0,0.0,0.0,0.0,0.0,0.0,0.0,0.0,0.0,0.0,0.0,0.0,0.0,0.0,0.0,0.0,0.0,benign
0.0,0.0,0.0,0.0,0.0,0.0,0.3427626382306477,0.0,2.2857142857142856,2.142857142857143,1460.0,60.0,1446.2857142857142,0.0,41.17485810973497,146.14285714285714,146.14285714285714,0.5714285714285714,0.5714285714285714,16.0,1428.571428571429,1430.0,0.0,24.0,0.186453888,2.8e-08,0.0033112752716126,37.0,16.607187761085477,0.0,recon
0.0,0.0,0.0,0.0,0.0,0.0,1570.25,0.0,0.4285714285714285,0.4285714285714285,0.0,60.0,0.1428571428571428,196.0,0.0,0.1428571428571428,0.1428571428571428,0.1428571428571428,0.2857142857142857,0.0,0.0,0.0,0.0,0.0,0.029634111,3.4e-08,0.0120984799604058,255.0,0.0,0.0,recon
0.0,0.0,0.0,0.0,0.0,0.0,0.0,0.0,0.0,0.0,0.0,0.0,0.0,0.0,0.0,0.0,0.0,0.0,0.0,0.0,0.0,0.0,0.0,0.0,0.0,0.0,0.0,0.0,0.0,0.0,benign
0.0,0.0,0.0,0.0,0.0,0.0,0.0,0.0,0.0,0.0,0.0,0.0,0.0,0.0,0.0,0.0,0.0,0.0,0.0,0.0,0.0,0.0,0.0,0.0,0.0,0.0,0.0,0.0,0.0,0.0,benign
0.0,15.42574468374817,0.1428571428571428,150.15,5.857142857142857,0.0,1245.0,0.0,0.4285714285714285,0.4285714285714285,0.0,60.0,0.2857142857142857,0.0,7.5,0.2857142857142857,0.2857142857142857,0.2857142857142857,0.2857142857142857,0.1428571428571428,0.0,0.0,0.0,24.0,0.028019106,3.05e-07,0.0115597864489287,64.0,95.5,5742.0,mitm
0.0,0.0,0.0,0.0,0.0,0.0,0.0,0.0,0.0,0.0,0.0,0.0,0.0,0.0,0.0,0.0,0.0,0.0,0.0,0.0,0.0,0.0,0.0,0.0,0.0,0.0,0.0,0.0,0.0,0.0,benign
0.0,0.0,0.0,0.0,0.0,0.0,13.666666666666666,0.0,3.0,3.0,0.0,60.0,1.0,180.0,0.0,1.0,1.0,1.0,2.0,0.0,0.0,0.0,0.0,0.0,0.003501,1e-06,0.001360386525955,255.0,0.0,0.0,benign
0.0,0.0,0.0,0.0,0.0,0.0,0.0,0.0,0.0,0.0,0.0,0.0,0.0,0.0,0.0,0.0,0.0,0.0,0.0,0.0,0.0,0.0,0.0,0.0,0.0,0.0,0.0,0.0,0.0,0.0,benign
0.0,0.0,0.0,0.0,0.0,0.0,0.0,0.0,1.0,2.0,0.0,230.0,0.0,196.0,0.0,1.0,1.0,0.0,1.0,0.0,0.0,0.0,0.0,0.0,0.084767,0.084767,0.0,255.0,0.0,0.0,benign
0.0,0.0,0.0,0.0,0.0,0.0,0.0,0.0,0.0,0.0,0.0,0.0,0.0,0.0,0.0,0.0,0.0,0.0,0.0,0.0,0.0,0.0,0.0,0.0,0.0,0.0,0.0,0.0,0.0,0.0,benign
1023.0,0.0,1.0,0.0,1.0,0.0,0.0,0.0,2.0,2.0,0.0,54.0,1.0,0.0,9.0,2.0,2.0,1.0,1.0,1.0,0.0,0.0,0.0,24.0,0.068736,0.0,0.034368,64.0,95.5,5594.0,benign
0.0,0.0,0.0,0.0,0.0,0.0,0.0,0.0,0.0,0.0,0.0,0.0,0.0,0.0,0.0,0.0,0.0,0.0,0.0,0.0,0.0,0.0,0.0,0.0,0.0,0.0,0.0,0.0,0.0,0.0,benign
22.4,0.0,1.0,0.0,7.0,0.0,1.6,0.0,2.0,2.0,0.0,54.0,3.0,0.0,61.98498922230196,2.0,2.0,1.0,1.0,3.0,0.0,0.0,0.0,24.0,0.030519,0.0,0.0111155752237819,64.0,95.5,5580.0,benign
0.0,0.0,0.0,0.0,0.0,0.0,0.0,0.0,1.0,2.0,0.0,60.0,1.0,0.0,0.0,0.0,0.0,1.0,0.0,0.0,0.0,0.0,0.0,0.0,0.056476,0.056476,0.0,0.0,0.0,0.0,benign
0.0,0.0,0.0,0.0,0.0,0.0,0.0,0.0,0.0,0.0,0.0,0.0,0.0,0.0,0.0,0.0,0.0,0.0,0.0,0.0,0.0,0.0,0.0,0.0,0.0,0.0,0.0,0.0,0.0,0.0,benign
0.0,0.0,0.0,0.0,0.0,0.0,0.0,0.0,0.0,0.0,0.0,0.0,0.0,0.0,0.0,0.0,0.0,0.0,0.0,0.0,0.0,0.0,0.0,0.0,0.0,0.0,0.0,0.0,0.0,0.0,benign
0.0,0.0,0.0,0.0,0.0,0.0,0.0,0.0,0.0,0.0,0.0,0.0,0.0,0.0,0.0,0.0,0.0,0.0,0.0,0.0,0.0,0.0,0.0,0.0,0.0,0.0,0.0,0.0,0.0,0.0,benign
0.0,0.0,0.0,0.0,0.0,0.0,0.0,0.0,1.0,2.0,0.0,60.0,0.0,0.0,0.0,0.0,0.0,0.0,1.0,0.0,0.0,0.0,0.0,0.0,0.002979,0.002979,0.0,0.0,0.0,0.0,benign
0.0,0.0,0.0,0.0,0.0,0.0,0.0,0.0,0.0,0.0,0.0,0.0,0.0,0.0,0.0,0.0,0.0,0.0,0.0,0.0,0.0,0.0,0.0,0.0,0.0,0.0,0.0,0.0,0.0,0.0,benign
0.0,0.0,0.0,0.0,0.0,0.0,0.0,0.0,0.2857142857142857,0.2857142857142857,0.0,60.0,0.1428571428571428,0.0,0.0,0.0,0.0,0.1428571428571428,0.1428571428571428,0.0,0.0,0.0,0.0,0.0,0.007507226,0.000311664,0.003597781,0.0,0.0,0.0,recon
0.0,0.0,0.0,0.0,0.0,0.0,0.0,0.0,0.0,0.0,0.0,0.0,0.0,0.0,0.0,0.0,0.0,0.0,0.0,0.0,0.0,0.0,0.0,0.0,0.0,0.0,0.0,0.0,0.0,0.0,benign
0.0,0.0,0.0,0.0,0.0,0.0,0.0,0.0,0.0,0.0,0.0,0.0,0.0,0.0,0.0,0.0,0.0,0.0,0.0,0.0,0.0,0.0,0.0,0.0,0.0,0.0,0.0,0.0,0.0,0.0,benign
22.3,0.0,1.0,0.0,7.0,0.0,1.8,0.0,2.0,2.0,0.0,54.0,3.0,0.0,61.98498922230196,2.0,2.0,1.0,1.0,3.0,0.0,0.0,0.0,24.0,0.002826,0.000257,0.0008858980377748,64.0,95.5,5644.0,benign
-0.7,0.5880476171195662,2.0,0.0,2.0,0.0,2.0,0.0,2.0,2.0,0.0,54.0,2.0,0.0,19.327585352432298,2.0,2.0,1.0,1.0,1.0,0.0,0.0,0.0,24.0,0.026322,0.0,0.0124083097962615,64.0,90.03826347108705,5636.0,benign
0.0,0.0,0.0,0.0,0.0,0.0,0.0067300134600269,0.0,2.0,2.0,0.0,60.0,148557.42857142858,0.0,1.4459347987166808,1.5714285714285714,9416.57142857143,0.4285714285714285,0.2857142857142857,2.4285714285714284,148554.2857142857,0.0,0.0,24.0,0.000628349,2.5e-08,4.039895969776024e-05,52.0,0.5849995861813767,134.0,ddos
0.0,0.0,0.0,0.0,0.0,0.0,0.0,0.0,0.0,0.0,0.0,0.0,0.0,0.0,0.0,0.0,0.0,0.0,0.0,0.0,0.0,0.0,0.0,0.0,0.0,0.0,0.0,0.0,0.0,0.0,benign
0.0,0.0,0.0,0.0,0.0,0.0,0.0,0.0,0.0,0.0,0.0,0.0,0.0,0.0,0.0,0.0,0.0,0.0,0.0,0.0,0.0,0.0,0.0,0.0,0.0,0.0,0.0,0.0,0.0,0.0,benign
0.0,0.0,1.0,0.0,1.0,0.0,0.0,0.0,2.0,2.0,0.0,54.0,1.0,0.0,8.0,2.0,2.0,1.0,1.0,1.0,0.0,0.0,0.0,24.0,0.00099,0.000303,0.0003435,64.0,95.5,5592.0,benign
0.0,0.0,0.0,0.0,0.0,0.0,0.0,0.0,0.0,0.0,0.0,0.0,0.0,0.0,0.0,0.0,0.0,0.0,0.0,0.0,0.0,0.0,0.0,0.0,0.0,0.0,0.0,0.0,0.0,0.0,benign
0.0,0.0,0.0,0.0,0.0,0.0,0.0,0.0,0.0,0.0,0.0,0.0,0.0,0.0,0.0,0.0,0.0,0.0,0.0,0.0,0.0,0.0,0.0,0.0,0.0,0.0,0.0,0.0,0.0,0.0,benign
0.0,0.0,0.0,0.0,0.0,0.0,0.0,0.0,0.0,0.0,0.0,0.0,0.0,0.0,0.0,0.0,0.0,0.0,0.0,0.0,0.0,0.0,0.0,0.0,0.0,0.0,0.0,0.0,0.0,0.0,benign
-0.7,0.5880476171195662,2.0,0.0,2.0,0.0,1.5,0.0,2.0,2.0,0.0,54.0,2.0,0.0,19.327585352432298,2.0,2.0,1.0,1.0,1.0,0.0,0.0,0.0,24.0,0.001999,0.0,0.0009423376370612,64.0,90.03826347108705,5604.0,benign
0.0,0.0,2.0,0.0,2.0,0.0,1.5,0.0,2.0,2.0,0.0,54.0,2.0,0.0,8.956685895029603,2.0,2.0,1.0,1.0,1.0,0.0,0.0,0.0,24.0,0.048947,0.0,0.0230736013805098,64.0,90.03826347108705,5612.0,benign
0.0,0.0,0.0,0.0,0.0,0.0,24.40625,0.0,11.0,11.0,0.0,54.0,16.0,0.0,277.812162793754,12.0,12.0,3.0,2.0,15.0,0.0,0.0,0.0,24.0,0.107229,0.0,0.0246444268676786,61.0,93.55033804531666,643.0,benign
0.0,0.0,0.0,0.0,0.0,0.0,0.0,0.0,0.0,0.0,0.0,0.0,0.0,0.0,0.0,0.0,0.0,0.0,0.0,0.0,0.0,0.0,0.0,0.0,0.0,0.0,0.0,0.0,0.0,0.0,benign
0.0,0.0,0.0,0.0,0.0,0.0,0.0,0.0,0.0,0.0,0.0,0.0,0.0,0.0,0.0,0.0,0.0,0.0,0.0,0.0,0.0,0.0,0.0,0.0,0.0,0.0,0.0,0.0,0.0,0.0,benign
0.0,0.0,0.0,0.0,0.0,0.0,0.0,0.0,0.0,0.0,0.0,0.0,0.0,0.0,0.0,0.0,0.0,0.0,0.0,0.0,0.0,0.0,0.0,0.0,0.0,0.0,0.0,0.0,0.0,0.0,benign
913.0,0.0,2.0,0.0,3.0,0.0,1.0,0.0,2.0,2.0,0.0,54.0,2.0,0.0,22.93877721239735,2.0,2.0,1.0,1.0,2.0,0.0,0.0,0.0,24.0,0.044489,0.0,0.0188513423991502,64.0,95.5,5548.0,benign
0.0,0.0,0.0,0.0,0.0,0.0,0.0,0.0,0.0,0.0,0.0,0.0,0.0,0.0,0.0,0.0,0.0,0.0,0.0,0.0,0.0,0.0,0.0,0.0,0.0,0.0,0.0,0.0,0.0,0.0,benign
0.0,0.0,0.0,0.0,0.0,0.0,53.333333333333336,0.0,2.0,2.0,0.0,54.0,2.0,0.0,1.0,2.0,2.0,2.0,2.0,2.0,0.0,0.0,0.0,24.0,0.037608,0.0,0.0170618486908658,64.0,95.5,5566.0,benign
13.0,0.0,1.0,0.0,1.0,0.0,0.0,0.0,2.0,2.0,0.0,54.0,1.0,0.0,10.5,2.0,2.0,1.0,1.0,1.0,0.0,0.0,0.0,24.0,0.010854,0.0,0.005427,64.0,95.5,5596.0,benign
99.0,39.98730267222334,1.0,118.42857142857144,8.0,0.0,55.266666666666666,0.0,2.0,2.0,0.0,54.0,8.0,0.0,10.440119431788125,2.0,2.0,1.0,1.0,8.0,0.0,0.0,0.0,24.0,0.171935,0.0,0.0426363231761883,64.0,95.5,5606.0,benign
0.0,0.0,0.0,0.0,0.0,0.0,0.0,0.0,0.0,0.0,0.0,0.0,0.0,0.0,0.0,0.0,0.0,0.0,0.0,0.0,0.0,0.0,0.0,0.0,0.0,0.0,0.0,0.0,0.0,0.0,benign
13.0,0.0,1.0,0.0,1.0,0.0,0.0,0.0,2.0,2.0,0.0,54.0,1.0,0.0,10.5,2.0,2.0,1.0,1.0,1.0,0.0,0.0,0.0,24.0,0.007023,0.0,0.0035115,64.0,95.5,5574.0,benign
0.0,0.0,0.0,0.0,0.0,0.0,0.0,0.0,0.0,0.0,0.0,0.0,0.0,0.0,0.0,0.0,0.0,0.0,0.0,0.0,0.0,0.0,0.0,0.0,0.0,0.0,0.0,0.0,0.0,0.0,benign
915.0,0.0,2.0,0.0,3.0,0.0,0.6666666666666666,0.0,2.0,2.0,0.0,54.0,2.0,0.0,22.93877721239735,2.0,2.0,1.0,1.0,2.0,0.0,0.0,0.0,24.0,0.094718,0.0,0.0406982187409658,64.0,95.5,5574.0,benign
0.0,0.0,0.0,0.0,0.0,0.0,0.0,0.0,0.0,0.0,0.0,0.0,0.0,0.0,0.0,0.0,0.0,0.0,0.0,0.0,0.0,0.0,0.0,0.0,0.0,0.0,0.0,0.0,0.0,0.0,benign
0.0,0.0,0.0,0.0,0.0,0.0,47.0,0.0,2.0,2.0,0.0,60.0,1.0,0.0,0.0,0.0,0.0,1.0,1.0,0.0,0.0,0.0,0.0,0.0,0.000705,0.0,0.0003525,0.0,0.0,0.0,benign
0.0,0.0,0.0,0.0,0.0,0.0,0.0,0.0,0.0,0.0,0.0,0.0,0.0,0.0,0.0,0.0,0.0,0.0,0.0,0.0,0.0,0.0,0.0,0.0,0.0,0.0,0.0,0.0,0.0,0.0,benign
0.0,0.0,0.0,0.0,0.0,0.0,0.0,0.0,0.0,0.0,0.0,0.0,0.0,0.0,0.0,0.0,0.0,0.0,0.0,0.0,0.0,0.0,0.0,0.0,0.0,0.0,0.0,0.0,0.0,0.0,benign
0.0,0.0,0.0,0.0,0.0,0.0,0.0,0.0,0.0,0.0,0.0,0.0,0.0,0.0,0.0,0.0,0.0,0.0,0.0,0.0,0.0,0.0,0.0,0.0,0.0,0.0,0.0,0.0,0.0,0.0,benign
0.0,0.0,0.0,0.0,0.0,0.0,0.0,0.0,0.0,0.0,0.0,0.0,0.0,0.0,0.0,0.0,0.0,0.0,0.0,0.0,0.0,0.0,0.0,0.0,0.0,0.0,0.0,0.0,0.0,0.0,benign
0.0,0.0,0.0,0.0,0.0,0.0,4.75,2.0,2.0,2.0,0.0,66.0,3.0,0.0,573.551741345103,2.0,2.0,2.0,2.0,2.0,0.0,0.0,0.0,24.0,0.005868,0.0,0.0024530209619976,61.0,1.4696938456698574,660.0,benign
0.0,0.0,0.0,0.0,0.0,0.0,27.405511811023626,0.0,2.2857142857142856,2.2857142857142856,0.0,60.0,17.428571428571427,0.0,327.1936227241327,2.2857142857142856,2.2857142857142856,0.5714285714285714,0.5714285714285714,16.571428571428573,0.0,0.0,0.0,24.0,0.315525138,3.4e-08,0.0369976557024375,61.0,94.41149752121048,501.0,mitm
12.0,0.0,1.0,0.0,1.0,0.0,0.0,0.0,2.0,2.0,0.0,54.0,1.0,0.0,10.5,2.0,2.0,1.0,1.0,1.0,0.0,0.0,0.0,24.0,0.097133,0.0,0.0485665,64.0,95.5,5612.0,benign
0.0,0.0,0.0,0.0,0.0,0.0,0.0,0.0,0.0,0.0,0.0,0.0,0.0,0.0,0.0,0.0,0.0,0.0,0.0,0.0,0.0,0.0,0.0,0.0,0.0,0.0,0.0,0.0,0.0,0.0,benign
211.0,0.0,1.0,0.0,2.0,0.0,1.0,0.0,2.0,2.0,0.0,54.0,2.0,0.0,10.594810050208546,2.0,2.0,1.0,1.0,2.0,0.0,0.0,0.0,24.0,0.002749,0.0,0.0011239735317168,64.0,95.5,5596.0,benign
22.0,0.0,0.1428571428571428,1090.6666666666667,7.0,0.0,23.7681660899654,0.0,0.4285714285714285,0.4285714285714285,1460.0,60.0,20.714285714285715,0.0,25.721083298345505,18.142857142857142,18.142857142857142,0.1428571428571428,0.2857142857142857,2.7142857142857144,18.0,18.0,0.0,24.0,0.020032356,3.2e-08,0.001994126935068,37.0,102.6585650928374,1024.0,recon
0.0,0.0,0.1428571428571428,0.0,0.1428571428571428,0.0,0.0094540189080378,0.0,0.8571428571428571,1.1428571428571428,0.0,60.0,99441.0,0.0,0.0,608.7142857142857,9416.57142857143,0.2857142857142857,0.2857142857142857,0.0,626.0,99439.71428571428,0.0,20.0,0.000547252,2.6e-08,5.107129343681979e-05,64.0,15.059660034805953,512.0,ddos
0.0,0.0,0.0,0.0,0.0,0.0,22.475,0.0,12.0,12.0,0.0,54.0,20.0,0.0,427.0853252856629,13.0,13.0,3.0,2.0,20.0,0.0,0.0,0.0,24.0,0.123826,0.0,0.0339882465226191,61.0,94.91876986818627,660.0,benign
0.0,0.0,0.0,0.0,0.0,0.0,0.0,0.0,0.0,0.0,0.0,0.0,0.0,0.0,0.0,0.0,0.0,0.0,0.0,0.0,0.0,0.0,0.0,0.0,0.0,0.0,0.0,0.0,0.0,0.0,benign
0.0,0.0,0.0,0.0,0.0,0.0,0.0,0.0,0.0,0.0,0.0,0.0,0.0,0.0,0.0,0.0,0.0,0.0,0.0,0.0,0.0,0.0,0.0,0.0,0.0,0.0,0.0,0.0,0.0,0.0,benign
0.0,0.0,0.0,0.0,0.0,0.0,0.0,0.0,0.0,0.0,0.0,0.0,0.0,0.0,0.0,0.0,0.0,0.0,0.0,0.0,0.0,0.0,0.0,0.0,0.0,0.0,0.0,0.0,0.0,0.0,benign
0.0,0.0,0.0,0.0,0.0,0.0,0.0,0.0,0.0,0.0,0.0,0.0,0.0,0.0,0.0,0.0,0.0,0.0,0.0,0.0,0.0,0.0,0.0,0.0,0.0,0.0,0.0,0.0,0.0,0.0,benign
0.0,0.0,0.0,0.0,0.0,0.0,0.0,0.0,0.0,0.0,0.0,0.0,0.0,0.0,0.0,0.0,0.0,0.0,0.0,0.0,0.0,0.0,0.0,0.0,0.0,0.0,0.0,0.0,0.0,0.0,benign
0.0,0.0,0.0,0.0,0.0,0.0,0.0,0.0,1.0,2.0,0.0,230.0,0.0,196.0,0.0,1.0,1.0,0.0,1.0,0.0,0.0,0.0,0.0,0.0,0.002955,0.002955,0.0,255.0,0.0,0.0,benign
0.0,0.0,0.0,0.0,0.0,0.0,81.0,0.0,2.0,2.0,0.0,123.0,1.0,69.0,0.0,2.0,2.0,1.0,1.0,2.0,0.0,0.0,0.0,24.0,0.080748,0.033263,0.0237425,238.0,8.5,1678.0,benign
0.0,0.0,0.0,0.0,0.0,0.0,0.0,0.0,0.0,0.0,0.0,0.0,0.0,0.0,0.0,0.0,0.0,0.0,0.0,0.0,0.0,0.0,0.0,0.0,0.0,0.0,0.0,0.0,0.0,0.0,benign
0.0,0.0,0.0,0.0,0.0,0.0,0.0,0.0,0.0,0.0,0.0,0.0,0.0,0.0,0.0,0.0,0.0,0.0,0.0,0.0,0.0,0.0,0.0,0.0,0.0,0.0,0.0,0.0,0.0,0.0,benign
0.0,0.0,0.0,0.0,0.0,0.0,0.0,0.0,0.0,2.0,0.0,198.0,0.0,0.0,0.0,0.0,0.0,0.0,1.0,0.0,0.0,0.0,0.0,0.0,0.002015,0.002015,0.0,0.0,0.0,0.0,benign
0.0,0.0,1.0,0.0,1.0,0.0,0.0,0.0,2.0,2.0,0.0,54.0,1.0,0.0,8.0,2.0,2.0,1.0,1.0,1.0,0.0,0.0,0.0,24.0,0.020793,0.0,0.0103965,64.0,95.5,5634.0,benign
0.0,0.0,0.0,0.0,0.0,0.0,0.0,0.0,0.0,0.0,0.0,0.0,0.0,0.0,0.0,0.0,0.0,0.0,0.0,0.0,0.0,0.0,0.0,0.0,0.0,0.0,0.0,0.0,0.0,0.0,benign
0.0,0.0,0.0,0.0,0.0,0.0,0.0,0.0,0.0,0.0,0.0,0.0,0.0,0.0,0.0,0.0,0.0,0.0,0.0,0.0,0.0,0.0,0.0,0.0,0.0,0.0,0.0,0.0,0.0,0.0,benign
0.0,0.0,0.0,0.0,0.0,0.0,0.0,0.0,0.0,0.0,0.0,0.0,0.0,0.0,0.0,0.0,0.0,0.0,0.0,0.0,0.0,0.0,0.0,0.0,0.0,0.0,0.0,0.0,0.0,0.0,benign
0.0,0.0,0.0,0.0,0.0,0.0,0.0,0.0,0.0,0.0,0.0,0.0,0.0,0.0,0.0,0.0,0.0,0.0,0.0,0.0,0.0,0.0,0.0,0.0,0.0,0.0,0.0,0.0,0.0,0.0,benign
212.0,0.0,1.0,0.0,2.0,0.0,0.6666666666666666,0.0,2.0,2.0,0.0,54.0,2.0,0.0,10.594810050208546,2.0,2.0,1.0,1.0,2.0,0.0,0.0,0.0,24.0,0.019905,1e-06,0.0083492898313269,64.0,95.5,5544.0,benign
0.0,0.0,0.1428571428571428,0.0,0.1428571428571428,0.0,583.0,0.0,0.4285714285714285,0.5714285714285714,1460.0,60.0,1.1428571428571428,0.0,5.598833697790122,0.5714285714285714,0.7142857142857143,0.2857142857142857,0.2857142857142857,0.1428571428571428,0.1428571428571428,0.5714285714285714,0.0,24.0,0.017654752,3.4e-08,0.0050753693732118,64.0,86.2850047274515,5278.0,malware
0.0,0.0,0.0,0.0,0.0,0.0,0.0,0.0,0.0,0.0,0.0,0.0,0.0,0.0,0.0,0.0,0.0,0.0,0.0,0.0,0.0,0.0,0.0,0.0,0.0,0.0,0.0,0.0,0.0,0.0,benign
0.0,0.0,0.0,0.0,0.0,0.0,0.0,0.0,0.0,0.0,0.0,0.0,0.0,0.0,0.0,0.0,0.0,0.0,0.0,0.0,0.0,0.0,0.0,0.0,0.0,0.0,0.0,0.0,0.0,0.0,benign
-0.69,0.5840281576164704,2.0,0.0,2.0,0.0,1.0,0.0,2.0,2.0,0.0,54.0,2.0,0.0,19.327585352432298,2.0,2.0,1.0,1.0,1.0,0.0,0.0,0.0,24.0,0.047682,0.0,0.0224775103603579,64.0,90.03826347108705,5628.0,benign
0.0,0.0,0.0,0.0,0.0,0.0,0.0,0.0,0.0,0.0,0.0,0.0,0.0,0.0,0.0,0.0,0.0,0.0,0.0,0.0,0.0,0.0,0.0,0.0,0.0,0.0,0.0,0.0,0.0,0.0,benign
0.0,0.0,0.0,0.0,0.0,0.0,0.0,0.0,0.0,0.0,0.0,0.0,0.0,0.0,0.0,0.0,0.0,0.0,0.0,0.0,0.0,0.0,0.0,0.0,0.0,0.0,0.0,0.0,0.0,0.0,benign
0.0,0.0,0.0,0.0,0.0,0.0,0.0,0.0,0.0,0.0,0.0,0.0,0.0,0.0,0.0,0.0,0.0,0.0,0.0,0.0,0.0,0.0,0.0,0.0,0.0,0.0,0.0,0.0,0.0,0.0,benign
110.0,28.222150802487903,1.0,121.5,7.0,0.0,56.07692307692308,0.0,2.0,2.0,0.0,54.0,7.0,0.0,10.5,2.0,2.0,1.0,1.0,7.0,0.0,0.0,0.0,24.0,0.206994,0.0,0.0544178300325737,64.0,95.5,5610.0,benign
0.0,0.0,0.0,0.0,0.0,0.0,0.0,0.0,0.0,0.0,0.0,0.0,0.0,0.0,0.0,0.0,0.0,0.0,0.0,0.0,0.0,0.0,0.0,0.0,0.0,0.0,0.0,0.0,0.0,0.0,benign
0.0,0.0,0.0,0.0,0.0,0.0,0.0,0.0,0.0,0.0,0.0,0.0,0.0,0.0,0.0,0.0,0.0,0.0,0.0,0.0,0.0,0.0,0.0,0.0,0.0,0.0,0.0,0.0,0.0,0.0,benign
22.5,0.0,1.0,0.0,7.0,0.0,0.8571428571428571,0.0,2.0,2.0,0.0,54.0,4.0,0.0,35.755899862819845,2.0,2.0,1.0,1.0,4.0,0.0,0.0,0.0,24.0,0.004625,0.0,0.0015526649670807,64.0,95.5,5576.0,benign
0.0,0.0,0.0,0.0,0.0,0.0,0.0086600173200346,0.0,1.0,1.1428571428571428,0.0,60.0,113791.57142857143,0.0,0.0,688.4285714285714,9416.57142857143,0.2857142857142857,0.2857142857142857,0.0,715.8571428571429,0.0,0.0,20.0,0.001160252,2.5e-08,4.915334422576923e-05,64.0,0.0,0.0,ddos
0.0,0.0,0.0,0.0,0.0,0.0,64.0,0.0,2.0,2.0,0.0,60.0,1.0,0.0,0.0,0.0,0.0,1.0,1.0,0.0,0.0,0.0,0.0,0.0,0.037841,0.02029,0.0087754999999999,0.0,0.0,0.0,benign
919.0,0.0,2.0,0.0,3.0,0.0,3.333333333333333,0.0,2.0,2.0,0.0,54.0,2.0,0.0,22.93877721239735,2.0,2.0,1.0,1.0,2.0,0.0,0.0,0.0,24.0,0.099828,0.0,0.042005250638313,64.0,95.5,5646.0,benign
0.0,0.0,0.0,0.0,0.0,0.0,0.0,0.0,1.0,2.0,0.0,214.0,0.0,180.0,0.0,1.0,1.0,0.0,1.0,0.0,0.0,0.0,0.0,0.0,0.013681,0.013681,0.0,255.0,0.0,0.0,benign
22.2,0.0,1.0,0.0,7.0,0.0,0.8571428571428571,0.0,2.0,2.0,0.0,54.0,4.0,0.0,35.755899862819845,2.0,2.0,1.0,1.0,4.0,0.0,0.0,0.0,24.0,0.011943,0.0,0.0037804013820459,64.0,95.5,5650.0,benign
0.0,0.0,0.0,0.0,0.0,0.0,0.0,0.0,0.0,0.0,0.0,0.0,0.0,0.0,0.0,0.0,0.0,0.0,0.0,0.0,0.0,0.0,0.0,0.0,0.0,0.0,0.0,0.0,0.0,0.0,benign
0.0,0.0,0.0,0.0,0.0,0.0,0.0,0.0,0.0,2.0,0.0,198.0,0.0,0.0,0.0,0.0,0.0,0.0,1.0,0.0,0.0,0.0,0.0,0.0,0.017974,0.017974,0.0,0.0,0.0,0.0,benign
0.0,0.0,0.0,0.0,0.0,0.0,0.0,0.0,1.0,2.0,0.0,214.0,0.0,180.0,0.0,1.0,1.0,0.0,1.0,0.0,0.0,0.0,0.0,0.0,0.019104,0.019104,0.0,255.0,0.0,0.0,benign
2.0,0.0,1.0,0.0,1.0,0.0,0.0,0.0,2.0,2.0,0.0,54.0,1.0,0.0,8.5,2.0,2.0,1.0,1.0,1.0,0.0,0.0,0.0,24.0,0.030538,0.0,0.015269,64.0,95.5,5620.0,benign
0.0,0.0,0.0,0.0,0.0,0.0,0.0,0.0,1.0,2.0,0.0,214.0,0.0,180.0,0.0,1.0,1.0,0.0,1.0,0.0,0.0,0.0,0.0,0.0,0.037967,0.037967,0.0,255.0,0.0,0.0,benign
0.0,0.0,0.0,0.0,0.0,0.0,0.0,0.0,1.0,2.0,0.0,60.0,0.0,0.0,0.0,0.0,0.0,0.0,1.0,0.0,0.0,0.0,0.0,0.0,0.001044,0.001044,0.0,0.0,0.0,0.0,benign
0.0,0.0,0.0,0.0,0.0,0.0,0.0,0.0,0.0,0.0,0.0,0.0,0.0,0.0,0.0,0.0,0.0,0.0,0.0,0.0,0.0,0.0,0.0,0.0,0.0,0.0,0.0,0.0,0.0,0.0,benign
0.0,0.0,0.0,0.0,0.0,0.0,0.0,0.0,0.0,0.0,0.0,0.0,0.0,0.0,0.0,0.0,0.0,0.0,0.0,0.0,0.0,0.0,0.0,0.0,0.0,0.0,0.0,0.0,0.0,0.0,benign
1023.0,0.0,1.0,0.0,1.0,0.0,0.0,0.0,2.0,2.0,0.0,54.0,1.0,0.0,9.0,2.0,2.0,1.0,1.0,1.0,0.0,0.0,0.0,24.0,0.014874,1e-06,0.0074365,64.0,95.5,5604.0,benign
0.0,0.0,0.0,0.0,0.0,0.0,0.0,0.0,0.0,0.0,0.0,0.0,0.0,0.0,0.0,0.0,0.0,0.0,0.0,0.0,0.0,0.0,0.0,0.0,0.0,0.0,0.0,0.0,0.0,0.0,benign
0.0,0.0,0.0,0.0,0.0,0.0,0.0,0.0,1.0,2.0,0.0,230.0,0.0,196.0,0.0,1.0,1.0,0.0,1.0,0.0,0.0,0.0,0.0,0.0,0.046856,0.046856,0.0,255.0,0.0,0.0,benign
-0.7,0.5921899094791204,2.0,0.0,2.0,0.0,2.0,0.0,2.0,2.0,0.0,54.0,2.0,0.0,19.327585352432298,2.0,2.0,1.0,1.0,1.0,0.0,0.0,0.0,24.0,0.004112,0.0,0.0019384153894927,64.0,90.03826347108705,5650.0,benign
0.0,0.0,0.0,0.0,0.0,0.0,5.0,0.0,2.0,2.0,0.0,60.0,1.0,0.0,0.0,0.0,0.0,1.0,1.0,0.0,0.0,0.0,0.0,0.0,0.007126,0.005624,0.0007509999999999,0.0,0.0,0.0,benign
0.0,0.0,0.0,0.0,0.0,0.0,32.0,0.0,13.0,13.0,0.0,54.0,19.0,0.0,974.609204779442,4.0,4.0,4.0,4.0,4.0,0.0,0.0,0.0,24.0,0.084941,0.0,0.0198266898501259,61.0,92.6141876555749,660.0,benign
0.0,0.0,0.0,0.0,0.0,0.0,0.0,0.0,0.0,0.0,0.0,0.0,0.0,0.0,0.0,0.0,0.0,0.0,0.0,0.0,0.0,0.0,0.0,0.0,0.0,0.0,0.0,0.0,0.0,0.0,benign
0.0,0.0,0.0,0.0,0.0,0.0,0.0,0.0,0.0,0.0,0.0,0.0,0.0,0.0,0.0,0.0,0.0,0.0,0.0,0.0,0.0,0.0,0.0,0.0,0.0,0.0,0.0,0.0,0.0,0.0,benign
0.0,0.0,0.0,0.0,0.0,0.0,28.3125,0.0,12.0,12.0,0.0,54.0,16.0,0.0,399.3903001609367,12.0,12.0,4.0,3.0,15.0,0.0,0.0,0.0,24.0,0.068518,0.0,0.0148023619876431,61.0,94.41683653804677,660.0,benign
1023.0,0.0,1.0,0.0,1.0,0.0,0.0,0.0,2.0,2.0,0.0,54.0,1.0,0.0,9.0,2.0,2.0,1.0,1.0,1.0,0.0,0.0,0.0,24.0,0.085011,0.0,0.0425055,64.0,95.5,5604.0,benign
0.0,0.0,0.0,0.0,0.0,0.0,13.910358565737052,0.0,0.4285714285714285,0.4285714285714285,1460.0,60.0,35.857142857142854,0.0,0.0,35.57142857142857,35.714285714285715,0.2857142857142857,0.2857142857142857,0.0,35.57142857142857,35.42857142857143,0.0,20.0,0.007509339,2.8e-08,0.0009260827668927,37.0,9.224769975642888,0.0,recon
-0.7,0.5921899094791204,2.0,0.0,2.0,0.0,1.5,0.0,2.0,2.0,0.0,54.0,2.0,0.0,19.327585352432298,2.0,2.0,1.0,1.0,1.0,0.0,0.0,0.0,24.0,0.016928,0.0,0.0079799357279505,64.0,90.03826347108705,5578.0,benign
3.0,0.0,1.0,0.0,1.0,0.0,0.0,0.0,2.0,2.0,0.0,54.0,1.0,0.0,8.5,2.0,2.0,1.0,1.0,1.0,0.0,0.0,0.0,24.0,0.044905,0.0,0.0224525,64.0,95.5,5576.0,benign
0.0,0.0,0.0,0.0,0.0,0.0,0.0,0.0,0.0,0.0,0.0,0.0,0.0,0.0,0.0,0.0,0.0,0.0,0.0,0.0,0.0,0.0,0.0,0.0,0.0,0.0,0.0,0.0,0.0,0.0,benign
0.0,0.0,0.0,0.0,0.0,0.0,0.0,0.0,0.0,0.0,0.0,0.0,0.0,0.0,0.0,0.0,0.0,0.0,0.0,0.0,0.0,0.0,0.0,0.0,0.0,0.0,0.0,0.0,0.0,0.0,benign
0.0,0.0,0.0,0.0,0.0,0.0,42.4,2.0,4.0,3.0,0.0,60.0,3.0,0.0,998.032188859658,2.0,2.0,3.0,3.0,2.0,0.0,0.0,0.0,24.0,0.005196,0.0,0.0022470381740316,61.0,1.5,660.0,benign
0.0,0.0,0.0,0.0,0.0,0.0,15.5,0.0,2.0,2.0,0.0,60.0,1.0,0.0,0.0,0.0,0.0,1.0,1.0,0.0,0.0,0.0,0.0,0.0,0.040008,0.000742,0.0179266815172865,0.0,0.0,0.0,benign
0.0,0.0,0.0,0.0,0.0,0.0,0.0,0.0,0.0,0.0,0.0,0.0,0.0,0.0,0.0,0.0,0.0,0.0,0.0,0.0,0.0,0.0,0.0,0.0,0.0,0.0,0.0,0.0,0.0,0.0,benign
0.0,0.0,0.0,0.0,0.0,0.0,0.0,0.0,1.0,2.0,0.0,214.0,0.0,180.0,0.0,1.0,1.0,0.0,1.0,0.0,0.0,0.0,0.0,0.0,0.016136,0.016136,0.0,255.0,0.0,0.0,benign
0.0,0.0,0.0,0.0,0.0,0.0,0.0,0.0,0.0,0.0,0.0,0.0,0.0,0.0,0.0,0.0,0.0,0.0,0.0,0.0,0.0,0.0,0.0,0.0,0.0,0.0,0.0,0.0,0.0,0.0,benign
0.0,0.0,0.0,0.0,0.0,0.0,0.0,0.0,0.0,0.0,0.0,0.0,0.0,0.0,0.0,0.0,0.0,0.0,0.0,0.0,0.0,0.0,0.0,0.0,0.0,0.0,0.0,0.0,0.0,0.0,benign
0.0,0.0,0.0,0.0,0.0,0.0,0.0,0.0,0.0,0.0,0.0,0.0,0.0,0.0,0.0,0.0,0.0,0.0,0.0,0.0,0.0,0.0,0.0,0.0,0.0,0.0,0.0,0.0,0.0,0.0,benign
0.0,0.0,0.0,0.0,0.0,0.0,0.0,0.0,0.0,0.0,0.0,0.0,0.0,0.0,0.0,0.0,0.0,0.0,0.0,0.0,0.0,0.0,0.0,0.0,0.0,0.0,0.0,0.0,0.0,0.0,benign
3.0,0.0,1.0,0.0,1.0,0.0,0.0,0.0,2.0,2.0,0.0,54.0,1.0,0.0,7.5,2.0,2.0,1.0,1.0,1.0,0.0,0.0,0.0,24.0,0.001856,0.0,0.000928,64.0,95.5,5642.0,benign
914.0,0.0,2.0,0.0,3.0,0.0,0.6666666666666666,0.0,2.0,2.0,0.0,54.0,2.0,0.0,22.93877721239735,2.0,2.0,1.0,1.0,2.0,0.0,0.0,0.0,24.0,0.00808,0.0,0.0033073365416903,64.0,95.5,5644.0,benign
0.0,0.0,0.0,0.0,0.0,0.0,0.0,0.0,0.0,0.0,0.0,0.0,0.0,0.0,0.0,0.0,0.0,0.0,0.0,0.0,0.0,0.0,0.0,0.0,0.0,0.0,0.0,0.0,0.0,0.0,benign
0.0,0.0,0.0,0.0,0.0,0.0,0.0,0.0,0.0,0.0,0.0,0.0,0.0,0.0,0.0,0.0,0.0,0.0,0.0,0.0,0.0,0.0,0.0,0.0,0.0,0.0,0.0,0.0,0.0,0.0,benign
0.0,0.0,0.0,0.0,0.0,0.0,0.0,0.0,1.0,2.0,0.0,230.0,0.0,196.0,0.0,1.0,1.0,0.0,1.0,0.0,0.0,0.0,0.0,0.0,0.020682,0.020682,0.0,255.0,0.0,0.0,benign
0.0,0.0,0.0,0.0,0.0,0.0,0.0,0.0,0.0,0.0,0.0,0.0,0.0,0.0,0.0,0.0,0.0,0.0,0.0,0.0,0.0,0.0,0.0,0.0,0.0,0.0,0.0,0.0,0.0,0.0,benign
0.0,0.0,0.0,0.0,0.0,0.0,0.0,0.0,0.0,0.0,0.0,0.0,0.0,0.0,0.0,0.0,0.0,0.0,0.0,0.0,0.0,0.0,0.0,0.0,0.0,0.0,0.0,0.0,0.0,0.0,benign
22.5,0.0,1.0,0.0,7.0,0.0,65.4,0.0,2.0,2.0,0.0,54.0,3.0,0.0,84.81560882290476,2.0,2.0,2.0,2.0,2.0,0.0,0.0,0.0,24.0,0.112554,0.0,0.0410952099334243,64.0,95.5,5570.0,benign
0.0,0.0,0.0,0.0,0.0,0.0,0.0,0.0,0.0,0.0,0.0,0.0,0.0,0.0,0.0,0.0,0.0,0.0,0.0,0.0,0.0,0.0,0.0,0.0,0.0,0.0,0.0,0.0,0.0,0.0,benign
0.0,0.0,0.0,0.0,0.0,0.0,0.0,0.0,0.0,0.0,0.0,0.0,0.0,0.0,0.0,0.0,0.0,0.0,0.0,0.0,0.0,0.0,0.0,0.0,0.0,0.0,0.0,0.0,0.0,0.0,benign
211.0,0.0,1.0,0.0,2.0,0.0,3.333333333333333,0.0,2.0,2.0,0.0,54.0,2.0,0.0,10.594810050208546,2.0,2.0,1.0,1.0,2.0,0.0,0.0,0.0,24.0,0.035697,0.0,0.0145016110311923,64.0,95.5,5606.0,benign
0.0,0.0,0.0,0.0,0.0,0.0,632.5714285714286,0.0,0.5714285714285714,0.5714285714285714,0.0,60.0,0.4285714285714285,0.0,70.79724570913758,0.4285714285714285,0.4285714285714285,0.4285714285714285,0.5714285714285714,0.2857142857142857,0.0,0.0,0.0,24.0,0.124483372,2.8e-08,0.0397664608643004,64.0,64.8459713474939,49.0,recon
0.0,0.0,0.0,0.0,0.0,0.0,6.948207171314741,0.0,7.285714285714286,6.0,0.0,60.0,86.57142857142857,0.0,355.59124015899283,2.2857142857142856,2.2857142857142856,0.7142857142857143,0.7142857142857143,4.571428571428571,0.0,0.0,0.0,24.0,0.053702619,3.3e-08,0.0058467828147463,45.0,23.56933380127564,67.0,mitm
0.0,0.0,0.0,0.0,0.0,0.0,0.0,0.0,0.0,0.0,0.0,0.0,0.0,0.0,0.0,0.0,0.0,0.0,0.0,0.0,0.0,0.0,0.0,0.0,0.0,0.0,0.0,0.0,0.0,0.0,benign
0.0,0.0,0.0,0.0,0.0,0.0,0.0,0.0,0.0,0.0,0.0,0.0,0.0,0.0,0.0,0.0,0.0,0.0,0.0,0.0,0.0,0.0,0.0,0.0,0.0,0.0,0.0,0.0,0.0,0.0,benign
0.0,0.0,0.0,0.0,0.0,0.0,0.0,0.0,0.0,0.0,0.0,0.0,0.0,0.0,0.0,0.0,0.0,0.0,0.0,0.0,0.0,0.0,0.0,0.0,0.0,0.0,0.0,0.0,0.0,0.0,benign
212.0,0.0,1.0,0.0,2.0,0.0,1.0,0.0,2.0,2.0,0.0,54.0,2.0,0.0,10.594810050208546,2.0,2.0,1.0,1.0,2.0,0.0,0.0,0.0,24.0,0.049876,0.0,0.0212601110768499,64.0,95.5,5614.0,benign
0.0,0.0,0.0,0.0,0.0,0.0,0.0,0.0,0.0,0.0,0.0,0.0,0.0,0.0,0.0,0.0,0.0,0.0,0.0,0.0,0.0,0.0,0.0,0.0,0.0,0.0,0.0,0.0,0.0,0.0,benign
-0.69,0.5840281576164704,2.0,0.0,2.0,0.0,51.5,0.0,3.0,3.0,0.0,54.0,3.0,0.0,19.327585352432298,2.0,2.0,2.0,2.0,1.0,0.0,0.0,0.0,24.0,0.016592,0.0,0.0065086553019805,64.0,90.03826347108705,5570.0,benign
-0.7,0.5921899094791204,2.0,0.0,2.0,0.0,1.0,0.0,2.0,2.0,0.0,54.0,2.0,0.0,19.327585352432298,2.0,2.0,1.0,1.0,1.0,0.0,0.0,0.0,24.0,0.000997,0.0,0.0004699903072286,64.0,90.03826347108705,5650.0,benign
22.5,0.0,1.0,0.0,7.0,0.0,3.0,0.0,2.0,2.0,0.0,54.0,2.0,0.0,84.81560882290476,2.0,2.0,1.0,1.0,2.0,0.0,0.0,0.0,24.0,0.076184,0.0,0.0318341682110197,64.0,95.5,5576.0,benign
0.0,0.0,0.0,0.0,0.0,0.0,0.0,0.0,0.0,0.0,0.0,0.0,0.0,0.0,0.0,0.0,0.0,0.0,0.0,0.0,0.0,0.0,0.0,0.0,0.0,0.0,0.0,0.0,0.0,0.0,benign
0.0,0.0,0.0,0.0,0.0,0.0,103.66666666666669,0.0,3.0,3.0,0.0,60.0,1.0,180.0,0.0,1.0,1.0,1.0,2.0,0.0,0.0,0.0,0.0,0.0,0.022274,0.002179,0.0082721696972438,255.0,0.0,0.0,benign
0.0,0.0,0.0,0.0,0.0,0.0,50.333333333333336,0.0,3.0,3.0,0.0,54.0,1.0,0.0,64.5,3.0,3.0,1.0,3.0,2.0,0.0,0.0,0.0,24.0,0.042315,0.001994,0.0161225209470324,238.0,7.361215932167728,1885.0,benign
0.0,0.0,0.0,0.0,0.0,0.0,0.0,0.0,0.0,0.0,0.0,0.0,0.0,0.0,0.0,0.0,0.0,0.0,0.0,0.0,0.0,0.0,0.0,0.0,0.0,0.0,0.0,0.0,0.0,0.0,benign
13.0,0.0,0.1428571428571428,1005.5,1.0,0.0,1.384336320956039,0.0,0.4285714285714285,0.4285714285714285,1460.0,60.0,347.42857142857144,0.0,0.811213395084366,144.14285714285714,143.85714285714286,0.1428571428571428,0.4285714285714285,1.0,320.7142857142857,346.42857142857144,0.0,24.0,0.110399408,3.1e-08,0.0028720056253006,37.0,103.51076103209316,1024.0,recon
0.0,0.0,0.0,0.0,0.0,0.0,0.0,0.0,1.0,2.0,0.0,60.0,0.0,0.0,0.0,0.0,0.0,0.0,1.0,0.0,0.0,0.0,0.0,0.0,0.097778,0.097778,0.0,0.0,0.0,0.0,benign
1023.0,0.0,1.0,0.0,1.0,0.0,6.333333333333333,0.0,3.0,3.0,0.0,54.0,2.0,0.0,9.0,2.0,2.0,2.0,2.0,1.0,0.0,0.0,0.0,24.0,0.014648,0.0,0.0053319702502921,64.0,95.5,5570.0,benign
0.0,0.0,0.0,0.0,0.0,0.0,0.0,0.0,0.0,0.0,0.0,0.0,0.0,0.0,0.0,0.0,0.0,0.0,0.0,0.0,0.0,0.0,0.0,0.0,0.0,0.0,0.0,0.0,0.0,0.0,benign
0.0,0.0,0.0,0.0,0.0,0.0,0.0,0.0,0.0,0.0,0.0,0.0,0.0,0.0,0.0,0.0,0.0,0.0,0.0,0.0,0.0,0.0,0.0,0.0,0.0,0.0,0.0,0.0,0.0,0.0,benign
0.0,0.0,0.0,0.0,0.0,0.0,119.0,0.0,2.0,2.0,0.0,60.0,1.0,0.0,0.0,0.0,0.0,1.0,1.0,0.0,0.0,0.0,0.0,0.0,0.009951,0.006738,0.0016064999999999,0.0,0.0,0.0,benign
0.0,0.0,0.0,0.0,0.0,0.0,102.0,0.0,2.0,2.0,0.0,60.0,1.0,0.0,0.0,0.0,0.0,1.0,1.0,0.0,0.0,0.0,0.0,0.0,0.031675,0.0,0.0158375,0.0,0.0,0.0,benign
0.0,0.0,0.0,0.0,0.0,0.0,0.0,0.0,0.0,0.0,0.0,0.0,0.0,0.0,0.0,0.0,0.0,0.0,0.0,0.0,0.0,0.0,0.0,0.0,0.0,0.0,0.0,0.0,0.0,0.0,benign
915.0,0.0,2.0,0.0,3.0,0.0,1.3333333333333333,0.0,2.0,2.0,0.0,54.0,2.0,0.0,22.93877721239735,2.0,2.0,1.0,1.0,2.0,0.0,0.0,0.0,24.0,0.02501,0.0,0.0103956393382033,64.0,95.5,5638.0,benign
0.0,0.0,0.0,0.0,0.0,0.0,0.0,0.0,0.0,0.0,0.0,0.0,0.0,0.0,0.0,0.0,0.0,0.0,0.0,0.0,0.0,0.0,0.0,0.0,0.0,0.0,0.0,0.0,0.0,0.0,benign
-0.69,0.5841803374529706,2.0,0.0,2.0,0.0,7.5,0.0,2.0,2.0,0.0,54.0,2.0,0.0,19.327585352432298,2.0,2.0,1.0,1.0,1.0,0.0,0.0,0.0,24.0,0.007079,0.0,0.0033370726026797,64.0,90.03826347108705,5574.0,benign
3.0,0.0,1.0,0.0,1.0,0.0,0.0,0.0,2.0,2.0,0.0,54.0,1.0,0.0,7.5,2.0,2.0,1.0,1.0,1.0,0.0,0.0,0.0,24.0,0.031171,0.000364,0.0154035,64.0,95.5,5554.0,benign
0.0,0.0,0.0,0.0,0.0,0.0,0.0,0.0,0.0,0.0,0.0,0.0,0.0,0.0,0.0,0.0,0.0,0.0,0.0,0.0,0.0,0.0,0.0,0.0,0.0,0.0,0.0,0.0,0.0,0.0,benign
1023.0,0.0,1.0,0.0,1.0,0.0,69.33333333333333,0.0,2.0,2.0,0.0,54.0,2.0,0.0,9.0,2.0,2.0,2.0,2.0,1.0,0.0,0.0,0.0,24.0,0.035746,0.0,0.0146670061255697,64.0,95.5,5554.0,benign
0.0,0.0,0.0,0.0,0.0,0.0,0.0,0.0,0.0,0.0,0.0,0.0,0.0,0.0,0.0,0.0,0.0,0.0,0.0,0.0,0.0,0.0,0.0,0.0,0.0,0.0,0.0,0.0,0.0,0.0,benign
0.0,0.0,0.0,0.0,0.0,0.0,0.0,0.0,0.0,0.0,0.0,0.0,0.0,0.0,0.0,0.0,0.0,0.0,0.0,0.0,0.0,0.0,0.0,0.0,0.0,0.0,0.0,0.0,0.0,0.0,benign
0.0,0.0,0.0,0.0,0.0,0.0,0.0,0.0,0.0,0.0,0.0,0.0,0.0,0.0,0.0,0.0,0.0,0.0,0.0,0.0,0.0,0.0,0.0,0.0,0.0,0.0,0.0,0.0,0.0,0.0,benign
0.0,0.0,0.0,0.0,0.0,0.0,0.0,0.0,0.0,0.0,0.0,0.0,0.0,0.0,0.0,0.0,0.0,0.0,0.0,0.0,0.0,0.0,0.0,0.0,0.0,0.0,0.0,0.0,0.0,0.0,benign
0.0,0.0,0.0,0.0,0.0,0.0,0.0,0.0,0.0,0.0,0.0,0.0,0.0,0.0,0.0,0.0,0.0,0.0,0.0,0.0,0.0,0.0,0.0,0.0,0.0,0.0,0.0,0.0,0.0,0.0,benign
0.0,0.0,0.0,0.0,0.0,0.0,1.0,0.0,0.2857142857142857,0.2857142857142857,0.0,60.0,0.2857142857142857,0.0,8.956685895029603,0.2857142857142857,0.2857142857142857,0.1428571428571428,0.1428571428571428,0.1428571428571428,0.0,0.0,0.0,24.0,0.071738949,9.6e-08,0.0338180021786094,64.0,90.03826347108705,5732.0,ddos
0.0,0.0,0.0,0.0,0.0,0.0,200.66666666666663,0.0,3.0,3.0,0.0,60.0,1.0,180.0,0.0,1.0,1.0,1.0,2.0,0.0,0.0,0.0,0.0,0.0,0.059994,0.000538,0.0245630652454045,255.0,0.0,0.0,benign
0.0,0.0,0.0,0.0,0.0,0.0,0.0,0.0,0.0,0.0,0.0,0.0,0.0,0.0,0.0,0.0,0.0,0.0,0.0,0.0,0.0,0.0,0.0,0.0,0.0,0.0,0.0,0.0,0.0,0.0,benign
0.0,0.0,0.0,0.0,0.0,0.0,0.0,0.0,0.0,0.0,0.0,0.0,0.0,0.0,0.0,0.0,0.0,0.0,0.0,0.0,0.0,0.0,0.0,0.0,0.0,0.0,0.0,0.0,0.0,0.0,benign
0.0,0.0,0.0,0.0,0.0,0.0,0.0,0.0,0.0,0.0,0.0,0.0,0.0,0.0,0.0,0.0,0.0,0.0,0.0,0.0,0.0,0.0,0.0,0.0,0.0,0.0,0.0,0.0,0.0,0.0,benign
0.0,0.0,0.0,0.0,0.0,0.0,0.0,0.0,0.0,0.0,0.0,0.0,0.0,0.0,0.0,0.0,0.0,0.0,0.0,0.0,0.0,0.0,0.0,0.0,0.0,0.0,0.0,0.0,0.0,0.0,benign
0.0,0.0,0.0,0.0,0.0,0.0,0.0,0.0,0.0,0.0,0.0,0.0,0.0,0.0,0.0,0.0,0.0,0.0,0.0,0.0,0.0,0.0,0.0,0.0,0.0,0.0,0.0,0.0,0.0,0.0,benign
0.0,0.0,0.0,0.0,0.0,0.0,0.0,0.0,0.0,0.0,0.0,0.0,0.0,0.0,0.0,0.0,0.0,0.0,0.0,0.0,0.0,0.0,0.0,0.0,0.0,0.0,0.0,0.0,0.0,0.0,benign
0.0,0.0,0.0,0.0,0.0,0.0,0.0067460134920269,0.0,0.5714285714285714,1.0,0.0,60.0,148144.14285714287,0.0,0.7605058097467111,1.2857142857142858,9416.57142857143,0.4285714285714285,0.2857142857142857,3.571428571428572,148139.57142857142,0.0,0.0,25.0,0.001145058,2.5e-08,4.079889991587557e-05,46.0,0.0694640753596925,66.0,ddos
0.0,0.0,0.0,0.0,0.0,0.0,0.0,0.0,0.0,0.0,0.0,0.0,0.0,0.0,0.0,0.0,0.0,0.0,0.0,0.0,0.0,0.0,0.0,0.0,0.0,0.0,0.0,0.0,0.0,0.0,benign
0.0,0.0,0.0,0.0,0.0,0.0,0.0,0.0,0.0,0.0,0.0,0.0,0.0,0.0,0.0,0.0,0.0,0.0,0.0,0.0,0.0,0.0,0.0,0.0,0.0,0.0,0.0,0.0,0.0,0.0,benign
0.0,0.0,0.0,0.0,0.0,0.0,0.0,0.0,0.0,0.0,0.0,0.0,0.0,0.0,0.0,0.0,0.0,0.0,0.0,0.0,0.0,0.0,0.0,0.0,0.0,0.0,0.0,0.0,0.0,0.0,benign
0.0,0.0,0.0,0.0,0.0,0.0,0.0,0.0,0.0,2.0,0.0,198.0,0.0,0.0,0.0,0.0,0.0,0.0,1.0,0.0,0.0,0.0,0.0,0.0,0.011341,0.011341,0.0,0.0,0.0,0.0,benign
0.0,0.0,0.0,0.0,0.0,0.0,0.0,0.0,1.0,2.0,0.0,60.0,0.0,0.0,0.0,0.0,0.0,0.0,1.0,0.0,0.0,0.0,0.0,0.0,0.090448,0.090448,0.0,0.0,0.0,0.0,benign
2.0,0.0,1.0,0.0,1.0,0.0,0.0,0.0,2.0,2.0,0.0,54.0,1.0,0.0,8.5,2.0,2.0,1.0,1.0,1.0,0.0,0.0,0.0,24.0,0.006506,1e-06,0.0032525,64.0,95.5,5540.0,benign
0.0,0.0,0.0,0.0,0.0,0.0,0.0,0.0,0.0,0.0,0.0,0.0,0.0,0.0,0.0,0.0,0.0,0.0,0.0,0.0,0.0,0.0,0.0,0.0,0.0,0.0,0.0,0.0,0.0,0.0,benign
0.0,0.0,0.0,0.0,0.0,0.0,0.0,0.0,0.0,0.0,0.0,0.0,0.0,0.0,0.0,0.0,0.0,0.0,0.0,0.0,0.0,0.0,0.0,0.0,0.0,0.0,0.0,0.0,0.0,0.0,benign
0.0,0.0,0.0,0.0,0.0,0.0,17.625,0.0,12.0,12.0,0.0,54.0,24.0,0.0,401.1091245275513,13.0,13.0,3.0,2.0,24.0,0.0,0.0,0.0,24.0,0.122593,0.0,0.0291806389608463,61.0,95.11382952247614,660.0,benign
0.0,0.0,0.0,0.0,0.0,0.0,0.0118140236280472,0.0,0.5714285714285714,0.5714285714285714,0.0,60.0,84774.28571428571,16.0,0.0,84.57142857142857,84.28571428571429,0.5714285714285714,0.2857142857142857,0.0,0.0,0.0,0.0,0.0,0.000807908,2.5e-08,5.924719206849156e-05,64.0,8.879122854646003,0.0,dos
0.0,0.0,0.0,0.0,0.0,0.0,0.0,0.0,0.0,0.0,0.0,0.0,0.0,0.0,0.0,0.0,0.0,0.0,0.0,0.0,0.0,0.0,0.0,0.0,0.0,0.0,0.0,0.0,0.0,0.0,benign
0.0,0.0,0.0,0.0,0.0,0.0,1.551766740795651,0.0,0.5714285714285714,0.5714285714285714,265.0,60.0,288.7142857142857,0.0,12.178906803154073,145.42857142857142,145.57142857142858,0.4285714285714285,0.8571428571428571,0.8571428571428571,287.0,286.1428571428572,0.4285714285714285,41.0,0.07552426,0.0,0.0024405990507183,37.0,9.23173494896396,0.0,recon
0.0,0.0,0.0,0.0,0.0,0.0,0.0,0.0,0.0,0.0,0.0,0.0,0.0,0.0,0.0,0.0,0.0,0.0,0.0,0.0,0.0,0.0,0.0,0.0,0.0,0.0,0.0,0.0,0.0,0.0,benign
-0.7,0.5880476171195662,2.0,0.0,2.0,0.0,10.25,0.0,2.0,2.0,0.0,54.0,3.0,0.0,19.327585352432298,2.0,2.0,2.0,2.0,1.0,0.0,0.0,0.0,24.0,0.009782,0.000253,0.0035800872838521,64.0,90.03826347108705,5640.0,benign
-0.69,0.5840281576164704,2.0,0.0,2.0,0.0,3.5,0.0,2.0,2.0,0.0,54.0,2.0,0.0,19.327585352432298,2.0,2.0,1.0,1.0,1.0,0.0,0.0,0.0,24.0,0.000574,0.0,0.000270586194934,64.0,90.03826347108705,5626.0,benign
0.0,0.0,0.0,0.0,0.0,0.0,0.0,0.0,0.0,0.0,0.0,0.0,0.0,0.0,0.0,0.0,0.0,0.0,0.0,0.0,0.0,0.0,0.0,0.0,0.0,0.0,0.0,0.0,0.0,0.0,benign
0.0,0.0,0.0,0.0,0.0,0.0,0.0,0.0,0.0,0.0,0.0,0.0,0.0,0.0,0.0,0.0,0.0,0.0,0.0,0.0,0.0,0.0,0.0,0.0,0.0,0.0,0.0,0.0,0.0,0.0,benign
0.0,0.0,0.0,0.0,0.0,0.0,0.0,0.0,0.0,0.0,0.0,0.0,0.0,0.0,0.0,0.0,0.0,0.0,0.0,0.0,0.0,0.0,0.0,0.0,0.0,0.0,0.0,0.0,0.0,0.0,benign
0.0,0.0,0.0,0.0,0.0,0.0,0.0,0.0,1.0,2.0,0.0,60.0,1.0,0.0,0.0,0.0,0.0,1.0,0.0,0.0,0.0,0.0,0.0,0.0,0.040049,0.040049,0.0,0.0,0.0,0.0,benign
144.0,0.0,1.0,0.0,2.0,0.0,1.0,0.0,2.0,2.0,0.0,54.0,2.0,0.0,11.0227038425243,2.0,2.0,1.0,1.0,2.0,0.0,0.0,0.0,24.0,0.023028,0.0,0.0095997312039192,64.0,95.5,5614.0,benign
0.0,0.0,0.0,0.0,0.0,0.0,0.0,0.0,0.0,0.0,0.0,0.0,0.0,0.0,0.0,0.0,0.0,0.0,0.0,0.0,0.0,0.0,0.0,0.0,0.0,0.0,0.0,0.0,0.0,0.0,benign
0.0,0.0,0.0,0.0,0.0,0.0,18.5,2.0,3.0,3.0,0.0,60.0,1.0,196.0,0.0,1.0,1.0,1.0,2.0,0.0,0.0,0.0,0.0,0.0,0.015893,0.0,0.0070327229908952,64.0,0.0,0.0,benign
2.0,0.0,1.0,0.0,1.0,0.0,134.66666666666666,0.0,3.0,3.0,0.0,54.0,2.0,0.0,8.5,2.0,2.0,2.0,2.0,1.0,0.0,0.0,0.0,24.0,0.029263,0.0,0.0123363571709804,64.0,95.5,5598.0,benign
210.0,0.0,1.0,0.0,2.0,0.0,5.666666666666667,0.0,2.0,2.0,0.0,54.0,2.0,0.0,10.594810050208546,2.0,2.0,1.0,1.0,2.0,0.0,0.0,0.0,24.0,0.07056,0.0,0.0289387670824104,64.0,95.5,5562.0,benign
0.0,0.0,0.0,0.0,0.0,0.0,0.0,0.0,0.0,0.0,0.0,0.0,0.0,0.0,0.0,0.0,0.0,0.0,0.0,0.0,0.0,0.0,0.0,0.0,0.0,0.0,0.0,0.0,0.0,0.0,benign
0.0,0.0,0.0,0.0,0.0,0.0,0.0,0.0,0.0,0.0,0.0,0.0,0.0,0.0,0.0,0.0,0.0,0.0,0.0,0.0,0.0,0.0,0.0,0.0,0.0,0.0,0.0,0.0,0.0,0.0,benign
1.0,0.0,1.0,303.0,3.0,0.0,121.2,0.0,2.0,2.0,0.0,54.0,3.0,0.0,8.0,2.0,2.0,1.0,1.0,3.0,0.0,0.0,0.0,24.0,0.096578,0.0,0.0406881837023969,64.0,95.5,5568.0,benign
13.0,0.0,1.0,0.0,1.0,0.0,1.5,0.0,2.0,2.0,0.0,54.0,3.0,0.0,8.049844718999243,2.0,2.0,2.0,1.0,3.0,0.0,0.0,0.0,24.0,0.011438,0.0,0.0044978482677831,64.0,93.5705081743174,5624.0,benign
0.0,0.0,0.0,0.0,0.0,0.0,0.0,0.0,1.0,2.0,0.0,214.0,0.0,180.0,0.0,1.0,1.0,0.0,1.0,0.0,0.0,0.0,0.0,0.0,0.002368,0.002368,0.0,255.0,0.0,0.0,benign
-0.69,0.5840281576164704,2.0,0.0,2.0,0.0,1.0,0.0,2.0,2.0,0.0,54.0,2.0,0.0,19.327585352432298,2.0,2.0,1.0,1.0,1.0,0.0,0.0,0.0,24.0,0.074829,0.0,0.0352747288862721,64.0,90.03826347108705,5566.0,benign
133.0,0.0,1.0,0.0,2.0,0.0,1.0,0.0,2.0,2.0,0.0,54.0,2.0,0.0,11.0227038425243,2.0,2.0,1.0,1.0,2.0,0.0,0.0,0.0,24.0,0.1138,0.0,0.0488559161924121,64.0,95.5,5582.0,benign
0.0,0.0,0.0,0.0,0.0,0.0,0.0,0.0,1.0,2.0,0.0,60.0,0.0,0.0,0.0,0.0,0.0,0.0,1.0,0.0,0.0,0.0,0.0,0.0,0.015486,0.015486,0.0,0.0,0.0,0.0,benign
0.0,0.0,0.0,0.0,0.0,0.0,0.0,0.0,1.0,2.0,0.0,60.0,0.0,0.0,0.0,0.0,0.0,0.0,1.0,0.0,0.0,0.0,0.0,0.0,0.029099,0.029099,0.0,0.0,0.0,0.0,benign
0.0,0.0,0.0,0.0,0.0,0.0,0.0,0.0,0.0,0.0,0.0,0.0,0.0,0.0,0.0,0.0,0.0,0.0,0.0,0.0,0.0,0.0,0.0,0.0,0.0,0.0,0.0,0.0,0.0,0.0,benign
0.0,0.0,0.0,0.0,0.0,0.0,0.0,0.0,0.0,0.0,0.0,0.0,0.0,0.0,0.0,0.0,0.0,0.0,0.0,0.0,0.0,0.0,0.0,0.0,0.0,0.0,0.0,0.0,0.0,0.0,benign
207.0,0.0,1.0,0.0,2.0,0.0,1.0,0.0,2.0,2.0,0.0,54.0,2.0,0.0,10.594810050208546,2.0,2.0,1.0,1.0,2.0,0.0,0.0,0.0,24.0,0.061876,0.0,0.0264747889734271,64.0,95.5,5564.0,benign
0.0,0.0,0.0,0.0,0.0,0.0,23.15625,0.0,12.0,11.0,0.0,54.0,16.0,0.0,375.4762656666484,14.0,14.0,4.0,3.0,15.0,0.0,0.0,0.0,24.0,0.14269,0.0,0.0316135229429592,54.0,93.75896651335748,660.0,benign
0.0,0.0,0.0,0.0,0.0,0.0,35.5,0.0,2.0,2.0,0.0,60.0,1.0,0.0,0.0,0.0,0.0,1.0,1.0,0.0,0.0,0.0,0.0,0.0,0.027472,0.000831,0.0122790458460292,0.0,0.0,0.0,benign
140.0,0.0,1.0,0.0,2.0,0.0,0.6666666666666666,0.0,2.0,2.0,0.0,54.0,2.0,0.0,11.0227038425243,2.0,2.0,1.0,1.0,2.0,0.0,0.0,0.0,24.0,0.00223,0.0,0.0009656183252196,64.0,95.5,5626.0,benign
0.0,0.0,0.0,0.0,0.0,0.0,0.0,0.0,0.0,0.0,0.0,0.0,0.0,0.0,0.0,0.0,0.0,0.0,0.0,0.0,0.0,0.0,0.0,0.0,0.0,0.0,0.0,0.0,0.0,0.0,benign
0.0,0.0,0.0,0.0,0.0,0.0,19.33333333333333,0.0,13.0,13.0,0.0,54.0,24.0,0.0,362.1852046246224,14.0,14.0,3.0,2.0,24.0,0.0,0.0,0.0,24.0,0.102545,0.0,0.0242159107078434,61.0,95.11382952247614,660.0,benign
0.0,0.0,0.0,0.0,0.0,0.0,0.0,0.0,0.0,0.0,0.0,0.0,0.0,0.0,0.0,0.0,0.0,0.0,0.0,0.0,0.0,0.0,0.0,0.0,0.0,0.0,0.0,0.0,0.0,0.0,benign
13.0,0.0,1.0,0.0,1.0,0.0,61.5,0.0,3.0,3.0,0.0,54.0,1.0,0.0,23.976840677805924,2.0,2.0,1.0,2.0,1.0,0.0,0.0,0.0,24.0,0.05443,0.0,0.0255993578218065,64.0,90.03826347108706,5570.0,benign
-0.7,0.5880476171195662,2.0,0.0,2.0,0.0,1.5,0.0,2.0,2.0,0.0,54.0,2.0,0.0,19.327585352432298,2.0,2.0,1.0,1.0,1.0,0.0,0.0,0.0,24.0,0.039251,0.0,0.0185028631478121,64.0,90.03826347108705,5592.0,benign
0.0,0.0,0.0,0.0,0.0,0.0,0.0,2.0,1.0,2.0,0.0,230.0,0.0,196.0,0.0,1.0,1.0,0.0,1.0,0.0,0.0,0.0,0.0,0.0,0.030367,0.030367,0.0,64.0,0.0,0.0,benign
0.0,0.0,0.0,0.0,0.0,0.0,0.0,0.0,0.0,0.0,0.0,0.0,0.0,0.0,0.0,0.0,0.0,0.0,0.0,0.0,0.0,0.0,0.0,0.0,0.0,0.0,0.0,0.0,0.0,0.0,benign
0.0,0.0,0.0,0.0,0.0,0.0,0.0,0.0,0.0,0.0,0.0,0.0,0.0,0.0,0.0,0.0,0.0,0.0,0.0,0.0,0.0,0.0,0.0,0.0,0.0,0.0,0.0,0.0,0.0,0.0,benign
0.0,0.0,0.0,0.0,0.0,0.0,0.0,0.0,0.0,0.0,0.0,0.0,0.0,0.0,0.0,0.0,0.0,0.0,0.0,0.0,0.0,0.0,0.0,0.0,0.0,0.0,0.0,0.0,0.0,0.0,benign
210.0,0.0,1.0,0.0,2.0,0.0,1.0,0.0,2.0,2.0,0.0,54.0,2.0,0.0,10.594810050208546,2.0,2.0,1.0,1.0,2.0,0.0,0.0,0.0,24.0,0.021692,0.0,0.0090774324391592,64.0,95.5,5594.0,benign
0.0,0.0,0.0,0.0,0.0,0.0,0.0,0.0,0.0,0.0,0.0,0.0,0.0,0.0,0.0,0.0,0.0,0.0,0.0,0.0,0.0,0.0,0.0,0.0,0.0,0.0,0.0,0.0,0.0,0.0,benign
0.0,0.0,0.0,0.0,0.0,0.0,0.0,0.0,0.0,2.0,0.0,198.0,0.0,0.0,0.0,0.0,0.0,0.0,1.0,0.0,0.0,0.0,0.0,0.0,0.010863,0.010863,0.0,0.0,0.0,0.0,benign
0.0,0.0,0.0,0.0,0.0,0.0,0.0,0.0,1.0,2.0,0.0,60.0,0.0,0.0,0.0,0.0,0.0,0.0,1.0,0.0,0.0,0.0,0.0,0.0,0.001246,0.001246,0.0,0.0,0.0,0.0,benign
12.0,0.0,1.0,0.0,1.0,0.0,29.33333333333333,0.0,2.0,2.0,0.0,54.0,2.0,0.0,10.5,2.0,2.0,2.0,2.0,1.0,0.0,0.0,0.0,24.0,0.04765,0.0,0.0196332325089374,64.0,95.5,5576.0,benign
0.0,0.0,0.0,0.0,0.0,0.0,0.0,0.0,0.0,0.0,0.0,0.0,0.0,0.0,0.0,0.0,0.0,0.0,0.0,0.0,0.0,0.0,0.0,0.0,0.0,0.0,0.0,0.0,0.0,0.0,benign
0.0,0.0,0.0,0.0,0.0,0.0,50.0,0.0,2.0,2.0,0.0,60.0,1.0,0.0,0.0,0.0,0.0,1.0,1.0,0.0,0.0,0.0,0.0,0.0,0.013911,0.000559,0.006676,0.0,0.0,0.0,benign
22.3,0.0,1.0,0.0,7.0,0.0,88.0,0.0,3.0,3.0,0.0,54.0,5.0,0.0,84.81560882290476,2.0,2.0,2.0,2.0,2.0,0.0,0.0,0.0,24.0,0.037086,0.0,0.0145888753279111,64.0,95.5,5634.0,benign
1.0,0.0,1.0,304.0,3.0,0.0,67.55555555555556,0.0,2.0,2.0,0.0,54.0,5.0,0.0,7.110555533852471,2.0,2.0,2.0,2.0,5.0,0.0,0.0,0.0,24.0,0.008956,0.0,0.0030527269268639,64.0,95.5,5602.0,benign
0.0,0.0,0.0,0.0,0.0,0.0,0.0,0.0,0.0,0.0,0.0,0.0,0.0,0.0,0.0,0.0,0.0,0.0,0.0,0.0,0.0,0.0,0.0,0.0,0.0,0.0,0.0,0.0,0.0,0.0,benign
0.0,0.0,0.0,0.0,0.0,0.0,0.0,0.0,0.0,0.0,0.0,0.0,0.0,0.0,0.0,0.0,0.0,0.0,0.0,0.0,0.0,0.0,0.0,0.0,0.0,0.0,0.0,0.0,0.0,0.0,benign
0.0,0.0,0.0,0.0,0.0,0.0,0.0,0.0,0.0,0.0,0.0,0.0,0.0,0.0,0.0,0.0,0.0,0.0,0.0,0.0,0.0,0.0,0.0,0.0,0.0,0.0,0.0,0.0,0.0,0.0,benign
0.0,0.0,0.0,0.0,0.0,0.0,0.0,0.0,1.0,2.0,0.0,230.0,0.0,196.0,0.0,1.0,1.0,0.0,1.0,0.0,0.0,0.0,0.0,0.0,0.000513,0.000513,0.0,255.0,0.0,0.0,benign
0.0,0.0,0.0,0.0,0.0,0.0,0.0,0.0,0.0,0.0,0.0,0.0,0.0,0.0,0.0,0.0,0.0,0.0,0.0,0.0,0.0,0.0,0.0,0.0,0.0,0.0,0.0,0.0,0.0,0.0,benign
-0.69,0.588179866669674,2.0,0.0,2.0,0.0,1.5,0.0,2.0,2.0,0.0,54.0,2.0,0.0,19.327585352432298,2.0,2.0,1.0,1.0,1.0,0.0,0.0,0.0,24.0,0.022965,0.0,0.010825804819966,64.0,90.03826347108705,5580.0,benign
0.0,0.0,1.0,0.0,1.0,0.0,0.0,0.0,2.0,2.0,0.0,54.0,1.0,0.0,8.0,2.0,2.0,1.0,1.0,1.0,0.0,0.0,0.0,24.0,0.029893,0.0,0.0149465,64.0,95.5,5650.0,benign
0.0,0.0,0.0,0.0,0.0,0.0,0.0,0.0,0.0,0.0,0.0,0.0,0.0,0.0,0.0,0.0,0.0,0.0,0.0,0.0,0.0,0.0,0.0,0.0,0.0,0.0,0.0,0.0,0.0,0.0,benign
0.0,0.0,0.0,0.0,0.0,0.0,0.0,0.0,0.0,0.0,0.0,0.0,0.0,0.0,0.0,0.0,0.0,0.0,0.0,0.0,0.0,0.0,0.0,0.0,0.0,0.0,0.0,0.0,0.0,0.0,benign
0.0,0.0,0.0,0.0,0.0,0.0,50.25,2.0,2.0,3.0,0.0,66.0,2.0,0.0,753.8879963967534,3.0,3.0,2.0,3.0,2.0,0.0,0.0,0.0,24.0,0.05302,0.0,0.0180676389208119,61.0,1.5,660.0,benign
0.0,0.0,0.0,0.0,0.0,0.0,0.0,0.0,0.0,0.0,0.0,0.0,0.0,0.0,0.0,0.0,0.0,0.0,0.0,0.0,0.0,0.0,0.0,0.0,0.0,0.0,0.0,0.0,0.0,0.0,benign
0.0,0.0,0.0,0.0,0.0,0.0,0.0,0.0,0.0,0.0,0.0,0.0,0.0,0.0,0.0,0.0,0.0,0.0,0.0,0.0,0.0,0.0,0.0,0.0,0.0,0.0,0.0,0.0,0.0,0.0,benign
0.0,0.0,0.0,0.0,0.0,0.0,46.66666666666666,0.0,2.0,2.0,0.0,54.0,1.0,0.0,34.5,2.0,2.0,1.0,2.0,2.0,0.0,0.0,0.0,24.0,0.10774,0.000802,0.0387621291049653,238.0,7.361215932167728,1402.0,benign
0.0,0.0,0.0,0.0,0.0,0.0,0.0,0.0,0.0,0.0,0.0,0.0,0.0,0.0,0.0,0.0,0.0,0.0,0.0,0.0,0.0,0.0,0.0,0.0,0.0,0.0,0.0,0.0,0.0,0.0,benign
0.0,0.0,0.0,0.0,0.0,0.0,0.0,0.0,0.0,0.0,0.0,0.0,0.0,0.0,0.0,0.0,0.0,0.0,0.0,0.0,0.0,0.0,0.0,0.0,0.0,0.0,0.0,0.0,0.0,0.0,benign
1.0,0.0,1.0,0.0,1.0,0.0,0.0,0.0,2.0,2.0,0.0,54.0,1.0,0.0,8.5,2.0,2.0,1.0,1.0,1.0,0.0,0.0,0.0,24.0,0.023105,0.0,0.0115525,64.0,95.5,5626.0,benign
0.0,0.0,0.0,0.0,0.0,0.0,0.0,0.0,1.0,2.0,0.0,214.0,0.0,180.0,0.0,1.0,1.0,0.0,1.0,0.0,0.0,0.0,0.0,0.0,0.022609,0.022609,0.0,255.0,0.0,0.0,benign
0.0,0.0,0.0,0.0,0.0,0.0,0.0,0.0,1.0,2.0,0.0,214.0,0.0,180.0,0.0,1.0,1.0,0.0,1.0,0.0,0.0,0.0,0.0,0.0,0.034444,0.034444,0.0,255.0,0.0,0.0,benign
0.0,0.0,0.0,0.0,0.0,0.0,0.0,0.0,0.0,0.0,0.0,0.0,0.0,0.0,0.0,0.0,0.0,0.0,0.0,0.0,0.0,0.0,0.0,0.0,0.0,0.0,0.0,0.0,0.0,0.0,benign
0.0,0.0,0.0,0.0,0.0,0.0,0.0,0.0,1.0,2.0,0.0,214.0,0.0,180.0,0.0,1.0,1.0,0.0,1.0,0.0,0.0,0.0,0.0,0.0,0.053023,0.053023,0.0,255.0,0.0,0.0,benign
608.0,0.0,2.0,0.0,4.0,0.0,33.0,0.0,2.0,2.0,0.0,54.0,4.0,0.0,29.91132728582936,2.0,2.0,2.0,2.0,4.0,0.0,0.0,0.0,24.0,0.048905,0.0,0.0180511080265,64.0,95.5,5632.0,benign
0.0,0.0,0.0,0.0,0.0,0.0,0.0,0.0,0.0,0.0,0.0,0.0,0.0,0.0,0.0,0.0,0.0,0.0,0.0,0.0,0.0,0.0,0.0,0.0,0.0,0.0,0.0,0.0,0.0,0.0,benign
0.0,0.0,0.0,0.0,0.0,0.0,0.0,0.0,0.0,0.0,0.0,0.0,0.0,0.0,0.0,0.0,0.0,0.0,0.0,0.0,0.0,0.0,0.0,0.0,0.0,0.0,0.0,0.0,0.0,0.0,benign
186.0,0.0,1.0,0.0,2.0,0.0,21.6,0.0,3.0,3.0,0.0,54.0,3.0,0.0,10.594810050208546,2.0,2.0,2.0,2.0,2.0,0.0,0.0,0.0,24.0,0.003657,0.0,0.0012692704816372,64.0,95.5,5616.0,benign
22.3,0.0,1.0,0.0,7.0,0.0,1.4,0.0,2.0,2.0,0.0,54.0,3.0,0.0,45.87089370056887,2.0,2.0,1.0,1.0,3.0,0.0,0.0,0.0,24.0,0.022235,1e-06,0.0079910292568187,64.0,95.5,5632.0,benign
0.0,0.0,0.0,0.0,0.0,0.0,51.66666666666666,0.0,3.0,3.0,0.0,60.0,1.0,180.0,0.0,1.0,1.0,1.0,2.0,0.0,0.0,0.0,0.0,0.0,0.018584,0.002295,0.0074475638760268,255.0,0.0,0.0,benign
0.0,0.0,0.0,0.0,0.0,0.0,0.0,0.0,1.0,2.0,0.0,230.0,0.0,196.0,0.0,1.0,1.0,0.0,1.0,0.0,0.0,0.0,0.0,0.0,0.067708,0.067708,0.0,255.0,0.0,0.0,benign
0.0,0.0,0.0,0.0,0.0,0.0,3.0,0.0,1.0,2.0,0.0,60.0,0.0,0.0,0.0,0.0,0.0,0.0,1.0,0.0,0.0,0.0,0.0,0.0,0.002322,0.000606,0.000858,0.0,0.0,0.0,benign
0.0,0.0,0.0,0.0,0.0,0.0,0.0,2.0,1.0,2.0,0.0,230.0,0.0,196.0,0.0,1.0,1.0,0.0,1.0,0.0,0.0,0.0,0.0,0.0,0.045831,0.045831,0.0,64.0,0.0,0.0,benign
4.0,0.0,1.0,0.0,1.0,0.0,0.0,0.0,2.0,2.0,0.0,54.0,1.0,0.0,7.5,2.0,2.0,1.0,1.0,1.0,0.0,0.0,0.0,24.0,0.062956,0.0,0.031478,64.0,95.5,5608.0,benign
0.0,0.0,0.0,0.0,0.0,0.0,0.0,0.0,0.0,0.0,0.0,0.0,0.0,0.0,0.0,0.0,0.0,0.0,0.0,0.0,0.0,0.0,0.0,0.0,0.0,0.0,0.0,0.0,0.0,0.0,benign
0.0,0.0,0.0,0.0,0.0,0.0,0.0,0.0,0.0,0.0,0.0,0.0,0.0,0.0,0.0,0.0,0.0,0.0,0.0,0.0,0.0,0.0,0.0,0.0,0.0,0.0,0.0,0.0,0.0,0.0,benign
915.0,0.0,2.0,0.0,3.0,0.0,0.6666666666666666,0.0,2.0,2.0,0.0,54.0,2.0,0.0,22.93877721239735,2.0,2.0,1.0,1.0,2.0,0.0,0.0,0.0,24.0,0.006002,0.0,0.0023561285379834,64.0,95.5,5534.0,benign
0.0,0.0,0.0,0.0,0.0,0.0,0.0,0.0,0.0,0.0,0.0,0.0,0.0,0.0,0.0,0.0,0.0,0.0,0.0,0.0,0.0,0.0,0.0,0.0,0.0,0.0,0.0,0.0,0.0,0.0,benign
0.0,0.0,0.0,0.0,0.0,0.0,0.0,0.0,0.0,0.0,0.0,0.0,0.0,0.0,0.0,0.0,0.0,0.0,0.0,0.0,0.0,0.0,0.0,0.0,0.0,0.0,0.0,0.0,0.0,0.0,benign
0.0,0.0,0.0,0.0,0.0,0.0,0.0,0.0,0.0,0.0,0.0,0.0,0.0,0.0,0.0,0.0,0.0,0.0,0.0,0.0,0.0,0.0,0.0,0.0,0.0,0.0,0.0,0.0,0.0,0.0,benign
0.0,0.0,0.0,0.0,0.0,0.0,0.0,0.0,1.0,2.0,0.0,214.0,0.0,180.0,0.0,1.0,1.0,0.0,1.0,0.0,0.0,0.0,0.0,0.0,0.025724,0.025724,0.0,255.0,0.0,0.0,benign
0.0,0.0,0.0,0.0,0.0,0.0,0.0,0.0,0.0,0.0,0.0,0.0,0.0,0.0,0.0,0.0,0.0,0.0,0.0,0.0,0.0,0.0,0.0,0.0,0.0,0.0,0.0,0.0,0.0,0.0,benign
0.0,0.0,0.0,0.0,0.0,0.0,0.0,0.0,0.0,0.0,0.0,0.0,0.0,0.0,0.0,0.0,0.0,0.0,0.0,0.0,0.0,0.0,0.0,0.0,0.0,0.0,0.0,0.0,0.0,0.0,benign
1023.0,0.0,1.0,0.0,1.0,0.0,0.0,0.0,2.0,2.0,0.0,54.0,1.0,0.0,9.0,2.0,2.0,1.0,1.0,1.0,0.0,0.0,0.0,24.0,0.00217,1e-06,0.0010845,64.0,95.5,5560.0,benign
1023.0,0.0,1.0,0.0,1.0,0.0,0.0,0.0,2.0,2.0,0.0,54.0,1.0,0.0,9.0,2.0,2.0,1.0,1.0,1.0,0.0,0.0,0.0,24.0,0.017592,0.0,0.008796,64.0,95.5,5580.0,benign
211.0,0.0,1.0,0.0,2.0,0.0,2.333333333333333,0.0,2.0,2.0,0.0,54.0,2.0,0.0,10.594810050208546,2.0,2.0,1.0,1.0,2.0,0.0,0.0,0.0,24.0,0.061521,0.0,0.0258166138404613,64.0,95.5,5626.0,benign
0.0,0.0,0.0,0.0,0.0,0.0,1333.0,0.0,0.4285714285714285,0.4285714285714285,0.0,98.0,0.1428571428571428,180.0,0.0,0.1428571428571428,0.1428571428571428,0.1428571428571428,0.1428571428571428,0.0,0.0,0.0,0.0,0.0,0.021782115,1.65e-07,0.0089036394285333,64.0,90.03826347108706,0.0,recon
0.0,0.0,1.0,0.0,1.0,0.0,1.0,0.0,2.0,2.0,0.0,54.0,1.0,0.0,9.5,2.0,2.0,1.0,1.0,1.0,0.0,0.0,0.0,24.0,0.020888,0.000294,0.010297,64.0,95.5,5560.0,benign
0.0,0.0,0.0,0.0,0.0,0.0,0.0,0.0,0.0,0.0,0.0,0.0,0.0,0.0,0.0,0.0,0.0,0.0,0.0,0.0,0.0,0.0,0.0,0.0,0.0,0.0,0.0,0.0,0.0,0.0,benign
0.0,0.0,0.0,0.0,0.0,0.0,0.0,0.0,0.0,2.0,0.0,198.0,0.0,0.0,0.0,0.0,0.0,0.0,1.0,0.0,0.0,0.0,0.0,0.0,0.011747,0.011747,0.0,0.0,0.0,0.0,benign
0.0,0.0,0.0,0.0,0.0,0.0,0.0,0.0,0.0,0.0,0.0,0.0,0.0,0.0,0.0,0.0,0.0,0.0,0.0,0.0,0.0,0.0,0.0,0.0,0.0,0.0,0.0,0.0,0.0,0.0,benign
0.0,0.0,0.0,0.0,0.0,0.0,0.0,0.0,0.0,0.0,0.0,0.0,0.0,0.0,0.0,0.0,0.0,0.0,0.0,0.0,0.0,0.0,0.0,0.0,0.0,0.0,0.0,0.0,0.0,0.0,benign
0.0,0.0,0.0,0.0,0.0,0.0,0.0,0.0,0.0,0.0,0.0,0.0,0.0,0.0,0.0,0.0,0.0,0.0,0.0,0.0,0.0,0.0,0.0,0.0,0.0,0.0,0.0,0.0,0.0,0.0,benign
0.0,0.0,0.0,0.0,0.0,0.0,0.0,0.0,0.0,0.0,0.0,0.0,0.0,0.0,0.0,0.0,0.0,0.0,0.0,0.0,0.0,0.0,0.0,0.0,0.0,0.0,0.0,0.0,0.0,0.0,benign
2.0,0.0,1.0,0.0,1.0,0.0,0.0,0.0,2.0,2.0,0.0,54.0,1.0,0.0,7.5,2.0,2.0,1.0,1.0,1.0,0.0,0.0,0.0,24.0,0.030042,0.000261,0.0148905,64.0,95.5,5604.0,benign
0.0,0.0,0.0,0.0,0.0,0.0,70.61538461538461,0.0,4.0,5.0,0.0,54.0,2.0,0.0,578.8370686478332,4.0,5.0,2.0,2.0,1.0,0.0,0.0,0.0,24.0,0.100245,0.0,0.0288262755577374,2.0,75.72740587132245,660.0,benign
0.0,0.0,0.0,0.0,0.0,0.0,0.0,0.0,0.0,0.0,0.0,0.0,0.0,0.0,0.0,0.0,0.0,0.0,0.0,0.0,0.0,0.0,0.0,0.0,0.0,0.0,0.0,0.0,0.0,0.0,benign
0.0,0.0,0.0,0.0,0.0,0.0,0.0,0.0,0.0,0.0,0.0,0.0,0.0,0.0,0.0,0.0,0.0,0.0,0.0,0.0,0.0,0.0,0.0,0.0,0.0,0.0,0.0,0.0,0.0,0.0,benign
0.0,0.0,0.0,0.0,0.0,0.0,0.0,0.0,1.0,2.0,0.0,230.0,0.0,196.0,0.0,1.0,1.0,0.0,1.0,0.0,0.0,0.0,0.0,0.0,0.023454,0.023454,0.0,255.0,0.0,0.0,benign
0.0,0.0,0.0,0.0,0.0,0.0,43.0,0.0,4.0,3.0,0.0,54.0,4.0,0.0,800.0405091784606,4.0,4.0,3.0,3.0,4.0,0.0,0.0,0.0,24.0,0.057826,0.0,0.0223047289266154,61.0,92.6141876555749,660.0,benign
0.0,0.0,0.0,0.0,0.0,0.0,50.5,0.0,2.0,2.0,0.0,60.0,1.0,0.0,0.0,0.0,0.0,1.0,1.0,0.0,0.0,0.0,0.0,0.0,0.004877,0.0,0.0019995186643012,0.0,0.0,0.0,benign
0.0,0.0,0.0,0.0,0.0,0.0,0.0,0.0,0.0,0.0,0.0,0.0,0.0,0.0,0.0,0.0,0.0,0.0,0.0,0.0,0.0,0.0,0.0,0.0,0.0,0.0,0.0,0.0,0.0,0.0,benign
0.0,0.0,0.0,0.0,0.0,0.0,0.0,0.0,0.0,0.0,0.0,0.0,0.0,0.0,0.0,0.0,0.0,0.0,0.0,0.0,0.0,0.0,0.0,0.0,0.0,0.0,0.0,0.0,0.0,0.0,benign
0.0,0.0,0.0,0.0,0.0,0.0,0.2126617807578356,0.0,0.4285714285714285,0.4285714285714285,1460.0,60.0,2292.714285714286,0.0,0.0,145.14285714285714,145.14285714285714,0.2857142857142857,0.2857142857142857,0.0,2285.714285714286,2292.5714285714284,0.0,20.0,0.02699384,2.6e-08,0.0003169350712519,37.0,9.297433418166788,0.0,recon
0.0,0.0,0.0,0.0,0.0,0.0,0.0,0.0,0.0,0.0,0.0,0.0,0.0,0.0,0.0,0.0,0.0,0.0,0.0,0.0,0.0,0.0,0.0,0.0,0.0,0.0,0.0,0.0,0.0,0.0,benign
0.0,0.0,0.0,0.0,0.0,0.0,0.0,0.0,0.0,0.0,0.0,0.0,0.0,0.0,0.0,0.0,0.0,0.0,0.0,0.0,0.0,0.0,0.0,0.0,0.0,0.0,0.0,0.0,0.0,0.0,benign
0.0,0.0,0.0,0.0,0.0,0.0,26.666666666666668,0.0,12.0,12.0,0.0,54.0,18.0,0.0,370.0432782190511,12.0,12.0,4.0,3.0,17.0,0.0,0.0,0.0,24.0,0.245771,0.0,0.0473899386713612,61.0,94.6713930026448,660.0,benign
0.0,0.0,0.0,0.0,0.0,0.0,0.0,0.0,0.0,0.0,0.0,0.0,0.0,0.0,0.0,0.0,0.0,0.0,0.0,0.0,0.0,0.0,0.0,0.0,0.0,0.0,0.0,0.0,0.0,0.0,benign
0.0,0.0,0.0,0.0,0.0,0.0,0.0,0.0,0.0,0.0,0.0,0.0,0.0,0.0,0.0,0.0,0.0,0.0,0.0,0.0,0.0,0.0,0.0,0.0,0.0,0.0,0.0,0.0,0.0,0.0,benign
0.0,0.0,0.0,0.0,0.0,0.0,0.0,0.0,0.0,0.0,0.0,0.0,0.0,0.0,0.0,0.0,0.0,0.0,0.0,0.0,0.0,0.0,0.0,0.0,0.0,0.0,0.0,0.0,0.0,0.0,benign
3.0,0.0,1.0,0.0,1.0,0.0,0.0,0.0,2.0,2.0,0.0,54.0,1.0,0.0,8.5,2.0,2.0,1.0,1.0,1.0,0.0,0.0,0.0,24.0,0.025736,0.0,0.012868,64.0,95.5,5600.0,benign
0.0,0.0,0.0,0.0,0.0,0.0,0.0,0.0,0.0,0.0,0.0,0.0,0.0,0.0,0.0,0.0,0.0,0.0,0.0,0.0,0.0,0.0,0.0,0.0,0.0,0.0,0.0,0.0,0.0,0.0,benign
0.0,0.0,0.0,0.0,0.0,0.0,0.0,0.0,0.0,0.0,0.0,0.0,0.0,0.0,0.0,0.0,0.0,0.0,0.0,0.0,0.0,0.0,0.0,0.0,0.0,0.0,0.0,0.0,0.0,0.0,benign
0.0,0.0,0.0,0.0,0.0,0.0,2.0,2.0,2.0,2.0,0.0,66.0,2.0,0.0,969.7980459868952,2.0,2.0,2.0,2.0,2.0,0.0,0.0,0.0,24.0,0.039792,0.0,0.0165671720485875,61.0,1.5,660.0,benign
22.5,0.0,1.0,0.0,7.0,0.0,1.4,0.0,2.0,2.0,0.0,54.0,3.0,0.0,49.86788100125727,2.0,2.0,1.0,1.0,3.0,0.0,0.0,0.0,24.0,0.004709,0.0,0.0017273074100717,64.0,95.5,5578.0,benign
0.0,0.0,0.0,0.0,0.0,0.0,0.0,0.0,0.0,0.0,0.0,0.0,0.0,0.0,0.0,0.0,0.0,0.0,0.0,0.0,0.0,0.0,0.0,0.0,0.0,0.0,0.0,0.0,0.0,0.0,benign
140.0,0.0,1.0,0.0,2.0,0.0,1.0,0.0,2.0,2.0,0.0,54.0,2.0,0.0,11.0227038425243,2.0,2.0,1.0,1.0,2.0,0.0,0.0,0.0,24.0,0.026878,0.0,0.0113194942797812,64.0,95.5,5610.0,benign
0.0,0.0,0.0,0.0,0.0,0.0,0.0,0.0,0.0,0.0,0.0,0.0,0.0,0.0,0.0,0.0,0.0,0.0,0.0,0.0,0.0,0.0,0.0,0.0,0.0,0.0,0.0,0.0,0.0,0.0,benign
0.0,0.0,0.0,0.0,0.0,0.0,0.0,0.0,0.0,0.0,0.0,0.0,0.0,0.0,0.0,0.0,0.0,0.0,0.0,0.0,0.0,0.0,0.0,0.0,0.0,0.0,0.0,0.0,0.0,0.0,benign
1023.0,0.0,1.0,0.0,1.0,0.0,0.0,0.0,2.0,2.0,0.0,54.0,1.0,0.0,9.0,2.0,2.0,1.0,1.0,1.0,0.0,0.0,0.0,24.0,0.035282,0.0,0.017641,64.0,95.5,5604.0,benign
0.0,0.0,0.0,0.0,0.0,0.0,0.0,0.0,0.0,0.0,0.0,0.0,0.0,0.0,0.0,0.0,0.0,0.0,0.0,0.0,0.0,0.0,0.0,0.0,0.0,0.0,0.0,0.0,0.0,0.0,benign
0.0,0.0,0.0,0.0,0.0,6905.428571428572,0.0849968429744038,0.0,0.8571428571428571,1.0,0.0,94.0,11762.857142857143,40.0,491.1823230571396,514.7142857142857,495.57142857142856,0.7142857142857143,0.2857142857142857,0.0,0.0,0.0,0.0,0.0,0.000517114,2.6e-08,0.0001301710709092,64.0,0.0,0.0,ddos
0.0,0.0,0.0,0.0,0.0,0.0,0.0,0.0,0.0,0.0,0.0,0.0,0.0,0.0,0.0,0.0,0.0,0.0,0.0,0.0,0.0,0.0,0.0,0.0,0.0,0.0,0.0,0.0,0.0,0.0,benign
0.0,0.0,0.0,0.0,0.0,0.0,0.0,0.0,1.0,2.0,0.0,230.0,0.0,196.0,0.0,1.0,1.0,0.0,1.0,0.0,0.0,0.0,0.0,0.0,0.057134,0.057134,0.0,255.0,0.0,0.0,benign
0.0,0.0,0.0,0.0,0.0,0.0,72.375,0.0,6.0,5.0,0.0,54.0,5.0,0.0,791.4371840686604,5.0,5.0,3.0,4.0,3.0,0.0,0.0,0.0,24.0,0.042472,0.0,0.0164204506637302,61.0,83.12076289646164,27.0,benign
0.0,0.0,0.0,0.0,0.0,0.0,0.0,0.0,0.0,0.0,0.0,0.0,0.0,0.0,0.0,0.0,0.0,0.0,0.0,0.0,0.0,0.0,0.0,0.0,0.0,0.0,0.0,0.0,0.0,0.0,benign
0.0,0.0,0.0,0.0,0.0,0.0,0.0,0.0,0.0,0.0,0.0,0.0,0.0,0.0,0.0,0.0,0.0,0.0,0.0,0.0,0.0,0.0,0.0,0.0,0.0,0.0,0.0,0.0,0.0,0.0,benign
0.0,0.0,0.0,0.0,0.0,0.0,0.0,0.0,0.0,0.0,0.0,0.0,0.0,0.0,0.0,0.0,0.0,0.0,0.0,0.0,0.0,0.0,0.0,0.0,0.0,0.0,0.0,0.0,0.0,0.0,benign
1023.0,0.0,1.0,0.0,1.0,0.0,1.0,0.0,2.0,2.0,0.0,54.0,1.0,0.0,9.0,2.0,2.0,1.0,1.0,1.0,0.0,0.0,0.0,24.0,0.069048,0.000295,0.0343765,64.0,95.5,5580.0,benign
0.0,0.0,0.0,0.0,0.0,0.0,0.0,0.0,0.0,0.0,0.0,0.0,0.0,0.0,0.0,0.0,0.0,0.0,0.0,0.0,0.0,0.0,0.0,0.0,0.0,0.0,0.0,0.0,0.0,0.0,benign
0.0,0.0,0.0,0.0,0.0,0.0,0.0,0.0,0.0,0.0,0.0,0.0,0.0,0.0,0.0,0.0,0.0,0.0,0.0,0.0,0.0,0.0,0.0,0.0,0.0,0.0,0.0,0.0,0.0,0.0,benign
0.0,0.0,0.0,0.0,0.0,0.0,0.0,0.0,0.0,2.0,0.0,198.0,0.0,0.0,0.0,0.0,0.0,0.0,1.0,0.0,0.0,0.0,0.0,0.0,0.003272,0.003272,0.0,0.0,0.0,0.0,benign
0.0,12.406384136682968,0.1428571428571428,1002.6666666666666,1.0,0.0,13.502912621359224,0.0,0.4285714285714285,0.4285714285714285,1460.0,60.0,40.142857142857146,0.0,1.7690338182751937,28.714285714285715,33.0,0.1428571428571428,0.2857142857142857,1.0,32.57142857142857,39.142857142857146,0.0,24.0,0.073830724,2.9e-08,0.0115675811026522,37.0,102.96529659937784,1024.0,recon
0.0,0.0,0.0,0.0,0.0,0.0,0.0,0.0,1.0,2.0,0.0,214.0,0.0,180.0,0.0,1.0,1.0,0.0,1.0,0.0,0.0,0.0,0.0,0.0,0.001004,0.001004,0.0,255.0,0.0,0.0,benign
0.0,0.0,0.0,0.0,0.0,0.0,0.0,0.0,0.0,0.0,0.0,0.0,0.0,0.0,0.0,0.0,0.0,0.0,0.0,0.0,0.0,0.0,0.0,0.0,0.0,0.0,0.0,0.0,0.0,0.0,benign
0.0,0.0,0.0,0.0,0.0,0.0,0.0,0.0,0.0,0.0,0.0,0.0,0.0,0.0,0.0,0.0,0.0,0.0,0.0,0.0,0.0,0.0,0.0,0.0,0.0,0.0,0.0,0.0,0.0,0.0,benign
0.0,0.0,0.0,0.0,0.0,0.0,29.5,0.0,9.0,9.0,0.0,54.0,15.0,0.0,432.3338378458411,10.0,10.0,3.0,2.0,15.0,0.0,0.0,0.0,24.0,0.076095,0.0,0.0206792474151408,61.0,94.41683653804677,660.0,benign
0.0,0.0,0.0,0.0,0.0,0.0,0.0,0.0,0.0,0.0,0.0,0.0,0.0,0.0,0.0,0.0,0.0,0.0,0.0,0.0,0.0,0.0,0.0,0.0,0.0,0.0,0.0,0.0,0.0,0.0,benign
0.0,0.0,0.0,0.0,0.0,0.0,0.0,0.0,0.0,0.0,0.0,0.0,0.0,0.0,0.0,0.0,0.0,0.0,0.0,0.0,0.0,0.0,0.0,0.0,0.0,0.0,0.0,0.0,0.0,0.0,benign
0.0,0.0,0.0,0.0,0.0,0.0,0.0,0.0,1.0,2.0,0.0,214.0,0.0,180.0,0.0,1.0,1.0,0.0,1.0,0.0,0.0,0.0,0.0,0.0,0.008889,0.008889,0.0,255.0,0.0,0.0,benign
0.0,0.0,0.0,0.0,0.0,0.0,5.016788321167883,0.0,0.2857142857142857,0.2857142857142857,1460.0,60.0,98.0,0.0,0.0,98.14285714285714,98.14285714285714,0.1428571428571428,0.1428571428571428,0.0,97.85714285714286,98.0,0.0,20.0,0.01602753,3.3e-08,0.0028143619515013,37.0,9.349686835555602,0.0,recon
0.0,0.0,0.0,0.0,0.0,0.0,0.0,0.0,0.0,0.0,0.0,0.0,0.0,0.0,0.0,0.0,0.0,0.0,0.0,0.0,0.0,0.0,0.0,0.0,0.0,0.0,0.0,0.0,0.0,0.0,benign
6.0,0.0,1.0,0.0,1.0,0.0,377.0,0.0,3.0,3.0,0.0,54.0,1.0,0.0,8.5,2.0,2.0,1.0,2.0,1.0,0.0,0.0,0.0,24.0,0.014726,0.0,0.0066216790586342,64.0,95.5,5584.0,benign
0.0,0.0,0.0,0.0,0.0,0.0,0.0,0.0,0.0,0.0,0.0,0.0,0.0,0.0,0.0,0.0,0.0,0.0,0.0,0.0,0.0,0.0,0.0,0.0,0.0,0.0,0.0,0.0,0.0,0.0,benign
-0.7,0.5921899094791204,2.0,0.0,2.0,0.0,1.0,0.0,2.0,2.0,0.0,54.0,2.0,0.0,19.327585352432298,2.0,2.0,1.0,1.0,1.0,0.0,0.0,0.0,24.0,0.080512,0.0,0.0379537207779275,64.0,90.03826347108705,5548.0,benign
0.0,0.0,0.0,0.0,0.0,0.0,0.0,0.0,0.0,0.0,0.0,0.0,0.0,0.0,0.0,0.0,0.0,0.0,0.0,0.0,0.0,0.0,0.0,0.0,0.0,0.0,0.0,0.0,0.0,0.0,benign
0.0,0.0,0.0,0.0,0.0,0.0,0.0,0.0,0.0,0.0,0.0,0.0,0.0,0.0,0.0,0.0,0.0,0.0,0.0,0.0,0.0,0.0,0.0,0.0,0.0,0.0,0.0,0.0,0.0,0.0,benign
1023.0,0.0,1.0,0.0,1.0,0.0,0.0,0.0,2.0,2.0,0.0,54.0,1.0,0.0,9.0,2.0,2.0,1.0,1.0,1.0,0.0,0.0,0.0,24.0,0.044043,0.0,0.0220215,64.0,95.5,5642.0,benign
0.0,0.0,0.0,0.0,0.0,0.0,70.2,2.0,3.0,3.0,0.0,66.0,2.0,0.0,912.216972849966,3.0,3.0,2.0,3.0,2.0,0.0,0.0,0.0,24.0,0.063405,0.0,0.025345564957207,2.0,28.546258754675524,660.0,benign
142.0,0.0,1.0,0.0,2.0,0.0,1.0,0.0,2.0,2.0,0.0,54.0,2.0,0.0,11.0227038425243,2.0,2.0,1.0,1.0,2.0,0.0,0.0,0.0,24.0,0.034396,0.0,0.0145371291934652,64.0,95.5,5542.0,benign
0.0,0.0,0.0,0.0,0.0,0.0,0.0,0.0,0.0,0.0,0.0,0.0,0.0,0.0,0.0,0.0,0.0,0.0,0.0,0.0,0.0,0.0,0.0,0.0,0.0,0.0,0.0,0.0,0.0,0.0,benign
2.0,0.0,1.0,0.0,1.0,0.0,0.0,0.0,2.0,2.0,0.0,54.0,1.0,0.0,7.5,2.0,2.0,1.0,1.0,1.0,0.0,0.0,0.0,24.0,0.00833,0.0,0.004165,64.0,95.5,5630.0,benign
0.0,0.0,0.0,0.0,0.0,0.0,0.0,0.0,0.0,0.0,0.0,0.0,0.0,0.0,0.0,0.0,0.0,0.0,0.0,0.0,0.0,0.0,0.0,0.0,0.0,0.0,0.0,0.0,0.0,0.0,benign
0.0,0.0,0.0,0.0,0.0,0.0,0.0,0.0,0.0,0.0,0.0,0.0,0.0,0.0,0.0,0.0,0.0,0.0,0.0,0.0,0.0,0.0,0.0,0.0,0.0,0.0,0.0,0.0,0.0,0.0,benign
0.0,0.0,0.0,0.0,0.0,0.0,0.0,0.0,1.0,2.0,0.0,214.0,0.0,180.0,0.0,1.0,1.0,0.0,1.0,0.0,0.0,0.0,0.0,0.0,0.081942,0.081942,0.0,255.0,0.0,0.0,benign
2.0,0.0,1.0,0.0,1.0,0.0,0.0,0.0,2.0,2.0,0.0,54.0,1.0,0.0,8.5,2.0,2.0,1.0,1.0,1.0,0.0,0.0,0.0,24.0,0.035202,0.0,0.017601,64.0,95.5,5588.0,benign
0.0,0.0,0.0,0.0,0.0,0.0,0.0,0.0,0.0,0.0,0.0,0.0,0.0,0.0,0.0,0.0,0.0,0.0,0.0,0.0,0.0,0.0,0.0,0.0,0.0,0.0,0.0,0.0,0.0,0.0,benign
0.0,0.0,0.0,0.0,0.0,0.0,0.0,0.0,0.0,0.0,0.0,0.0,0.0,0.0,0.0,0.0,0.0,0.0,0.0,0.0,0.0,0.0,0.0,0.0,0.0,0.0,0.0,0.0,0.0,0.0,benign
1.0,0.0,0.1428571428571428,302.8181818181818,3.2857142857142856,0.0,17.25990099009901,0.0,0.4285714285714285,0.4285714285714285,1460.0,60.0,29.0,0.0,3.703058379994229,26.285714285714285,26.142857142857142,0.1428571428571428,0.2857142857142857,3.2857142857142856,25.571428571428573,25.714285714285715,0.0,24.0,0.147757534,3.2e-08,0.0075647961128037,37.0,103.07374683690766,1024.0,recon
0.0,0.0,0.0,0.0,0.0,0.0,0.0,0.0,0.0,0.0,0.0,0.0,0.0,0.0,0.0,0.0,0.0,0.0,0.0,0.0,0.0,0.0,0.0,0.0,0.0,0.0,0.0,0.0,0.0,0.0,benign
0.0,0.0,0.0,0.0,0.0,0.0,0.0,0.0,0.0,0.0,0.0,0.0,0.0,0.0,0.0,0.0,0.0,0.0,0.0,0.0,0.0,0.0,0.0,0.0,0.0,0.0,0.0,0.0,0.0,0.0,benign
0.0,0.0,0.0,0.0,0.0,0.0,0.0,0.0,0.0,0.0,0.0,0.0,0.0,0.0,0.0,0.0,0.0,0.0,0.0,0.0,0.0,0.0,0.0,0.0,0.0,0.0,0.0,0.0,0.0,0.0,benign
2.0,0.0,1.0,0.0,1.0,0.0,0.0,0.0,2.0,2.0,0.0,54.0,1.0,0.0,7.5,2.0,2.0,1.0,1.0,1.0,0.0,0.0,0.0,24.0,0.01307,0.0,0.006535,64.0,95.5,5642.0,benign
0.0,0.0,0.0,0.0,0.0,0.0,33.5,0.0,2.0,2.0,0.0,60.0,1.0,0.0,0.0,0.0,0.0,1.0,1.0,0.0,0.0,0.0,0.0,0.0,0.047805,0.001131,0.0216751663482018,0.0,0.0,0.0,benign
0.0,0.0,0.0,0.0,0.0,0.0,0.0,0.0,1.0,2.0,0.0,214.0,0.0,180.0,0.0,1.0,1.0,0.0,1.0,0.0,0.0,0.0,0.0,0.0,0.027071,0.027071,0.0,255.0,0.0,0.0,benign
0.0,0.0,0.0,0.0,0.0,0.0,0.0,0.0,0.0,0.0,0.0,0.0,0.0,0.0,0.0,0.0,0.0,0.0,0.0,0.0,0.0,0.0,0.0,0.0,0.0,0.0,0.0,0.0,0.0,0.0,benign
22.5,0.0,1.0,0.0,7.0,0.0,1.0,0.0,2.0,2.0,0.0,54.0,4.0,0.0,35.755899862819845,2.0,2.0,1.0,1.0,4.0,0.0,0.0,0.0,24.0,0.002336,0.0,0.0010243650472365,64.0,95.5,5542.0,benign
0.0,0.0,0.0,0.0,0.0,0.0,325.125,2.0,0.4285714285714285,0.4285714285714285,0.0,60.0,1.2857142857142858,0.0,0.0,0.7142857142857143,0.7142857142857143,0.2857142857142857,0.2857142857142857,0.0,0.0,0.0,0.0,17.0,0.029696821,8.5e-08,0.0069867784130807,64.0,0.0,501.0,bruteforce
0.0,0.0,0.0,0.0,0.0,0.0,0.0,0.0,0.0,0.0,0.0,0.0,0.0,0.0,0.0,0.0,0.0,0.0,0.0,0.0,0.0,0.0,0.0,0.0,0.0,0.0,0.0,0.0,0.0,0.0,benign
0.0,0.0,0.0,0.0,0.0,0.0,10.869565217391305,0.0,12.0,12.0,0.0,54.0,35.0,0.0,281.36140206401546,13.0,13.0,3.0,3.0,34.0,0.0,0.0,0.0,24.0,0.234999,0.0,0.030862816641918,61.0,74.31790648618808,501.0,benign
0.0,0.0,0.0,0.0,0.0,0.0,0.0,0.0,0.0,0.0,0.0,0.0,0.0,0.0,0.0,0.0,0.0,0.0,0.0,0.0,0.0,0.0,0.0,0.0,0.0,0.0,0.0,0.0,0.0,0.0,benign
0.0,0.0,0.0,0.0,0.0,0.0,0.0,0.0,0.0,0.0,0.0,0.0,0.0,0.0,0.0,0.0,0.0,0.0,0.0,0.0,0.0,0.0,0.0,0.0,0.0,0.0,0.0,0.0,0.0,0.0,benign
0.0,0.0,0.0,0.0,0.0,0.0,0.0,0.0,0.0,0.0,0.0,0.0,0.0,0.0,0.0,0.0,0.0,0.0,0.0,0.0,0.0,0.0,0.0,0.0,0.0,0.0,0.0,0.0,0.0,0.0,benign
0.0,0.0,0.0,0.0,0.0,0.0,0.0,0.0,0.0,0.0,0.0,0.0,0.0,0.0,0.0,0.0,0.0,0.0,0.0,0.0,0.0,0.0,0.0,0.0,0.0,0.0,0.0,0.0,0.0,0.0,benign
0.0,0.0,0.0,0.0,0.0,0.0,0.0,0.0,0.0,0.0,0.0,0.0,0.0,0.0,0.0,0.0,0.0,0.0,0.0,0.0,0.0,0.0,0.0,0.0,0.0,0.0,0.0,0.0,0.0,0.0,benign
0.0,0.0,0.0,0.0,0.0,0.0,0.0,0.0,0.0,0.0,0.0,0.0,0.0,0.0,0.0,0.0,0.0,0.0,0.0,0.0,0.0,0.0,0.0,0.0,0.0,0.0,0.0,0.0,0.0,0.0,benign
2.0,0.0,1.0,0.0,1.0,0.0,0.0,0.0,2.0,2.0,0.0,54.0,1.0,0.0,8.5,2.0,2.0,1.0,1.0,1.0,0.0,0.0,0.0,24.0,0.067614,0.0,0.033807,64.0,95.5,5542.0,benign
0.0,0.0,0.0,0.0,0.0,0.0,27.735042735042736,0.0,2.2857142857142856,2.2857142857142856,0.0,60.0,16.0,0.0,354.0092739525964,2.2857142857142856,2.2857142857142856,0.7142857142857143,0.5714285714285714,15.285714285714286,0.0,0.0,0.0,24.0,0.132701189,3.3e-08,0.0136716896700655,61.0,94.08614500544115,249.0,recon
0.0,0.0,0.0,0.0,0.0,0.0,0.0,2.0,1.0,2.0,0.0,230.0,0.0,196.0,0.0,1.0,1.0,0.0,1.0,0.0,0.0,0.0,0.0,0.0,0.012567,0.012567,0.0,64.0,0.0,0.0,benign
129.0,0.0,1.0,0.0,2.0,0.0,1.6666666666666667,0.0,2.0,2.0,0.0,54.0,2.0,0.0,11.0227038425243,2.0,2.0,1.0,1.0,2.0,0.0,0.0,0.0,24.0,0.005718,0.0,0.0027656366694669,64.0,95.5,5580.0,benign
0.0,0.0,0.0,0.0,0.0,0.0,0.0,0.0,0.1428571428571428,0.2857142857142857,0.0,972.0,0.0,938.0,0.0,0.1428571428571428,0.1428571428571428,0.0,0.1428571428571428,0.0,0.0,0.0,0.0,0.0,0.000910505,0.000910505,0.0,64.0,0.0,0.0,malware
0.0,0.0,0.0,0.0,0.0,0.0,23.23076923076923,0.0,13.0,13.0,0.0,54.0,19.0,0.0,381.4244805659437,14.0,14.0,3.0,2.0,19.0,0.0,0.0,0.0,24.0,0.136806,0.0,0.0296998249750629,61.0,94.5506444980678,660.0,benign
913.0,0.0,2.0,0.0,3.0,0.0,10.0,0.0,2.0,2.0,0.0,54.0,2.0,0.0,22.93877721239735,2.0,2.0,1.0,1.0,2.0,0.0,0.0,0.0,24.0,0.0292,0.0,0.0119244895776506,64.0,95.5,5562.0,benign
-0.69,0.5840281576164704,2.0,0.0,2.0,0.0,1.0,0.0,2.0,2.0,0.0,54.0,2.0,0.0,19.327585352432298,2.0,2.0,1.0,1.0,1.0,0.0,0.0,0.0,24.0,0.050686,0.0,0.0238936095408142,64.0,90.03826347108705,5600.0,benign
0.0,0.0,0.0,0.0,0.0,0.0,3.740740740740741,2.0,0.2857142857142857,0.2857142857142857,1460.0,60.0,157.85714285714286,0.0,822.7425849990651,6.428571428571429,19.428571428571427,0.4285714285714285,0.2857142857142857,53.142857142857146,5.142857142857143,28.285714285714285,0.0,25.0,0.119637463,2.7e-08,0.0058160396518367,64.0,0.0,0.0,dos
212.0,0.0,1.0,0.0,2.0,0.0,1.0,0.0,2.0,2.0,0.0,54.0,2.0,0.0,10.594810050208546,2.0,2.0,1.0,1.0,2.0,0.0,0.0,0.0,24.0,0.029191,0.0,0.0123219027954289,64.0,95.5,5578.0,benign
-0.7,0.5880476171195662,2.0,0.0,2.0,0.0,141.5,0.0,3.0,3.0,0.0,54.0,3.0,0.0,19.327585352432298,2.0,2.0,2.0,2.0,1.0,0.0,0.0,0.0,24.0,0.035612,0.0,0.0159119946581187,64.0,90.03826347108705,5600.0,benign
11.0,0.0,1.0,0.0,1.0,0.0,0.0,0.0,2.0,2.0,0.0,54.0,1.0,0.0,8.0,2.0,2.0,1.0,1.0,1.0,0.0,0.0,0.0,24.0,0.14513,0.0,0.072565,64.0,95.5,5562.0,benign
0.0,0.0,0.0,0.0,0.0,0.0,0.0,0.0,0.0,0.0,0.0,0.0,0.0,0.0,0.0,0.0,0.0,0.0,0.0,0.0,0.0,0.0,0.0,0.0,0.0,0.0,0.0,0.0,0.0,0.0,benign
916.0,0.0,2.0,0.0,3.0,0.0,0.6666666666666666,0.0,2.0,2.0,0.0,54.0,2.0,0.0,22.93877721239735,2.0,2.0,1.0,1.0,2.0,0.0,0.0,0.0,24.0,0.015787,0.0,0.0065925890399751,64.0,95.5,5578.0,benign
0.0,0.0,0.0,0.0,0.0,0.0,0.0,0.0,0.0,0.0,0.0,0.0,0.0,0.0,0.0,0.0,0.0,0.0,0.0,0.0,0.0,0.0,0.0,0.0,0.0,0.0,0.0,0.0,0.0,0.0,benign
0.0,0.0,0.0,0.0,0.0,0.0,0.0,0.0,0.0,0.0,0.0,0.0,0.0,0.0,0.0,0.0,0.0,0.0,0.0,0.0,0.0,0.0,0.0,0.0,0.0,0.0,0.0,0.0,0.0,0.0,benign
0.0,0.0,0.0,0.0,0.0,0.0,0.0,0.0,0.0,0.0,0.0,0.0,0.0,0.0,0.0,0.0,0.0,0.0,0.0,0.0,0.0,0.0,0.0,0.0,0.0,0.0,0.0,0.0,0.0,0.0,benign
0.0,0.0,0.0,0.0,0.0,0.0,0.0,0.0,0.0,0.0,0.0,0.0,0.0,0.0,0.0,0.0,0.0,0.0,0.0,0.0,0.0,0.0,0.0,0.0,0.0,0.0,0.0,0.0,0.0,0.0,benign
101.0,0.0,1.0,0.0,2.0,0.0,2.333333333333333,0.0,2.0,2.0,0.0,54.0,2.0,0.0,11.0227038425243,2.0,2.0,1.0,1.0,2.0,0.0,0.0,0.0,24.0,0.017206,0.0,0.0070571689791303,64.0,95.5,5648.0,benign
-0.69,0.5840281576164704,2.0,0.0,2.0,0.0,1.0,0.0,2.0,2.0,0.0,54.0,2.0,0.0,19.327585352432298,2.0,2.0,1.0,1.0,1.0,0.0,0.0,0.0,24.0,0.008899,0.0,0.0041950288305193,64.0,90.03826347108705,5560.0,benign
0.0,0.0,0.0,0.0,0.0,0.0,0.0,0.0,0.0,0.0,0.0,0.0,0.0,0.0,0.0,0.0,0.0,0.0,0.0,0.0,0.0,0.0,0.0,0.0,0.0,0.0,0.0,0.0,0.0,0.0,benign
0.0,0.0,0.0,0.0,0.0,0.0,0.0,0.0,0.0,2.0,0.0,198.0,0.0,0.0,0.0,0.0,0.0,0.0,1.0,0.0,0.0,0.0,0.0,0.0,0.050336,0.050336,0.0,0.0,0.0,0.0,benign
0.0,0.0,0.0,0.0,0.0,0.0,0.0,0.0,0.0,0.0,0.0,0.0,0.0,0.0,0.0,0.0,0.0,0.0,0.0,0.0,0.0,0.0,0.0,0.0,0.0,0.0,0.0,0.0,0.0,0.0,benign
0.0,0.0,0.0,0.0,0.0,0.0,0.0372441460183347,0.0,0.4285714285714285,0.5714285714285714,1436.0,60.0,26213.714285714286,0.0,0.0,628.4285714285714,9416.57142857143,0.2857142857142857,0.1428571428571428,26213.0,636.1428571428571,0.5714285714285714,0.0,24.0,0.00094162,2.5e-08,0.0001112459522644,64.0,29.052378858006684,512.0,dos
0.0,0.0,0.0,0.0,0.0,0.0,5.0,0.0,1.0,2.0,0.0,60.0,0.0,0.0,0.0,0.0,0.0,0.0,1.0,0.0,0.0,0.0,0.0,0.0,0.009741,0.002466,0.0036374999999999,0.0,0.0,0.0,benign
0.0,0.0,0.0,0.0,0.0,0.0,0.0,0.0,0.0,0.0,0.0,0.0,0.0,0.0,0.0,0.0,0.0,0.0,0.0,0.0,0.0,0.0,0.0,0.0,0.0,0.0,0.0,0.0,0.0,0.0,benign
0.0,0.0,0.0,0.0,0.0,0.0,0.0,0.0,0.0,0.0,0.0,0.0,0.0,0.0,0.0,0.0,0.0,0.0,0.0,0.0,0.0,0.0,0.0,0.0,0.0,0.0,0.0,0.0,0.0,0.0,benign
0.0,0.0,0.0,0.0,0.0,0.0,0.0,0.0,0.0,0.0,0.0,0.0,0.0,0.0,0.0,0.0,0.0,0.0,0.0,0.0,0.0,0.0,0.0,0.0,0.0,0.0,0.0,0.0,0.0,0.0,benign
0.0,0.0,0.0,0.0,0.0,0.0,0.0,0.0,0.0,0.0,0.0,0.0,0.0,0.0,0.0,0.0,0.0,0.0,0.0,0.0,0.0,0.0,0.0,0.0,0.0,0.0,0.0,0.0,0.0,0.0,benign
0.0,0.0,0.0,0.0,0.0,0.0,9.034433285509326,0.0,0.2857142857142857,0.2857142857142857,1460.0,60.0,52.142857142857146,0.0,0.0,48.0,48.0,0.1428571428571428,0.1428571428571428,0.0,47.57142857142857,52.142857142857146,0.0,20.0,0.060532075,3.3e-08,0.0071598845757478,37.0,9.63908474627419,0.0,recon
0.0,0.0,0.0,0.0,0.0,0.0,0.0,0.0,0.0,2.0,0.0,198.0,0.0,0.0,0.0,0.0,0.0,0.0,1.0,0.0,0.0,0.0,0.0,0.0,0.036633,0.036633,0.0,0.0,0.0,0.0,benign
1023.0,0.0,1.0,0.0,1.0,0.0,0.0,0.0,2.0,2.0,0.0,54.0,1.0,0.0,9.0,2.0,2.0,1.0,1.0,1.0,0.0,0.0,0.0,24.0,0.028839,0.000408,0.0142155,64.0,95.5,5646.0,benign
0.0,0.0,0.0,0.0,0.0,0.0,0.0,0.0,0.0,0.0,0.0,0.0,0.0,0.0,0.0,0.0,0.0,0.0,0.0,0.0,0.0,0.0,0.0,0.0,0.0,0.0,0.0,0.0,0.0,0.0,benign
0.0,0.0,0.0,0.0,0.0,0.0,0.0,0.0,0.0,0.0,0.0,0.0,0.0,0.0,0.0,0.0,0.0,0.0,0.0,0.0,0.0,0.0,0.0,0.0,0.0,0.0,0.0,0.0,0.0,0.0,benign
0.0,0.0,0.0,0.0,0.0,0.0,0.0,0.0,1.0,2.0,0.0,214.0,0.0,180.0,0.0,1.0,1.0,0.0,1.0,0.0,0.0,0.0,0.0,0.0,0.035142,0.035142,0.0,255.0,0.0,0.0,benign
1023.0,0.0,1.0,0.0,1.0,0.0,0.0,0.0,2.0,2.0,0.0,54.0,1.0,0.0,9.0,2.0,2.0,1.0,1.0,1.0,0.0,0.0,0.0,24.0,0.001936,0.000382,0.0007769999999999,64.0,95.5,5556.0,benign
0.0,0.0,0.0,0.0,0.0,0.0,104.0,0.0,2.0,2.0,0.0,60.0,1.0,0.0,0.0,0.0,0.0,1.0,1.0,0.0,0.0,0.0,0.0,0.0,0.030218,0.024119,0.0030494999999999,0.0,0.0,0.0,benign
0.0,0.0,0.0,0.0,0.0,0.0,0.0,0.0,1.0,2.0,0.0,60.0,0.0,0.0,0.0,0.0,0.0,0.0,1.0,0.0,0.0,0.0,0.0,0.0,0.268361,0.268361,0.0,0.0,0.0,0.0,benign
1023.0,0.0,1.0,0.0,1.0,0.0,0.0,0.0,2.0,2.0,0.0,54.0,1.0,0.0,9.0,2.0,2.0,1.0,1.0,1.0,0.0,0.0,0.0,24.0,0.072743,0.0,0.0363715,64.0,95.5,5630.0,benign
0.0,0.0,0.0,0.0,0.0,0.0,1.0,0.0,2.0,2.0,0.0,60.0,1.0,0.0,0.0,0.0,0.0,1.0,1.0,0.0,0.0,0.0,0.0,0.0,0.020789,0.000578,0.0101055,0.0,0.0,0.0,benign
0.0,0.0,0.0,0.0,0.0,0.0,2.0,0.0,2.0,2.0,0.0,60.0,1.0,0.0,0.0,0.0,0.0,1.0,1.0,0.0,0.0,0.0,0.0,0.0,0.020007,0.002237,0.0088849999999999,0.0,0.0,0.0,benign
0.0,0.0,0.0,0.0,0.0,0.0,0.0088620177240354,0.0,1.8571428571428568,1.4285714285714286,0.0,60.0,109736.28571428572,0.0,4.7739930650330935,1.4285714285714286,9416.57142857143,0.7142857142857143,0.7142857142857143,2.2857142857142856,109732.57142857143,0.0,0.0,24.0,0.053601891,2.6e-08,0.0001195111681732,46.0,0.2970267371229821,134.0,ddos
0.0,0.0,0.0,0.0,0.0,0.0,0.0,0.0,0.0,0.0,0.0,0.0,0.0,0.0,0.0,0.0,0.0,0.0,0.0,0.0,0.0,0.0,0.0,0.0,0.0,0.0,0.0,0.0,0.0,0.0,benign
1023.0,0.0,0.1428571428571428,989.3333333333334,1.0,0.0,216.2258064516129,0.0,0.5714285714285714,0.5714285714285714,1460.0,60.0,2.2857142857142856,0.0,8.660254037844387,1.4285714285714286,1.4285714285714286,0.2857142857142857,0.4285714285714285,1.0,1.0,1.0,0.0,24.0,0.070603906,3.5e-08,0.0168328000482779,38.0,99.58636391369564,1024.0,recon
0.0,0.0,0.0,0.0,0.0,0.0,0.0,0.0,0.0,0.0,0.0,0.0,0.0,0.0,0.0,0.0,0.0,0.0,0.0,0.0,0.0,0.0,0.0,0.0,0.0,0.0,0.0,0.0,0.0,0.0,benign
0.0,0.0,0.0,0.0,0.0,0.0,0.0,0.0,0.0,0.0,0.0,0.0,0.0,0.0,0.0,0.0,0.0,0.0,0.0,0.0,0.0,0.0,0.0,0.0,0.0,0.0,0.0,0.0,0.0,0.0,benign
0.0,0.0,0.0,0.0,0.0,0.0,0.0,0.0,0.0,2.0,0.0,198.0,0.0,0.0,0.0,0.0,0.0,0.0,1.0,0.0,0.0,0.0,0.0,0.0,0.058193,0.058193,0.0,0.0,0.0,0.0,benign
0.0,0.0,0.0,0.0,0.0,0.0,0.0,0.0,0.0,2.0,0.0,198.0,0.0,0.0,0.0,0.0,0.0,0.0,1.0,0.0,0.0,0.0,0.0,0.0,0.0,0.0,0.0,0.0,0.0,0.0,benign
0.0,0.0,0.0,0.0,0.0,0.0,0.0,0.0,1.0,2.0,0.0,214.0,0.0,180.0,0.0,1.0,1.0,0.0,1.0,0.0,0.0,0.0,0.0,0.0,0.002341,0.002341,0.0,255.0,0.0,0.0,benign
0.0,0.0,0.0,0.0,0.0,0.0,0.0,0.0,0.0,0.0,0.0,0.0,0.0,0.0,0.0,0.0,0.0,0.0,0.0,0.0,0.0,0.0,0.0,0.0,0.0,0.0,0.0,0.0,0.0,0.0,benign
0.0,0.0,1.0,0.0,1.0,0.0,138.66666666666666,0.0,3.0,3.0,0.0,54.0,2.0,0.0,7.5,2.0,2.0,2.0,2.0,1.0,0.0,0.0,0.0,24.0,0.012259,0.0,0.0045448995863495,64.0,95.5,5620.0,benign
0.0,0.2179449471770336,0.1428571428571428,335.05263157894734,2.857142857142857,0.0,14.547045951859957,0.0,0.4285714285714285,0.4285714285714285,1460.0,60.0,32.714285714285715,0.0,3.2696898394543483,29.714285714285715,29.714285714285715,0.1428571428571428,0.2857142857142857,2.857142857142857,29.857142857142858,29.857142857142858,0.0,24.0,0.020779033,2.9e-08,0.0016911736448571,37.0,102.92720884743152,1024.0,recon
0.0,0.0,0.0,0.0,0.0,0.0,0.0,0.0,1.0,2.0,0.0,214.0,0.0,180.0,0.0,1.0,1.0,0.0,1.0,0.0,0.0,0.0,0.0,0.0,0.005713,0.005713,0.0,255.0,0.0,0.0,benign
0.0,0.0,0.0,0.0,0.0,0.0,0.0,0.0,0.0,0.0,0.0,0.0,0.0,0.0,0.0,0.0,0.0,0.0,0.0,0.0,0.0,0.0,0.0,0.0,0.0,0.0,0.0,0.0,0.0,0.0,benign
0.0,0.0,0.0,0.0,0.0,0.0,0.0,0.0,0.0,0.0,0.0,0.0,0.0,0.0,0.0,0.0,0.0,0.0,0.0,0.0,0.0,0.0,0.0,0.0,0.0,0.0,0.0,0.0,0.0,0.0,benign
0.0,0.0,0.0,0.0,0.0,0.0,0.0,0.0,1.0,2.0,0.0,60.0,0.0,0.0,0.0,0.0,0.0,0.0,1.0,0.0,0.0,0.0,0.0,0.0,0.055873,0.055873,0.0,0.0,0.0,0.0,benign
22.3,0.0,1.0,0.0,7.0,0.0,1.6666666666666667,0.0,2.0,2.0,0.0,54.0,2.0,0.0,84.81560882290476,2.0,2.0,1.0,1.0,2.0,0.0,0.0,0.0,24.0,0.040007,0.0,0.0167817598078985,64.0,95.5,5638.0,benign
0.0,0.0,0.0,0.0,0.0,0.0,0.0,0.0,0.0,0.0,0.0,0.0,0.0,0.0,0.0,0.0,0.0,0.0,0.0,0.0,0.0,0.0,0.0,0.0,0.0,0.0,0.0,0.0,0.0,0.0,benign
119.0,0.0,1.0,0.0,2.0,0.0,1.3333333333333333,0.0,2.0,2.0,0.0,54.0,2.0,0.0,11.0227038425243,2.0,2.0,1.0,1.0,2.0,0.0,0.0,0.0,24.0,0.077646,0.0,0.0331159697530889,64.0,95.5,5574.0,benign
0.0,0.0,1.0,0.0,1.0,0.0,0.0,0.0,2.0,2.0,0.0,54.0,1.0,0.0,7.5,2.0,2.0,1.0,1.0,1.0,0.0,0.0,0.0,24.0,0.083431,0.0,0.0417155,64.0,95.5,5572.0,benign
0.0,0.0,0.0,0.0,0.0,0.0,0.0,0.0,0.1428571428571428,0.2857142857142857,0.0,60.0,0.1428571428571428,0.0,0.0,0.0,0.0,0.1428571428571428,0.0,0.0,0.0,0.0,0.0,0.0,1.35e-07,1.35e-07,0.0,0.0,0.0,0.0,mitm
1023.0,0.0,1.0,0.0,1.0,0.0,0.0,0.0,2.0,2.0,0.0,54.0,1.0,0.0,9.0,2.0,2.0,1.0,1.0,1.0,0.0,0.0,0.0,24.0,0.049751,0.0,0.0248755,64.0,95.5,5616.0,benign
0.0,0.0,0.0,0.0,0.0,0.0,0.0,0.0,1.0,2.0,0.0,60.0,0.0,0.0,0.0,0.0,0.0,0.0,1.0,0.0,0.0,0.0,0.0,0.0,0.01085,0.01085,0.0,0.0,0.0,0.0,benign
0.0,0.0,0.0,0.0,0.0,0.0,0.0,0.0,0.0,0.0,0.0,0.0,0.0,0.0,0.0,0.0,0.0,0.0,0.0,0.0,0.0,0.0,0.0,0.0,0.0,0.0,0.0,0.0,0.0,0.0,benign
0.0,0.0,0.0,0.0,0.0,0.0,0.0,0.0,0.0,0.0,0.0,0.0,0.0,0.0,0.0,0.0,0.0,0.0,0.0,0.0,0.0,0.0,0.0,0.0,0.0,0.0,0.0,0.0,0.0,0.0,benign
0.0,0.0,0.0,0.0,0.0,0.0,0.0,0.0,0.0,0.0,0.0,0.0,0.0,0.0,0.0,0.0,0.0,0.0,0.0,0.0,0.0,0.0,0.0,0.0,0.0,0.0,0.0,0.0,0.0,0.0,benign
908.0,0.0,2.0,0.0,3.0,0.0,1.0,0.0,2.0,2.0,0.0,54.0,2.0,0.0,22.93877721239735,2.0,2.0,1.0,1.0,2.0,0.0,0.0,0.0,24.0,0.029163,0.0,0.01225731227421,64.0,95.5,5628.0,benign
2.0,0.0,1.0,0.0,1.0,0.0,0.0,0.0,2.0,2.0,0.0,54.0,1.0,0.0,8.5,2.0,2.0,1.0,1.0,1.0,0.0,0.0,0.0,24.0,0.064352,0.0,0.032176,64.0,95.5,5552.0,benign
0.0,0.0,0.0,0.0,0.0,0.0,0.0,0.0,0.0,0.0,0.0,0.0,0.0,0.0,0.0,0.0,0.0,0.0,0.0,0.0,0.0,0.0,0.0,0.0,0.0,0.0,0.0,0.0,0.0,0.0,benign
0.0,0.0,0.0,0.0,0.0,0.0,19.62,0.0,26.0,23.0,0.0,54.0,26.0,0.0,780.7,6.0,6.0,4.0,4.0,6.0,0.0,0.0,0.0,24.0,0.047196,0.0,0.0118271090054321,53.0,86.21189013123421,135.0,benign
0.0,0.0,0.0,0.0,0.0,0.0,0.0,0.0,0.0,0.0,0.0,0.0,0.0,0.0,0.0,0.0,0.0,0.0,0.0,0.0,0.0,0.0,0.0,0.0,0.0,0.0,0.0,0.0,0.0,0.0,benign
0.0,0.0,0.0,0.0,0.0,0.0,0.0,0.0,0.0,0.0,0.0,0.0,0.0,0.0,0.0,0.0,0.0,0.0,0.0,0.0,0.0,0.0,0.0,0.0,0.0,0.0,0.0,0.0,0.0,0.0,benign
11.0,0.0,1.0,0.0,1.0,0.0,0.0,0.0,2.0,2.0,0.0,54.0,1.0,0.0,10.5,2.0,2.0,1.0,1.0,1.0,0.0,0.0,0.0,24.0,0.023186,0.0,0.011593,64.0,95.5,5624.0,benign
0.0,0.0,0.0,0.0,0.0,0.0,0.0,0.0,0.0,0.0,0.0,0.0,0.0,0.0,0.0,0.0,0.0,0.0,0.0,0.0,0.0,0.0,0.0,0.0,0.0,0.0,0.0,0.0,0.0,0.0,benign
0.0,0.0,0.0,0.0,0.0,0.0,222.0,0.0,2.0,3.0,0.0,60.0,1.0,0.0,0.0,0.0,0.0,1.0,2.0,0.0,0.0,0.0,0.0,0.0,0.058213,0.000536,0.0240594636173701,0.0,0.0,0.0,benign
0.0,0.0,0.0,0.0,0.0,0.0,74.0,0.0,2.0,2.0,0.0,60.0,1.0,0.0,0.0,0.0,0.0,1.0,1.0,0.0,0.0,0.0,0.0,0.0,0.031586,0.000586,0.0154999999999999,0.0,0.0,0.0,benign
0.0,0.0,0.0,0.0,0.0,0.0,27.666666666666668,0.0,12.0,12.0,0.0,54.0,18.0,0.0,44.4088610389358,13.0,13.0,3.0,2.0,17.0,0.0,0.0,0.0,24.0,0.102372,0.0,0.0271695907851082,61.0,95.2284728472337,660.0,benign
0.0,0.0,0.0,0.0,0.0,0.0,0.0,0.0,0.0,0.0,0.0,0.0,0.0,0.0,0.0,0.0,0.0,0.0,0.0,0.0,0.0,0.0,0.0,0.0,0.0,0.0,0.0,0.0,0.0,0.0,benign
0.0,0.0,0.0,0.0,0.0,0.0,0.0,0.0,0.0,2.0,0.0,198.0,0.0,0.0,0.0,0.0,0.0,0.0,1.0,0.0,0.0,0.0,0.0,0.0,0.00398,0.00398,0.0,0.0,0.0,0.0,benign
0.0,0.0,0.0,0.0,0.0,0.0,0.2482697110239029,0.0,0.2857142857142857,0.4285714285714285,1460.0,60.0,2008.571428571429,0.0,0.0,144.85714285714286,144.85714285714286,0.1428571428571428,0.4285714285714285,0.0,1992.857142857143,2008.571428571429,0.0,20.0,0.040369434,2.7e-08,0.0006137909976905,37.0,9.243946828449287,0.0,recon
0.0,0.0,0.0,0.0,0.0,0.0,0.0,0.0,0.0,0.0,0.0,0.0,0.0,0.0,0.0,0.0,0.0,0.0,0.0,0.0,0.0,0.0,0.0,0.0,0.0,0.0,0.0,0.0,0.0,0.0,benign
0.0,0.0,0.0,0.0,0.0,0.0,0.0,0.0,0.0,2.0,0.0,198.0,0.0,0.0,0.0,0.0,0.0,0.0,1.0,0.0,0.0,0.0,0.0,0.0,0.106722,0.106722,0.0,0.0,0.0,0.0,benign
0.0,0.0,0.0,0.0,0.0,0.0,0.0,0.0,0.0,0.0,0.0,0.0,0.0,0.0,0.0,0.0,0.0,0.0,0.0,0.0,0.0,0.0,0.0,0.0,0.0,0.0,0.0,0.0,0.0,0.0,benign
0.0,0.0,0.0,0.0,0.0,0.0,0.0,0.0,0.0,0.0,0.0,0.0,0.0,0.0,0.0,0.0,0.0,0.0,0.0,0.0,0.0,0.0,0.0,0.0,0.0,0.0,0.0,0.0,0.0,0.0,benign
915.0,0.0,2.0,0.0,3.0,0.0,1.3333333333333333,0.0,2.0,2.0,0.0,54.0,2.0,0.0,22.93877721239735,2.0,2.0,1.0,1.0,2.0,0.0,0.0,0.0,24.0,0.027138,0.0,0.011367746882628,64.0,95.5,5596.0,benign
0.0,0.0,0.0,0.0,0.0,0.0,0.0,0.0,0.1428571428571428,0.2857142857142857,0.0,214.0,0.0,180.0,0.0,0.1428571428571428,0.1428571428571428,0.0,0.1428571428571428,0.0,0.0,0.0,0.0,0.0,0.000559694,0.000559694,0.0,255.0,0.0,0.0,recon
910.0,0.0,2.0,0.0,3.0,0.0,0.6666666666666666,0.0,2.0,2.0,0.0,54.0,2.0,0.0,22.93877721239735,2.0,2.0,1.0,1.0,2.0,0.0,0.0,0.0,24.0,0.027266,0.000292,0.0114764588914656,64.0,95.5,5630.0,benign
0.0,0.0,0.0,0.0,0.0,0.0,0.0,0.0,0.0,0.0,0.0,0.0,0.0,0.0,0.0,0.0,0.0,0.0,0.0,0.0,0.0,0.0,0.0,0.0,0.0,0.0,0.0,0.0,0.0,0.0,benign
0.0,0.0,0.0,0.0,0.0,0.0,0.0,0.0,0.0,0.0,0.0,0.0,0.0,0.0,0.0,0.0,0.0,0.0,0.0,0.0,0.0,0.0,0.0,0.0,0.0,0.0,0.0,0.0,0.0,0.0,benign
0.0,0.0,0.0,0.0,0.0,0.0,0.0,0.0,0.0,0.0,0.0,0.0,0.0,0.0,0.0,0.0,0.0,0.0,0.0,0.0,0.0,0.0,0.0,0.0,0.0,0.0,0.0,0.0,0.0,0.0,benign
0.0,0.0,0.0,0.0,0.0,4346.142857142857,0.1127131187983115,0.0,0.4285714285714285,0.5714285714285714,0.0,60.0,5298.428571428572,328.0,340.4964370932308,0.0,0.0,0.2857142857142857,0.2857142857142857,0.0,0.0,0.0,0.0,0.0,0.141146107,2.6e-08,0.0006255014528113,64.0,0.0,0.0,dos
0.0,0.0,0.0,0.0,0.0,0.0,0.0,0.0,0.0,0.0,0.0,0.0,0.0,0.0,0.0,0.0,0.0,0.0,0.0,0.0,0.0,0.0,0.0,0.0,0.0,0.0,0.0,0.0,0.0,0.0,benign
137.0,0.0,1.0,0.0,2.0,0.0,1.0,0.0,2.0,2.0,0.0,54.0,2.0,0.0,11.0227038425243,2.0,2.0,1.0,1.0,2.0,0.0,0.0,0.0,24.0,0.022735,0.0,0.0095596261269727,64.0,95.5,5538.0,benign
0.0,0.0,0.0,0.0,0.0,0.0,3.0,0.0,2.0,2.0,0.0,60.0,1.0,0.0,0.0,0.0,0.0,1.0,1.0,0.0,0.0,0.0,0.0,0.0,0.005274,0.002919,0.0011774999999999,0.0,0.0,0.0,benign
0.0,0.0,0.0,0.0,0.0,0.0,0.0,0.0,0.0,0.0,0.0,0.0,0.0,0.0,0.0,0.0,0.0,0.0,0.0,0.0,0.0,0.0,0.0,0.0,0.0,0.0,0.0,0.0,0.0,0.0,benign
0.0,0.0,0.0,0.0,0.0,0.0,9.41025641025641,2.0,4.0,3.0,0.0,54.0,16.0,0.0,755.4849750325945,5.0,5.0,2.0,3.0,9.0,2.0,0.0,0.0,24.0,0.054963,0.0,0.0125368553344728,64.0,83.86566266953359,0.0,benign
211.0,0.0,1.0,0.0,2.0,0.0,0.6666666666666666,0.0,2.0,2.0,0.0,54.0,2.0,0.0,10.594810050208546,2.0,2.0,1.0,1.0,2.0,0.0,0.0,0.0,24.0,0.066128,0.0,0.0283313553626984,64.0,95.5,5564.0,benign
0.0,0.0,0.0,0.0,0.0,0.0,0.0,0.0,0.0,2.0,0.0,198.0,0.0,0.0,0.0,0.0,0.0,0.0,1.0,0.0,0.0,0.0,0.0,0.0,0.035542,0.035542,0.0,0.0,0.0,0.0,benign
22.3,0.0,1.0,0.0,7.0,0.0,0.8571428571428571,0.0,2.0,2.0,0.0,54.0,4.0,0.0,43.15940656450225,2.0,2.0,1.0,1.0,4.0,0.0,0.0,0.0,24.0,0.037563,0.0,0.0121681136068825,64.0,95.5,5612.0,benign
0.0,0.0,0.0,0.0,0.0,0.0,0.0,0.0,1.0,2.0,0.0,60.0,0.0,0.0,0.0,0.0,0.0,0.0,1.0,0.0,0.0,0.0,0.0,0.0,0.010422,0.010422,0.0,0.0,0.0,0.0,benign
0.0,0.0,0.0,0.0,0.0,0.0,0.0,0.0,0.0,0.0,0.0,0.0,0.0,0.0,0.0,0.0,0.0,0.0,0.0,0.0,0.0,0.0,0.0,0.0,0.0,0.0,0.0,0.0,0.0,0.0,benign
0.0,0.0,0.0,0.0,0.0,0.0,0.0,0.0,0.0,0.0,0.0,0.0,0.0,0.0,0.0,0.0,0.0,0.0,0.0,0.0,0.0,0.0,0.0,0.0,0.0,0.0,0.0,0.0,0.0,0.0,benign
0.0,0.0,0.0,0.0,0.0,0.0,129.0,2.0,1.0,3.0,0.0,46.0,0.0,0.0,0.0,0.0,0.0,0.0,2.0,0.0,0.0,0.0,0.0,0.0,0.026059,0.001599,0.01018484387051,1.0,0.0,0.0,benign
0.0,0.0,0.0,0.0,0.0,0.0,0.0,0.0,0.0,0.0,0.0,0.0,0.0,0.0,0.0,0.0,0.0,0.0,0.0,0.0,0.0,0.0,0.0,0.0,0.0,0.0,0.0,0.0,0.0,0.0,benign
0.0,0.0,0.0,0.0,0.0,0.0,0.0,0.0,0.0,0.0,0.0,0.0,0.0,0.0,0.0,0.0,0.0,0.0,0.0,0.0,0.0,0.0,0.0,0.0,0.0,0.0,0.0,0.0,0.0,0.0,benign
0.0,0.0,0.0,0.0,0.0,0.0,0.0,0.0,0.0,0.0,0.0,0.0,0.0,0.0,0.0,0.0,0.0,0.0,0.0,0.0,0.0,0.0,0.0,0.0,0.0,0.0,0.0,0.0,0.0,0.0,benign
0.0,0.0,0.0,0.0,0.0,0.0,0.4794092587333144,0.0,0.5714285714285714,0.5714285714285714,1460.0,60.0,1001.1428571428572,0.0,2.336149245655037,144.0,144.0,0.2857142857142857,0.4285714285714285,0.0,1009.5714285714286,1001.0,0.0,20.0,0.05891307,2.7e-08,0.0015029684772941,37.0,9.303419128081964,0.0,recon
0.0,0.0,0.0,0.0,0.0,0.0,0.0,0.0,0.0,0.0,0.0,0.0,0.0,0.0,0.0,0.0,0.0,0.0,0.0,0.0,0.0,0.0,0.0,0.0,0.0,0.0,0.0,0.0,0.0,0.0,benign
0.0,0.0,0.0,0.0,0.0,0.0,0.0,0.0,0.0,0.0,0.0,0.0,0.0,0.0,0.0,0.0,0.0,0.0,0.0,0.0,0.0,0.0,0.0,0.0,0.0,0.0,0.0,0.0,0.0,0.0,benign
0.0,0.0,0.0,0.0,0.0,0.0,78.0,0.0,2.0,3.0,0.0,92.0,1.0,58.0,61.0,2.0,2.0,1.0,1.0,0.0,0.0,0.0,0.0,0.0,0.01171,0.0,0.005855,64.0,95.5,0.0,benign
0.0,0.0,1.0,0.0,1.0,0.0,0.0,0.0,2.0,2.0,0.0,54.0,1.0,0.0,7.5,2.0,2.0,1.0,1.0,1.0,0.0,0.0,0.0,24.0,0.046093,0.0,0.0230465,64.0,95.5,5632.0,benign
1023.0,0.0,1.0,0.0,1.0,0.0,0.0,0.0,2.0,2.0,0.0,54.0,1.0,0.0,9.0,2.0,2.0,1.0,1.0,1.0,0.0,0.0,0.0,24.0,0.045902,0.0,0.022951,64.0,95.5,5614.0,benign
0.0,0.0,0.0,0.0,0.0,0.0,0.0,0.0,0.0,0.0,0.0,0.0,0.0,0.0,0.0,0.0,0.0,0.0,0.0,0.0,0.0,0.0,0.0,0.0,0.0,0.0,0.0,0.0,0.0,0.0,benign
0.0,0.0,0.0,0.0,0.0,0.0,0.0,0.0,0.0,0.0,0.0,0.0,0.0,0.0,0.0,0.0,0.0,0.0,0.0,0.0,0.0,0.0,0.0,0.0,0.0,0.0,0.0,0.0,0.0,0.0,benign
916.0,0.0,2.0,0.0,3.0,0.0,0.0,0.0,2.0,2.0,0.0,54.0,1.0,0.0,28.0,2.0,2.0,1.0,1.0,1.0,0.0,0.0,0.0,24.0,0.006787,0.0,0.0033935,64.0,95.5,5634.0,benign
0.0,0.0,0.0,0.0,0.0,0.0,0.0370192129715322,0.0,0.4285714285714285,0.4285714285714285,0.0,60.0,26388.285714285717,0.0,0.0,607.8571428571429,9416.57142857143,0.2857142857142857,0.2857142857142857,0.0,624.7142857142857,26387.85714285714,0.0,20.0,0.034385256,2.6e-08,0.0001341929312455,64.0,28.708481376147624,512.0,dos
13.0,0.0,1.0,0.0,1.0,0.0,0.0,0.0,2.0,2.0,0.0,54.0,1.0,0.0,10.5,2.0,2.0,1.0,1.0,1.0,0.0,0.0,0.0,24.0,0.011772,0.0,0.005886,64.0,95.5,5582.0,benign
212.0,0.0,1.0,0.0,2.0,0.0,1.0,0.0,2.0,2.0,0.0,54.0,2.0,0.0,10.594810050208546,2.0,2.0,1.0,1.0,2.0,0.0,0.0,0.0,24.0,0.00411,0.0,0.0019311815036396,64.0,95.5,5538.0,benign
0.0,0.0,0.0,0.0,0.0,0.0,0.0,0.0,0.0,0.0,0.0,0.0,0.0,0.0,0.0,0.0,0.0,0.0,0.0,0.0,0.0,0.0,0.0,0.0,0.0,0.0,0.0,0.0,0.0,0.0,benign
0.0,0.0,0.0,0.0,0.0,0.0,0.0,0.0,0.0,0.0,0.0,0.0,0.0,0.0,0.0,0.0,0.0,0.0,0.0,0.0,0.0,0.0,0.0,0.0,0.0,0.0,0.0,0.0,0.0,0.0,benign
0.0,0.0,0.0,0.0,0.0,0.0,22.24242424242424,0.0,11.0,11.0,0.0,54.0,16.0,0.0,279.6514962280026,12.0,12.0,3.0,2.0,16.0,0.0,0.0,0.0,24.0,0.099067,0.0,0.0268009159136502,61.0,94.15139100972296,660.0,benign
0.0,0.0,0.0,0.0,0.0,0.0,0.0,0.0,0.0,0.0,0.0,0.0,0.0,0.0,0.0,0.0,0.0,0.0,0.0,0.0,0.0,0.0,0.0,0.0,0.0,0.0,0.0,0.0,0.0,0.0,benign
0.0,0.0,0.0,0.0,0.0,0.0,40.0,0.0,2.0,2.0,0.0,60.0,1.0,0.0,0.0,0.0,0.0,1.0,1.0,0.0,0.0,0.0,0.0,0.0,0.024967,0.0,0.0124835,0.0,0.0,0.0,benign
13.0,0.0,1.0,0.0,1.0,0.0,0.0,0.0,2.0,2.0,0.0,54.0,1.0,0.0,10.5,2.0,2.0,1.0,1.0,1.0,0.0,0.0,0.0,24.0,0.029478,0.0,0.014739,64.0,95.5,5650.0,benign
910.0,0.0,2.0,0.0,3.0,0.0,3.0,0.0,2.0,2.0,0.0,54.0,2.0,0.0,22.93877721239735,2.0,2.0,1.0,1.0,2.0,0.0,0.0,0.0,24.0,0.022357,0.0,0.0091413931754136,64.0,95.5,5542.0,benign
0.0,0.0,0.0,0.0,0.0,0.0,0.0,0.0,0.0,0.0,0.0,0.0,0.0,0.0,0.0,0.0,0.0,0.0,0.0,0.0,0.0,0.0,0.0,0.0,0.0,0.0,0.0,0.0,0.0,0.0,benign
-0.69,0.5840281576164704,2.0,0.0,2.0,0.0,1.0,0.0,2.0,2.0,0.0,54.0,2.0,0.0,19.327585352432298,2.0,2.0,1.0,1.0,1.0,0.0,0.0,0.0,24.0,0.003193,0.0,0.0015051946348857,64.0,90.03826347108705,5570.0,benign
0.0,0.0,0.0,0.0,0.0,0.0,0.0,0.0,0.0,0.0,0.0,0.0,0.0,0.0,0.0,0.0,0.0,0.0,0.0,0.0,0.0,0.0,0.0,0.0,0.0,0.0,0.0,0.0,0.0,0.0,benign
544.0,0.7559289460184544,0.2857142857142857,1038.6666666666667,3.0,0.0,12.703096539162113,0.0,0.4285714285714285,0.4285714285714285,1460.0,60.0,39.42857142857143,0.0,6.319807769856127,36.57142857142857,36.285714285714285,0.1428571428571428,0.2857142857142857,2.2857142857142856,36.85714285714285,37.142857142857146,0.0,24.0,0.038809731,3e-08,0.0019306562775273,37.0,103.22858161773762,1024.0,recon
0.0,0.0,0.0,0.0,0.0,0.0,0.0,0.0,0.0,0.0,0.0,0.0,0.0,0.0,0.0,0.0,0.0,0.0,0.0,0.0,0.0,0.0,0.0,0.0,0.0,0.0,0.0,0.0,0.0,0.0,benign
0.0,0.0,0.0,0.0,0.0,0.0,249.33333333333337,0.0,3.0,3.0,0.0,60.0,1.0,180.0,0.0,1.0,1.0,1.0,2.0,0.0,0.0,0.0,0.0,0.0,0.020754,0.0,0.0084696343191427,255.0,0.0,0.0,benign
0.0,0.0,0.0,0.0,0.0,0.0,0.0,0.0,0.0,0.0,0.0,0.0,0.0,0.0,0.0,0.0,0.0,0.0,0.0,0.0,0.0,0.0,0.0,0.0,0.0,0.0,0.0,0.0,0.0,0.0,benign
0.0,0.0,0.0,0.0,0.0,0.0,0.0,0.0,0.0,0.0,0.0,0.0,0.0,0.0,0.0,0.0,0.0,0.0,0.0,0.0,0.0,0.0,0.0,0.0,0.0,0.0,0.0,0.0,0.0,0.0,benign
13.0,0.0,1.0,0.0,1.0,0.0,257.5,0.0,2.0,3.0,0.0,54.0,1.0,0.0,10.5,2.0,2.0,1.0,2.0,1.0,0.0,0.0,0.0,24.0,0.064788,0.0,0.0296841100927752,64.0,95.5,5636.0,benign
0.0,0.0,0.0,0.0,0.0,0.0,10.0,0.0,0.0,2.0,0.0,94.0,0.0,40.0,10.5,1.0,1.0,0.0,1.0,0.0,0.0,0.0,0.0,0.0,0.009896,0.002677,0.0036095,0.0,0.0,0.0,benign
142.0,0.0,1.0,0.0,2.0,0.0,1.0,0.0,2.0,2.0,0.0,54.0,2.0,0.0,11.0227038425243,2.0,2.0,1.0,1.0,2.0,0.0,0.0,0.0,24.0,0.015126,0.0,0.0062590783017549,64.0,95.5,5572.0,benign
12.0,0.0,1.0,0.0,1.0,0.0,0.0,0.0,2.0,2.0,0.0,54.0,1.0,0.0,10.5,2.0,2.0,1.0,1.0,1.0,0.0,0.0,0.0,24.0,0.009108,0.0,0.004554,64.0,95.5,5590.0,benign
0.0,0.0,0.0,0.0,0.0,0.0,0.0,0.0,1.0,2.0,0.0,214.0,0.0,180.0,0.0,1.0,1.0,0.0,1.0,0.0,0.0,0.0,0.0,0.0,0.001044,0.001044,0.0,255.0,0.0,0.0,benign
0.0,0.0,0.0,0.0,0.0,0.0,0.0,0.0,0.0,0.0,0.0,0.0,0.0,0.0,0.0,0.0,0.0,0.0,0.0,0.0,0.0,0.0,0.0,0.0,0.0,0.0,0.0,0.0,0.0,0.0,benign
0.0,0.0,0.0,0.0,0.0,0.0,0.0,0.0,0.0,0.0,0.0,0.0,0.0,0.0,0.0,0.0,0.0,0.0,0.0,0.0,0.0,0.0,0.0,0.0,0.0,0.0,0.0,0.0,0.0,0.0,benign
0.0,0.0,0.0,0.0,0.0,0.0,0.0,0.0,0.0,0.0,0.0,0.0,0.0,0.0,0.0,0.0,0.0,0.0,0.0,0.0,0.0,0.0,0.0,0.0,0.0,0.0,0.0,0.0,0.0,0.0,benign
0.0,0.0,0.0,0.0,0.0,0.0,0.0,0.0,0.0,0.0,0.0,0.0,0.0,0.0,0.0,0.0,0.0,0.0,0.0,0.0,0.0,0.0,0.0,0.0,0.0,0.0,0.0,0.0,0.0,0.0,benign
0.0,0.0,0.0,0.0,0.0,0.0,0.0,0.0,0.0,0.0,0.0,0.0,0.0,0.0,0.0,0.0,0.0,0.0,0.0,0.0,0.0,0.0,0.0,0.0,0.0,0.0,0.0,0.0,0.0,0.0,benign
5.0,0.0,1.0,0.0,1.0,0.0,0.0,0.0,2.0,2.0,0.0,54.0,1.0,0.0,7.5,2.0,2.0,1.0,1.0,1.0,0.0,0.0,0.0,24.0,0.009868,0.000367,0.0047504999999999,64.0,95.5,5584.0,benign
0.0,0.0,0.0,0.0,0.0,0.0,0.0,0.0,0.0,0.0,0.0,0.0,0.0,0.0,0.0,0.0,0.0,0.0,0.0,0.0,0.0,0.0,0.0,0.0,0.0,0.0,0.0,0.0,0.0,0.0,benign
0.0,0.0,0.0,0.0,0.0,0.0,0.0,0.0,0.0,0.0,0.0,0.0,0.0,0.0,0.0,0.0,0.0,0.0,0.0,0.0,0.0,0.0,0.0,0.0,0.0,0.0,0.0,0.0,0.0,0.0,benign
22.3,0.0,1.0,0.0,7.0,0.0,5.4,0.0,2.0,2.0,0.0,54.0,3.0,0.0,49.86788100125727,2.0,2.0,1.0,1.0,3.0,0.0,0.0,0.0,24.0,0.023744,0.0,0.0100573015543711,64.0,95.5,5612.0,benign
0.0,0.0,0.0,0.0,0.0,0.0,0.0,0.0,0.0,0.0,0.0,0.0,0.0,0.0,0.0,0.0,0.0,0.0,0.0,0.0,0.0,0.0,0.0,0.0,0.0,0.0,0.0,0.0,0.0,0.0,benign
0.0,0.0,0.0,0.0,0.0,0.0,0.0,0.0,0.0,0.0,0.0,0.0,0.0,0.0,0.0,0.0,0.0,0.0,0.0,0.0,0.0,0.0,0.0,0.0,0.0,0.0,0.0,0.0,0.0,0.0,benign
908.0,0.0,2.0,0.0,3.0,0.0,0.6666666666666666,0.0,2.0,2.0,0.0,54.0,2.0,0.0,22.93877721239735,2.0,2.0,1.0,1.0,2.0,0.0,0.0,0.0,24.0,0.099593,0.0,0.0427264372052011,64.0,95.5,5564.0,benign
2.0,0.0,1.0,0.0,1.0,0.0,46.0,0.0,3.0,3.0,0.0,54.0,2.0,0.0,7.5,2.0,2.0,2.0,2.0,1.0,0.0,0.0,0.0,24.0,0.03498,0.0,0.0131205272069189,64.0,95.5,5548.0,benign
0.0,0.0,0.0,0.0,0.0,0.0,101.0,0.0,2.0,2.0,0.0,60.0,1.0,0.0,0.0,0.0,0.0,1.0,1.0,0.0,0.0,0.0,0.0,0.0,0.03145,0.030086,0.0006819999999999,0.0,0.0,0.0,benign
1.0,0.0,0.1428571428571428,302.6666666666667,2.2857142857142856,0.0,10.02463768115942,0.0,0.4285714285714285,0.4285714285714285,1460.0,60.0,49.285714285714285,0.0,2.408024113298026,47.42857142857143,47.42857142857143,0.1428571428571428,0.4285714285714285,2.2857142857142856,47.0,47.0,0.0,24.0,0.030011097,3.4e-08,0.0064110092059161,37.0,103.23305052170454,1024.0,recon
1023.0,0.0,1.0,0.0,1.0,0.0,0.0,0.0,2.0,2.0,0.0,54.0,1.0,0.0,9.0,2.0,2.0,1.0,1.0,1.0,0.0,0.0,0.0,24.0,0.043283,0.0,0.0216415,64.0,95.5,5596.0,benign
0.0,0.0,0.0,0.0,0.0,0.0,0.0,0.0,1.0,2.0,0.0,230.0,0.0,196.0,0.0,1.0,1.0,0.0,1.0,0.0,0.0,0.0,0.0,0.0,0.033249,0.033249,0.0,255.0,0.0,0.0,benign
0.0,0.0,1.0,0.0,1.0,0.0,209.5,0.0,3.0,3.0,0.0,54.0,1.0,0.0,7.5,2.0,2.0,1.0,2.0,1.0,0.0,0.0,0.0,24.0,0.005558,0.0,0.0026200663265565,64.0,95.5,5592.0,benign
0.0,0.0,0.0,0.0,0.0,6857.857142857143,0.0839419121967598,0.0,0.1428571428571428,0.4285714285714285,0.0,82.0,11913.142857142857,28.0,343.4849741449116,135.85714285714286,135.42857142857142,0.2857142857142857,0.0,0.1428571428571428,0.0,0.0,0.0,24.0,0.001247161,2.5e-08,0.0001619719022393,64.0,0.6614066672262087,5578.0,dos
22.5,0.0,1.0,0.0,7.0,0.0,1.2,0.0,2.0,2.0,0.0,54.0,3.0,0.0,45.87089370056887,2.0,2.0,1.0,1.0,3.0,0.0,0.0,0.0,24.0,0.016455,0.000263,0.0057992622351659,64.0,95.5,5576.0,benign
0.0,0.0,0.0,0.0,0.0,0.0,0.0,0.0,0.0,0.0,0.0,0.0,0.0,0.0,0.0,0.0,0.0,0.0,0.0,0.0,0.0,0.0,0.0,0.0,0.0,0.0,0.0,0.0,0.0,0.0,benign
0.0,0.0,0.0,0.0,0.0,6876.857142857143,0.0853960547022727,0.0,0.1428571428571428,0.8571428571428571,0.0,374.0,11710.285714285714,340.0,427.51699983181385,0.1428571428571428,3778.428571428572,2.571428571428572,0.0,0.0,0.0,0.0,0.0,16.0,0.001766647,2.6e-08,0.0001640884476558,64.0,0.0,512.0,ddos
0.0,0.0,0.0,0.0,0.0,0.0,53.0,0.0,2.0,2.0,0.0,60.0,1.0,0.0,0.0,0.0,0.0,1.0,1.0,0.0,0.0,0.0,0.0,0.0,0.029959,0.0,0.0149795,0.0,0.0,0.0,benign
0.0,0.0,0.0,0.0,0.0,0.0,0.0,0.0,0.0,0.0,0.0,0.0,0.0,0.0,0.0,0.0,0.0,0.0,0.0,0.0,0.0,0.0,0.0,0.0,0.0,0.0,0.0,0.0,0.0,0.0,benign
22.5,0.0,1.0,0.0,7.0,0.0,0.8571428571428571,0.0,2.0,2.0,0.0,54.0,4.0,0.0,43.15940656450225,2.0,2.0,1.0,1.0,4.0,0.0,0.0,0.0,24.0,0.048505,0.000293,0.0157457200275979,64.0,95.5,5580.0,benign
0.0,0.0,0.0,0.0,0.0,0.0,0.0,0.0,0.0,2.0,0.0,198.0,0.0,0.0,0.0,0.0,0.0,0.0,1.0,0.0,0.0,0.0,0.0,0.0,0.046959,0.046959,0.0,0.0,0.0,0.0,benign
0.0,0.0,0.0,0.0,0.0,0.0,0.0,0.0,0.0,0.0,0.0,0.0,0.0,0.0,0.0,0.0,0.0,0.0,0.0,0.0,0.0,0.0,0.0,0.0,0.0,0.0,0.0,0.0,0.0,0.0,benign
0.0,0.0,1.0,0.0,1.0,0.0,0.0,0.0,2.0,2.0,0.0,54.0,1.0,0.0,7.5,2.0,2.0,1.0,1.0,1.0,0.0,0.0,0.0,24.0,0.004456,0.0,0.002228,64.0,95.5,5616.0,benign
0.0,0.0,0.0,0.0,0.0,0.0,0.0,0.0,0.0,0.0,0.0,0.0,0.0,0.0,0.0,0.0,0.0,0.0,0.0,0.0,0.0,0.0,0.0,0.0,0.0,0.0,0.0,0.0,0.0,0.0,benign
0.0,0.0,0.0,0.0,0.0,0.0,10.0,0.0,2.0,2.0,0.0,60.0,1.0,0.0,0.0,0.0,0.0,1.0,1.0,0.0,0.0,0.0,0.0,0.0,0.010462,0.002885,0.0037885,0.0,0.0,0.0,benign
0.0,0.0,0.0,0.0,0.0,0.0,0.0,0.0,0.0,0.0,0.0,0.0,0.0,0.0,0.0,0.0,0.0,0.0,0.0,0.0,0.0,0.0,0.0,0.0,0.0,0.0,0.0,0.0,0.0,0.0,benign
2.0,0.0,1.0,0.0,1.0,0.0,0.0,0.0,2.0,2.0,0.0,54.0,1.0,0.0,8.5,2.0,2.0,1.0,1.0,1.0,0.0,0.0,0.0,24.0,0.033814,0.0,0.016907,64.0,95.5,5620.0,benign
0.0,0.0,0.0,0.0,0.0,0.0,0.0,0.0,0.0,0.0,0.0,0.0,0.0,0.0,0.0,0.0,0.0,0.0,0.0,0.0,0.0,0.0,0.0,0.0,0.0,0.0,0.0,0.0,0.0,0.0,benign
-0.7,0.5880476171195662,2.0,0.0,2.0,0.0,1.0,0.0,2.0,2.0,0.0,54.0,2.0,0.0,19.327585352432298,2.0,2.0,1.0,1.0,1.0,0.0,0.0,0.0,24.0,0.062095,0.0,0.0292716280191056,64.0,90.03826347108705,5584.0,benign
12.0,0.0,1.0,0.0,1.0,0.0,0.0,0.0,2.0,2.0,0.0,54.0,1.0,0.0,10.5,2.0,2.0,1.0,1.0,1.0,0.0,0.0,0.0,24.0,0.002429,0.0,0.0012145,64.0,95.5,5550.0,benign
0.0,0.0,2.0,0.0,4.0,0.0,2.333333333333333,0.0,2.0,2.0,0.0,54.0,2.0,0.0,38.05587996617606,2.0,2.0,1.0,1.0,2.0,0.0,0.0,0.0,24.0,0.005992,0.0,0.0023745283084225,64.0,95.5,5618.0,benign
0.0,0.0,0.0,0.0,0.0,0.0,0.0,0.0,0.0,0.0,0.0,0.0,0.0,0.0,0.0,0.0,0.0,0.0,0.0,0.0,0.0,0.0,0.0,0.0,0.0,0.0,0.0,0.0,0.0,0.0,benign
214.0,0.0,1.0,0.0,2.0,0.0,0.6666666666666666,0.0,2.0,2.0,0.0,54.0,2.0,0.0,10.594810050208546,2.0,2.0,1.0,1.0,2.0,0.0,0.0,0.0,24.0,0.039328,0.0,0.016697992064916,64.0,95.5,5554.0,benign
0.0,0.0,0.0,0.0,0.0,0.0,0.0,0.0,0.0,0.0,0.0,0.0,0.0,0.0,0.0,0.0,0.0,0.0,0.0,0.0,0.0,0.0,0.0,0.0,0.0,0.0,0.0,0.0,0.0,0.0,benign
22.5,0.0,1.0,0.0,7.0,0.0,0.8571428571428571,0.0,2.0,2.0,0.0,54.0,4.0,0.0,43.15940656450225,2.0,2.0,1.0,1.0,4.0,0.0,0.0,0.0,24.0,0.165524,0.0,0.054570131489213,64.0,95.5,5558.0,benign
0.0,0.0,0.0,0.0,0.0,0.0,94.66666666666669,0.0,3.0,3.0,0.0,60.0,1.0,180.0,0.0,1.0,1.0,1.0,2.0,0.0,0.0,0.0,0.0,0.0,0.016809,0.00277,0.0058103700559861,255.0,0.0,0.0,benign
-0.7,0.5921899094791204,2.0,0.0,2.0,0.0,1.5,0.0,2.0,2.0,0.0,54.0,2.0,0.0,19.327585352432298,2.0,2.0,1.0,1.0,1.0,0.0,0.0,0.0,24.0,0.000937,1e-06,0.0004412346314604,64.0,90.03826347108705,5574.0,benign
0.0,0.0,0.0,0.0,0.0,0.0,0.0,0.0,0.0,0.0,0.0,0.0,0.0,0.0,0.0,0.0,0.0,0.0,0.0,0.0,0.0,0.0,0.0,0.0,0.0,0.0,0.0,0.0,0.0,0.0,benign
2.0,0.0,1.0,0.0,1.0,0.0,175.66666666666666,0.0,3.0,3.0,0.0,54.0,2.0,0.0,8.5,2.0,2.0,2.0,2.0,1.0,0.0,0.0,0.0,24.0,0.035796,0.0,0.0147136744051239,64.0,95.5,5578.0,benign
0.0,0.0,0.0,0.0,0.0,0.0,0.0,0.0,0.0,0.0,0.0,0.0,0.0,0.0,0.0,0.0,0.0,0.0,0.0,0.0,0.0,0.0,0.0,0.0,0.0,0.0,0.0,0.0,0.0,0.0,benign
0.0,0.0,0.0,0.0,0.0,0.0,29.0,0.0,2.0,2.0,0.0,60.0,1.0,0.0,0.0,0.0,0.0,1.0,1.0,0.0,0.0,0.0,0.0,0.0,0.021426,0.000502,0.010462,0.0,0.0,0.0,benign
13.0,0.0,1.0,0.0,1.0,0.0,0.0,0.0,2.0,2.0,0.0,54.0,1.0,0.0,10.5,2.0,2.0,1.0,1.0,1.0,0.0,0.0,0.0,24.0,0.017679,1e-06,0.008839,64.0,95.5,5596.0,benign
915.0,0.0,2.0,0.0,3.0,0.0,3.333333333333333,0.0,2.0,2.0,0.0,54.0,2.0,0.0,22.93877721239735,2.0,2.0,1.0,1.0,2.0,0.0,0.0,0.0,24.0,0.022745,0.0,0.0093479623715545,64.0,95.5,5582.0,benign
0.0,0.0,0.0,0.0,0.0,0.0,116.0,0.0,2.0,2.0,0.0,60.0,1.0,0.0,0.0,0.0,0.0,1.0,1.0,0.0,0.0,0.0,0.0,0.0,0.00175,0.000706,0.000522,0.0,0.0,0.0,benign
0.0,0.0,0.0,0.0,0.0,0.0,0.0,0.0,0.0,0.0,0.0,0.0,0.0,0.0,0.0,0.0,0.0,0.0,0.0,0.0,0.0,0.0,0.0,0.0,0.0,0.0,0.0,0.0,0.0,0.0,benign
0.0,0.0,0.0,0.0,0.0,0.0,0.0,0.0,0.0,0.0,0.0,0.0,0.0,0.0,0.0,0.0,0.0,0.0,0.0,0.0,0.0,0.0,0.0,0.0,0.0,0.0,0.0,0.0,0.0,0.0,benign
8.0,0.0,1.0,0.0,1.0,0.0,0.0,0.0,2.0,2.0,0.0,54.0,1.0,0.0,7.5,2.0,2.0,1.0,1.0,1.0,0.0,0.0,0.0,24.0,0.010004,0.0,0.005002,64.0,95.5,5560.0,benign
0.0,0.0,0.0,0.0,0.0,0.0,24.91891891891892,0.0,13.0,13.0,0.0,54.0,18.0,0.0,353.8253125492211,14.0,14.0,3.0,3.0,18.0,0.0,0.0,0.0,24.0,0.147476,0.0,0.0358261491763211,61.0,94.438976178306,660.0,benign
0.0,0.0,0.0,0.0,0.0,0.0,0.0,0.0,0.0,0.0,0.0,0.0,0.0,0.0,0.0,0.0,0.0,0.0,0.0,0.0,0.0,0.0,0.0,0.0,0.0,0.0,0.0,0.0,0.0,0.0,benign
0.0,0.0,0.0,0.0,0.0,0.0,0.0,0.0,1.0,2.0,0.0,60.0,0.0,0.0,0.0,0.0,0.0,0.0,1.0,0.0,0.0,0.0,0.0,0.0,0.066542,0.066542,0.0,0.0,0.0,0.0,benign
0.0,0.0,0.0,0.0,0.0,0.0,0.006750013500027,0.0,1.0,1.0,0.0,60.0,148348.2857142857,16.0,0.0,333.42857142857144,324.42857142857144,0.5714285714285714,0.2857142857142857,0.0,0.0,0.0,0.0,0.0,0.000515586,2.4e-08,4.106677711339669e-05,64.0,0.0,0.0,ddos
0.0,0.0,0.0,0.0,0.0,0.0,0.0,0.0,0.0,0.0,0.0,0.0,0.0,0.0,0.0,0.0,0.0,0.0,0.0,0.0,0.0,0.0,0.0,0.0,0.0,0.0,0.0,0.0,0.0,0.0,benign
0.0,0.0,0.0,0.0,0.0,0.0,0.0,0.0,0.0,0.0,0.0,0.0,0.0,0.0,0.0,0.0,0.0,0.0,0.0,0.0,0.0,0.0,0.0,0.0,0.0,0.0,0.0,0.0,0.0,0.0,benign
1023.0,0.0,1.0,0.0,1.0,0.0,113.0,0.0,3.0,3.0,0.0,54.0,2.0,0.0,9.0,2.0,2.0,2.0,2.0,1.0,0.0,0.0,0.0,24.0,0.019219,0.0,0.007071797415615,64.0,95.5,5620.0,benign
0.0,0.0,0.0,0.0,0.0,0.0,122.14285714285714,2.0,5.0,4.0,0.0,66.0,4.0,0.0,712.2667600695684,5.0,5.0,3.0,4.0,4.0,0.0,0.0,0.0,24.0,0.058271,0.0,0.0227783197731417,53.0,3.585997071945263,135.0,benign
0.0,0.0,0.0,0.0,0.0,0.0,0.0,0.0,0.0,0.0,0.0,0.0,0.0,0.0,0.0,0.0,0.0,0.0,0.0,0.0,0.0,0.0,0.0,0.0,0.0,0.0,0.0,0.0,0.0,0.0,benign
0.0,0.0,0.0,0.0,0.0,0.0,0.0,0.0,1.0,2.0,0.0,214.0,0.0,180.0,0.0,1.0,1.0,0.0,1.0,0.0,0.0,0.0,0.0,0.0,0.037859,0.037859,0.0,255.0,0.0,0.0,benign
0.0,0.0,0.0,0.0,0.0,0.0,0.0,0.0,0.0,0.0,0.0,0.0,0.0,0.0,0.0,0.0,0.0,0.0,0.0,0.0,0.0,0.0,0.0,0.0,0.0,0.0,0.0,0.0,0.0,0.0,benign
0.0,0.0,0.0,0.0,0.0,0.0,15.707317073170731,2.0,22.0,21.0,0.0,60.0,21.0,0.0,984.0183877855128,2.0,2.0,3.0,3.0,2.0,0.0,0.0,0.0,24.0,0.079775,0.0,0.0166182598689853,61.0,1.5,660.0,benign
1023.0,0.0,1.0,0.0,1.0,0.0,0.0,0.0,2.0,2.0,0.0,54.0,1.0,0.0,9.0,2.0,2.0,1.0,1.0,1.0,0.0,0.0,0.0,24.0,0.004875,0.000608,0.0021335,64.0,95.5,5640.0,benign
0.0,0.0,0.0,0.0,0.0,0.0,0.0,0.0,0.0,0.0,0.0,0.0,0.0,0.0,0.0,0.0,0.0,0.0,0.0,0.0,0.0,0.0,0.0,0.0,0.0,0.0,0.0,0.0,0.0,0.0,benign
0.0,0.0,0.0,0.0,0.0,0.0,0.0,0.0,0.0,0.0,0.0,0.0,0.0,0.0,0.0,0.0,0.0,0.0,0.0,0.0,0.0,0.0,0.0,0.0,0.0,0.0,0.0,0.0,0.0,0.0,benign
0.0,0.0,0.0,0.0,0.0,0.0,1.0,0.0,2.0,2.0,0.0,60.0,1.0,0.0,0.0,0.0,0.0,1.0,1.0,0.0,0.0,0.0,0.0,0.0,0.031262,0.00048,0.015391,0.0,0.0,0.0,benign
0.0,0.0,0.0,0.0,0.0,0.0,0.0,0.0,0.0,0.0,0.0,0.0,0.0,0.0,0.0,0.0,0.0,0.0,0.0,0.0,0.0,0.0,0.0,0.0,0.0,0.0,0.0,0.0,0.0,0.0,benign
0.0,0.0,0.0,0.0,0.0,0.0,0.0,0.0,0.0,0.0,0.0,0.0,0.0,0.0,0.0,0.0,0.0,0.0,0.0,0.0,0.0,0.0,0.0,0.0,0.0,0.0,0.0,0.0,0.0,0.0,benign
12.0,0.0,1.0,0.0,1.0,0.0,0.0,0.0,2.0,2.0,0.0,54.0,1.0,0.0,10.5,2.0,2.0,1.0,1.0,1.0,0.0,0.0,0.0,24.0,0.214216,0.0,0.107108,64.0,95.5,5636.0,benign
0.0,0.0,0.0,0.0,0.0,0.0,0.0,0.0,0.0,0.0,0.0,0.0,0.0,0.0,0.0,0.0,0.0,0.0,0.0,0.0,0.0,0.0,0.0,0.0,0.0,0.0,0.0,0.0,0.0,0.0,benign
0.0,0.0,0.0,0.0,0.0,0.0,16.357142857142858,0.0,4.0,4.0,1460.0,66.0,7.0,0.0,137.09775911938004,3.0,3.0,3.0,4.0,3.0,0.0,2.0,0.0,24.0,0.030247,0.0,0.0083295656085216,1.0,15.714961024450556,453.0,benign
0.0,0.0,0.0,0.0,0.0,0.0,90.75,2.0,3.0,3.0,0.0,60.0,2.0,0.0,42.92888175679502,2.0,2.0,2.0,3.0,2.0,0.0,0.0,0.0,24.0,0.033667,0.002356,0.0114783634896269,53.0,5.185449728701329,135.0,benign
0.0,0.0,0.0,0.0,0.0,0.0,0.0,0.0,0.0,0.0,0.0,0.0,0.0,0.0,0.0,0.0,0.0,0.0,0.0,0.0,0.0,0.0,0.0,0.0,0.0,0.0,0.0,0.0,0.0,0.0,benign
1023.0,0.0,1.0,0.0,1.0,0.0,1.0,0.0,2.0,2.0,0.0,54.0,1.0,0.0,9.0,2.0,2.0,1.0,1.0,1.0,0.0,0.0,0.0,24.0,0.022363,0.0,0.0111815,64.0,95.5,5628.0,benign
0.0,0.0,0.0,0.0,0.0,0.0,860.0,0.0,2.0,3.0,0.0,60.0,1.0,180.0,0.0,1.0,1.0,1.0,1.0,0.0,0.0,0.0,0.0,0.0,0.019629,0.008479,0.005575,255.0,0.0,0.0,benign
13.0,0.0,1.0,0.0,1.0,0.0,0.0,0.0,2.0,2.0,0.0,54.0,1.0,0.0,10.5,2.0,2.0,1.0,1.0,1.0,0.0,0.0,0.0,24.0,0.064577,0.0,0.0322885,64.0,95.5,5646.0,benign
3.0,0.0,1.0,0.0,1.0,0.0,1.0,0.0,2.0,2.0,0.0,54.0,1.0,0.0,7.5,2.0,2.0,1.0,1.0,1.0,0.0,0.0,0.0,24.0,0.002746,0.000292,0.001227,64.0,95.5,5642.0,benign
148.0,0.0,1.0,0.0,2.0,0.0,3.6666666666666665,0.0,2.0,2.0,0.0,54.0,2.0,0.0,11.0227038425243,2.0,2.0,1.0,1.0,2.0,0.0,0.0,0.0,24.0,0.014217,0.0,0.005935530657616,64.0,95.5,5550.0,benign
0.0,0.0,0.0,0.0,0.0,0.0,0.0,0.0,0.0,0.0,0.0,0.0,0.0,0.0,0.0,0.0,0.0,0.0,0.0,0.0,0.0,0.0,0.0,0.0,0.0,0.0,0.0,0.0,0.0,0.0,benign
0.0,0.0,0.0,0.0,0.0,0.0,0.0,0.0,0.0,0.0,0.0,0.0,0.0,0.0,0.0,0.0,0.0,0.0,0.0,0.0,0.0,0.0,0.0,0.0,0.0,0.0,0.0,0.0,0.0,0.0,benign
0.0,0.0,0.0,0.0,0.0,0.0,0.0,0.0,1.0,2.0,0.0,214.0,0.0,180.0,0.0,1.0,1.0,0.0,1.0,0.0,0.0,0.0,0.0,0.0,0.013432,0.013432,0.0,255.0,0.0,0.0,benign
0.0,0.0,0.0,0.0,0.0,0.0,0.0,0.0,1.0,2.0,0.0,971.0,0.0,937.0,0.0,1.0,1.0,0.0,1.0,0.0,0.0,0.0,0.0,0.0,0.014662,0.014662,0.0,64.0,0.0,0.0,benign
0.0,0.0,0.0,0.0,0.0,0.0,0.0,0.0,0.0,0.0,0.0,0.0,0.0,0.0,0.0,0.0,0.0,0.0,0.0,0.0,0.0,0.0,0.0,0.0,0.0,0.0,0.0,0.0,0.0,0.0,benign
0.0,0.0,0.0,0.0,0.0,0.0,19.96,0.0,12.0,12.0,0.0,54.0,25.0,0.0,332.5670187970264,13.0,13.0,3.0,2.0,25.0,0.0,0.0,0.0,24.0,0.102228,0.0,0.0277159728096052,61.0,94.75237360066711,660.0,benign
0.0,0.0,0.0,0.0,0.0,0.0,0.0,0.0,0.0,0.0,0.0,0.0,0.0,0.0,0.0,0.0,0.0,0.0,0.0,0.0,0.0,0.0,0.0,0.0,0.0,0.0,0.0,0.0,0.0,0.0,benign
0.0,0.0,0.0,0.0,0.0,0.0,0.0,0.0,1.0,2.0,0.0,230.0,0.0,196.0,0.0,1.0,1.0,0.0,1.0,0.0,0.0,0.0,0.0,0.0,0.039376,0.039376,0.0,255.0,0.0,0.0,benign
14.0,0.0,1.0,0.0,1.0,0.0,0.0,0.0,2.0,2.0,0.0,54.0,1.0,0.0,10.5,2.0,2.0,1.0,1.0,1.0,0.0,0.0,0.0,24.0,0.000653,0.0,0.0003265,64.0,95.5,5640.0,benign
0.0,0.0,0.0,0.0,0.0,0.0,0.0,0.0,0.0,0.0,0.0,0.0,0.0,0.0,0.0,0.0,0.0,0.0,0.0,0.0,0.0,0.0,0.0,0.0,0.0,0.0,0.0,0.0,0.0,0.0,benign
0.0,0.0,0.0,0.0,0.0,0.0,0.0,0.0,2.0,2.0,0.0,60.0,1.0,0.0,0.0,0.0,0.0,1.0,1.0,0.0,0.0,0.0,0.0,0.0,0.002457,0.0,0.0012285,0.0,0.0,0.0,benign
0.0,0.0,0.0,0.0,0.0,0.0,0.0,0.0,0.0,0.0,0.0,0.0,0.0,0.0,0.0,0.0,0.0,0.0,0.0,0.0,0.0,0.0,0.0,0.0,0.0,0.0,0.0,0.0,0.0,0.0,benign
0.0,0.0,0.0,0.0,0.0,0.0,40.71428571428572,0.0,8.0,5.0,1460.0,60.0,13.0,0.0,572.3525387131856,8.0,8.0,3.0,4.0,10.0,0.0,2.0,0.0,194.0,0.081247,0.0,0.02579376857562,53.0,39.14882355176881,27.0,benign
13.0,0.0,1.0,0.0,1.0,0.0,0.0,0.0,2.0,2.0,0.0,54.0,1.0,0.0,10.5,2.0,2.0,1.0,1.0,1.0,0.0,0.0,0.0,24.0,0.002718,0.0,0.001359,64.0,95.5,5582.0,benign
0.0,0.0,0.0,0.0,0.0,0.0,0.0,0.0,1.0,2.0,0.0,230.0,0.0,196.0,0.0,1.0,1.0,0.0,1.0,0.0,0.0,0.0,0.0,0.0,0.026337,0.026337,0.0,255.0,0.0,0.0,benign
142.0,0.0,1.0,0.0,2.0,0.0,0.6666666666666666,0.0,2.0,2.0,0.0,54.0,2.0,0.0,11.0227038425243,2.0,2.0,1.0,1.0,2.0,0.0,0.0,0.0,24.0,0.002374,0.0,0.0011353451842941,64.0,95.5,5648.0,benign
24.0,0.0,1.0,0.0,1.0,0.0,0.0,0.0,2.0,2.0,0.0,54.0,1.0,0.0,8.0,2.0,2.0,1.0,1.0,1.0,0.0,0.0,0.0,24.0,0.001246,0.0,0.000623,64.0,95.5,5648.0,benign
0.0,0.0,0.0,0.0,0.0,0.0,0.0,0.0,0.0,0.0,0.0,0.0,0.0,0.0,0.0,0.0,0.0,0.0,0.0,0.0,0.0,0.0,0.0,0.0,0.0,0.0,0.0,0.0,0.0,0.0,benign
0.0,0.0,0.0,0.0,0.0,0.0,0.0,0.0,0.0,0.0,0.0,0.0,0.0,0.0,0.0,0.0,0.0,0.0,0.0,0.0,0.0,0.0,0.0,0.0,0.0,0.0,0.0,0.0,0.0,0.0,benign
0.0,0.0,0.0,0.0,0.0,0.0,0.0,0.0,0.0,0.0,0.0,0.0,0.0,0.0,0.0,0.0,0.0,0.0,0.0,0.0,0.0,0.0,0.0,0.0,0.0,0.0,0.0,0.0,0.0,0.0,benign
0.0,0.0,0.0,0.0,0.0,0.0,0.0,2.0,1.0,2.0,0.0,230.0,0.0,196.0,0.0,1.0,1.0,0.0,1.0,0.0,0.0,0.0,0.0,0.0,0.006125,0.006125,0.0,64.0,0.0,0.0,benign
1.0,0.0,1.0,0.0,1.0,0.0,0.0,0.0,2.0,2.0,0.0,54.0,1.0,0.0,8.5,2.0,2.0,1.0,1.0,1.0,0.0,0.0,0.0,24.0,0.059985,0.000508,0.0297385,64.0,95.5,5582.0,benign
12.0,0.0,1.0,0.0,1.0,0.0,0.0,0.0,2.0,2.0,0.0,54.0,1.0,0.0,10.5,2.0,2.0,1.0,1.0,1.0,0.0,0.0,0.0,24.0,0.013726,0.000418,0.006654,64.0,95.5,5592.0,benign
0.0,0.0,0.0,0.0,0.0,0.0,0.0,0.0,0.0,0.0,0.0,0.0,0.0,0.0,0.0,0.0,0.0,0.0,0.0,0.0,0.0,0.0,0.0,0.0,0.0,0.0,0.0,0.0,0.0,0.0,benign
0.0,0.0,0.0,0.0,0.0,0.0,53.0,0.0,2.0,3.0,0.0,60.0,1.0,0.0,0.0,0.0,0.0,1.0,2.0,0.0,0.0,0.0,0.0,0.0,0.024297,0.0,0.0103904289613085,0.0,0.0,0.0,benign
1023.0,0.0,1.0,0.0,1.0,0.0,0.0,0.0,2.0,2.0,0.0,54.0,1.0,0.0,9.0,2.0,2.0,1.0,1.0,1.0,0.0,0.0,0.0,24.0,0.032548,0.0,0.016274,64.0,95.5,5624.0,benign
212.0,0.0,1.0,0.0,2.0,0.0,225.0,0.0,2.0,3.0,0.0,54.0,3.0,0.0,10.594810050208546,2.0,2.0,2.0,1.0,2.0,0.0,0.0,0.0,24.0,0.040011,0.0,0.0157274142897044,64.0,95.5,5542.0,benign
0.0,0.0,0.0,0.0,0.0,0.0,0.0,0.0,0.0,0.0,0.0,0.0,0.0,0.0,0.0,0.0,0.0,0.0,0.0,0.0,0.0,0.0,0.0,0.0,0.0,0.0,0.0,0.0,0.0,0.0,benign
0.0,0.0,0.0,0.0,0.0,0.0,0.0,0.0,0.0,2.0,0.0,198.0,0.0,0.0,0.0,0.0,0.0,0.0,1.0,0.0,0.0,0.0,0.0,0.0,0.012377,0.012377,0.0,0.0,0.0,0.0,benign
1023.0,0.0,1.0,0.0,1.0,0.0,0.0,0.0,2.0,2.0,0.0,54.0,1.0,0.0,9.0,2.0,2.0,1.0,1.0,1.0,0.0,0.0,0.0,24.0,0.06987,0.0,0.034935,64.0,95.5,5578.0,benign
22.5,0.0,1.0,0.0,7.0,0.0,1.0,0.0,2.0,2.0,0.0,54.0,4.0,0.0,35.755899862819845,2.0,2.0,1.0,1.0,4.0,0.0,0.0,0.0,24.0,0.023407,0.0,0.0074922487268092,64.0,95.5,5540.0,benign
0.0,0.0,0.0,0.0,0.0,0.0,0.0224898153264878,0.0,7.0,6.428571428571429,1460.0,60.0,29764.85714285714,0.0,545.9204622879059,1.7142857142857142,2.7142857142857144,0.8571428571428571,1.2857142857142858,2.571428571428572,0.2857142857142857,0.1428571428571428,0.0,24.0,0.000721126,2.5e-08,8.416144827843025e-05,1.0,1.1049104812816768,23.0,mitm
0.0,0.0,0.0,0.0,0.0,0.0,0.0,0.0,0.0,0.0,0.0,0.0,0.0,0.0,0.0,0.0,0.0,0.0,0.0,0.0,0.0,0.0,0.0,0.0,0.0,0.0,0.0,0.0,0.0,0.0,benign
-0.7,0.5880476171195662,2.0,0.0,2.0,0.0,2.0,0.0,2.0,2.0,0.0,54.0,2.0,0.0,19.327585352432298,2.0,2.0,1.0,1.0,1.0,0.0,0.0,0.0,24.0,0.022736,0.0,0.0107178531847048,64.0,90.03826347108705,5576.0,benign
0.0,0.0,0.0,0.0,0.0,0.0,0.0,0.0,0.0,0.0,0.0,0.0,0.0,0.0,0.0,0.0,0.0,0.0,0.0,0.0,0.0,0.0,0.0,0.0,0.0,0.0,0.0,0.0,0.0,0.0,benign
0.0,0.0,0.0,0.0,0.0,0.0,0.0,0.0,0.0,0.0,0.0,0.0,0.0,0.0,0.0,0.0,0.0,0.0,0.0,0.0,0.0,0.0,0.0,0.0,0.0,0.0,0.0,0.0,0.0,0.0,benign
12.0,0.0,1.0,0.0,1.0,0.0,9.0,0.0,2.0,2.0,0.0,54.0,3.0,0.0,7.581043610362773,2.0,2.0,2.0,2.0,3.0,0.0,0.0,0.0,24.0,0.033796,0.0,0.0122814748627986,64.0,95.5,5590.0,benign
8.0,0.0,1.0,0.0,1.0,0.0,0.0,0.0,2.0,2.0,0.0,54.0,1.0,0.0,7.5,2.0,2.0,1.0,1.0,1.0,0.0,0.0,0.0,24.0,0.073641,0.0,0.0368205,64.0,95.5,5626.0,benign
0.0,0.0,0.0,0.0,0.0,0.0,0.0,0.0,0.0,0.0,0.0,0.0,0.0,0.0,0.0,0.0,0.0,0.0,0.0,0.0,0.0,0.0,0.0,0.0,0.0,0.0,0.0,0.0,0.0,0.0,benign
128.0,0.0,1.0,0.0,2.0,0.0,1.0,0.0,2.0,2.0,0.0,54.0,2.0,0.0,11.0227038425243,2.0,2.0,1.0,1.0,2.0,0.0,0.0,0.0,24.0,0.024916,0.0,0.0104260158377972,64.0,95.5,5546.0,benign
0.0,0.0,0.0,0.0,0.0,0.0,0.0,0.0,0.0,0.0,0.0,0.0,0.0,0.0,0.0,0.0,0.0,0.0,0.0,0.0,0.0,0.0,0.0,0.0,0.0,0.0,0.0,0.0,0.0,0.0,benign
280.0,0.0,1.0,0.0,1.0,0.0,145.66666666666666,0.0,3.0,3.0,0.0,54.0,2.0,0.0,11.0,2.0,2.0,2.0,2.0,1.0,0.0,0.0,0.0,24.0,0.020229,1e-06,0.0083136550926773,64.0,95.5,5548.0,benign
0.0,0.0,0.0,0.0,0.0,0.0,0.0,0.0,0.0,0.0,0.0,0.0,0.0,0.0,0.0,0.0,0.0,0.0,0.0,0.0,0.0,0.0,0.0,0.0,0.0,0.0,0.0,0.0,0.0,0.0,benign
0.0,0.0,0.0,0.0,0.0,0.0,0.0,0.0,0.0,0.0,0.0,0.0,0.0,0.0,0.0,0.0,0.0,0.0,0.0,0.0,0.0,0.0,0.0,0.0,0.0,0.0,0.0,0.0,0.0,0.0,benign
-0.7,0.5921899094791204,2.0,0.0,2.0,0.0,1.5,0.0,2.0,2.0,0.0,54.0,2.0,0.0,19.327585352432298,2.0,2.0,1.0,1.0,1.0,0.0,0.0,0.0,24.0,0.063091,0.0,0.0297411469217685,64.0,90.03826347108705,5574.0,benign
0.0,0.0,0.0,0.0,0.0,0.0,0.0,0.0,0.0,0.0,0.0,0.0,0.0,0.0,0.0,0.0,0.0,0.0,0.0,0.0,0.0,0.0,0.0,0.0,0.0,0.0,0.0,0.0,0.0,0.0,benign
4.0,1.5,1.0,966.0,2.0,0.0,193.0,0.0,2.0,2.0,0.0,54.0,3.0,0.0,8.5,2.0,2.0,2.0,2.0,2.0,0.0,0.0,0.0,24.0,0.0533,0.0,0.0194763464888966,64.0,95.5,5638.0,benign
0.0,0.0,0.0,0.0,0.0,0.0,0.0118780237560475,0.0,2.142857142857143,2.2857142857142856,0.0,60.0,84217.85714285714,0.0,0.8863490708328575,85.85714285714286,85.42857142857143,0.8571428571428571,0.5714285714285714,11.428571428571429,0.0,0.0,0.0,24.0,0.00142839,2.3e-08,6.0008369093802205e-05,64.0,2.210773415995288,4558.0,dos
0.0,0.0,0.0,0.0,0.0,0.0,0.0,0.0,0.0,0.0,0.0,0.0,0.0,0.0,0.0,0.0,0.0,0.0,0.0,0.0,0.0,0.0,0.0,0.0,0.0,0.0,0.0,0.0,0.0,0.0,benign
0.0,0.0,0.0,0.0,0.0,0.0,0.0,0.0,0.0,0.0,0.0,0.0,0.0,0.0,0.0,0.0,0.0,0.0,0.0,0.0,0.0,0.0,0.0,0.0,0.0,0.0,0.0,0.0,0.0,0.0,benign
916.0,0.0,2.0,0.0,3.0,0.0,1.0,0.0,2.0,2.0,0.0,54.0,2.0,0.0,22.93877721239735,2.0,2.0,1.0,1.0,2.0,0.0,0.0,0.0,24.0,0.036794,0.0,0.0155812498916967,64.0,95.5,5574.0,benign
12.0,0.0,1.0,0.0,1.0,0.0,72.0,0.0,2.0,2.0,0.0,54.0,2.0,0.0,10.5,2.0,2.0,2.0,2.0,1.0,0.0,0.0,0.0,24.0,0.039141,1e-06,0.018934510793786,64.0,95.5,5624.0,benign
0.0,0.0,0.0,0.0,0.0,0.0,0.0,0.0,0.0,0.0,0.0,0.0,0.0,0.0,0.0,0.0,0.0,0.0,0.0,0.0,0.0,0.0,0.0,0.0,0.0,0.0,0.0,0.0,0.0,0.0,benign
0.0,0.0,0.0,0.0,0.0,0.0,0.0,0.0,0.0,0.0,0.0,0.0,0.0,0.0,0.0,0.0,0.0,0.0,0.0,0.0,0.0,0.0,0.0,0.0,0.0,0.0,0.0,0.0,0.0,0.0,benign
0.0,0.0,0.0,0.0,0.0,0.0,0.0,0.0,1.0,2.0,0.0,230.0,0.0,196.0,0.0,1.0,1.0,0.0,1.0,0.0,0.0,0.0,0.0,0.0,0.042903,0.042903,0.0,255.0,0.0,0.0,benign
0.0,0.0,0.0,0.0,0.0,0.0,0.0,0.0,0.0,0.0,0.0,0.0,0.0,0.0,0.0,0.0,0.0,0.0,0.0,0.0,0.0,0.0,0.0,0.0,0.0,0.0,0.0,0.0,0.0,0.0,benign
0.0,0.0,0.0,0.0,0.0,0.0,0.0,0.0,0.0,0.0,0.0,0.0,0.0,0.0,0.0,0.0,0.0,0.0,0.0,0.0,0.0,0.0,0.0,0.0,0.0,0.0,0.0,0.0,0.0,0.0,benign
0.0,0.0,0.0,0.0,0.0,0.0,0.0,0.0,0.0,0.0,0.0,0.0,0.0,0.0,0.0,0.0,0.0,0.0,0.0,0.0,0.0,0.0,0.0,0.0,0.0,0.0,0.0,0.0,0.0,0.0,benign
0.0,0.0,1.0,0.0,1.0,0.0,0.0,0.0,2.0,2.0,0.0,54.0,1.0,0.0,7.5,2.0,2.0,1.0,1.0,1.0,0.0,0.0,0.0,24.0,0.024477,1e-06,0.012238,64.0,95.5,5588.0,benign
0.0,0.0,0.0,0.0,0.0,0.0,0.0,0.0,0.0,0.0,0.0,0.0,0.0,0.0,0.0,0.0,0.0,0.0,0.0,0.0,0.0,0.0,0.0,0.0,0.0,0.0,0.0,0.0,0.0,0.0,benign
0.0,0.0,0.0,0.0,0.0,0.0,54.0,0.0,2.0,2.0,0.0,60.0,1.0,0.0,0.0,0.0,0.0,1.0,1.0,0.0,0.0,0.0,0.0,0.0,0.004309,0.001474,0.0012334269333851,0.0,0.0,0.0,benign
0.0,0.0,0.0,0.0,0.0,0.0,0.0,0.0,0.0,0.0,0.0,0.0,0.0,0.0,0.0,0.0,0.0,0.0,0.0,0.0,0.0,0.0,0.0,0.0,0.0,0.0,0.0,0.0,0.0,0.0,benign
3.0,0.0,1.0,0.0,1.0,0.0,0.0,0.0,2.0,2.0,0.0,54.0,1.0,0.0,8.5,2.0,2.0,1.0,1.0,1.0,0.0,0.0,0.0,24.0,0.111806,0.0,0.055903,64.0,95.5,5548.0,benign
0.0,0.0,0.0,0.0,0.0,0.0,25.80555555555556,0.0,11.0,11.0,0.0,54.0,18.0,0.0,371.5326074079461,12.0,12.0,4.0,3.0,17.0,0.0,0.0,0.0,24.0,0.065102,0.0,0.0160178743270645,61.0,94.6713930026448,660.0,benign
0.0,0.0,0.0,0.0,0.0,0.0,0.0,0.0,0.0,0.0,0.0,0.0,0.0,0.0,0.0,0.0,0.0,0.0,0.0,0.0,0.0,0.0,0.0,0.0,0.0,0.0,0.0,0.0,0.0,0.0,benign
0.0,0.0,0.0,0.0,0.0,0.0,0.0,0.0,0.0,0.0,0.0,0.0,0.0,0.0,0.0,0.0,0.0,0.0,0.0,0.0,0.0,0.0,0.0,0.0,0.0,0.0,0.0,0.0,0.0,0.0,benign
0.0,0.0,0.0,0.0,0.0,0.0,20.142857142857142,2.0,4.0,3.0,0.0,60.0,7.0,0.0,33.50564279600607,4.0,4.0,3.0,3.0,6.0,0.0,0.0,0.0,24.0,0.041184,0.0,0.0104657264133933,53.0,5.477225575051661,135.0,benign
0.0,0.0,0.0,0.0,0.0,0.0,208.36666666666667,0.0,0.2857142857142857,0.4285714285714285,0.0,60.0,2.142857142857143,0.0,22.93877721239735,0.2857142857142857,0.2857142857142857,0.2857142857142857,0.2857142857142857,2.0,0.0,0.0,0.0,24.0,0.059147842,3.4e-08,0.0155998855861811,64.0,95.5,4774.0,ddos
914.0,0.0,2.0,0.0,3.0,0.0,6.0,0.0,2.0,2.0,0.0,54.0,4.0,0.0,19.59904204239564,2.0,2.0,2.0,1.0,4.0,0.0,0.0,0.0,24.0,0.033955,0.0,0.0146494352792181,64.0,94.52048692733015,5576.0,benign
0.0,0.0,0.0,0.0,0.0,0.0,0.0,0.0,1.0,2.0,0.0,230.0,0.0,196.0,0.0,1.0,1.0,0.0,1.0,0.0,0.0,0.0,0.0,0.0,0.049372,0.049372,0.0,255.0,0.0,0.0,benign
0.0,0.0,0.0,0.0,0.0,0.0,0.0,0.0,0.0,0.0,0.0,0.0,0.0,0.0,0.0,0.0,0.0,0.0,0.0,0.0,0.0,0.0,0.0,0.0,0.0,0.0,0.0,0.0,0.0,0.0,benign
0.0,0.0,0.0,0.0,0.0,0.0,0.0,0.0,0.0,0.0,0.0,0.0,0.0,0.0,0.0,0.0,0.0,0.0,0.0,0.0,0.0,0.0,0.0,0.0,0.0,0.0,0.0,0.0,0.0,0.0,benign
0.0,0.0,0.0,0.0,0.0,0.0,0.0,0.0,1.0,2.0,0.0,214.0,0.0,180.0,0.0,1.0,1.0,0.0,1.0,0.0,0.0,0.0,0.0,0.0,0.093882,0.093882,0.0,255.0,0.0,0.0,benign
0.0,0.0,0.0,0.0,0.0,0.0,0.0,0.0,0.0,0.0,0.0,0.0,0.0,0.0,0.0,0.0,0.0,0.0,0.0,0.0,0.0,0.0,0.0,0.0,0.0,0.0,0.0,0.0,0.0,0.0,benign
0.0,0.0,0.0,0.0,0.0,0.0,45.5,0.0,2.0,2.0,0.0,60.0,1.0,0.0,0.0,0.0,0.0,1.0,1.0,0.0,0.0,0.0,0.0,0.0,0.004399,0.001828,0.001053361075584,0.0,0.0,0.0,benign
0.0,0.0,0.0,0.0,0.0,0.0,0.0,0.0,0.0,0.0,0.0,0.0,0.0,0.0,0.0,0.0,0.0,0.0,0.0,0.0,0.0,0.0,0.0,0.0,0.0,0.0,0.0,0.0,0.0,0.0,benign
0.0,0.0,0.0,0.0,0.0,0.0,0.0,0.0,2.0,2.0,0.0,60.0,1.0,0.0,0.0,0.0,0.0,1.0,1.0,0.0,0.0,0.0,0.0,0.0,0.016207,0.000319,0.007944,0.0,0.0,0.0,benign
0.0,0.0,0.0,0.0,0.0,0.0,0.0,0.0,0.0,0.0,0.0,0.0,0.0,0.0,0.0,0.0,0.0,0.0,0.0,0.0,0.0,0.0,0.0,0.0,0.0,0.0,0.0,0.0,0.0,0.0,benign
-0.7,0.5880476171195662,2.0,0.0,2.0,0.0,182.0,0.0,3.0,3.0,0.0,54.0,2.0,0.0,19.327585352432298,2.0,2.0,1.0,2.0,1.0,0.0,0.0,0.0,24.0,0.013025,0.0,0.0053615072973931,64.0,90.03826347108705,5614.0,benign
0.0,0.0,0.0,0.0,0.0,0.0,0.0,0.0,1.0,2.0,0.0,214.0,0.0,180.0,0.0,1.0,1.0,0.0,1.0,0.0,0.0,0.0,0.0,0.0,0.001064,0.001064,0.0,255.0,0.0,0.0,benign
0.0,0.0,0.0,0.0,0.0,0.0,0.0,0.0,0.0,2.0,0.0,198.0,0.0,0.0,0.0,0.0,0.0,0.0,1.0,0.0,0.0,0.0,0.0,0.0,0.011179,0.011179,0.0,0.0,0.0,0.0,benign
0.0,0.0,0.0,0.0,0.0,0.0,0.0305322202158191,0.0,0.1428571428571428,0.4285714285714285,0.0,60.0,32752.42857142857,0.0,0.0,0.0,0.0,0.2857142857142857,0.0,0.0,0.0,0.0,0.0,0.0,0.000546149,2.6e-08,6.588388387048997e-05,64.0,0.0,0.0,mitm
122.0,1.5907898179516216,0.1428571428571428,1005.3333333333334,2.0,0.0,209.27272727272728,0.0,0.4285714285714285,0.4285714285714285,0.0,60.0,2.4285714285714284,0.0,10.304731922762477,0.2857142857142857,0.2857142857142857,0.4285714285714285,0.4285714285714285,2.0,0.0,0.0,0.0,24.0,0.129960854,3.3e-08,0.0236539104525901,64.0,95.5,4870.0,recon
0.0,0.0,0.0,0.0,0.0,0.0,90.0,0.0,2.0,2.0,0.0,60.0,1.0,0.0,0.0,0.0,0.0,1.0,1.0,0.0,0.0,0.0,0.0,0.0,0.011478,0.001231,0.0051235,0.0,0.0,0.0,benign
0.0,0.0,0.0,0.0,0.0,0.0,0.0,0.0,1.0,2.0,0.0,214.0,0.0,180.0,0.0,1.0,1.0,0.0,1.0,0.0,0.0,0.0,0.0,0.0,0.003525,0.003525,0.0,255.0,0.0,0.0,benign
-0.7,0.5839139967114639,2.0,0.0,2.0,0.0,1.5,0.0,2.0,2.0,0.0,54.0,2.0,0.0,19.327585352432298,2.0,2.0,1.0,1.0,1.0,0.0,0.0,0.0,24.0,0.021087,0.0,0.0099405071299204,64.0,90.03826347108705,5620.0,benign
0.0,0.0,0.0,0.0,0.0,0.0,0.0,0.0,0.0,0.0,0.0,0.0,0.0,0.0,0.0,0.0,0.0,0.0,0.0,0.0,0.0,0.0,0.0,0.0,0.0,0.0,0.0,0.0,0.0,0.0,benign
0.0,0.0,0.0,0.0,0.0,0.0,0.0,0.0,0.0,2.0,0.0,198.0,0.0,0.0,0.0,0.0,0.0,0.0,1.0,0.0,0.0,0.0,0.0,0.0,0.007387,0.007387,0.0,0.0,0.0,0.0,benign
0.0,0.0,0.0,0.0,0.0,0.0,0.0,0.0,1.0,2.0,0.0,230.0,0.0,196.0,0.0,1.0,1.0,0.0,1.0,0.0,0.0,0.0,0.0,0.0,0.04276,0.04276,0.0,255.0,0.0,0.0,benign
0.0,0.0,0.0,0.0,0.0,0.0,56.5,0.0,4.0,5.0,0.0,54.0,3.0,0.0,491.548517073013,4.0,5.0,2.0,3.0,2.0,0.0,0.0,0.0,24.0,0.100292,0.0,0.0320275406055281,2.0,66.09366421208308,660.0,benign
1023.0,0.0,1.0,0.0,1.0,0.0,0.0,0.0,2.0,2.0,0.0,54.0,1.0,0.0,9.0,2.0,2.0,1.0,1.0,1.0,0.0,0.0,0.0,24.0,0.013208,0.0,0.006604,64.0,95.5,5618.0,benign
0.0,0.0,0.0,0.0,0.0,0.0,0.0,0.0,0.0,0.0,0.0,0.0,0.0,0.0,0.0,0.0,0.0,0.0,0.0,0.0,0.0,0.0,0.0,0.0,0.0,0.0,0.0,0.0,0.0,0.0,benign
123.0,0.0,1.0,0.0,2.0,0.0,6.333333333333333,0.0,2.0,2.0,0.0,54.0,2.0,0.0,11.0227038425243,2.0,2.0,1.0,1.0,2.0,0.0,0.0,0.0,24.0,0.018998,0.0,0.0077962466610542,64.0,95.5,5578.0,benign
0.0,0.0,0.0,0.0,0.0,0.0,0.0,0.0,0.0,2.0,0.0,198.0,0.0,0.0,0.0,0.0,0.0,0.0,1.0,0.0,0.0,0.0,0.0,0.0,0.015379,0.015379,0.0,0.0,0.0,0.0,benign
0.0,0.0,0.0,0.0,0.0,0.0,0.0,0.0,0.0,0.0,0.0,0.0,0.0,0.0,0.0,0.0,0.0,0.0,0.0,0.0,0.0,0.0,0.0,0.0,0.0,0.0,0.0,0.0,0.0,0.0,benign
0.0,0.0,0.0,0.0,0.0,0.0,0.0,0.0,0.0,0.0,0.0,0.0,0.0,0.0,0.0,0.0,0.0,0.0,0.0,0.0,0.0,0.0,0.0,0.0,0.0,0.0,0.0,0.0,0.0,0.0,benign
22.5,0.0,1.0,0.0,1.0,0.0,2.0,0.0,2.0,2.0,0.0,54.0,2.0,0.0,84.81560882290476,2.0,2.0,1.0,1.0,2.0,0.0,0.0,0.0,24.0,0.071683,0.0,0.0302780517454475,64.0,95.5,5604.0,benign
0.0,0.0,0.0,0.0,0.0,0.0,0.0,0.0,0.0,0.0,0.0,0.0,0.0,0.0,0.0,0.0,0.0,0.0,0.0,0.0,0.0,0.0,0.0,0.0,0.0,0.0,0.0,0.0,0.0,0.0,benign
1023.0,0.0,1.0,0.0,1.0,0.0,0.0,0.0,2.0,2.0,0.0,54.0,1.0,0.0,9.0,2.0,2.0,1.0,1.0,1.0,0.0,0.0,0.0,24.0,0.020859,0.0,0.0104295,64.0,95.5,5574.0,benign
0.0,0.0,0.0,0.0,0.0,0.0,0.2660942568212173,0.0,5.857142857142857,4.857142857142857,1412.0,60.0,1874.571428571429,0.0,35.80485352119457,148.14285714285714,148.14285714285714,0.8571428571428571,0.8571428571428571,3.7142857142857135,1857.142857142857,1864.571428571429,0.0,24.0,0.167226396,2.6e-08,0.001670465048226,37.0,9.899728415942713,0.0,recon
0.0,0.0,0.0,0.0,0.0,0.0,77.33333333333333,0.0,3.0,3.0,0.0,60.0,1.0,180.0,0.0,1.0,1.0,1.0,2.0,0.0,0.0,0.0,0.0,0.0,0.077375,0.000639,0.0328557967973309,255.0,0.0,0.0,benign
0.0,0.0,0.0,0.0,0.0,0.0,0.0,0.0,0.0,0.0,0.0,0.0,0.0,0.0,0.0,0.0,0.0,0.0,0.0,0.0,0.0,0.0,0.0,0.0,0.0,0.0,0.0,0.0,0.0,0.0,benign
0.0,0.0,0.0,0.0,0.0,0.0,0.0,0.0,1.0,2.0,0.0,60.0,0.0,0.0,0.0,0.0,0.0,0.0,1.0,0.0,0.0,0.0,0.0,0.0,0.025372,0.025372,0.0,0.0,0.0,0.0,benign
124.0,1.2453996981545974,0.1428571428571428,1015.0,2.0,0.0,19.14010989010989,0.0,0.4285714285714285,0.4285714285714285,1460.0,60.0,25.857142857142858,0.0,3.948064032890848,23.857142857142858,24.142857142857142,0.1428571428571428,0.2857142857142857,2.0,24.285714285714285,23.857142857142858,0.0,24.0,0.011648765,2.8e-08,0.0012057889583197,37.0,102.26596580146332,1024.0,recon
0.0,0.0,0.0,0.0,0.0,0.0,0.0,0.0,0.0,0.0,0.0,0.0,0.0,0.0,0.0,0.0,0.0,0.0,0.0,0.0,0.0,0.0,0.0,0.0,0.0,0.0,0.0,0.0,0.0,0.0,benign
65.0,79.35590321456873,1.0,132.71428571428572,8.0,0.0,63.38461538461539,0.0,2.0,2.0,0.0,54.0,7.0,0.0,10.431506436302104,2.0,2.0,1.0,1.0,7.0,0.0,0.0,0.0,24.0,0.080616,0.0,0.0257096967377473,64.0,95.5,5628.0,benign
0.0,0.0,0.0,0.0,0.0,0.0,0.040706431034583,2.0,0.8571428571428571,0.8571428571428571,1460.0,60.0,15352.857142857143,0.0,742.3271814618269,1486.857142857143,1532.142857142857,0.4285714285714285,0.2857142857142857,7252.571428571428,4236.571428571428,1394.2857142857142,0.0,25.0,0.001262961,2.6e-08,0.0001155961422358,64.0,0.0,0.0,ddos
0.0,0.0,0.0,0.0,0.0,0.0,0.0368518031060805,0.0,0.5714285714285714,0.5714285714285714,0.0,60.0,26454.42857142857,0.0,0.0820893293653621,665.8571428571429,9416.57142857143,0.2857142857142857,0.4285714285714285,0.2857142857142857,680.8571428571429,26453.85714285714,0.0,24.0,0.001500589,2.6e-08,0.0001126905541525,64.0,29.87892162670193,512.0,dos
0.0,0.0,0.0,0.0,0.0,0.0,10.887179487179488,0.0,0.4285714285714285,0.4285714285714285,1460.0,60.0,27.857142857142858,0.0,9.899462560086375,28.0,28.142857142857142,0.1428571428571428,0.2857142857142857,0.0,27.857142857142858,27.857142857142858,0.0,20.0,0.037776427,3.1e-08,0.0021899010001484,37.0,8.941799009152712,0.0,recon
0.0,0.0,0.0,0.0,0.0,0.0,0.0,0.0,0.0,0.0,0.0,0.0,0.0,0.0,0.0,0.0,0.0,0.0,0.0,0.0,0.0,0.0,0.0,0.0,0.0,0.0,0.0,0.0,0.0,0.0,benign
0.0,0.0,0.0,0.0,0.0,0.0,0.0378828877584154,0.0,0.2857142857142857,0.4285714285714285,0.0,60.0,26386.14285714286,0.0,0.0,11.285714285714286,9416.57142857143,0.2857142857142857,0.1428571428571428,0.0,11.142857142857142,0.0,0.0,20.0,0.002823804,2.5e-08,0.0001149163740773,64.0,3.923390217418624,512.0,dos
0.0,0.0,0.0,0.0,0.0,0.0,56.0,0.0,2.0,2.0,0.0,60.0,1.0,0.0,0.0,0.0,0.0,1.0,1.0,0.0,0.0,0.0,0.0,0.0,0.035196,0.014943,0.0101265,0.0,0.0,0.0,benign
0.0,0.0,0.0,0.0,0.0,0.0,0.0,0.0,0.0,0.0,0.0,0.0,0.0,0.0,0.0,0.0,0.0,0.0,0.0,0.0,0.0,0.0,0.0,0.0,0.0,0.0,0.0,0.0,0.0,0.0,benign
0.0,0.0,0.0,0.0,0.0,0.0,2.0,2.0,2.0,2.0,0.0,66.0,2.0,0.0,1046.3117365297974,2.0,2.0,2.0,2.0,2.0,0.0,0.0,0.0,24.0,0.002843,0.0,0.001195430335695,61.0,1.5,660.0,benign
0.0,0.0,0.0,0.0,0.0,0.0,0.0,0.0,0.0,0.0,0.0,0.0,0.0,0.0,0.0,0.0,0.0,0.0,0.0,0.0,0.0,0.0,0.0,0.0,0.0,0.0,0.0,0.0,0.0,0.0,benign
0.0,0.0,0.0,0.0,0.0,0.0,0.0,0.0,0.0,0.0,0.0,0.0,0.0,0.0,0.0,0.0,0.0,0.0,0.0,0.0,0.0,0.0,0.0,0.0,0.0,0.0,0.0,0.0,0.0,0.0,benign
0.0,0.0,0.0,0.0,0.0,0.0,0.0,0.0,1.0,2.0,0.0,214.0,0.0,180.0,0.0,1.0,1.0,0.0,1.0,0.0,0.0,0.0,0.0,0.0,0.004432,0.004432,0.0,255.0,0.0,0.0,benign
150.0,0.0,1.0,0.0,2.0,0.0,1.0,0.0,2.0,2.0,0.0,54.0,2.0,0.0,11.0227038425243,2.0,2.0,1.0,1.0,2.0,0.0,0.0,0.0,24.0,0.004064,0.000291,0.0015566305558802,64.0,95.5,5584.0,benign
0.0,0.0,0.0,0.0,0.0,0.0,0.0,0.0,0.0,0.0,0.0,0.0,0.0,0.0,0.0,0.0,0.0,0.0,0.0,0.0,0.0,0.0,0.0,0.0,0.0,0.0,0.0,0.0,0.0,0.0,benign
0.0,0.0,0.0,0.0,0.0,0.0,0.0,0.0,0.0,0.0,0.0,0.0,0.0,0.0,0.0,0.0,0.0,0.0,0.0,0.0,0.0,0.0,0.0,0.0,0.0,0.0,0.0,0.0,0.0,0.0,benign
0.0,0.0,0.0,0.0,0.0,0.0,1.3333333333333333,2.0,2.0,2.0,0.0,66.0,2.0,0.0,804.5049720169541,2.0,2.0,2.0,2.0,2.0,0.0,0.0,0.0,24.0,0.007147,0.0,0.0030420464637312,61.0,1.5,660.0,benign
1023.0,0.0,1.0,0.0,1.0,0.0,0.0,0.0,2.0,2.0,0.0,54.0,1.0,0.0,9.0,2.0,2.0,1.0,1.0,1.0,0.0,0.0,0.0,24.0,0.00121,0.000478,0.000366,64.0,95.5,5564.0,benign
0.0,0.0,0.0,0.0,0.0,0.0,0.0,0.0,0.0,0.0,0.0,0.0,0.0,0.0,0.0,0.0,0.0,0.0,0.0,0.0,0.0,0.0,0.0,0.0,0.0,0.0,0.0,0.0,0.0,0.0,benign
0.0,0.0,0.0,0.0,0.0,0.0,0.0,0.0,0.0,2.0,0.0,198.0,0.0,0.0,0.0,0.0,0.0,0.0,1.0,0.0,0.0,0.0,0.0,0.0,0.008425,0.008425,0.0,0.0,0.0,0.0,benign
0.0,0.0,0.0,0.0,0.0,0.0,0.0,0.0,0.0,0.0,0.0,0.0,0.0,0.0,0.0,0.0,0.0,0.0,0.0,0.0,0.0,0.0,0.0,0.0,0.0,0.0,0.0,0.0,0.0,0.0,benign
-0.7,0.5880476171195662,2.0,0.0,2.0,0.0,1.5,0.0,2.0,2.0,0.0,54.0,2.0,0.0,19.327585352432298,2.0,2.0,1.0,1.0,1.0,0.0,0.0,0.0,24.0,0.008422,0.0,0.0039699331928327,64.0,90.03826347108705,5604.0,benign
14.0,0.0,1.0,0.0,1.0,0.0,0.0,0.0,2.0,2.0,0.0,54.0,1.0,0.0,10.5,2.0,2.0,1.0,1.0,1.0,0.0,0.0,0.0,24.0,0.036654,0.0,0.018327,64.0,95.5,5650.0,benign
0.0,0.0,0.0,0.0,0.0,0.0,0.0,0.0,0.0,0.0,0.0,0.0,0.0,0.0,0.0,0.0,0.0,0.0,0.0,0.0,0.0,0.0,0.0,0.0,0.0,0.0,0.0,0.0,0.0,0.0,benign
0.0,0.0,0.0,0.0,0.0,0.0,0.0,0.0,0.0,0.0,0.0,0.0,0.0,0.0,0.0,0.0,0.0,0.0,0.0,0.0,0.0,0.0,0.0,0.0,0.0,0.0,0.0,0.0,0.0,0.0,benign
11.0,0.0,1.0,0.0,1.0,0.0,0.0,0.0,2.0,2.0,0.0,54.0,1.0,0.0,10.5,2.0,2.0,1.0,1.0,1.0,0.0,0.0,0.0,24.0,0.101989,1e-06,0.050994,64.0,95.5,5586.0,benign
0.0,0.0,0.0,0.0,0.0,0.0,501.0,2.0,1.0,2.0,0.0,92.0,2.0,58.0,0.0,1.0,2.0,1.0,0.0,0.0,0.0,0.0,0.0,0.0,0.038805,0.005926,0.0164395,64.0,0.0,0.0,benign
2.0,0.0,1.0,0.0,1.0,0.0,0.0,0.0,2.0,2.0,0.0,54.0,1.0,0.0,7.5,2.0,2.0,1.0,1.0,1.0,0.0,0.0,0.0,24.0,0.046718,0.0,0.023359,64.0,95.5,5550.0,benign
0.0,0.0,0.0,0.0,0.0,0.0,0.0,0.0,0.0,0.0,0.0,0.0,0.0,0.0,0.0,0.0,0.0,0.0,0.0,0.0,0.0,0.0,0.0,0.0,0.0,0.0,0.0,0.0,0.0,0.0,benign
-0.7,0.5880476171195662,2.0,0.0,2.0,0.0,1.5,0.0,2.0,2.0,0.0,54.0,2.0,0.0,19.327585352432298,2.0,2.0,1.0,1.0,1.0,0.0,0.0,0.0,24.0,0.000584,0.0,0.0002384286522677,64.0,90.03826347108705,5576.0,benign
215.0,0.0,1.0,0.0,2.0,0.0,0.6666666666666666,0.0,2.0,2.0,0.0,54.0,2.0,0.0,10.594810050208546,2.0,2.0,1.0,1.0,2.0,0.0,0.0,0.0,24.0,0.076962,0.0,0.0329943256740837,64.0,95.5,5570.0,benign
0.0,0.0,0.0,0.0,0.0,0.0,0.0,0.0,0.0,0.0,0.0,0.0,0.0,0.0,0.0,0.0,0.0,0.0,0.0,0.0,0.0,0.0,0.0,0.0,0.0,0.0,0.0,0.0,0.0,0.0,benign
0.0,0.0,0.0,0.0,0.0,0.0,0.0,0.0,0.0,0.0,0.0,0.0,0.0,0.0,0.0,0.0,0.0,0.0,0.0,0.0,0.0,0.0,0.0,0.0,0.0,0.0,0.0,0.0,0.0,0.0,benign
0.0,0.0,0.0,0.0,0.0,0.0,0.0,0.0,0.0,2.0,0.0,198.0,0.0,0.0,0.0,0.0,0.0,0.0,1.0,0.0,0.0,0.0,0.0,0.0,0.008877,0.008877,0.0,0.0,0.0,0.0,benign
136.0,0.0,1.0,0.0,2.0,0.0,0.6666666666666666,0.0,2.0,2.0,0.0,54.0,2.0,0.0,11.0227038425243,2.0,2.0,1.0,1.0,2.0,0.0,0.0,0.0,24.0,0.06264,0.0,0.0268229824404371,64.0,95.5,5554.0,benign
0.0,0.0,0.0,0.0,0.0,0.0,0.0,0.0,0.0,0.0,0.0,0.0,0.0,0.0,0.0,0.0,0.0,0.0,0.0,0.0,0.0,0.0,0.0,0.0,0.0,0.0,0.0,0.0,0.0,0.0,benign
0.0,0.0,0.0,0.0,0.0,0.0,0.0,0.0,0.0,0.0,0.0,0.0,0.0,0.0,0.0,0.0,0.0,0.0,0.0,0.0,0.0,0.0,0.0,0.0,0.0,0.0,0.0,0.0,0.0,0.0,benign
0.0,0.0,0.0,0.0,0.0,0.0,0.0,0.0,0.0,0.0,0.0,0.0,0.0,0.0,0.0,0.0,0.0,0.0,0.0,0.0,0.0,0.0,0.0,0.0,0.0,0.0,0.0,0.0,0.0,0.0,benign
0.0,0.0,0.0,0.0,0.0,0.0,56.71428571428572,2.0,5.0,6.0,0.0,60.0,9.0,0.0,998.8941385352103,2.0,2.0,3.0,3.0,2.0,0.0,0.0,0.0,24.0,0.030628,0.0,0.0111586983318943,61.0,1.5,660.0,benign
0.0,0.0,0.0,0.0,0.0,0.0,0.0,0.0,0.0,0.0,0.0,0.0,0.0,0.0,0.0,0.0,0.0,0.0,0.0,0.0,0.0,0.0,0.0,0.0,0.0,0.0,0.0,0.0,0.0,0.0,benign
0.0,0.0,0.0,0.0,0.0,0.0,0.0,0.0,0.0,0.0,0.0,0.0,0.0,0.0,0.0,0.0,0.0,0.0,0.0,0.0,0.0,0.0,0.0,0.0,0.0,0.0,0.0,0.0,0.0,0.0,benign
0.0,0.0,0.0,0.0,0.0,0.0,0.0,0.0,0.0,0.0,0.0,0.0,0.0,0.0,0.0,0.0,0.0,0.0,0.0,0.0,0.0,0.0,0.0,0.0,0.0,0.0,0.0,0.0,0.0,0.0,benign
0.0,0.0,0.0,0.0,0.0,0.0,34.92857142857143,0.0,10.0,10.0,0.0,54.0,14.0,0.0,407.3784668093985,11.0,11.0,3.0,2.0,14.0,0.0,0.0,0.0,24.0,0.173597,0.0,0.0469451104595764,61.0,94.24658375424552,660.0,benign
0.0,0.0,0.0,0.0,0.0,0.0,0.0,0.0,0.0,0.0,0.0,0.0,0.0,0.0,0.0,0.0,0.0,0.0,0.0,0.0,0.0,0.0,0.0,0.0,0.0,0.0,0.0,0.0,0.0,0.0,benign
0.0,0.0,0.0,0.0,0.0,0.0,0.0,0.0,0.0,0.0,0.0,0.0,0.0,0.0,0.0,0.0,0.0,0.0,0.0,0.0,0.0,0.0,0.0,0.0,0.0,0.0,0.0,0.0,0.0,0.0,benign
0.0,0.0,0.0,0.0,0.0,0.0,0.0,0.0,0.0,0.0,0.0,0.0,0.0,0.0,0.0,0.0,0.0,0.0,0.0,0.0,0.0,0.0,0.0,0.0,0.0,0.0,0.0,0.0,0.0,0.0,benign
0.0,0.0,0.0,0.0,0.0,0.0,60.25,2.0,3.0,3.0,0.0,66.0,2.0,0.0,867.3908922740658,3.0,3.0,2.0,3.0,2.0,0.0,0.0,0.0,24.0,0.113798,0.0,0.0516876826812733,61.0,1.4696938456698574,660.0,benign
13.0,0.0,1.0,0.0,1.0,0.0,0.0,0.0,2.0,2.0,0.0,54.0,1.0,0.0,10.5,2.0,2.0,1.0,1.0,1.0,0.0,0.0,0.0,24.0,0.003693,0.0,0.0018465,64.0,95.5,5560.0,benign
0.0,0.0,0.0,0.0,0.0,0.0,0.0,0.0,0.0,0.0,0.0,0.0,0.0,0.0,0.0,0.0,0.0,0.0,0.0,0.0,0.0,0.0,0.0,0.0,0.0,0.0,0.0,0.0,0.0,0.0,benign
4.0,0.0,1.0,0.0,1.0,0.0,0.0,0.0,2.0,2.0,0.0,54.0,1.0,0.0,7.5,2.0,2.0,1.0,1.0,1.0,0.0,0.0,0.0,24.0,0.129453,0.0,0.0647265,64.0,95.5,5568.0,benign
0.0,0.0,0.0,0.0,0.0,0.0,0.0,0.0,0.0,0.0,0.0,0.0,0.0,0.0,0.0,0.0,0.0,0.0,0.0,0.0,0.0,0.0,0.0,0.0,0.0,0.0,0.0,0.0,0.0,0.0,benign
0.0,0.0,0.0,0.0,0.0,0.0,0.0,0.0,0.0,0.0,0.0,0.0,0.0,0.0,0.0,0.0,0.0,0.0,0.0,0.0,0.0,0.0,0.0,0.0,0.0,0.0,0.0,0.0,0.0,0.0,benign
0.0,0.0,0.0,0.0,0.0,0.0,0.0,0.0,0.0,0.0,0.0,0.0,0.0,0.0,0.0,0.0,0.0,0.0,0.0,0.0,0.0,0.0,0.0,0.0,0.0,0.0,0.0,0.0,0.0,0.0,benign
0.0,0.0,0.0,0.0,0.0,0.0,0.0,0.0,0.0,0.0,0.0,0.0,0.0,0.0,0.0,0.0,0.0,0.0,0.0,0.0,0.0,0.0,0.0,0.0,0.0,0.0,0.0,0.0,0.0,0.0,benign
0.0,0.0,0.0,0.0,0.0,0.0,0.0,0.0,0.0,0.0,0.0,0.0,0.0,0.0,0.0,0.0,0.0,0.0,0.0,0.0,0.0,0.0,0.0,0.0,0.0,0.0,0.0,0.0,0.0,0.0,benign
2.0,0.0,1.0,0.0,1.0,0.0,0.0,0.0,0.0,0.0,0.0,0.0,0.0,0.0,0.0,0.0,0.0,0.0,0.0,0.0,0.0,0.0,0.0,0.0,0.0,0.0,0.0,0.0,0.0,0.0,benign
0.0,0.0,0.0,0.0,0.0,0.0,0.0,0.0,1.0,2.0,0.0,214.0,0.0,180.0,0.0,1.0,1.0,0.0,1.0,0.0,0.0,0.0,0.0,0.0,0.036579,0.036579,0.0,255.0,0.0,0.0,benign
0.0,0.0,0.0,0.0,0.0,0.0,0.0,0.0,0.0,0.0,0.0,0.0,0.0,0.0,0.0,0.0,0.0,0.0,0.0,0.0,0.0,0.0,0.0,0.0,0.0,0.0,0.0,0.0,0.0,0.0,benign
0.0,0.0,0.0,0.0,0.0,0.0,0.0,0.0,0.0,0.0,0.0,0.0,0.0,0.0,0.0,0.0,0.0,0.0,0.0,0.0,0.0,0.0,0.0,0.0,0.0,0.0,0.0,0.0,0.0,0.0,benign
0.0,0.0,0.0,0.0,0.0,0.0,0.0,0.0,0.0,0.0,0.0,0.0,0.0,0.0,0.0,0.0,0.0,0.0,0.0,0.0,0.0,0.0,0.0,0.0,0.0,0.0,0.0,0.0,0.0,0.0,benign
0.0,0.0,0.0,0.0,0.0,0.0,0.0,0.0,0.0,0.0,0.0,0.0,0.0,0.0,0.0,0.0,0.0,0.0,0.0,0.0,0.0,0.0,0.0,0.0,0.0,0.0,0.0,0.0,0.0,0.0,benign
0.0,0.0,0.0,0.0,0.0,0.0,0.0,0.0,0.0,0.0,0.0,0.0,0.0,0.0,0.0,0.0,0.0,0.0,0.0,0.0,0.0,0.0,0.0,0.0,0.0,0.0,0.0,0.0,0.0,0.0,benign
0.0,0.0,0.0,0.0,0.0,0.0,0.0,0.0,0.0,0.0,0.0,0.0,0.0,0.0,0.0,0.0,0.0,0.0,0.0,0.0,0.0,0.0,0.0,0.0,0.0,0.0,0.0,0.0,0.0,0.0,benign
0.0,0.0,0.0,0.0,0.0,0.0,0.0,0.0,0.0,0.0,0.0,0.0,0.0,0.0,0.0,0.0,0.0,0.0,0.0,0.0,0.0,0.0,0.0,0.0,0.0,0.0,0.0,0.0,0.0,0.0,benign
22.4,0.0,1.0,0.0,7.0,0.0,1.0,0.0,2.0,2.0,0.0,54.0,4.0,0.0,35.755899862819845,2.0,2.0,1.0,1.0,4.0,0.0,0.0,0.0,24.0,0.103849,0.0,0.034091554071124,64.0,95.5,5574.0,benign
2.0,0.0,1.0,0.0,1.0,0.0,4.0,0.0,2.0,2.0,0.0,54.0,2.0,0.0,7.5,2.0,2.0,2.0,2.0,1.0,0.0,0.0,0.0,24.0,0.009542,0.0,0.0039122754488277,64.0,95.5,5554.0,benign
0.0,0.0,1.0,0.0,1.0,0.0,0.0,0.0,2.0,2.0,0.0,54.0,1.0,0.0,7.5,2.0,2.0,1.0,1.0,1.0,0.0,0.0,0.0,24.0,0.100264,1e-06,0.0501315,64.0,95.5,5562.0,benign
22.3,0.0,1.0,0.0,7.0,0.0,0.6666666666666666,0.0,2.0,2.0,0.0,54.0,2.0,0.0,84.81560882290476,2.0,2.0,1.0,1.0,2.0,0.0,0.0,0.0,24.0,0.002497,0.0,0.0010298284747956,64.0,95.5,5608.0,benign
0.0,0.0,0.0,0.0,0.0,0.0,0.0,0.0,0.0,0.0,0.0,0.0,0.0,0.0,0.0,0.0,0.0,0.0,0.0,0.0,0.0,0.0,0.0,0.0,0.0,0.0,0.0,0.0,0.0,0.0,benign
908.0,0.0,2.0,0.0,3.0,0.0,42.0,0.0,3.0,3.0,0.0,54.0,2.0,0.0,22.93877721239735,2.0,2.0,1.0,2.0,2.0,0.0,0.0,0.0,24.0,0.011482,0.0,0.0042841586151775,64.0,95.5,5616.0,benign
0.0,0.0,0.0,0.0,0.0,0.0,0.0,0.0,0.0,0.0,0.0,0.0,0.0,0.0,0.0,0.0,0.0,0.0,0.0,0.0,0.0,0.0,0.0,0.0,0.0,0.0,0.0,0.0,0.0,0.0,benign
914.0,0.0,2.0,0.0,3.0,0.0,1.0,0.0,2.0,2.0,0.0,54.0,2.0,0.0,22.93877721239735,2.0,2.0,1.0,1.0,2.0,0.0,0.0,0.0,24.0,0.008969,0.0,0.0036822900822721,64.0,95.5,5534.0,benign
211.0,0.0,1.0,0.0,2.0,0.0,1.3333333333333333,0.0,2.0,2.0,0.0,54.0,2.0,0.0,10.594810050208546,2.0,2.0,1.0,1.0,2.0,0.0,0.0,0.0,24.0,0.011228,0.0,0.0045242741061412,64.0,95.5,5568.0,benign
0.0,0.0,0.0,0.0,0.0,0.0,22.558823529411764,0.0,12.0,12.0,0.0,54.0,17.0,0.0,388.2628709173284,12.0,12.0,4.0,3.0,16.0,0.0,0.0,0.0,24.0,0.281973,0.0,0.0518399973976756,61.0,94.55609885690954,660.0,benign
0.0,0.0,0.0,0.0,0.0,0.0,170.0,0.0,2.0,2.0,0.0,54.0,1.0,0.0,32.526911934581186,2.0,2.0,1.0,2.0,2.0,0.0,0.0,0.0,24.0,0.030057,0.005383,0.01008014011146,238.0,8.013876853447337,2161.0,benign
0.0,0.0,0.0,0.0,0.0,0.0,0.0,0.0,1.0,2.0,0.0,214.0,0.0,180.0,0.0,1.0,1.0,0.0,1.0,0.0,0.0,0.0,0.0,0.0,0.004609,0.004609,0.0,255.0,0.0,0.0,benign
13.0,0.0,1.0,0.0,1.0,0.0,0.0,0.0,2.0,2.0,0.0,54.0,1.0,0.0,10.5,2.0,2.0,1.0,1.0,1.0,0.0,0.0,0.0,24.0,0.015795,0.000301,0.0077469999999999,64.0,95.5,5626.0,benign
0.0,0.0,0.0,0.0,0.0,0.0,0.0,0.0,1.0,2.0,0.0,214.0,0.0,180.0,0.0,1.0,1.0,0.0,1.0,0.0,0.0,0.0,0.0,0.0,0.044938,0.044938,0.0,255.0,0.0,0.0,benign
0.0,0.0,0.0,0.0,0.0,0.0,0.0,2.0,1.0,2.0,0.0,230.0,0.0,196.0,0.0,1.0,1.0,0.0,1.0,0.0,0.0,0.0,0.0,0.0,0.055573,0.055573,0.0,64.0,0.0,0.0,benign
0.0,0.0,0.0,0.0,0.0,0.0,0.0,0.0,0.0,0.0,0.0,0.0,0.0,0.0,0.0,0.0,0.0,0.0,0.0,0.0,0.0,0.0,0.0,0.0,0.0,0.0,0.0,0.0,0.0,0.0,benign
0.0,0.0,0.0,0.0,0.0,0.0,0.0,0.0,0.0,0.0,0.0,0.0,0.0,0.0,0.0,0.0,0.0,0.0,0.0,0.0,0.0,0.0,0.0,0.0,0.0,0.0,0.0,0.0,0.0,0.0,benign
0.0,0.0,0.0,0.0,0.0,0.0,0.0,0.0,0.0,0.0,0.0,0.0,0.0,0.0,0.0,0.0,0.0,0.0,0.0,0.0,0.0,0.0,0.0,0.0,0.0,0.0,0.0,0.0,0.0,0.0,benign
0.0,0.0,0.0,0.0,0.0,0.0,29.800884955752213,0.0,1.7142857142857142,1.5714285714285714,0.0,60.0,15.428571428571429,0.0,313.5837715954633,1.7142857142857142,1.7142857142857142,0.5714285714285714,0.4285714285714285,15.142857142857142,0.0,0.0,0.0,24.0,0.253281119,5.4e-08,0.0309548991066433,61.0,94.12422884674751,501.0,mitm
0.0,0.0,0.0,0.0,0.0,0.0,45.6,2.0,4.0,2.0,0.0,50.0,3.0,16.0,50.0,2.0,2.0,1.0,1.0,0.0,0.0,0.0,0.0,0.0,0.076773,0.0,0.0291430240790523,47.0,7.760297817881864,0.0,benign
0.0,0.0,0.0,0.0,0.0,0.0,91.17142857142858,0.0,0.5714285714285714,0.4285714285714285,1460.0,66.0,4.857142857142857,0.0,437.7036308898134,1.4285714285714286,2.7142857142857144,0.4285714285714285,0.5714285714285714,0.8571428571428571,0.0,0.8571428571428571,0.0,24.0,0.102783,0.0,0.0151751603391066,63.0,19.49406697161552,501.0,web
0.0,0.0,0.0,0.0,0.0,0.0,0.0,0.0,0.0,0.0,0.0,0.0,0.0,0.0,0.0,0.0,0.0,0.0,0.0,0.0,0.0,0.0,0.0,0.0,0.0,0.0,0.0,0.0,0.0,0.0,benign
1023.0,0.0,1.0,0.0,1.0,0.0,0.0,0.0,2.0,2.0,0.0,54.0,1.0,0.0,9.0,2.0,2.0,1.0,1.0,1.0,0.0,0.0,0.0,24.0,0.144894,0.0,0.072447,64.0,95.5,5590.0,benign
1023.0,0.0,1.0,0.0,1.0,0.0,0.0,0.0,2.0,2.0,0.0,54.0,1.0,0.0,9.0,2.0,2.0,1.0,1.0,1.0,0.0,0.0,0.0,24.0,0.0,0.0,0.0,64.0,95.5,5602.0,benign
22.2,0.0,1.0,0.0,7.0,0.0,2.0,0.0,2.0,2.0,0.0,54.0,3.0,0.0,61.98498922230196,2.0,2.0,1.0,1.0,3.0,0.0,0.0,0.0,24.0,0.08819,0.0,0.0322376062011951,64.0,95.5,5646.0,benign
0.0,0.0,0.0,0.0,0.0,0.0,3.0,0.0,2.0,2.0,0.0,60.0,1.0,0.0,0.0,0.0,0.0,1.0,1.0,0.0,0.0,0.0,0.0,0.0,0.022032,0.003292,0.0093699999999999,0.0,0.0,0.0,benign
0.0,0.0,0.0,0.0,0.0,0.0,0.0,0.0,1.0,2.0,0.0,214.0,0.0,180.0,0.0,1.0,1.0,0.0,1.0,0.0,0.0,0.0,0.0,0.0,0.126431,0.126431,0.0,255.0,0.0,0.0,benign
0.0,0.0,0.0,0.0,0.0,0.0,0.0,0.0,0.0,0.0,0.0,0.0,0.0,0.0,0.0,0.0,0.0,0.0,0.0,0.0,0.0,0.0,0.0,0.0,0.0,0.0,0.0,0.0,0.0,0.0,benign
0.0,0.0,0.0,0.0,0.0,0.0,0.0,0.0,1.0,2.0,0.0,214.0,0.0,180.0,0.0,1.0,1.0,0.0,1.0,0.0,0.0,0.0,0.0,0.0,0.064465,0.064465,0.0,255.0,0.0,0.0,benign
0.0,0.0,0.0,0.0,0.0,0.0,50.0,2.0,6.0,5.0,0.0,60.0,5.0,0.0,998.4631628157346,2.0,2.0,3.0,3.0,2.0,0.0,0.0,0.0,24.0,0.091863,0.0,0.0262734040849296,61.0,1.5,660.0,benign
0.0,0.0,0.0,0.0,0.0,0.0,0.0,0.0,0.0,0.0,0.0,0.0,0.0,0.0,0.0,0.0,0.0,0.0,0.0,0.0,0.0,0.0,0.0,0.0,0.0,0.0,0.0,0.0,0.0,0.0,benign
0.0,0.0,0.0,0.0,0.0,0.0,0.0,0.0,0.0,0.0,0.0,0.0,0.0,0.0,0.0,0.0,0.0,0.0,0.0,0.0,0.0,0.0,0.0,0.0,0.0,0.0,0.0,0.0,0.0,0.0,benign
0.0,0.0,0.0,0.0,0.0,0.0,0.0,0.0,0.0,0.0,0.0,0.0,0.0,0.0,0.0,0.0,0.0,0.0,0.0,0.0,0.0,0.0,0.0,0.0,0.0,0.0,0.0,0.0,0.0,0.0,benign
0.0,0.0,0.0,0.0,0.0,0.0,0.0,0.0,0.0,0.0,0.0,0.0,0.0,0.0,0.0,0.0,0.0,0.0,0.0,0.0,0.0,0.0,0.0,0.0,0.0,0.0,0.0,0.0,0.0,0.0,benign
0.0,0.0,0.0,0.0,0.0,0.0,0.0,0.0,0.0,0.0,0.0,0.0,0.0,0.0,0.0,0.0,0.0,0.0,0.0,0.0,0.0,0.0,0.0,0.0,0.0,0.0,0.0,0.0,0.0,0.0,benign
22.5,0.0,1.0,0.0,7.0,0.0,0.6666666666666666,0.0,2.0,2.0,0.0,54.0,2.0,0.0,84.81560882290476,2.0,2.0,1.0,1.0,2.0,0.0,0.0,0.0,24.0,0.028656,0.0,0.0120943389934092,64.0,95.5,5540.0,benign
3.0,0.0,1.0,0.0,1.0,0.0,0.0,0.0,2.0,2.0,0.0,54.0,1.0,0.0,8.5,2.0,2.0,1.0,1.0,1.0,0.0,0.0,0.0,24.0,0.04528,0.0,0.02264,64.0,95.5,5572.0,benign
0.0,0.0,0.0,0.0,0.0,0.0,170.33333333333334,0.0,2.0,2.0,0.0,92.0,2.0,58.0,0.0,1.0,2.0,1.0,1.0,0.0,0.0,0.0,0.0,0.0,0.082669,0.001167,0.0342123272986141,64.0,0.0,0.0,benign
0.0,0.0,0.0,0.0,0.0,0.0,0.0,0.0,0.0,0.0,0.0,0.0,0.0,0.0,0.0,0.0,0.0,0.0,0.0,0.0,0.0,0.0,0.0,0.0,0.0,0.0,0.0,0.0,0.0,0.0,benign
0.0,0.0,0.0,0.0,0.0,0.0,0.0,0.0,0.0,0.0,0.0,0.0,0.0,0.0,0.0,0.0,0.0,0.0,0.0,0.0,0.0,0.0,0.0,0.0,0.0,0.0,0.0,0.0,0.0,0.0,benign
918.0,0.0,1.0,0.0,1.0,0.0,5.333333333333333,0.0,2.0,2.0,0.0,54.0,2.0,0.0,22.93877721239735,2.0,2.0,1.0,1.0,2.0,0.0,0.0,0.0,24.0,0.021534,0.0,0.0095357953882987,64.0,95.5,5544.0,benign
0.0,0.0,0.0,0.0,0.0,0.0,0.0,0.0,0.0,0.0,0.0,0.0,0.0,0.0,0.0,0.0,0.0,0.0,0.0,0.0,0.0,0.0,0.0,0.0,0.0,0.0,0.0,0.0,0.0,0.0,benign
0.0,0.0,0.0,0.0,0.0,0.0,0.0269335395672934,0.0,6.428571428571429,5.714285714285714,1460.0,60.0,31800.85714285714,0.0,0.3380943771208972,4313.714285714285,9416.57142857143,0.4285714285714285,0.4285714285714285,0.8571428571428571,5321.857142857143,31793.714285714286,0.0,24.0,0.001483458,2.5e-08,9.286580172115072e-05,46.0,0.5094359925120732,0.0,dos
0.0,0.0,0.0,0.0,0.0,0.0,0.0,0.0,0.0,0.0,0.0,0.0,0.0,0.0,0.0,0.0,0.0,0.0,0.0,0.0,0.0,0.0,0.0,0.0,0.0,0.0,0.0,0.0,0.0,0.0,benign
0.0,0.0,0.0,0.0,0.0,0.0,0.0,0.0,0.0,0.0,0.0,0.0,0.0,0.0,0.0,0.0,0.0,0.0,0.0,0.0,0.0,0.0,0.0,0.0,0.0,0.0,0.0,0.0,0.0,0.0,benign
0.0,0.0,0.0,0.0,0.0,0.0,0.0,0.0,0.0,2.0,0.0,198.0,0.0,0.0,0.0,0.0,0.0,0.0,1.0,0.0,0.0,0.0,0.0,0.0,0.018019,0.018019,0.0,0.0,0.0,0.0,benign
0.0,0.0,0.0,0.0,0.0,0.0,0.0,0.0,0.0,0.0,0.0,0.0,0.0,0.0,0.0,0.0,0.0,0.0,0.0,0.0,0.0,0.0,0.0,0.0,0.0,0.0,0.0,0.0,0.0,0.0,benign
0.0,0.0,0.0,0.0,0.0,0.0,0.0,0.0,0.0,0.0,0.0,0.0,0.0,0.0,0.0,0.0,0.0,0.0,0.0,0.0,0.0,0.0,0.0,0.0,0.0,0.0,0.0,0.0,0.0,0.0,benign
-0.7,0.5880476171195662,2.0,0.0,2.0,0.0,199.75,0.0,2.0,2.0,0.0,54.0,3.0,0.0,19.327585352432298,2.0,2.0,2.0,2.0,1.0,0.0,0.0,0.0,24.0,0.009683,0.0,0.0037611223112257,64.0,90.03826347108705,5612.0,benign
0.0,0.0,0.0,0.0,0.0,0.0,0.0,0.0,0.0,0.0,0.0,0.0,0.0,0.0,0.0,0.0,0.0,0.0,0.0,0.0,0.0,0.0,0.0,0.0,0.0,0.0,0.0,0.0,0.0,0.0,benign
15.0,0.0,1.0,0.0,1.0,0.0,0.0,0.0,2.0,2.0,0.0,54.0,1.0,0.0,8.0,2.0,2.0,1.0,1.0,1.0,0.0,0.0,0.0,24.0,0.211321,0.0,0.1056605,64.0,95.5,5602.0,benign
1023.0,0.0,1.0,0.0,1.0,0.0,8.333333333333334,0.0,3.0,3.0,0.0,54.0,4.0,0.0,6.858571279792899,2.0,2.0,3.0,2.0,3.0,0.0,0.0,0.0,24.0,0.017687,0.0,0.0070173033252941,64.0,93.5705081743174,5622.0,benign
0.0,0.0,0.0,0.0,0.0,0.0,0.0,0.0,0.0,2.0,0.0,198.0,0.0,0.0,0.0,0.0,0.0,0.0,1.0,0.0,0.0,0.0,0.0,0.0,0.008183,0.008183,0.0,0.0,0.0,0.0,benign
0.0,0.0,0.0,0.0,0.0,0.0,668.8571428571429,0.0,0.5714285714285714,0.5714285714285714,0.0,60.0,0.4285714285714285,196.0,0.0,0.1428571428571428,0.1428571428571428,0.2857142857142857,0.2857142857142857,0.0,0.0,0.0,0.0,0.0,0.003751926,1.32e-07,0.0015100813379218,64.0,90.03826347108706,0.0,recon
0.0,0.0,0.0,0.0,0.0,0.0,2.6367961934972244,0.0,8.142857142857142,6.857142857142857,1412.0,60.0,179.57142857142858,0.0,146.3980256600642,148.42857142857142,151.57142857142858,1.1428571428571428,1.5714285714285714,18.0,145.28571428571428,149.71428571428572,0.0,25.0,0.076384199,2.7e-08,0.0049597491225659,1.0,20.979630299231065,0.0,recon
0.0,0.0,0.0,0.0,0.0,0.0,0.0,0.0,0.0,0.0,0.0,0.0,0.0,0.0,0.0,0.0,0.0,0.0,0.0,0.0,0.0,0.0,0.0,0.0,0.0,0.0,0.0,0.0,0.0,0.0,benign
0.0,0.0,0.0,0.0,0.0,0.0,0.0,0.0,0.0,0.0,0.0,0.0,0.0,0.0,0.0,0.0,0.0,0.0,0.0,0.0,0.0,0.0,0.0,0.0,0.0,0.0,0.0,0.0,0.0,0.0,benign
0.0,0.0,1.0,0.0,1.0,0.0,0.0,0.0,2.0,2.0,0.0,54.0,1.0,0.0,7.5,2.0,2.0,1.0,1.0,1.0,0.0,0.0,0.0,24.0,0.035796,0.0,0.017898,64.0,95.5,5554.0,benign
0.0,0.0,0.0,0.0,0.0,0.0,0.0,0.0,0.0,0.0,0.0,0.0,0.0,0.0,0.0,0.0,0.0,0.0,0.0,0.0,0.0,0.0,0.0,0.0,0.0,0.0,0.0,0.0,0.0,0.0,benign
0.0,0.0,0.0,0.0,0.0,0.0,101.0,0.0,2.0,2.0,0.0,60.0,1.0,0.0,0.0,0.0,0.0,1.0,1.0,0.0,0.0,0.0,0.0,0.0,0.030107,0.021285,0.004411,0.0,0.0,0.0,benign
0.0,0.0,0.0,0.0,0.0,0.0,0.0,0.0,0.0,0.0,0.0,0.0,0.0,0.0,0.0,0.0,0.0,0.0,0.0,0.0,0.0,0.0,0.0,0.0,0.0,0.0,0.0,0.0,0.0,0.0,benign
0.0,0.0,0.0,0.0,0.0,0.0,8.0,2.0,2.0,2.0,0.0,66.0,1.0,0.0,0.0,2.0,2.0,1.0,1.0,0.0,0.0,0.0,0.0,16.0,0.008377,0.008013,0.0001819999999999,64.0,87.0,27.0,benign
22.3,0.0,1.0,0.0,7.0,0.0,1.0,0.0,2.0,2.0,0.0,54.0,2.0,0.0,84.81560882290476,2.0,2.0,1.0,1.0,2.0,0.0,0.0,0.0,24.0,0.139019,0.0,0.0598579139337481,64.0,95.5,5640.0,benign
0.0,0.0,0.0,0.0,0.0,0.0,0.0,0.0,1.0,2.0,0.0,214.0,0.0,180.0,0.0,1.0,1.0,0.0,1.0,0.0,0.0,0.0,0.0,0.0,0.016877,0.016877,0.0,255.0,0.0,0.0,benign
0.0,0.0,0.0,0.0,0.0,0.0,0.0,0.0,0.0,0.0,0.0,0.0,0.0,0.0,0.0,0.0,0.0,0.0,0.0,0.0,0.0,0.0,0.0,0.0,0.0,0.0,0.0,0.0,0.0,0.0,benign
0.0,0.0,0.0,0.0,0.0,0.0,192.8,0.0,3.0,3.0,0.0,60.0,2.0,58.0,55.2,2.0,3.0,1.0,3.0,0.0,0.0,0.0,0.0,0.0,0.173837,0.00048,0.0634709589331127,64.0,93.5705081743174,0.0,benign
-0.7,0.5921899094791204,2.0,0.0,2.0,0.0,1.0,0.0,2.0,2.0,0.0,54.0,2.0,0.0,19.327585352432298,2.0,2.0,1.0,1.0,1.0,0.0,0.0,0.0,24.0,0.016664,0.0,0.0078554849344617,64.0,90.03826347108705,5614.0,benign
0.0,0.0,0.0,0.0,0.0,0.0,99.0,0.0,2.0,2.0,0.0,60.0,1.0,0.0,0.0,0.0,0.0,1.0,1.0,0.0,0.0,0.0,0.0,0.0,0.048033,0.000933,0.0235499999999999,0.0,0.0,0.0,benign
12.0,0.0,1.0,0.0,1.0,0.0,0.0,0.0,2.0,2.0,0.0,54.0,1.0,0.0,10.5,2.0,2.0,1.0,1.0,1.0,0.0,0.0,0.0,24.0,0.105728,0.0,0.052864,64.0,95.5,5590.0,benign
0.0,0.0,0.0,0.0,0.0,0.0,0.0,0.0,0.0,0.0,0.0,0.0,0.0,0.0,0.0,0.0,0.0,0.0,0.0,0.0,0.0,0.0,0.0,0.0,0.0,0.0,0.0,0.0,0.0,0.0,benign
0.0,0.0,0.0,0.0,0.0,0.0,0.0,0.0,0.0,0.0,0.0,0.0,0.0,0.0,0.0,0.0,0.0,0.0,0.0,0.0,0.0,0.0,0.0,0.0,0.0,0.0,0.0,0.0,0.0,0.0,benign
22.5,0.0,1.0,0.0,7.0,0.0,1.4,0.0,2.0,2.0,0.0,54.0,3.0,0.0,49.86788100125727,2.0,2.0,1.0,1.0,3.0,0.0,0.0,0.0,24.0,0.002153,0.0,0.0007918917574741,64.0,95.5,5570.0,benign
0.0,0.0,0.0,0.0,0.0,0.0,0.0,0.0,0.0,0.0,0.0,0.0,0.0,0.0,0.0,0.0,0.0,0.0,0.0,0.0,0.0,0.0,0.0,0.0,0.0,0.0,0.0,0.0,0.0,0.0,benign
0.0,0.0,0.0,0.0,0.0,0.0,0.0,0.0,0.0,0.0,0.0,0.0,0.0,0.0,0.0,0.0,0.0,0.0,0.0,0.0,0.0,0.0,0.0,0.0,0.0,0.0,0.0,0.0,0.0,0.0,benign
0.0,0.0,0.0,0.0,0.0,0.0,0.0,0.0,1.0,2.0,0.0,971.0,0.0,937.0,0.0,1.0,1.0,0.0,1.0,0.0,0.0,0.0,0.0,0.0,0.023727,0.023727,0.0,64.0,0.0,0.0,benign
0.0,0.0,0.0,0.0,0.0,0.0,0.0,0.0,0.0,2.0,0.0,198.0,0.0,0.0,0.0,0.0,0.0,0.0,1.0,0.0,0.0,0.0,0.0,0.0,0.006548,0.006548,0.0,0.0,0.0,0.0,benign
0.0,0.0,0.0,0.0,0.0,0.0,0.0,0.0,1.0,2.0,0.0,214.0,0.0,180.0,0.0,1.0,1.0,0.0,1.0,0.0,0.0,0.0,0.0,0.0,0.09967,0.09967,0.0,255.0,0.0,0.0,benign
1.0,0.0,1.0,0.0,1.0,0.0,0.0,0.0,2.0,2.0,0.0,54.0,1.0,0.0,7.5,2.0,2.0,1.0,1.0,1.0,0.0,0.0,0.0,24.0,0.080448,0.0,0.040224,64.0,95.5,5552.0,benign
0.0,0.0,0.0,0.0,0.0,0.0,0.0,0.0,0.0,2.0,0.0,198.0,0.0,0.0,0.0,0.0,0.0,0.0,1.0,0.0,0.0,0.0,0.0,0.0,0.079258,0.079258,0.0,0.0,0.0,0.0,benign
12.0,0.0,1.0,0.0,1.0,0.0,0.0,0.0,2.0,2.0,0.0,54.0,1.0,0.0,10.5,2.0,2.0,1.0,1.0,1.0,0.0,0.0,0.0,24.0,0.01041,0.0,0.005205,64.0,95.5,5608.0,benign
0.0,0.0,0.0,0.0,0.0,0.0,0.0,0.0,0.0,0.0,0.0,0.0,0.0,0.0,0.0,0.0,0.0,0.0,0.0,0.0,0.0,0.0,0.0,0.0,0.0,0.0,0.0,0.0,0.0,0.0,benign
0.0,0.0,0.0,0.0,0.0,0.0,0.0,0.0,1.0,2.0,0.0,214.0,0.0,180.0,0.0,1.0,1.0,0.0,1.0,0.0,0.0,0.0,0.0,0.0,0.031676,0.031676,0.0,255.0,0.0,0.0,benign
0.0,0.0,0.0,0.0,0.0,0.0,0.0,0.0,0.0,0.0,0.0,0.0,0.0,0.0,0.0,0.0,0.0,0.0,0.0,0.0,0.0,0.0,0.0,0.0,0.0,0.0,0.0,0.0,0.0,0.0,benign
0.0,0.0,0.0,0.0,0.0,0.0,0.0,0.0,0.0,0.0,0.0,0.0,0.0,0.0,0.0,0.0,0.0,0.0,0.0,0.0,0.0,0.0,0.0,0.0,0.0,0.0,0.0,0.0,0.0,0.0,benign
0.0,0.0,0.0,0.0,0.0,0.0,6.201241134751773,0.0,21.714285714285715,3.571428571428572,1460.0,60.0,25.571428571428573,0.0,254.16063023348377,35.714285714285715,35.714285714285715,0.8571428571428571,0.8571428571428571,15.0,3.857142857142857,6.714285714285714,0.0,24.0,0.024728303,3.3e-08,0.0038434766321551,52.0,32.758585385551434,0.0,malware
0.0,0.0,0.0,0.0,0.0,0.0,0.0,0.0,1.0,2.0,0.0,60.0,0.0,0.0,0.0,0.0,0.0,0.0,1.0,0.0,0.0,0.0,0.0,0.0,0.002997,0.002997,0.0,0.0,0.0,0.0,benign
0.0,0.0,0.0,0.0,0.0,0.0,0.0,0.0,0.0,2.0,0.0,198.0,0.0,0.0,0.0,0.0,0.0,0.0,1.0,0.0,0.0,0.0,0.0,0.0,0.017152,0.017152,0.0,0.0,0.0,0.0,benign
0.0,0.0,0.0,0.0,0.0,0.0,0.0,0.0,0.0,0.0,0.0,0.0,0.0,0.0,0.0,0.0,0.0,0.0,0.0,0.0,0.0,0.0,0.0,0.0,0.0,0.0,0.0,0.0,0.0,0.0,benign
-0.69,0.5840281576164704,2.0,0.0,2.0,0.0,5.0,0.0,2.0,2.0,0.0,54.0,2.0,0.0,19.327585352432298,2.0,2.0,1.0,1.0,1.0,0.0,0.0,0.0,24.0,0.089119,0.0,0.0420110994883759,64.0,90.03826347108705,5616.0,benign
0.0,0.0,0.0,0.0,0.0,0.0,0.0341453420875486,0.0,0.1428571428571428,0.4285714285714285,0.0,60.0,29286.714285714286,0.0,0.0,0.0,0.0,0.2857142857142857,0.0,0.0,0.0,0.0,0.0,0.0,0.000654443,2.6e-08,7.36576130210689e-05,64.0,0.0,0.0,mitm
0.0,0.0,0.0,0.0,0.0,0.0,0.0,0.0,0.0,0.0,0.0,0.0,0.0,0.0,0.0,0.0,0.0,0.0,0.0,0.0,0.0,0.0,0.0,0.0,0.0,0.0,0.0,0.0,0.0,0.0,benign
0.0,0.0,0.0,0.0,0.0,0.0,0.0,0.0,0.0,0.0,0.0,0.0,0.0,0.0,0.0,0.0,0.0,0.0,0.0,0.0,0.0,0.0,0.0,0.0,0.0,0.0,0.0,0.0,0.0,0.0,benign
22.0,0.0,0.1428571428571428,1095.0,7.0,0.0,130.9811320754717,0.0,0.5714285714285714,0.5714285714285714,1460.0,60.0,3.857142857142857,0.0,61.59670121037327,1.4285714285714286,1.4285714285714286,0.2857142857142857,0.4285714285714285,2.571428571428572,1.0,1.0,0.0,24.0,0.147689664,5.4e-08,0.0259257422089494,40.0,98.25465078051012,1024.0,recon
0.0,0.0,0.0,0.0,0.0,0.0,0.0,0.0,0.0,0.0,0.0,0.0,0.0,0.0,0.0,0.0,0.0,0.0,0.0,0.0,0.0,0.0,0.0,0.0,0.0,0.0,0.0,0.0,0.0,0.0,benign
205.0,0.0,1.0,0.0,2.0,0.0,1.0,0.0,2.0,2.0,0.0,54.0,2.0,0.0,10.594810050208546,2.0,2.0,1.0,1.0,2.0,0.0,0.0,0.0,24.0,0.003794,0.0,0.0015611176084779,64.0,95.5,5592.0,benign
0.0,0.0,0.0,0.0,0.0,0.0,0.0067260134520269,0.0,0.8571428571428571,0.8571428571428571,0.0,60.0,85417.14285714286,0.0,0.0,9415.285714285714,9416.57142857143,0.1428571428571428,0.1428571428571428,85417.14285714286,63264.71428571428,0.0,0.0,24.0,0.001263159,2.5e-08,4.0720415709898745e-05,64.0,0.0,0.0,ddos
0.0,0.0,0.0,0.0,0.0,0.0,46.5,2.0,2.0,2.0,0.0,66.0,1.0,0.0,32.526911934581186,2.0,2.0,1.0,2.0,2.0,0.0,0.0,0.0,24.0,0.082571,0.001627,0.0351489364972667,64.0,82.49579113843053,27.0,benign
0.0,0.0,0.0,0.0,0.0,0.0,0.0,0.0,1.0,2.0,0.0,214.0,0.0,180.0,0.0,1.0,1.0,0.0,1.0,0.0,0.0,0.0,0.0,0.0,0.030978,0.030978,0.0,255.0,0.0,0.0,benign
0.0,0.0,0.0,0.0,0.0,0.0,0.0,0.0,0.0,0.0,0.0,0.0,0.0,0.0,0.0,0.0,0.0,0.0,0.0,0.0,0.0,0.0,0.0,0.0,0.0,0.0,0.0,0.0,0.0,0.0,benign
0.0,0.0,0.0,0.0,0.0,0.0,0.0,0.0,0.0,0.0,0.0,0.0,0.0,0.0,0.0,0.0,0.0,0.0,0.0,0.0,0.0,0.0,0.0,0.0,0.0,0.0,0.0,0.0,0.0,0.0,benign
0.0,0.0,0.0,0.0,0.0,0.0,24.56410256410257,0.0,11.0,11.0,0.0,54.0,19.0,0.0,373.430577379362,12.0,12.0,4.0,4.0,19.0,0.0,0.0,0.0,24.0,0.07375,0.0,0.015356198718677,61.0,94.438976178306,660.0,benign
0.0,0.0,0.0,0.0,0.0,0.0,0.0,0.0,0.0,0.0,0.0,0.0,0.0,0.0,0.0,0.0,0.0,0.0,0.0,0.0,0.0,0.0,0.0,0.0,0.0,0.0,0.0,0.0,0.0,0.0,benign
0.0,0.0,0.0,0.0,0.0,0.0,0.0,0.0,0.0,0.0,0.0,0.0,0.0,0.0,0.0,0.0,0.0,0.0,0.0,0.0,0.0,0.0,0.0,0.0,0.0,0.0,0.0,0.0,0.0,0.0,benign
0.0,0.0,0.0,0.0,0.0,0.0,0.0,0.0,0.0,0.0,0.0,0.0,0.0,0.0,0.0,0.0,0.0,0.0,0.0,0.0,0.0,0.0,0.0,0.0,0.0,0.0,0.0,0.0,0.0,0.0,benign
0.0,0.0,0.0,0.0,0.0,0.0,0.0,0.0,0.0,0.0,0.0,0.0,0.0,0.0,0.0,0.0,0.0,0.0,0.0,0.0,0.0,0.0,0.0,0.0,0.0,0.0,0.0,0.0,0.0,0.0,benign
0.0,0.0,0.0,0.0,0.0,0.0,0.0,0.0,0.0,0.0,0.0,0.0,0.0,0.0,0.0,0.0,0.0,0.0,0.0,0.0,0.0,0.0,0.0,0.0,0.0,0.0,0.0,0.0,0.0,0.0,benign
0.0,0.0,0.0,0.0,0.0,0.0,37.2,2.0,3.0,3.0,0.0,60.0,4.0,0.0,1109.7074783473345,2.0,2.0,3.0,2.0,2.0,0.0,0.0,0.0,24.0,0.037441,1e-06,0.0132156973709297,61.0,1.5,660.0,benign
0.0,0.0,0.0,0.0,0.0,0.0,0.0,0.0,0.0,0.0,0.0,0.0,0.0,0.0,0.0,0.0,0.0,0.0,0.0,0.0,0.0,0.0,0.0,0.0,0.0,0.0,0.0,0.0,0.0,0.0,benign
0.0,0.0,0.0,0.0,0.0,0.0,0.0,0.0,0.0,0.0,0.0,0.0,0.0,0.0,0.0,0.0,0.0,0.0,0.0,0.0,0.0,0.0,0.0,0.0,0.0,0.0,0.0,0.0,0.0,0.0,benign
22.5,0.0,1.0,0.0,7.0,0.0,1.1428571428571428,0.0,2.0,2.0,0.0,54.0,4.0,0.0,43.15940656450225,2.0,2.0,1.0,1.0,4.0,0.0,0.0,0.0,24.0,0.048911,0.0,0.0158545693763462,64.0,95.5,5574.0,benign
0.0,0.0,0.0,0.0,0.0,0.0,0.0,0.0,0.0,0.0,0.0,0.0,0.0,0.0,0.0,0.0,0.0,0.0,0.0,0.0,0.0,0.0,0.0,0.0,0.0,0.0,0.0,0.0,0.0,0.0,benign
0.0,0.0,0.0,0.0,0.0,0.0,0.0,0.0,0.0,0.0,0.0,0.0,0.0,0.0,0.0,0.0,0.0,0.0,0.0,0.0,0.0,0.0,0.0,0.0,0.0,0.0,0.0,0.0,0.0,0.0,benign
0.0,0.0,0.0,0.0,0.0,0.0,0.0,0.0,2.0,2.0,0.0,54.0,1.0,0.0,9.5,2.0,2.0,1.0,1.0,1.0,0.0,0.0,0.0,24.0,0.03413,0.0,0.017065,64.0,95.5,5594.0,benign
3.0,0.0,1.0,0.0,1.0,0.0,81.0,0.0,3.0,3.0,0.0,54.0,2.0,0.0,8.5,2.0,2.0,2.0,2.0,1.0,0.0,0.0,0.0,24.0,0.01601,0.000301,0.0059449828164175,64.0,95.5,5546.0,benign
2.0,0.0,1.0,0.0,1.0,0.0,0.0,0.0,2.0,2.0,0.0,54.0,1.0,0.0,8.5,2.0,2.0,1.0,1.0,1.0,0.0,0.0,0.0,24.0,0.023991,0.0,0.0119955,64.0,95.5,5614.0,benign
0.0,0.0,0.0,0.0,0.0,0.0,1.6666666666666667,2.0,2.0,2.0,0.0,66.0,2.0,0.0,1018.72088915463,2.0,2.0,2.0,2.0,2.0,0.0,0.0,0.0,24.0,0.104117,0.0,0.0450839834829122,61.0,1.5,660.0,benign
0.0,0.0,0.0,0.0,0.0,0.0,0.0,0.0,0.0,0.0,0.0,0.0,0.0,0.0,0.0,0.0,0.0,0.0,0.0,0.0,0.0,0.0,0.0,0.0,0.0,0.0,0.0,0.0,0.0,0.0,benign
0.0,0.0,0.0,0.0,0.0,0.0,0.0,0.0,0.0,0.0,0.0,0.0,0.0,0.0,0.0,0.0,0.0,0.0,0.0,0.0,0.0,0.0,0.0,0.0,0.0,0.0,0.0,0.0,0.0,0.0,benign
211.0,0.0,1.0,0.0,2.0,0.0,1.3333333333333333,0.0,2.0,2.0,0.0,54.0,2.0,0.0,10.594810050208546,2.0,2.0,1.0,1.0,2.0,0.0,0.0,0.0,24.0,0.079302,0.0,0.0337279591464929,64.0,95.5,5552.0,benign
2.0,0.0,1.0,0.0,1.0,0.0,0.0,0.0,2.0,2.0,0.0,54.0,1.0,0.0,8.5,2.0,2.0,1.0,1.0,1.0,0.0,0.0,0.0,24.0,0.016246,0.0,0.008123,64.0,95.5,5574.0,benign
0.0,0.0,0.0,0.0,0.0,0.0,0.0,0.0,0.0,0.0,0.0,0.0,0.0,0.0,0.0,0.0,0.0,0.0,0.0,0.0,0.0,0.0,0.0,0.0,0.0,0.0,0.0,0.0,0.0,0.0,benign
142.0,0.0,1.0,0.0,2.0,0.0,1.6666666666666667,0.0,2.0,2.0,0.0,54.0,2.0,0.0,11.0227038425243,2.0,2.0,1.0,1.0,2.0,0.0,0.0,0.0,24.0,0.024127,0.0,0.0099271887857288,64.0,95.5,5590.0,benign
0.0,0.0,0.0,0.0,0.0,0.0,0.0,0.0,0.0,0.0,0.0,0.0,0.0,0.0,0.0,0.0,0.0,0.0,0.0,0.0,0.0,0.0,0.0,0.0,0.0,0.0,0.0,0.0,0.0,0.0,benign
0.0,0.0,0.0,0.0,0.0,0.0,0.0,0.0,1.0,2.0,0.0,60.0,0.0,0.0,0.0,0.0,0.0,0.0,1.0,0.0,0.0,0.0,0.0,0.0,0.112621,0.112621,0.0,0.0,0.0,0.0,benign
0.0,0.0,0.0,0.0,0.0,0.0,0.0,0.0,1.0,2.0,0.0,54.0,0.0,0.0,0.0,1.0,1.0,0.0,1.0,0.0,0.0,0.0,0.0,16.0,0.052959,0.052959,0.0,255.0,0.0,3828.0,benign
0.0,0.0,0.0,0.0,0.0,0.0,0.0,0.0,0.0,0.0,0.0,0.0,0.0,0.0,0.0,0.0,0.0,0.0,0.0,0.0,0.0,0.0,0.0,0.0,0.0,0.0,0.0,0.0,0.0,0.0,benign
0.0,0.0,0.0,0.0,0.0,0.0,0.0,0.0,1.0,2.0,0.0,230.0,0.0,196.0,0.0,1.0,1.0,0.0,1.0,0.0,0.0,0.0,0.0,0.0,0.001205,0.001205,0.0,255.0,0.0,0.0,benign
0.0,0.0,0.0,0.0,0.0,0.0,0.0,0.0,0.0,0.0,0.0,0.0,0.0,0.0,0.0,0.0,0.0,0.0,0.0,0.0,0.0,0.0,0.0,0.0,0.0,0.0,0.0,0.0,0.0,0.0,benign
0.0,0.0,0.0,0.0,0.0,0.0,0.0,0.0,0.0,0.0,0.0,0.0,0.0,0.0,0.0,0.0,0.0,0.0,0.0,0.0,0.0,0.0,0.0,0.0,0.0,0.0,0.0,0.0,0.0,0.0,benign
109.0,56.281000527781714,1.0,154.66666666666666,7.0,0.0,71.38461538461539,0.0,2.0,2.0,0.0,54.0,7.0,0.0,10.5,2.0,2.0,1.0,1.0,7.0,0.0,0.0,0.0,24.0,0.07684,0.0,0.0258042191611237,64.0,95.5,5618.0,benign
0.0,0.0,0.0,0.0,0.0,0.0,0.0,0.0,0.0,0.0,0.0,0.0,0.0,0.0,0.0,0.0,0.0,0.0,0.0,0.0,0.0,0.0,0.0,0.0,0.0,0.0,0.0,0.0,0.0,0.0,benign
0.0,0.0,0.0,0.0,0.0,0.0,0.0,0.0,0.0,0.0,0.0,0.0,0.0,0.0,0.0,0.0,0.0,0.0,0.0,0.0,0.0,0.0,0.0,0.0,0.0,0.0,0.0,0.0,0.0,0.0,benign
115.0,0.0,1.0,0.0,2.0,0.0,0.6666666666666666,0.0,2.0,2.0,0.0,54.0,2.0,0.0,11.0227038425243,2.0,2.0,1.0,1.0,2.0,0.0,0.0,0.0,24.0,0.063014,0.0,0.026967766568396,64.0,95.5,5628.0,benign
0.0,0.0,0.0,0.0,0.0,0.0,0.0,0.0,0.0,0.0,0.0,0.0,0.0,0.0,0.0,0.0,0.0,0.0,0.0,0.0,0.0,0.0,0.0,0.0,0.0,0.0,0.0,0.0,0.0,0.0,benign
0.0,0.0,0.0,0.0,0.0,0.0,0.0,0.0,0.0,0.0,0.0,0.0,0.0,0.0,0.0,0.0,0.0,0.0,0.0,0.0,0.0,0.0,0.0,0.0,0.0,0.0,0.0,0.0,0.0,0.0,benign
0.0,0.0,0.0,0.0,0.0,0.0,0.0,0.0,0.0,0.0,0.0,0.0,0.0,0.0,0.0,0.0,0.0,0.0,0.0,0.0,0.0,0.0,0.0,0.0,0.0,0.0,0.0,0.0,0.0,0.0,benign
0.0,0.0,0.0,0.0,0.0,0.0,0.0,0.0,0.0,0.0,0.0,0.0,0.0,0.0,0.0,0.0,0.0,0.0,0.0,0.0,0.0,0.0,0.0,0.0,0.0,0.0,0.0,0.0,0.0,0.0,benign
0.0,0.0,0.0,0.0,0.0,0.0,0.0,0.0,0.0,0.0,0.0,0.0,0.0,0.0,0.0,0.0,0.0,0.0,0.0,0.0,0.0,0.0,0.0,0.0,0.0,0.0,0.0,0.0,0.0,0.0,benign
0.0,0.0,0.0,0.0,0.0,0.0,41.5,2.0,2.0,2.0,0.0,66.0,1.0,0.0,32.526911934581186,2.0,2.0,1.0,2.0,2.0,0.0,0.0,0.0,24.0,0.014257,0.000505,0.0059763579396001,64.0,82.02438661763951,27.0,benign
0.0,0.0,0.0,0.0,0.0,0.0,25.466666666666665,0.0,11.0,11.0,0.0,54.0,15.0,0.0,404.6424945394351,12.0,12.0,3.0,2.0,15.0,0.0,0.0,0.0,24.0,0.084578,0.0,0.0159926086071145,61.0,94.41683653804677,660.0,benign
0.0,0.0,0.0,0.0,0.0,0.0,0.0,0.0,0.0,0.0,0.0,0.0,0.0,0.0,0.0,0.0,0.0,0.0,0.0,0.0,0.0,0.0,0.0,0.0,0.0,0.0,0.0,0.0,0.0,0.0,benign
0.0,0.0,0.0,0.0,0.0,0.0,0.0,0.0,0.0,0.0,0.0,0.0,0.0,0.0,0.0,0.0,0.0,0.0,0.0,0.0,0.0,0.0,0.0,0.0,0.0,0.0,0.0,0.0,0.0,0.0,benign
0.0,0.0,0.0,0.0,0.0,0.0,21.0,0.0,2.0,2.0,0.0,60.0,1.0,0.0,0.0,0.0,0.0,1.0,1.0,0.0,0.0,0.0,0.0,0.0,0.03011,0.000359,0.0134205953751024,0.0,0.0,0.0,benign
123.0,0.0,1.0,0.0,2.0,0.0,1.0,0.0,2.0,2.0,0.0,54.0,2.0,0.0,11.0227038425243,2.0,2.0,1.0,1.0,2.0,0.0,0.0,0.0,24.0,0.0241,0.0,0.0101247922046578,64.0,95.5,5622.0,benign
0.0,0.0,0.0,0.0,0.0,0.0,0.0,0.0,0.0,0.0,0.0,0.0,0.0,0.0,0.0,0.0,0.0,0.0,0.0,0.0,0.0,0.0,0.0,0.0,0.0,0.0,0.0,0.0,0.0,0.0,benign
0.0,0.0,0.0,0.0,0.0,0.0,0.0,0.0,0.0,0.0,0.0,0.0,0.0,0.0,0.0,0.0,0.0,0.0,0.0,0.0,0.0,0.0,0.0,0.0,0.0,0.0,0.0,0.0,0.0,0.0,benign
0.0,0.0,0.0,0.0,0.0,0.0,28.6,2.0,2.0,2.0,0.0,66.0,3.0,0.0,19.36204764194348,2.0,2.0,2.0,2.0,2.0,0.0,0.0,0.0,24.0,0.03114,0.0,0.0132434853921969,53.0,5.5,2357.0,benign
175.0,0.0,1.0,0.0,2.0,0.0,3.0,0.0,2.0,2.0,0.0,54.0,2.0,0.0,11.0227038425243,2.0,2.0,1.0,1.0,2.0,0.0,0.0,0.0,24.0,0.04018,0.0,0.0165072610689962,64.0,95.5,5578.0,benign
0.0,0.0,0.0,0.0,0.0,0.0,25.5,2.0,2.0,3.0,0.0,66.0,4.0,0.0,21.509687739868905,3.0,3.0,2.0,3.0,4.0,0.0,0.0,0.0,24.0,0.041274,0.0,0.0119107718846802,53.0,5.443588252359342,152.0,benign
0.0,0.0,0.0,0.0,0.0,0.0,2.0,0.0,2.0,2.0,0.0,60.0,1.0,0.0,0.0,0.0,0.0,1.0,1.0,0.0,0.0,0.0,0.0,0.0,0.022566,0.002135,0.0102154999999999,0.0,0.0,0.0,benign
0.0,0.0,0.0,0.0,0.0,0.0,0.0,0.0,0.0,0.0,0.0,0.0,0.0,0.0,0.0,0.0,0.0,0.0,0.0,0.0,0.0,0.0,0.0,0.0,0.0,0.0,0.0,0.0,0.0,0.0,benign
0.0,0.0,0.0,0.0,0.0,0.0,0.0234984491023592,0.0,0.2857142857142857,0.5714285714285714,0.0,60.0,42555.0,0.0,0.0,0.1428571428571428,9416.57142857143,0.2857142857142857,0.2857142857142857,0.0,42554.857142857145,0.0,0.0,5.0,0.00193526,-7.7e-08,9.134921841855909e-05,64.0,0.0,512.0,dos
0.0,0.0,0.0,0.0,0.0,0.0,0.0,0.0,0.0,0.0,0.0,0.0,0.0,0.0,0.0,0.0,0.0,0.0,0.0,0.0,0.0,0.0,0.0,0.0,0.0,0.0,0.0,0.0,0.0,0.0,benign
11.0,0.0,1.0,0.0,1.0,0.0,0.0,0.0,2.0,2.0,0.0,54.0,1.0,0.0,10.5,2.0,2.0,1.0,1.0,1.0,0.0,0.0,0.0,24.0,0.076769,0.0,0.0383845,64.0,95.5,5632.0,benign
0.0,0.0,0.0,0.0,0.0,0.0,0.0,0.0,0.0,0.0,0.0,0.0,0.0,0.0,0.0,0.0,0.0,0.0,0.0,0.0,0.0,0.0,0.0,0.0,0.0,0.0,0.0,0.0,0.0,0.0,benign
0.0,0.0,0.0,0.0,0.0,0.0,0.0,0.0,0.0,0.0,0.0,0.0,0.0,0.0,0.0,0.0,0.0,0.0,0.0,0.0,0.0,0.0,0.0,0.0,0.0,0.0,0.0,0.0,0.0,0.0,benign
0.0,0.0,0.0,0.0,0.0,0.0,0.0,0.0,0.0,0.0,0.0,0.0,0.0,0.0,0.0,0.0,0.0,0.0,0.0,0.0,0.0,0.0,0.0,0.0,0.0,0.0,0.0,0.0,0.0,0.0,benign
0.0,0.0,0.0,0.0,0.0,0.0,0.0,0.0,0.0,0.0,0.0,0.0,0.0,0.0,0.0,0.0,0.0,0.0,0.0,0.0,0.0,0.0,0.0,0.0,0.0,0.0,0.0,0.0,0.0,0.0,benign
0.0,0.0,0.0,0.0,0.0,0.0,0.0,0.0,0.0,0.0,0.0,0.0,0.0,0.0,0.0,0.0,0.0,0.0,0.0,0.0,0.0,0.0,0.0,0.0,0.0,0.0,0.0,0.0,0.0,0.0,benign
207.0,0.0,1.0,0.0,2.0,0.0,2.333333333333333,0.0,2.0,2.0,0.0,54.0,2.0,0.0,10.594810050208546,2.0,2.0,1.0,1.0,2.0,0.0,0.0,0.0,24.0,0.019336,0.0,0.0077894670669757,64.0,95.5,5602.0,benign
0.0,0.0,0.0,0.0,0.0,0.0,13.5,0.0,2.0,2.0,0.0,60.0,1.0,0.0,0.0,0.0,0.0,1.0,1.0,0.0,0.0,0.0,0.0,0.0,0.00462,0.0,0.0019126031707829,0.0,0.0,0.0,benign
0.0,0.0,0.0,0.0,0.0,0.0,0.0,0.0,0.0,0.0,0.0,0.0,0.0,0.0,0.0,0.0,0.0,0.0,0.0,0.0,0.0,0.0,0.0,0.0,0.0,0.0,0.0,0.0,0.0,0.0,benign
0.0,0.0,0.0,0.0,0.0,0.0,163.0,0.0,2.0,3.0,0.0,60.0,1.0,0.0,0.0,0.0,0.0,1.0,2.0,0.0,0.0,0.0,0.0,0.0,0.020061,0.00053,0.0083684816225326,0.0,0.0,0.0,benign
0.0,0.0,0.0,0.0,0.0,0.0,0.0,2.0,1.0,2.0,0.0,230.0,0.0,196.0,0.0,1.0,1.0,0.0,1.0,0.0,0.0,0.0,0.0,0.0,0.091738,0.091738,0.0,64.0,0.0,0.0,benign
0.0,0.0,0.0,0.0,0.0,0.0,0.0,2.0,1.0,2.0,0.0,50.0,1.0,16.0,0.0,1.0,1.0,1.0,0.0,0.0,0.0,0.0,0.0,0.0,0.010803,0.010803,0.0,48.0,0.0,0.0,benign
0.0,0.0,0.0,0.0,0.0,0.0,0.0,0.0,0.0,0.0,0.0,0.0,0.0,0.0,0.0,0.0,0.0,0.0,0.0,0.0,0.0,0.0,0.0,0.0,0.0,0.0,0.0,0.0,0.0,0.0,benign
22.3,0.0,1.0,0.0,7.0,0.0,0.8571428571428571,0.0,2.0,2.0,0.0,54.0,4.0,0.0,35.755899862819845,2.0,2.0,1.0,1.0,4.0,0.0,0.0,0.0,24.0,0.003934,0.0,0.0014056141395756,64.0,95.5,5606.0,benign
0.0,0.0,0.0,0.0,0.0,0.0,0.0,0.0,0.0,0.0,0.0,0.0,0.0,0.0,0.0,0.0,0.0,0.0,0.0,0.0,0.0,0.0,0.0,0.0,0.0,0.0,0.0,0.0,0.0,0.0,benign
916.0,0.0,2.0,0.0,3.0,0.0,1.0,0.0,2.0,2.0,0.0,54.0,2.0,0.0,22.93877721239735,2.0,2.0,1.0,1.0,2.0,0.0,0.0,0.0,24.0,0.002815,0.0,0.0011557033302279,64.0,95.5,5578.0,benign
22.5,0.0,1.0,0.0,7.0,0.0,1.0,0.0,2.0,2.0,0.0,54.0,3.0,0.0,61.98498922230196,2.0,2.0,1.0,1.0,3.0,0.0,0.0,0.0,24.0,0.091318,0.0,0.033654002761765,64.0,95.5,5578.0,benign
0.0,0.0,0.0,0.0,0.0,0.0,0.0,0.0,0.0,0.0,0.0,0.0,0.0,0.0,0.0,0.0,0.0,0.0,0.0,0.0,0.0,0.0,0.0,0.0,0.0,0.0,0.0,0.0,0.0,0.0,benign
0.0,0.0,0.0,0.0,0.0,0.0,0.0,0.0,0.0,0.0,0.0,0.0,0.0,0.0,0.0,0.0,0.0,0.0,0.0,0.0,0.0,0.0,0.0,0.0,0.0,0.0,0.0,0.0,0.0,0.0,benign
22.5,0.0,1.0,0.0,7.0,0.0,0.6666666666666666,0.0,2.0,2.0,0.0,54.0,2.0,0.0,32.27227912620985,2.0,2.0,1.0,1.0,2.0,0.0,0.0,0.0,24.0,0.000906,0.0,0.0003756077575077,64.0,95.5,5564.0,benign
135.0,0.0,1.0,0.0,2.0,0.0,66.4,0.0,3.0,3.0,0.0,54.0,3.0,0.0,11.0227038425243,2.0,2.0,2.0,2.0,2.0,0.0,0.0,0.0,24.0,0.031852,0.0,0.0138937551609427,64.0,95.5,5588.0,benign
12.0,0.0,1.0,0.0,1.0,0.0,0.0,0.0,2.0,2.0,0.0,54.0,1.0,0.0,10.5,2.0,2.0,1.0,1.0,1.0,0.0,0.0,0.0,24.0,0.010916,0.0,0.005458,64.0,95.5,5638.0,benign
1.0,0.0,1.0,0.0,1.0,0.0,0.0,0.0,2.0,2.0,0.0,54.0,1.0,0.0,8.5,2.0,2.0,1.0,1.0,1.0,0.0,0.0,0.0,24.0,0.025679,0.0,0.0128395,64.0,95.5,5572.0,benign
1023.0,0.0,1.0,0.0,1.0,0.0,198.0,0.0,3.0,3.0,0.0,54.0,2.0,0.0,9.0,2.0,2.0,2.0,2.0,1.0,0.0,0.0,0.0,24.0,0.019401,0.00048,0.0073721588086529,64.0,95.5,5548.0,benign
0.0,0.0,0.0,0.0,0.0,0.0,0.0,0.0,0.0,0.0,0.0,0.0,0.0,0.0,0.0,0.0,0.0,0.0,0.0,0.0,0.0,0.0,0.0,0.0,0.0,0.0,0.0,0.0,0.0,0.0,benign
1023.0,0.0,1.0,0.0,1.0,0.0,0.0,0.0,2.0,2.0,0.0,54.0,1.0,0.0,9.0,2.0,2.0,1.0,1.0,1.0,0.0,0.0,0.0,24.0,0.031639,0.0,0.0158195,64.0,95.5,5616.0,benign
0.0,0.0,0.0,0.0,0.0,0.0,0.0,0.0,0.0,0.0,0.0,0.0,0.0,0.0,0.0,0.0,0.0,0.0,0.0,0.0,0.0,0.0,0.0,0.0,0.0,0.0,0.0,0.0,0.0,0.0,benign
1023.0,0.0,1.0,0.0,1.0,0.0,0.0,0.0,2.0,2.0,0.0,54.0,1.0,0.0,9.0,2.0,2.0,1.0,1.0,1.0,0.0,0.0,0.0,24.0,0.025313,0.0,0.0126565,64.0,95.5,5626.0,benign
0.0,0.0,0.0,0.0,0.0,0.0,66.0,0.0,2.0,2.0,0.0,60.0,1.0,0.0,0.0,0.0,0.0,1.0,1.0,0.0,0.0,0.0,0.0,0.0,0.016504,0.010035,0.0032345,0.0,0.0,0.0,benign
0.0,0.0,0.0,0.0,0.0,0.0,0.0,0.0,0.0,0.0,0.0,0.0,0.0,0.0,0.0,0.0,0.0,0.0,0.0,0.0,0.0,0.0,0.0,0.0,0.0,0.0,0.0,0.0,0.0,0.0,benign
0.0,0.0,0.0,0.0,0.0,0.0,0.0,0.0,0.0,0.0,0.0,0.0,0.0,0.0,0.0,0.0,0.0,0.0,0.0,0.0,0.0,0.0,0.0,0.0,0.0,0.0,0.0,0.0,0.0,0.0,benign
212.0,0.0,1.0,0.0,2.0,0.0,25.2,0.0,3.0,3.0,0.0,54.0,3.0,0.0,10.594810050208546,2.0,2.0,2.0,2.0,2.0,0.0,0.0,0.0,24.0,0.030062,0.0,0.012797116155169,64.0,95.5,5540.0,benign
0.0,0.0,0.0,0.0,0.0,0.0,0.0,0.0,0.0,0.0,0.0,0.0,0.0,0.0,0.0,0.0,0.0,0.0,0.0,0.0,0.0,0.0,0.0,0.0,0.0,0.0,0.0,0.0,0.0,0.0,benign
0.0,0.0,0.0,0.0,0.0,0.0,0.0,0.0,0.0,0.0,0.0,0.0,0.0,0.0,0.0,0.0,0.0,0.0,0.0,0.0,0.0,0.0,0.0,0.0,0.0,0.0,0.0,0.0,0.0,0.0,benign
0.0,0.0,0.0,0.0,0.0,0.0,28.02857142857143,0.0,12.0,12.0,0.0,54.0,17.0,0.0,356.3343763308588,12.0,12.0,3.0,3.0,17.0,0.0,0.0,0.0,24.0,0.204302,0.0,0.0471838421734274,61.0,94.6713930026448,660.0,benign
0.0,0.0,0.0,0.0,0.0,0.0,0.0,0.0,0.0,0.0,0.0,0.0,0.0,0.0,0.0,0.0,0.0,0.0,0.0,0.0,0.0,0.0,0.0,0.0,0.0,0.0,0.0,0.0,0.0,0.0,benign
0.0,0.0,0.0,0.0,0.0,0.0,0.0,0.0,0.0,0.0,0.0,0.0,0.0,0.0,0.0,0.0,0.0,0.0,0.0,0.0,0.0,0.0,0.0,0.0,0.0,0.0,0.0,0.0,0.0,0.0,benign
0.0,0.0,0.0,0.0,0.0,0.0,0.0,0.0,0.0,0.0,0.0,0.0,0.0,0.0,0.0,0.0,0.0,0.0,0.0,0.0,0.0,0.0,0.0,0.0,0.0,0.0,0.0,0.0,0.0,0.0,benign
0.0,0.0,0.0,0.0,0.0,0.0,0.0,0.0,0.0,0.0,0.0,0.0,0.0,0.0,0.0,0.0,0.0,0.0,0.0,0.0,0.0,0.0,0.0,0.0,0.0,0.0,0.0,0.0,0.0,0.0,benign
0.0,0.0,0.0,0.0,0.0,0.0,14.803030303030305,2.0,33.0,33.0,0.0,60.0,35.0,0.0,949.7748417388196,2.0,2.0,3.0,3.0,2.0,0.0,0.0,0.0,24.0,0.04385,0.0,0.0125208646634249,61.0,1.5,660.0,benign
207.0,0.0,1.0,0.0,2.0,0.0,1.0,0.0,2.0,2.0,0.0,54.0,2.0,0.0,10.594810050208546,2.0,2.0,1.0,1.0,2.0,0.0,0.0,0.0,24.0,0.07302,0.0,0.0312649882776245,64.0,95.5,5538.0,benign
0.0,0.0,0.0,0.0,0.0,0.0,0.0,0.0,0.0,0.0,0.0,0.0,0.0,0.0,0.0,0.0,0.0,0.0,0.0,0.0,0.0,0.0,0.0,0.0,0.0,0.0,0.0,0.0,0.0,0.0,benign
14.0,0.0,1.0,0.0,1.0,0.0,0.0,0.0,2.0,2.0,0.0,54.0,1.0,0.0,10.5,2.0,2.0,1.0,1.0,1.0,0.0,0.0,0.0,24.0,0.095572,0.000423,0.0475745,64.0,95.5,5564.0,benign
0.0,0.0,0.0,0.0,0.0,0.0,0.0,0.0,0.0,0.0,0.0,0.0,0.0,0.0,0.0,0.0,0.0,0.0,0.0,0.0,0.0,0.0,0.0,0.0,0.0,0.0,0.0,0.0,0.0,0.0,benign
125.0,0.0,1.0,0.0,2.0,0.0,70.2,0.0,3.0,3.0,0.0,54.0,3.0,0.0,11.0227038425243,2.0,2.0,2.0,2.0,2.0,0.0,0.0,0.0,24.0,0.02726,0.0,0.0113052861443466,64.0,95.5,5542.0,benign
0.0,0.0,0.0,0.0,0.0,0.0,0.0,0.0,0.0,0.0,0.0,0.0,0.0,0.0,0.0,0.0,0.0,0.0,0.0,0.0,0.0,0.0,0.0,0.0,0.0,0.0,0.0,0.0,0.0,0.0,benign
0.0,0.0,0.0,0.0,0.0,0.0,0.0,0.0,0.0,0.0,0.0,0.0,0.0,0.0,0.0,0.0,0.0,0.0,0.0,0.0,0.0,0.0,0.0,0.0,0.0,0.0,0.0,0.0,0.0,0.0,benign
0.0,0.0,0.0,0.0,0.0,0.0,0.0,0.0,1.0,2.0,0.0,214.0,0.0,180.0,0.0,1.0,1.0,0.0,1.0,0.0,0.0,0.0,0.0,0.0,0.029623,0.029623,0.0,255.0,0.0,0.0,benign
0.0,0.0,0.0,0.0,0.0,0.0,0.0,0.0,0.0,0.0,0.0,0.0,0.0,0.0,0.0,0.0,0.0,0.0,0.0,0.0,0.0,0.0,0.0,0.0,0.0,0.0,0.0,0.0,0.0,0.0,benign
0.0,0.0,0.0,0.0,0.0,0.0,0.0,0.0,1.0,2.0,0.0,214.0,0.0,180.0,0.0,1.0,1.0,0.0,1.0,0.0,0.0,0.0,0.0,0.0,0.134884,0.134884,0.0,255.0,0.0,0.0,benign
0.0,0.0,0.0,0.0,0.0,0.0,0.0,0.0,0.0,0.0,0.0,0.0,0.0,0.0,0.0,0.0,0.0,0.0,0.0,0.0,0.0,0.0,0.0,0.0,0.0,0.0,0.0,0.0,0.0,0.0,benign
140.0,0.0,1.0,0.0,2.0,0.0,0.6666666666666666,0.0,2.0,2.0,0.0,54.0,2.0,0.0,11.0227038425243,2.0,2.0,1.0,1.0,2.0,0.0,0.0,0.0,24.0,0.011403,0.0,0.0046983367535756,64.0,95.5,5546.0,benign
0.0,0.0,0.0,0.0,0.0,0.0,0.0,0.0,0.0,2.0,0.0,198.0,0.0,0.0,0.0,0.0,0.0,0.0,1.0,0.0,0.0,0.0,0.0,0.0,0.001069,0.001069,0.0,0.0,0.0,0.0,benign
0.0,0.0,0.0,0.0,0.0,0.0,0.0,0.0,0.0,0.0,0.0,0.0,0.0,0.0,0.0,0.0,0.0,0.0,0.0,0.0,0.0,0.0,0.0,0.0,0.0,0.0,0.0,0.0,0.0,0.0,benign
0.0,0.0,0.0,0.0,0.0,0.0,0.0,0.0,0.0,0.0,0.0,0.0,0.0,0.0,0.0,0.0,0.0,0.0,0.0,0.0,0.0,0.0,0.0,0.0,0.0,0.0,0.0,0.0,0.0,0.0,benign
0.0,0.0,0.0,0.0,0.0,0.0,0.0,0.0,1.0,2.0,0.0,971.0,0.0,937.0,0.0,1.0,1.0,0.0,1.0,0.0,0.0,0.0,0.0,0.0,0.019742,0.019742,0.0,64.0,0.0,0.0,benign
0.0,0.0,0.0,0.0,0.0,0.0,0.0,0.0,0.0,0.0,0.0,0.0,0.0,0.0,0.0,0.0,0.0,0.0,0.0,0.0,0.0,0.0,0.0,0.0,0.0,0.0,0.0,0.0,0.0,0.0,benign
0.0,0.0,0.0,0.0,0.0,0.0,0.0,0.0,0.0,0.0,0.0,0.0,0.0,0.0,0.0,0.0,0.0,0.0,0.0,0.0,0.0,0.0,0.0,0.0,0.0,0.0,0.0,0.0,0.0,0.0,benign
0.0,0.0,0.0,0.0,0.0,0.0,0.0,0.0,1.0,2.0,0.0,60.0,0.0,0.0,0.0,0.0,0.0,0.0,1.0,0.0,0.0,0.0,0.0,0.0,0.001736,0.001736,0.0,0.0,0.0,0.0,benign
0.0,0.0,0.0,0.0,0.0,0.0,26.0,0.0,12.0,12.0,0.0,54.0,17.0,0.0,383.912830898363,13.0,13.0,3.0,2.0,17.0,0.0,0.0,0.0,24.0,0.101201,0.0,0.0202911761603769,61.0,94.30752738897476,660.0,benign
0.0,0.0,0.0,0.0,0.0,0.0,0.0,0.0,0.0,0.0,0.0,0.0,0.0,0.0,0.0,0.0,0.0,0.0,0.0,0.0,0.0,0.0,0.0,0.0,0.0,0.0,0.0,0.0,0.0,0.0,benign
0.0,0.0,0.0,0.0,0.0,0.0,20.0,0.0,2.0,2.0,0.0,54.0,1.0,0.0,32.526911934581186,2.0,2.0,1.0,1.0,1.0,0.0,0.0,0.0,24.0,0.035007,0.002736,0.0151828496300559,240.0,7.071067811865476,2575.0,benign
0.0,0.0,0.0,0.0,0.0,0.0,0.0,0.0,1.0,2.0,0.0,60.0,0.0,0.0,0.0,0.0,0.0,0.0,1.0,0.0,0.0,0.0,0.0,0.0,0.006314,0.006314,0.0,0.0,0.0,0.0,benign
22.3,0.0,1.0,0.0,7.0,0.0,0.8571428571428571,0.0,2.0,2.0,0.0,54.0,4.0,0.0,35.755899862819845,2.0,2.0,1.0,1.0,4.0,0.0,0.0,0.0,24.0,0.007816,0.0,0.0024315064742613,64.0,95.5,5626.0,benign
0.0,0.0,0.0,0.0,0.0,0.0,0.0,0.0,0.0,0.0,0.0,0.0,0.0,0.0,0.0,0.0,0.0,0.0,0.0,0.0,0.0,0.0,0.0,0.0,0.0,0.0,0.0,0.0,0.0,0.0,benign
0.0,2.657296462534039,0.1428571428571428,1004.8333333333334,1.0,0.0,15.97926267281106,0.0,0.4285714285714285,0.4285714285714285,1460.0,60.0,31.285714285714285,0.0,1.8874389218488288,30.428571428571427,30.285714285714285,0.1428571428571428,0.2857142857142857,1.0,29.857142857142858,30.285714285714285,0.0,24.0,0.023212868,3.2e-08,0.0017963535159545,37.0,103.43553551176645,1024.0,recon
280.0,0.0,1.0,0.0,1.0,0.0,0.0,0.0,2.0,2.0,0.0,54.0,1.0,0.0,11.0,2.0,2.0,1.0,1.0,1.0,0.0,0.0,0.0,24.0,0.027925,0.000294,0.0138155,64.0,95.5,5542.0,benign
0.0,0.0,0.0,0.0,0.0,0.0,0.0,0.0,0.0,0.0,0.0,0.0,0.0,0.0,0.0,0.0,0.0,0.0,0.0,0.0,0.0,0.0,0.0,0.0,0.0,0.0,0.0,0.0,0.0,0.0,benign
0.0,0.0,0.0,0.0,0.0,0.0,0.0,0.0,0.0,0.0,0.0,0.0,0.0,0.0,0.0,0.0,0.0,0.0,0.0,0.0,0.0,0.0,0.0,0.0,0.0,0.0,0.0,0.0,0.0,0.0,benign
0.0,0.0,0.0,0.0,0.0,0.0,0.0,0.0,0.0,0.0,0.0,0.0,0.0,0.0,0.0,0.0,0.0,0.0,0.0,0.0,0.0,0.0,0.0,0.0,0.0,0.0,0.0,0.0,0.0,0.0,benign
0.0,0.0,0.0,0.0,0.0,0.0,32.21938775510204,0.0,0.4285714285714285,0.4285714285714285,1460.0,60.0,14.0,0.0,15.67680351886654,14.285714285714286,14.285714285714286,0.2857142857142857,0.2857142857142857,0.2857142857142857,13.857142857142858,13.857142857142858,0.0,24.0,0.038871355,3.2e-08,0.0028207478098412,37.0,9.359114944480474,0.0,recon
0.0,0.0,0.0,0.0,0.0,0.0,0.0,0.0,0.0,0.0,0.0,0.0,0.0,0.0,0.0,0.0,0.0,0.0,0.0,0.0,0.0,0.0,0.0,0.0,0.0,0.0,0.0,0.0,0.0,0.0,benign
0.0,0.0,0.0,0.0,0.0,0.0,0.0,0.0,0.0,0.0,0.0,0.0,0.0,0.0,0.0,0.0,0.0,0.0,0.0,0.0,0.0,0.0,0.0,0.0,0.0,0.0,0.0,0.0,0.0,0.0,benign
0.0,0.0,0.0,0.0,0.0,0.0,0.0,0.0,0.0,0.0,0.0,0.0,0.0,0.0,0.0,0.0,0.0,0.0,0.0,0.0,0.0,0.0,0.0,0.0,0.0,0.0,0.0,0.0,0.0,0.0,benign
1023.0,0.0,1.0,0.0,1.0,0.0,0.0,0.0,2.0,2.0,0.0,54.0,1.0,0.0,9.0,2.0,2.0,1.0,1.0,1.0,0.0,0.0,0.0,24.0,0.01167,0.0,0.005835,64.0,95.5,5620.0,benign
0.0,0.0,0.0,0.0,0.0,0.0,0.0,0.0,0.0,0.0,0.0,0.0,0.0,0.0,0.0,0.0,0.0,0.0,0.0,0.0,0.0,0.0,0.0,0.0,0.0,0.0,0.0,0.0,0.0,0.0,benign
0.0,0.0,0.0,0.0,0.0,0.0,114.0,0.0,2.0,2.0,0.0,54.0,1.0,0.0,32.526911934581186,2.0,2.0,1.0,2.0,2.0,0.0,0.0,0.0,24.0,0.055566,0.004823,0.0212126264443294,239.0,7.542472332656293,3483.0,benign
0.0,0.0,0.0,0.0,0.0,0.0,19.0,0.0,2.0,2.0,0.0,60.0,1.0,0.0,0.0,0.0,0.0,1.0,1.0,0.0,0.0,0.0,0.0,0.0,0.024951,0.019233,0.0028589999999999,0.0,0.0,0.0,benign
0.0,0.0,0.0,0.0,0.0,0.0,43.5,2.0,2.0,2.0,0.0,66.0,1.0,0.0,32.526911934581186,2.0,2.0,1.0,2.0,2.0,0.0,0.0,0.0,24.0,0.039409,0.005744,0.0139679585798673,64.0,82.02438661763951,27.0,benign
0.0,0.0,0.0,0.0,0.0,0.0,0.0,0.0,1.0,2.0,0.0,214.0,0.0,180.0,0.0,1.0,1.0,0.0,1.0,0.0,0.0,0.0,0.0,0.0,0.036421,0.036421,0.0,255.0,0.0,0.0,benign
0.0,0.0,0.0,0.0,0.0,0.0,0.0,0.0,0.0,0.0,0.0,0.0,0.0,0.0,0.0,0.0,0.0,0.0,0.0,0.0,0.0,0.0,0.0,0.0,0.0,0.0,0.0,0.0,0.0,0.0,benign
-0.69,0.5840281576164704,2.0,0.0,2.0,0.0,82.0,0.0,3.0,3.0,0.0,54.0,3.0,0.0,19.327585352432298,2.0,2.0,2.0,2.0,1.0,0.0,0.0,0.0,24.0,0.038815,0.0,0.0151967625420679,64.0,90.03826347108705,5572.0,benign
0.0,0.0,0.0,0.0,0.0,0.0,0.0,0.0,0.0,0.0,0.0,0.0,0.0,0.0,0.0,0.0,0.0,0.0,0.0,0.0,0.0,0.0,0.0,0.0,0.0,0.0,0.0,0.0,0.0,0.0,benign
0.0,0.0,0.0,0.0,0.0,0.0,13.5,2.0,33.0,34.0,0.0,60.0,38.0,0.0,807.5780148072383,3.0,3.0,3.0,4.0,2.0,0.0,0.0,0.0,24.0,0.039891,0.0,0.0098784321401415,2.0,28.546258754675524,660.0,benign
0.0,0.0,0.0,0.0,0.0,0.0,0.0,0.0,0.0,0.0,0.0,0.0,0.0,0.0,0.0,0.0,0.0,0.0,0.0,0.0,0.0,0.0,0.0,0.0,0.0,0.0,0.0,0.0,0.0,0.0,benign
0.0,0.0,0.0,0.0,0.0,0.0,0.0,0.0,0.0,0.0,0.0,0.0,0.0,0.0,0.0,0.0,0.0,0.0,0.0,0.0,0.0,0.0,0.0,0.0,0.0,0.0,0.0,0.0,0.0,0.0,benign
0.0,0.0,0.0,0.0,0.0,0.0,0.0,0.0,1.0,2.0,0.0,214.0,0.0,180.0,0.0,1.0,1.0,0.0,1.0,0.0,0.0,0.0,0.0,0.0,0.034274,0.034274,0.0,255.0,0.0,0.0,benign
0.0,0.0,0.0,0.0,0.0,0.0,0.0,0.0,0.0,0.0,0.0,0.0,0.0,0.0,0.0,0.0,0.0,0.0,0.0,0.0,0.0,0.0,0.0,0.0,0.0,0.0,0.0,0.0,0.0,0.0,benign
0.0,0.0,0.0,0.0,0.0,0.0,22.0,0.0,11.0,11.0,0.0,54.0,18.0,0.0,257.7038327850379,12.0,12.0,4.0,3.0,17.0,0.0,0.0,0.0,24.0,0.028473,0.0,0.0077304302307141,61.0,94.30752738897476,660.0,benign
0.0,0.0,0.0,0.0,0.0,0.0,0.0,0.0,0.0,0.0,0.0,0.0,0.0,0.0,0.0,0.0,0.0,0.0,0.0,0.0,0.0,0.0,0.0,0.0,0.0,0.0,0.0,0.0,0.0,0.0,benign
0.0,0.0,0.0,0.0,0.0,0.0,0.0,0.0,0.0,0.0,0.0,0.0,0.0,0.0,0.0,0.0,0.0,0.0,0.0,0.0,0.0,0.0,0.0,0.0,0.0,0.0,0.0,0.0,0.0,0.0,benign
0.0,0.0,0.0,0.0,0.0,0.0,0.0,0.0,0.0,0.0,0.0,0.0,0.0,0.0,0.0,0.0,0.0,0.0,0.0,0.0,0.0,0.0,0.0,0.0,0.0,0.0,0.0,0.0,0.0,0.0,benign
-0.7,0.5880476171195662,2.0,0.0,2.0,0.0,1.0,0.0,2.0,2.0,0.0,54.0,2.0,0.0,19.327585352432298,2.0,2.0,1.0,1.0,1.0,0.0,0.0,0.0,24.0,0.02729,0.0,0.0128646293723872,64.0,90.03826347108705,5558.0,benign
1023.0,0.0,1.0,0.0,1.0,0.0,0.0,0.0,2.0,2.0,0.0,54.0,1.0,0.0,9.0,2.0,2.0,1.0,1.0,1.0,0.0,0.0,0.0,24.0,0.021468,0.0,0.010734,64.0,95.5,5618.0,benign
0.0,0.0,0.0,0.0,0.0,0.0,0.0,0.0,0.0,0.0,0.0,0.0,0.0,0.0,0.0,0.0,0.0,0.0,0.0,0.0,0.0,0.0,0.0,0.0,0.0,0.0,0.0,0.0,0.0,0.0,benign
0.0,0.0,0.0,0.0,0.0,0.0,0.0,0.0,0.0,0.0,0.0,0.0,0.0,0.0,0.0,0.0,0.0,0.0,0.0,0.0,0.0,0.0,0.0,0.0,0.0,0.0,0.0,0.0,0.0,0.0,benign
0.0,0.0,0.0,0.0,0.0,0.0,0.0,0.0,0.0,2.0,0.0,198.0,0.0,0.0,0.0,0.0,0.0,0.0,1.0,0.0,0.0,0.0,0.0,0.0,0.000544,0.000544,0.0,0.0,0.0,0.0,benign
0.0,0.0,0.0,0.0,0.0,0.0,0.0,0.0,1.0,2.0,0.0,214.0,0.0,180.0,0.0,1.0,1.0,0.0,1.0,0.0,0.0,0.0,0.0,0.0,0.001579,0.001579,0.0,255.0,0.0,0.0,benign
0.0,0.0,0.0,0.0,0.0,0.0,0.0,0.0,1.0,2.0,0.0,230.0,0.0,196.0,0.0,1.0,1.0,0.0,1.0,0.0,0.0,0.0,0.0,0.0,0.039046,0.039046,0.0,255.0,0.0,0.0,benign
0.0,0.0,0.0,0.0,0.0,0.0,0.0,0.0,0.0,0.0,0.0,0.0,0.0,0.0,0.0,0.0,0.0,0.0,0.0,0.0,0.0,0.0,0.0,0.0,0.0,0.0,0.0,0.0,0.0,0.0,benign
0.0,0.0,0.0,0.0,0.0,0.0,0.0,0.0,0.0,0.0,0.0,0.0,0.0,0.0,0.0,0.0,0.0,0.0,0.0,0.0,0.0,0.0,0.0,0.0,0.0,0.0,0.0,0.0,0.0,0.0,benign
1023.0,0.0,1.0,0.0,1.0,0.0,0.0,0.0,2.0,2.0,0.0,54.0,1.0,0.0,9.0,2.0,2.0,1.0,1.0,1.0,0.0,0.0,0.0,24.0,0.000547,0.0,0.0002735,64.0,95.5,5574.0,benign
0.0,0.0,0.0,0.0,0.0,0.0,0.0,0.0,0.0,0.0,0.0,0.0,0.0,0.0,0.0,0.0,0.0,0.0,0.0,0.0,0.0,0.0,0.0,0.0,0.0,0.0,0.0,0.0,0.0,0.0,benign
-0.7,0.5880476171195662,2.0,0.0,2.0,0.0,2.0,0.0,2.0,2.0,0.0,54.0,2.0,0.0,19.327585352432298,2.0,2.0,1.0,1.0,1.0,0.0,0.0,0.0,24.0,0.006501,0.0,0.0029968319198039,64.0,90.03826347108705,5612.0,benign
0.0,0.0,0.0,0.0,0.0,0.0,0.0,0.0,0.0,0.0,0.0,0.0,0.0,0.0,0.0,0.0,0.0,0.0,0.0,0.0,0.0,0.0,0.0,0.0,0.0,0.0,0.0,0.0,0.0,0.0,benign
0.0,0.0,0.0,0.0,0.0,0.0,0.0386710420188493,2.0,0.8571428571428571,0.8571428571428571,1460.0,60.0,16138.57142857143,0.0,718.4536015380564,1634.428571428571,1693.571428571429,0.4285714285714285,0.2857142857142857,7534.142857142857,4748.857142857143,1510.7142857142858,0.0,25.0,0.001960752,2.5e-08,0.0001119470715195,64.0,0.0,0.0,ddos
0.0,0.0,0.0,0.0,0.0,0.0,45.6,2.0,4.0,2.0,0.0,50.0,3.0,16.0,50.0,2.0,2.0,1.0,1.0,0.0,0.0,0.0,0.0,0.0,0.128805,0.0,0.0437268008777225,47.0,7.760297817881864,0.0,benign
0.0,0.0,0.0,0.0,0.0,0.0,0.0,0.0,1.0,2.0,0.0,214.0,0.0,180.0,0.0,1.0,1.0,0.0,1.0,0.0,0.0,0.0,0.0,0.0,0.022794,0.022794,0.0,255.0,0.0,0.0,benign
0.0,0.0,0.0,0.0,0.0,0.0,0.0407725821858763,0.0,1.0,0.7142857142857143,1460.0,60.0,21390.0,0.0,1.6137648186165217,2882.8571428571427,9416.57142857143,0.5714285714285714,0.7142857142857143,0.7142857142857143,3135.285714285714,21389.14285714286,0.0,24.0,0.001499822,2.5e-08,0.0001203158404081,1.0,0.1566117253945416,0.0,dos
0.0,0.0,0.0,0.0,0.0,0.0,0.0,0.0,0.0,0.0,0.0,0.0,0.0,0.0,0.0,0.0,0.0,0.0,0.0,0.0,0.0,0.0,0.0,0.0,0.0,0.0,0.0,0.0,0.0,0.0,benign
1.0,0.0,1.0,0.0,1.0,0.0,0.0,0.0,2.0,2.0,0.0,54.0,1.0,0.0,8.5,2.0,2.0,1.0,1.0,1.0,0.0,0.0,0.0,24.0,0.005645,0.0,0.0028225,64.0,95.5,5596.0,benign
0.0,0.0,0.0,0.0,0.0,0.0,0.0,0.0,0.0,0.0,0.0,0.0,0.0,0.0,0.0,0.0,0.0,0.0,0.0,0.0,0.0,0.0,0.0,0.0,0.0,0.0,0.0,0.0,0.0,0.0,benign
0.0,0.0,0.0,0.0,0.0,0.0,14.130434782608695,0.0,13.0,13.0,0.0,54.0,35.0,0.0,277.22259233455713,14.0,14.0,4.0,4.0,33.0,0.0,0.0,0.0,24.0,0.119372,0.0,0.0160160784210041,61.0,77.27645514017281,502.0,benign
144.0,0.0,1.0,0.0,2.0,0.0,0.6666666666666666,0.0,2.0,2.0,0.0,54.0,2.0,0.0,11.0227038425243,2.0,2.0,1.0,1.0,2.0,0.0,0.0,0.0,24.0,0.08731,0.0,0.037732590915381,64.0,95.5,5618.0,benign
0.0,0.0,0.0,0.0,0.0,0.0,2.0,0.0,2.0,2.0,0.0,60.0,1.0,0.0,0.0,0.0,0.0,1.0,1.0,0.0,0.0,0.0,0.0,0.0,0.017501,0.002097,0.007702,0.0,0.0,0.0,benign
0.0,0.0,0.0,0.0,0.0,0.0,369.5,0.0,2.0,3.0,0.0,60.0,0.0,180.0,0.0,1.0,1.0,0.0,2.0,0.0,0.0,0.0,0.0,0.0,0.038234,0.0,0.0166890177328951,255.0,0.0,0.0,benign
0.0,0.0,0.0,0.0,0.0,0.0,0.0,0.0,1.0,2.0,0.0,214.0,0.0,180.0,0.0,1.0,1.0,0.0,1.0,0.0,0.0,0.0,0.0,0.0,0.057503,0.057503,0.0,255.0,0.0,0.0,benign
0.0,0.0,0.0,0.0,0.0,0.0,0.0,0.0,1.0,2.0,0.0,214.0,0.0,180.0,0.0,1.0,1.0,0.0,1.0,0.0,0.0,0.0,0.0,0.0,0.015162,0.015162,0.0,255.0,0.0,0.0,benign
-0.7,0.5880476171195662,2.0,0.0,2.0,0.0,1.0,0.0,2.0,2.0,0.0,54.0,2.0,0.0,19.327585352432298,2.0,2.0,1.0,1.0,1.0,0.0,0.0,0.0,24.0,0.005586,0.0,0.0026332656531387,64.0,90.03826347108705,5606.0,benign
0.0,0.0,0.0,0.0,0.0,0.0,0.0,0.0,0.0,2.0,0.0,198.0,0.0,0.0,0.0,0.0,0.0,0.0,1.0,0.0,0.0,0.0,0.0,0.0,0.009087,0.009087,0.0,0.0,0.0,0.0,benign
0.0,0.0,0.0,0.0,0.0,0.0,0.0,0.0,1.0,2.0,0.0,214.0,0.0,180.0,0.0,1.0,1.0,0.0,1.0,0.0,0.0,0.0,0.0,0.0,0.059494,0.059494,0.0,255.0,0.0,0.0,benign
0.0,0.0,0.0,0.0,0.0,0.0,0.0,0.0,0.0,0.0,0.0,0.0,0.0,0.0,0.0,0.0,0.0,0.0,0.0,0.0,0.0,0.0,0.0,0.0,0.0,0.0,0.0,0.0,0.0,0.0,benign
0.0,0.0,0.0,0.0,0.0,0.0,0.0,0.0,0.0,0.0,0.0,0.0,0.0,0.0,0.0,0.0,0.0,0.0,0.0,0.0,0.0,0.0,0.0,0.0,0.0,0.0,0.0,0.0,0.0,0.0,benign
1023.0,0.0,1.0,0.0,1.0,0.0,277.3333333333333,0.0,3.0,3.0,0.0,54.0,2.0,0.0,9.0,2.0,2.0,2.0,2.0,1.0,0.0,0.0,0.0,24.0,0.023622,0.0,0.0088269353260347,64.0,95.5,5536.0,benign
223.0,0.0,1.0,0.0,2.0,0.0,1.6,0.0,3.0,3.0,0.0,54.0,3.0,0.0,10.594810050208546,2.0,2.0,2.0,2.0,2.0,0.0,0.0,0.0,24.0,0.030008,0.0,0.0107261380437384,64.0,95.5,5574.0,benign
0.0,0.0,0.0,0.0,0.0,0.0,0.0,0.0,1.0,2.0,0.0,230.0,0.0,196.0,0.0,1.0,1.0,0.0,1.0,0.0,0.0,0.0,0.0,0.0,0.012434,0.012434,0.0,255.0,0.0,0.0,benign
0.0,0.0,0.0,0.0,0.0,0.0,0.0,0.0,1.0,2.0,0.0,214.0,0.0,180.0,0.0,1.0,1.0,0.0,1.0,0.0,0.0,0.0,0.0,0.0,0.005841,0.005841,0.0,255.0,0.0,0.0,benign
0.0,0.0,0.0,0.0,0.0,0.0,163.66666666666666,0.0,3.0,3.0,0.0,60.0,1.0,180.0,0.0,1.0,1.0,1.0,2.0,0.0,0.0,0.0,0.0,0.0,0.029985,0.001374,0.0116973990137765,255.0,0.0,0.0,benign
0.0,0.0,0.0,0.0,0.0,0.0,0.0,0.0,0.0,0.0,0.0,0.0,0.0,0.0,0.0,0.0,0.0,0.0,0.0,0.0,0.0,0.0,0.0,0.0,0.0,0.0,0.0,0.0,0.0,0.0,benign
900.0,0.0,2.0,0.0,3.0,0.0,0.6666666666666666,0.0,2.0,2.0,0.0,54.0,2.0,0.0,22.93877721239735,2.0,2.0,1.0,1.0,2.0,0.0,0.0,0.0,24.0,0.047098,0.0,0.020078022680284,64.0,95.5,5606.0,benign
0.0,0.0,0.0,0.0,0.0,0.0,0.0,0.0,0.0,0.0,0.0,0.0,0.0,0.0,0.0,0.0,0.0,0.0,0.0,0.0,0.0,0.0,0.0,0.0,0.0,0.0,0.0,0.0,0.0,0.0,benign
0.0,0.0,0.0,0.0,0.0,0.0,0.0,0.0,0.0,0.0,0.0,0.0,0.0,0.0,0.0,0.0,0.0,0.0,0.0,0.0,0.0,0.0,0.0,0.0,0.0,0.0,0.0,0.0,0.0,0.0,benign
0.0,0.0,0.0,0.0,0.0,0.0,0.0,0.0,0.0,0.0,0.0,0.0,0.0,0.0,0.0,0.0,0.0,0.0,0.0,0.0,0.0,0.0,0.0,0.0,0.0,0.0,0.0,0.0,0.0,0.0,benign
0.0,0.0,0.0,0.0,0.0,0.0,0.0,0.0,0.0,0.0,0.0,0.0,0.0,0.0,0.0,0.0,0.0,0.0,0.0,0.0,0.0,0.0,0.0,0.0,0.0,0.0,0.0,0.0,0.0,0.0,benign
0.0,0.0,0.0,0.0,0.0,0.0,22.02380952380953,0.0,13.0,13.0,0.0,54.0,21.0,0.0,362.0312772769887,13.0,13.0,4.0,3.0,18.0,0.0,0.0,0.0,24.0,0.113439,0.0,0.0230586973807668,61.0,94.76786447592092,660.0,benign
0.0,0.0,0.0,0.0,0.0,0.0,0.0,0.0,1.0,2.0,0.0,214.0,0.0,180.0,0.0,1.0,1.0,0.0,1.0,0.0,0.0,0.0,0.0,0.0,0.050032,0.050032,0.0,255.0,0.0,0.0,benign
0.0,0.0,1.0,0.0,1.0,0.0,18.8,0.0,2.0,2.0,0.0,54.0,3.0,0.0,5.367080729368206,2.0,2.0,2.0,2.0,3.0,0.0,0.0,0.0,24.0,0.047936,0.0,0.01944753167214,64.0,95.5,5550.0,benign
0.0,0.0,0.0,0.0,0.0,0.0,306.5,0.0,2.0,3.0,0.0,54.0,0.0,0.0,84.8528137423857,2.0,2.0,0.0,2.0,0.0,1.0,0.0,0.0,20.0,0.050788,0.000517,0.020572221405467,255.0,0.0,2061.0,benign
0.0,0.0,0.0,0.0,0.0,0.0,0.0,0.0,0.0,0.0,0.0,0.0,0.0,0.0,0.0,0.0,0.0,0.0,0.0,0.0,0.0,0.0,0.0,0.0,0.0,0.0,0.0,0.0,0.0,0.0,benign
0.0,0.0,0.0,0.0,0.0,0.0,19.869565217391305,0.0,12.0,12.0,0.0,54.0,23.0,0.0,396.3060500263154,13.0,13.0,3.0,2.0,23.0,0.0,0.0,0.0,24.0,0.149666,0.0,0.0340879443561141,61.0,95.07464842533231,660.0,benign
0.0,0.0,0.0,0.0,0.0,0.0,0.0,0.0,0.0,0.0,0.0,0.0,0.0,0.0,0.0,0.0,0.0,0.0,0.0,0.0,0.0,0.0,0.0,0.0,0.0,0.0,0.0,0.0,0.0,0.0,benign
0.0,0.0,1.0,0.0,1.0,0.0,0.0,0.0,2.0,2.0,0.0,54.0,1.0,0.0,7.5,2.0,2.0,1.0,1.0,1.0,0.0,0.0,0.0,24.0,0.011122,0.0,0.005561,64.0,95.5,5624.0,benign
0.0,0.0,0.0,0.0,0.0,0.0,0.0,0.0,0.0,0.0,0.0,0.0,0.0,0.0,0.0,0.0,0.0,0.0,0.0,0.0,0.0,0.0,0.0,0.0,0.0,0.0,0.0,0.0,0.0,0.0,benign
0.0,0.0,0.0,0.0,0.0,0.0,0.0,0.0,0.0,2.0,0.0,198.0,0.0,0.0,0.0,0.0,0.0,0.0,1.0,0.0,0.0,0.0,0.0,0.0,0.028051,0.028051,0.0,0.0,0.0,0.0,benign
0.0,0.0,0.0,0.0,0.0,0.0,0.0,0.0,0.0,0.0,0.0,0.0,0.0,0.0,0.0,0.0,0.0,0.0,0.0,0.0,0.0,0.0,0.0,0.0,0.0,0.0,0.0,0.0,0.0,0.0,benign
0.0,0.0,0.0,0.0,0.0,0.0,38.0,0.0,2.0,2.0,0.0,60.0,1.0,0.0,0.0,0.0,0.0,1.0,1.0,0.0,0.0,0.0,0.0,0.0,0.04294,0.038041,0.0024494999999999,0.0,0.0,0.0,benign
0.0,0.0,0.0,0.0,0.0,0.0,74.14285714285714,2.0,3.0,3.0,0.0,60.0,1.0,338.0,32.03123475609393,1.0,1.0,1.0,2.0,0.0,0.0,0.0,0.0,0.0,0.007394,0.001478,0.002153830062354,1.0,0.0,0.0,benign
0.0,0.0,0.0,0.0,0.0,0.0,0.0,0.0,0.0,0.0,0.0,0.0,0.0,0.0,0.0,0.0,0.0,0.0,0.0,0.0,0.0,0.0,0.0,0.0,0.0,0.0,0.0,0.0,0.0,0.0,benign
0.0,0.0,0.0,0.0,0.0,0.0,0.0,0.0,0.0,0.0,0.0,0.0,0.0,0.0,0.0,0.0,0.0,0.0,0.0,0.0,0.0,0.0,0.0,0.0,0.0,0.0,0.0,0.0,0.0,0.0,benign
0.0,0.0,0.0,0.0,0.0,0.0,0.0,0.0,0.0,0.0,0.0,0.0,0.0,0.0,0.0,0.0,0.0,0.0,0.0,0.0,0.0,0.0,0.0,0.0,0.0,0.0,0.0,0.0,0.0,0.0,benign
0.0,0.0,0.0,0.0,0.0,0.0,0.0,0.0,0.0,0.0,0.0,0.0,0.0,0.0,0.0,0.0,0.0,0.0,0.0,0.0,0.0,0.0,0.0,0.0,0.0,0.0,0.0,0.0,0.0,0.0,benign
0.0,0.0,0.0,0.0,0.0,0.0,48.0,0.0,2.0,2.0,0.0,60.0,1.0,0.0,0.0,0.0,0.0,1.0,1.0,0.0,0.0,0.0,0.0,0.0,0.015599,0.0,0.0077995,0.0,0.0,0.0,benign
0.0,0.0,0.0,0.0,0.0,0.0,0.0,0.0,0.0,0.0,0.0,0.0,0.0,0.0,0.0,0.0,0.0,0.0,0.0,0.0,0.0,0.0,0.0,0.0,0.0,0.0,0.0,0.0,0.0,0.0,benign
0.0,0.0,0.0,0.0,0.0,0.0,0.0,0.0,0.0,0.0,0.0,0.0,0.0,0.0,0.0,0.0,0.0,0.0,0.0,0.0,0.0,0.0,0.0,0.0,0.0,0.0,0.0,0.0,0.0,0.0,benign
0.0,0.0,0.0,0.0,0.0,0.0,0.0,0.0,0.0,0.0,0.0,0.0,0.0,0.0,0.0,0.0,0.0,0.0,0.0,0.0,0.0,0.0,0.0,0.0,0.0,0.0,0.0,0.0,0.0,0.0,benign
0.0,0.0,0.0,0.0,0.0,0.0,2.705222437137331,2.0,0.2857142857142857,0.2857142857142857,1460.0,66.0,181.42857142857144,0.0,661.277763455379,31.0,31.0,0.1428571428571428,0.2857142857142857,48.285714285714285,0.0,61.142857142857146,0.0,24.0,0.023688,0.0,0.0042601306182216,63.0,0.4999208897079294,477.0,web
0.0,0.0,0.0,0.0,0.0,0.0,0.0,0.0,0.0,0.0,0.0,0.0,0.0,0.0,0.0,0.0,0.0,0.0,0.0,0.0,0.0,0.0,0.0,0.0,0.0,0.0,0.0,0.0,0.0,0.0,benign
0.0,0.0,0.0,0.0,0.0,0.0,0.0,0.0,0.0,0.0,0.0,0.0,0.0,0.0,0.0,0.0,0.0,0.0,0.0,0.0,0.0,0.0,0.0,0.0,0.0,0.0,0.0,0.0,0.0,0.0,benign
0.0,0.0,0.0,0.0,0.0,0.0,0.0,0.0,0.0,0.0,0.0,0.0,0.0,0.0,0.0,0.0,0.0,0.0,0.0,0.0,0.0,0.0,0.0,0.0,0.0,0.0,0.0,0.0,0.0,0.0,benign
0.0,0.0,0.0,0.0,0.0,0.0,0.0,0.0,0.0,0.0,0.0,0.0,0.0,0.0,0.0,0.0,0.0,0.0,0.0,0.0,0.0,0.0,0.0,0.0,0.0,0.0,0.0,0.0,0.0,0.0,benign
0.0,0.0,0.0,0.0,0.0,0.0,0.0,0.0,0.0,0.0,0.0,0.0,0.0,0.0,0.0,0.0,0.0,0.0,0.0,0.0,0.0,0.0,0.0,0.0,0.0,0.0,0.0,0.0,0.0,0.0,benign
144.0,0.0,1.0,0.0,2.0,0.0,0.6666666666666666,0.0,2.0,2.0,0.0,54.0,2.0,0.0,11.0227038425243,2.0,2.0,1.0,1.0,2.0,0.0,0.0,0.0,24.0,0.025234,0.0,0.0106281602447225,64.0,95.5,5538.0,benign
0.0,0.0,0.0,0.0,0.0,0.0,0.0,0.0,0.0,0.0,0.0,0.0,0.0,0.0,0.0,0.0,0.0,0.0,0.0,0.0,0.0,0.0,0.0,0.0,0.0,0.0,0.0,0.0,0.0,0.0,benign
0.0,0.0,0.0,0.0,0.0,0.0,38.61538461538461,2.0,4.0,4.0,0.0,66.0,4.0,0.0,484.8515499719518,5.0,5.0,3.0,4.0,4.0,0.0,0.0,0.0,24.0,0.063205,0.0,0.0177011873112961,53.0,4.5,152.0,benign
0.0,0.0,0.0,0.0,0.0,0.0,58.0,0.0,3.0,3.0,0.0,54.0,1.0,0.0,64.5,3.0,3.0,1.0,3.0,2.0,0.0,0.0,0.0,24.0,0.082424,0.000434,0.0337921220728663,238.0,7.361215932167728,1885.0,benign
0.0,0.0,0.0,0.0,0.0,0.0,0.0,0.0,0.0,0.0,0.0,0.0,0.0,0.0,0.0,0.0,0.0,0.0,0.0,0.0,0.0,0.0,0.0,0.0,0.0,0.0,0.0,0.0,0.0,0.0,benign
0.0,0.0,0.0,0.0,0.0,0.0,120.0,0.0,2.0,2.0,0.0,54.0,1.0,0.0,32.526911934581186,2.0,2.0,1.0,2.0,2.0,0.0,0.0,0.0,24.0,0.038446,0.023765,0.0063386394088601,238.0,8.013876853447337,3966.0,benign
22.5,0.0,1.0,0.0,7.0,0.0,88.14285714285714,0.0,3.0,3.0,0.0,54.0,4.0,0.0,59.9748645267332,3.0,4.0,2.0,2.0,2.0,0.0,0.0,0.0,24.0,0.009277,0.0,0.0029939460556888,64.0,95.5,5548.0,benign
0.0,0.0,0.0,0.0,0.0,0.0,0.0,0.0,1.0,2.0,0.0,214.0,0.0,180.0,0.0,1.0,1.0,0.0,1.0,0.0,0.0,0.0,0.0,0.0,0.033416,0.033416,0.0,255.0,0.0,0.0,benign
0.0,0.0,0.0,0.0,0.0,0.0,1602.25,0.0,0.4285714285714285,0.4285714285714285,0.0,60.0,0.1428571428571428,180.0,0.0,0.1428571428571428,0.1428571428571428,0.1428571428571428,0.2857142857142857,0.0,0.0,0.0,0.0,0.0,0.03779047,0.000777551,0.014700594542913,255.0,0.0,0.0,recon
0.0,0.0,0.0,0.0,0.0,0.0,0.0,0.0,0.0,0.0,0.0,0.0,0.0,0.0,0.0,0.0,0.0,0.0,0.0,0.0,0.0,0.0,0.0,0.0,0.0,0.0,0.0,0.0,0.0,0.0,benign
280.0,0.0,1.0,0.0,1.0,0.0,0.0,0.0,2.0,2.0,0.0,54.0,1.0,0.0,11.0,2.0,2.0,1.0,1.0,1.0,0.0,0.0,0.0,24.0,0.009961,0.0,0.0049805,64.0,95.5,5542.0,benign
0.0,0.0,0.0,0.0,0.0,0.0,0.0,0.0,1.0,2.0,0.0,214.0,0.0,180.0,0.0,1.0,1.0,0.0,1.0,0.0,0.0,0.0,0.0,0.0,0.006507,0.006507,0.0,255.0,0.0,0.0,benign
0.0,0.0,0.0,0.0,0.0,0.0,206.0,0.0,1.0,3.0,0.0,60.0,1.0,0.0,0.0,0.0,0.0,1.0,1.0,0.0,0.0,0.0,0.0,0.0,0.018381,0.012349,0.003016,0.0,0.0,0.0,benign
0.0,1.5,0.1428571428571428,0.0,0.2857142857142857,0.0,0.009270018540037,0.0,1.0,1.1428571428571428,0.0,60.0,107499.42857142857,0.0,0.0555369773342536,590.2857142857143,9416.57142857143,0.4285714285714285,0.2857142857142857,107498.85714285714,603.4285714285714,0.0,0.0,24.0,0.000587601,2.6e-08,5.046223106164339e-05,64.0,14.235272864309632,512.0,ddos
210.0,0.0,1.0,0.0,2.0,0.0,0.0,0.0,2.0,2.0,0.0,54.0,1.0,0.0,11.5,2.0,2.0,1.0,1.0,1.0,0.0,0.0,0.0,24.0,0.001096,0.0,0.000548,64.0,95.5,5574.0,benign
0.0,0.0,0.0,0.0,0.0,0.0,0.0,0.0,0.0,0.0,0.0,0.0,0.0,0.0,0.0,0.0,0.0,0.0,0.0,0.0,0.0,0.0,0.0,0.0,0.0,0.0,0.0,0.0,0.0,0.0,benign
0.0,0.0,0.0,0.0,0.0,0.0,0.0,0.0,0.0,0.0,0.0,0.0,0.0,0.0,0.0,0.0,0.0,0.0,0.0,0.0,0.0,0.0,0.0,0.0,0.0,0.0,0.0,0.0,0.0,0.0,benign
0.0,0.0,0.0,0.0,0.0,6639.571428571428,0.0755498953094307,0.0,0.2857142857142857,0.4285714285714285,0.0,60.0,12063.57142857143,0.0,510.488014851342,1136.2857142857142,4694.285714285715,1.0,0.4285714285714285,0.0,1172.571428571429,0.0,0.0,16.0,0.001249784,-3.3e-08,0.0001569655886962,64.0,0.0,0.0,dos
0.0,0.0,0.0,0.0,0.0,0.0,0.0,0.0,0.0,0.0,0.0,0.0,0.0,0.0,0.0,0.0,0.0,0.0,0.0,0.0,0.0,0.0,0.0,0.0,0.0,0.0,0.0,0.0,0.0,0.0,benign
0.0,0.0,0.0,0.0,0.0,0.0,196.0,0.0,2.0,2.0,0.0,54.0,1.0,0.0,32.526911934581186,2.0,2.0,1.0,2.0,2.0,0.0,0.0,0.0,24.0,0.03183,0.005724,0.0120000835923014,238.0,8.013876853447337,2713.0,benign
0.0,0.0,0.0,0.0,0.0,0.0,0.0,0.0,0.0,0.0,0.0,0.0,0.0,0.0,0.0,0.0,0.0,0.0,0.0,0.0,0.0,0.0,0.0,0.0,0.0,0.0,0.0,0.0,0.0,0.0,benign
0.0,0.0,0.0,0.0,0.0,0.0,0.0,0.0,0.0,0.0,0.0,0.0,0.0,0.0,0.0,0.0,0.0,0.0,0.0,0.0,0.0,0.0,0.0,0.0,0.0,0.0,0.0,0.0,0.0,0.0,benign
0.0,0.0,0.0,0.0,0.0,0.0,65.8,2.0,6.0,4.0,0.0,66.0,6.0,0.0,665.8909398705263,6.0,6.0,4.0,4.0,6.0,0.0,0.0,0.0,24.0,0.078154,0.0,0.0220717483503158,51.0,5.010732283462044,152.0,benign
0.0,0.0,0.0,0.0,0.0,0.0,0.0,0.0,0.0,0.0,0.0,0.0,0.0,0.0,0.0,0.0,0.0,0.0,0.0,0.0,0.0,0.0,0.0,0.0,0.0,0.0,0.0,0.0,0.0,0.0,benign
1023.0,0.0,1.0,0.0,1.0,0.0,0.0,0.0,2.0,2.0,0.0,54.0,1.0,0.0,9.0,2.0,2.0,1.0,1.0,1.0,0.0,0.0,0.0,24.0,0.008223,0.0,0.0041115,64.0,95.5,5646.0,benign
0.0,0.0,0.0,0.0,0.0,0.0,337.0,0.0,2.0,2.0,0.0,60.0,0.0,196.0,0.0,1.0,1.0,0.0,2.0,0.0,0.0,0.0,0.0,0.0,0.150001,0.056457,0.0467719999999999,255.0,0.0,0.0,benign
0.0,0.0,0.0,0.0,0.0,0.0,0.0,0.0,0.0,0.0,0.0,0.0,0.0,0.0,0.0,0.0,0.0,0.0,0.0,0.0,0.0,0.0,0.0,0.0,0.0,0.0,0.0,0.0,0.0,0.0,benign
0.0,0.0,2.0,0.0,2.0,0.0,7.0,0.0,2.0,2.0,0.0,54.0,2.0,0.0,8.956685895029603,2.0,2.0,1.0,1.0,1.0,0.0,0.0,0.0,24.0,0.002509,0.0,0.0010806316054357,64.0,90.03826347108705,5540.0,benign
-0.7,0.5923399924592857,2.0,0.0,2.0,0.0,8.0,0.0,3.0,3.0,0.0,54.0,3.0,0.0,19.327585352432298,2.0,2.0,2.0,2.0,1.0,0.0,0.0,0.0,24.0,0.028968,0.0,0.0110662707286601,64.0,90.03826347108705,5622.0,benign
0.0,0.0,0.0,0.0,0.0,0.0,42.333333333333336,0.0,2.0,2.0,0.0,54.0,2.0,0.0,1.0,2.0,2.0,2.0,2.0,2.0,0.0,0.0,0.0,24.0,0.010137,0.0,0.0040550749068297,64.0,95.5,5582.0,benign
0.0,0.0,0.0,0.0,0.0,0.0,72.0,2.0,3.0,2.0,0.0,60.0,2.0,0.0,85.73343701393419,2.0,2.0,2.0,3.0,2.0,0.0,0.0,0.0,24.0,0.029382,0.000927,0.0120900475168627,51.0,6.128258770283395,166.0,benign
0.0,0.0,0.0,0.0,0.0,0.0,0.0,0.0,0.0,0.0,0.0,0.0,0.0,0.0,0.0,0.0,0.0,0.0,0.0,0.0,0.0,0.0,0.0,0.0,0.0,0.0,0.0,0.0,0.0,0.0,benign
0.0,0.0,0.0,0.0,0.0,0.0,245.5,0.0,3.0,3.0,0.0,60.0,1.0,937.0,0.0,1.0,1.0,1.0,2.0,0.0,0.0,0.0,0.0,0.0,0.039916,0.000497,0.0160975353047877,64.0,0.0,0.0,benign
0.0,0.0,0.0,0.0,0.0,0.0,0.0,0.0,0.0,0.0,0.0,0.0,0.0,0.0,0.0,0.0,0.0,0.0,0.0,0.0,0.0,0.0,0.0,0.0,0.0,0.0,0.0,0.0,0.0,0.0,benign
0.0,0.0,0.0,0.0,0.0,0.0,19.59375,0.0,11.0,11.0,0.0,54.0,16.0,0.0,394.85670820990936,12.0,12.0,3.0,2.0,16.0,0.0,0.0,0.0,24.0,0.121966,0.0,0.0269764295849793,61.0,94.55609885690954,660.0,benign
0.0,0.0,0.0,0.0,0.0,0.0,0.0,0.0,0.0,0.0,0.0,0.0,0.0,0.0,0.0,0.0,0.0,0.0,0.0,0.0,0.0,0.0,0.0,0.0,0.0,0.0,0.0,0.0,0.0,0.0,benign
0.0,0.0,0.0,0.0,0.0,0.0,32.0,0.0,2.0,2.0,0.0,60.0,1.0,0.0,0.0,0.0,0.0,1.0,1.0,0.0,0.0,0.0,0.0,0.0,0.039893,0.031393,0.00425,0.0,0.0,0.0,benign
0.0,0.0,0.0,0.0,0.0,0.0,28.0,0.0,2.0,2.0,0.0,60.0,1.0,0.0,0.0,0.0,0.0,1.0,1.0,0.0,0.0,0.0,0.0,0.0,0.00805,0.001519,0.0028951804012108,0.0,0.0,0.0,benign
0.0,0.0,0.0,0.0,0.0,0.0,0.0,0.0,0.0,2.0,0.0,198.0,0.0,0.0,0.0,0.0,0.0,0.0,1.0,0.0,0.0,0.0,0.0,0.0,0.021114,0.021114,0.0,0.0,0.0,0.0,benign
0.0,0.0,0.0,0.0,0.0,0.0,0.0,0.0,0.0,0.0,0.0,0.0,0.0,0.0,0.0,0.0,0.0,0.0,0.0,0.0,0.0,0.0,0.0,0.0,0.0,0.0,0.0,0.0,0.0,0.0,benign
889.0,1.2936264483200377,0.2857142857142857,1039.6666666666667,3.0,6894.428571428572,0.0846760536120385,0.0,0.1428571428571428,1.0,0.0,60.0,11809.714285714286,328.0,470.60707702321656,0.0,0.0,0.1428571428571428,0.1428571428571428,0.0,0.0,0.0,0.0,0.0,0.001278835,2.6e-08,0.0001632498788821,64.0,0.0,0.0,ddos
0.0,0.0,0.0,0.0,0.0,0.0,0.0,0.0,0.0,0.0,0.0,0.0,0.0,0.0,0.0,0.0,0.0,0.0,0.0,0.0,0.0,0.0,0.0,0.0,0.0,0.0,0.0,0.0,0.0,0.0,benign
0.0,0.0,0.0,0.0,0.0,0.0,0.0,0.0,0.0,2.0,0.0,198.0,0.0,0.0,0.0,0.0,0.0,0.0,1.0,0.0,0.0,0.0,0.0,0.0,0.001282,0.001282,0.0,0.0,0.0,0.0,benign
0.0,0.0,0.0,0.0,0.0,0.0,1.5,2.0,2.0,2.0,0.0,66.0,3.0,0.0,562.8060411900356,2.0,2.0,2.0,2.0,2.0,0.0,0.0,0.0,24.0,0.025499,0.0,0.0098379382880764,61.0,1.4696938456698574,660.0,benign
0.0,0.0,0.0,0.0,0.0,0.0,0.0,0.0,0.0,0.0,0.0,0.0,0.0,0.0,0.0,0.0,0.0,0.0,0.0,0.0,0.0,0.0,0.0,0.0,0.0,0.0,0.0,0.0,0.0,0.0,benign
2.0,0.0,1.0,0.0,1.0,0.0,0.0,0.0,2.0,2.0,0.0,54.0,1.0,0.0,8.5,2.0,2.0,1.0,1.0,1.0,0.0,0.0,0.0,24.0,0.080435,0.0,0.0402175,64.0,95.5,5592.0,benign
0.0,0.0,0.0,0.0,0.0,0.0,0.0,0.0,0.0,0.0,0.0,0.0,0.0,0.0,0.0,0.0,0.0,0.0,0.0,0.0,0.0,0.0,0.0,0.0,0.0,0.0,0.0,0.0,0.0,0.0,benign
0.0,0.0,0.0,0.0,0.0,0.0,28.0,2.0,2.0,2.0,0.0,66.0,4.0,0.0,20.03746490951388,2.0,2.0,2.0,2.0,4.0,0.0,0.0,0.0,24.0,0.158914,0.0,0.0527171446078917,53.0,5.5,152.0,benign
14.0,0.0,1.0,0.0,1.0,0.0,0.0,0.0,2.0,2.0,0.0,54.0,1.0,0.0,10.5,2.0,2.0,1.0,1.0,1.0,0.0,0.0,0.0,24.0,0.043874,0.0,0.021937,64.0,95.5,5634.0,benign
0.0,0.0,0.0,0.0,0.0,0.0,0.0,0.0,0.0,0.0,0.0,0.0,0.0,0.0,0.0,0.0,0.0,0.0,0.0,0.0,0.0,0.0,0.0,0.0,0.0,0.0,0.0,0.0,0.0,0.0,benign
0.0,0.0,0.0,0.0,0.0,0.0,31.0,0.0,2.0,2.0,0.0,60.0,1.0,0.0,0.0,0.0,0.0,1.0,1.0,0.0,0.0,0.0,0.0,0.0,0.046748,0.004572,0.0175913947207781,0.0,0.0,0.0,benign
79.0,0.0,1.0,0.0,2.0,0.0,3.333333333333333,0.0,2.0,2.0,0.0,54.0,2.0,0.0,10.80219885023415,2.0,2.0,1.0,1.0,2.0,0.0,0.0,0.0,24.0,0.009672,0.0,0.0040305745248041,64.0,95.5,5598.0,benign
3.0,0.0,1.0,0.0,1.0,0.0,0.0,0.0,2.0,2.0,0.0,54.0,1.0,0.0,8.5,2.0,2.0,1.0,1.0,1.0,0.0,0.0,0.0,24.0,0.036211,0.0,0.0181055,64.0,95.5,5650.0,benign
0.0,0.0,0.0,0.0,0.0,0.0,0.0,0.0,0.0,2.0,0.0,198.0,0.0,0.0,0.0,0.0,0.0,0.0,1.0,0.0,0.0,0.0,0.0,0.0,0.024895,0.024895,0.0,0.0,0.0,0.0,benign
12.0,0.0,1.0,0.0,1.0,0.0,22.6,0.0,2.0,2.0,0.0,54.0,3.0,0.0,7.581043610362773,2.0,2.0,2.0,2.0,3.0,0.0,0.0,0.0,24.0,0.015719,0.0,0.0056250833006177,64.0,95.5,5596.0,benign
0.0,0.0,0.0,0.0,0.0,0.0,0.0,0.0,0.0,0.0,0.0,0.0,0.0,0.0,0.0,0.0,0.0,0.0,0.0,0.0,0.0,0.0,0.0,0.0,0.0,0.0,0.0,0.0,0.0,0.0,benign
0.0,0.0,0.0,0.0,0.0,0.0,0.0,0.0,0.0,0.0,0.0,0.0,0.0,0.0,0.0,0.0,0.0,0.0,0.0,0.0,0.0,0.0,0.0,0.0,0.0,0.0,0.0,0.0,0.0,0.0,benign
915.0,0.0,2.0,0.0,3.0,0.0,1.3333333333333333,0.0,2.0,2.0,0.0,54.0,2.0,0.0,22.93877721239735,2.0,2.0,1.0,1.0,2.0,0.0,0.0,0.0,24.0,0.003069,0.0,0.0012540198114463,64.0,95.5,5638.0,benign
0.0,0.0,0.0,0.0,0.0,0.0,0.0,0.0,0.0,0.0,0.0,0.0,0.0,0.0,0.0,0.0,0.0,0.0,0.0,0.0,0.0,0.0,0.0,0.0,0.0,0.0,0.0,0.0,0.0,0.0,benign
0.0,0.0,0.0,0.0,0.0,0.0,0.0,0.0,0.0,0.0,0.0,0.0,0.0,0.0,0.0,0.0,0.0,0.0,0.0,0.0,0.0,0.0,0.0,0.0,0.0,0.0,0.0,0.0,0.0,0.0,benign
0.0,0.0,0.0,0.0,0.0,0.0,0.0,0.0,0.0,0.0,0.0,0.0,0.0,0.0,0.0,0.0,0.0,0.0,0.0,0.0,0.0,0.0,0.0,0.0,0.0,0.0,0.0,0.0,0.0,0.0,benign
0.0,0.0,0.0,0.0,0.0,0.0,0.0,0.0,0.0,0.0,0.0,0.0,0.0,0.0,0.0,0.0,0.0,0.0,0.0,0.0,0.0,0.0,0.0,0.0,0.0,0.0,0.0,0.0,0.0,0.0,benign
0.0,0.0,0.0,0.0,0.0,0.0,0.0,0.0,0.0,0.0,0.0,0.0,0.0,0.0,0.0,0.0,0.0,0.0,0.0,0.0,0.0,0.0,0.0,0.0,0.0,0.0,0.0,0.0,0.0,0.0,benign
0.0,0.0,0.0,0.0,0.0,0.0,0.0,0.0,0.0,0.0,0.0,0.0,0.0,0.0,0.0,0.0,0.0,0.0,0.0,0.0,0.0,0.0,0.0,0.0,0.0,0.0,0.0,0.0,0.0,0.0,benign
0.0,0.0,0.0,0.0,0.0,0.0,0.0,0.0,0.0,0.0,0.0,0.0,0.0,0.0,0.0,0.0,0.0,0.0,0.0,0.0,0.0,0.0,0.0,0.0,0.0,0.0,0.0,0.0,0.0,0.0,benign
1023.0,0.0,1.0,0.0,1.0,0.0,0.0,0.0,2.0,2.0,0.0,54.0,1.0,0.0,9.0,2.0,2.0,1.0,1.0,1.0,0.0,0.0,0.0,24.0,0.013043,0.0,0.0065215,64.0,95.5,5536.0,benign
0.0,0.0,0.0,0.0,0.0,0.0,0.0,0.0,0.0,0.0,0.0,0.0,0.0,0.0,0.0,0.0,0.0,0.0,0.0,0.0,0.0,0.0,0.0,0.0,0.0,0.0,0.0,0.0,0.0,0.0,benign
0.0,0.0,0.0,0.0,0.0,0.0,0.0,0.0,0.0,0.0,0.0,0.0,0.0,0.0,0.0,0.0,0.0,0.0,0.0,0.0,0.0,0.0,0.0,0.0,0.0,0.0,0.0,0.0,0.0,0.0,benign
0.0,0.0,0.0,0.0,0.0,0.0,0.0,0.0,0.0,0.0,0.0,0.0,0.0,0.0,0.0,0.0,0.0,0.0,0.0,0.0,0.0,0.0,0.0,0.0,0.0,0.0,0.0,0.0,0.0,0.0,benign
0.0,0.0,0.0,0.0,0.0,0.0,0.0,0.0,0.0,0.0,0.0,0.0,0.0,0.0,0.0,0.0,0.0,0.0,0.0,0.0,0.0,0.0,0.0,0.0,0.0,0.0,0.0,0.0,0.0,0.0,benign
915.0,0.0,2.0,0.0,3.0,0.0,1.3333333333333333,0.0,2.0,2.0,0.0,54.0,2.0,0.0,22.93877721239735,2.0,2.0,1.0,1.0,2.0,0.0,0.0,0.0,24.0,0.013806,0.0,0.0056363621246332,64.0,95.5,5636.0,benign
0.0,0.0,0.0,0.0,0.0,0.0,0.0,0.0,0.0,0.0,0.0,0.0,0.0,0.0,0.0,0.0,0.0,0.0,0.0,0.0,0.0,0.0,0.0,0.0,0.0,0.0,0.0,0.0,0.0,0.0,benign
0.0,0.0,0.0,0.0,0.0,0.0,0.0,0.0,0.0,0.0,0.0,0.0,0.0,0.0,0.0,0.0,0.0,0.0,0.0,0.0,0.0,0.0,0.0,0.0,0.0,0.0,0.0,0.0,0.0,0.0,benign
1.0,0.0,1.0,0.0,1.0,0.0,0.0,0.0,2.0,2.0,0.0,54.0,1.0,0.0,7.5,2.0,2.0,1.0,1.0,1.0,0.0,0.0,0.0,24.0,0.009613,0.0,0.0048065,64.0,95.5,5596.0,benign
0.0,0.0,0.0,0.0,0.0,0.0,0.335615411523662,0.0,0.4285714285714285,0.4285714285714285,1460.0,60.0,1428.7142857142858,0.0,0.0,144.28571428571428,144.28571428571428,0.2857142857142857,0.2857142857142857,0.0,1428.571428571429,1428.571428571429,0.0,20.0,0.049367667,2.7e-08,0.000922791348393,37.0,9.297915883546173,0.0,recon
914.0,0.0,2.0,0.0,3.0,0.0,3.6666666666666665,0.0,2.0,2.0,0.0,54.0,2.0,0.0,22.93877721239735,2.0,2.0,1.0,1.0,2.0,0.0,0.0,0.0,24.0,0.019539,0.0,0.0081022205289661,64.0,95.5,5544.0,benign
0.0,0.0,0.0,0.0,0.0,0.0,0.0,0.0,0.0,0.0,0.0,0.0,0.0,0.0,0.0,0.0,0.0,0.0,0.0,0.0,0.0,0.0,0.0,0.0,0.0,0.0,0.0,0.0,0.0,0.0,benign
0.0,0.0,0.0,0.0,0.0,0.0,0.0,0.0,0.0,0.0,0.0,0.0,0.0,0.0,0.0,0.0,0.0,0.0,0.0,0.0,0.0,0.0,0.0,0.0,0.0,0.0,0.0,0.0,0.0,0.0,benign
0.0,0.0,0.0,0.0,0.0,0.0,0.0,0.0,0.0,0.0,0.0,0.0,0.0,0.0,0.0,0.0,0.0,0.0,0.0,0.0,0.0,0.0,0.0,0.0,0.0,0.0,0.0,0.0,0.0,0.0,benign
0.0,0.0,0.0,0.0,0.0,0.0,0.0,0.0,0.0,0.0,0.0,0.0,0.0,0.0,0.0,0.0,0.0,0.0,0.0,0.0,0.0,0.0,0.0,0.0,0.0,0.0,0.0,0.0,0.0,0.0,benign
0.0,0.0,0.0,0.0,0.0,0.0,0.0,0.0,0.0,0.0,0.0,0.0,0.0,0.0,0.0,0.0,0.0,0.0,0.0,0.0,0.0,0.0,0.0,0.0,0.0,0.0,0.0,0.0,0.0,0.0,benign
0.0,0.0,0.0,0.0,0.0,0.0,0.0,0.0,0.0,0.0,0.0,0.0,0.0,0.0,0.0,0.0,0.0,0.0,0.0,0.0,0.0,0.0,0.0,0.0,0.0,0.0,0.0,0.0,0.0,0.0,benign
0.0,0.0,0.0,0.0,0.0,0.0,0.0,0.0,0.0,0.0,0.0,0.0,0.0,0.0,0.0,0.0,0.0,0.0,0.0,0.0,0.0,0.0,0.0,0.0,0.0,0.0,0.0,0.0,0.0,0.0,benign
0.0,0.0,0.0,0.0,0.0,0.0,0.0,0.0,0.0,0.0,0.0,0.0,0.0,0.0,0.0,0.0,0.0,0.0,0.0,0.0,0.0,0.0,0.0,0.0,0.0,0.0,0.0,0.0,0.0,0.0,benign
0.0,0.0,0.0,0.0,0.0,0.0,0.0,0.0,0.0,0.0,0.0,0.0,0.0,0.0,0.0,0.0,0.0,0.0,0.0,0.0,0.0,0.0,0.0,0.0,0.0,0.0,0.0,0.0,0.0,0.0,benign
0.0,0.0,0.0,0.0,0.0,0.0,0.0,0.0,0.0,0.0,0.0,0.0,0.0,0.0,0.0,0.0,0.0,0.0,0.0,0.0,0.0,0.0,0.0,0.0,0.0,0.0,0.0,0.0,0.0,0.0,benign
0.0,0.0,0.0,0.0,0.0,0.0,0.0,0.0,0.0,0.0,0.0,0.0,0.0,0.0,0.0,0.0,0.0,0.0,0.0,0.0,0.0,0.0,0.0,0.0,0.0,0.0,0.0,0.0,0.0,0.0,benign
0.0,0.0,0.0,0.0,0.0,0.0,12.864406779661016,2.0,26.0,26.0,0.0,60.0,33.0,0.0,737.391008895552,4.0,4.0,4.0,4.0,4.0,0.0,0.0,0.0,24.0,0.040253,0.0,0.01200442123112,53.0,4.5,152.0,benign
2.0,0.0,1.0,0.0,1.0,0.0,0.0,0.0,2.0,2.0,0.0,54.0,1.0,0.0,7.5,2.0,2.0,1.0,1.0,1.0,0.0,0.0,0.0,24.0,0.028839,0.0,0.0144195,64.0,95.5,5534.0,benign
0.0,0.0,0.0,0.0,0.0,0.0,0.0,0.0,0.0,2.0,0.0,198.0,0.0,0.0,0.0,0.0,0.0,0.0,1.0,0.0,0.0,0.0,0.0,0.0,0.016306,0.016306,0.0,0.0,0.0,0.0,benign
0.0,0.0,0.0,0.0,0.0,0.0,0.0,0.0,0.0,0.0,0.0,0.0,0.0,0.0,0.0,0.0,0.0,0.0,0.0,0.0,0.0,0.0,0.0,0.0,0.0,0.0,0.0,0.0,0.0,0.0,benign
22.5,0.0,1.0,0.0,7.0,0.0,33.666666666666664,0.0,2.0,2.0,0.0,54.0,4.0,0.0,69.83391375402128,2.0,2.0,2.0,1.0,4.0,0.0,0.0,0.0,24.0,0.154955,0.0,0.0529873538281945,64.0,94.52048692733015,5576.0,benign
13.0,0.0,1.0,0.0,1.0,0.0,53.0,0.0,3.0,3.0,0.0,54.0,2.0,0.0,10.5,2.0,2.0,2.0,2.0,1.0,0.0,0.0,0.0,24.0,0.0205,0.0,0.0082785834650319,64.0,95.5,5592.0,benign
0.0,0.0,0.0,0.0,0.0,0.0,52.18181818181818,0.0,6.0,4.0,0.0,54.0,7.0,0.0,476.0505925494334,6.0,6.0,3.0,3.0,6.0,0.0,0.0,0.0,24.0,0.067553,0.0,0.0196087963396249,53.0,82.051643629011,137.0,benign
0.0,0.0,0.0,0.0,0.0,0.0,0.0,0.0,0.0,0.0,0.0,0.0,0.0,0.0,0.0,0.0,0.0,0.0,0.0,0.0,0.0,0.0,0.0,0.0,0.0,0.0,0.0,0.0,0.0,0.0,benign
0.0,0.0,0.0,0.0,0.0,0.0,0.0,0.0,0.0,0.0,0.0,0.0,0.0,0.0,0.0,0.0,0.0,0.0,0.0,0.0,0.0,0.0,0.0,0.0,0.0,0.0,0.0,0.0,0.0,0.0,benign
0.0,0.0,0.0,0.0,0.0,0.0,0.0,0.0,0.0,0.0,0.0,0.0,0.0,0.0,0.0,0.0,0.0,0.0,0.0,0.0,0.0,0.0,0.0,0.0,0.0,0.0,0.0,0.0,0.0,0.0,benign
0.0,566.7671049527625,0.1428571428571428,82.57894736842105,12.0,0.0,194.48387096774192,0.0,0.4285714285714285,0.4285714285714285,0.0,60.0,2.2857142857142856,0.0,10.773171514915926,0.2857142857142857,0.2857142857142857,0.2857142857142857,0.2857142857142857,2.0,0.0,0.0,0.0,24.0,0.213047943,3.5e-08,0.0373530186406408,64.0,95.5,5512.0,mitm
2.0,0.0,1.0,0.0,1.0,0.0,0.0,0.0,2.0,2.0,0.0,54.0,1.0,0.0,8.5,2.0,2.0,1.0,1.0,1.0,0.0,0.0,0.0,24.0,0.031582,0.0,0.015791,64.0,95.5,5626.0,benign
0.0,0.0,0.0,0.0,0.0,0.0,0.0,0.0,0.0,0.0,0.0,0.0,0.0,0.0,0.0,0.0,0.0,0.0,0.0,0.0,0.0,0.0,0.0,0.0,0.0,0.0,0.0,0.0,0.0,0.0,benign
0.0,0.0,0.0,0.0,0.0,0.0,0.0,0.0,0.0,0.0,0.0,0.0,0.0,0.0,0.0,0.0,0.0,0.0,0.0,0.0,0.0,0.0,0.0,0.0,0.0,0.0,0.0,0.0,0.0,0.0,benign
0.0,0.0,0.0,0.0,0.0,0.0,0.0,0.0,0.0,0.0,0.0,0.0,0.0,0.0,0.0,0.0,0.0,0.0,0.0,0.0,0.0,0.0,0.0,0.0,0.0,0.0,0.0,0.0,0.0,0.0,benign
0.0,0.0,0.0,0.0,0.0,0.0,0.0,0.0,0.0,0.0,0.0,0.0,0.0,0.0,0.0,0.0,0.0,0.0,0.0,0.0,0.0,0.0,0.0,0.0,0.0,0.0,0.0,0.0,0.0,0.0,benign
0.0,0.0,0.0,0.0,0.0,0.0,0.0,0.0,1.0,2.0,0.0,60.0,0.0,0.0,0.0,0.0,0.0,0.0,1.0,0.0,0.0,0.0,0.0,0.0,0.111376,0.111376,0.0,0.0,0.0,0.0,benign
0.0,0.0,0.0,0.0,0.0,0.0,0.0,0.0,0.0,0.0,0.0,0.0,0.0,0.0,0.0,0.0,0.0,0.0,0.0,0.0,0.0,0.0,0.0,0.0,0.0,0.0,0.0,0.0,0.0,0.0,benign
4.0,0.0,1.0,0.0,1.0,0.0,0.0,0.0,2.0,2.0,0.0,54.0,1.0,0.0,7.5,2.0,2.0,1.0,1.0,1.0,0.0,0.0,0.0,24.0,0.011097,0.0,0.0055485,64.0,95.5,5616.0,benign
-0.69,0.5840281576164704,2.0,0.0,2.0,0.0,3.0,0.0,2.0,2.0,0.0,54.0,2.0,0.0,19.327585352432298,2.0,2.0,1.0,1.0,1.0,0.0,0.0,0.0,24.0,0.112165,1e-06,0.0528746166700052,64.0,90.03826347108705,5602.0,benign
0.0,0.0,0.0,0.0,0.0,0.0,0.0,0.0,0.0,0.0,0.0,0.0,0.0,0.0,0.0,0.0,0.0,0.0,0.0,0.0,0.0,0.0,0.0,0.0,0.0,0.0,0.0,0.0,0.0,0.0,benign
0.0,0.0,0.0,0.0,0.0,0.0,0.0,0.0,1.0,2.0,0.0,60.0,0.0,0.0,0.0,0.0,0.0,0.0,1.0,0.0,0.0,0.0,0.0,0.0,0.004851,0.004851,0.0,0.0,0.0,0.0,benign
0.0,0.0,0.0,0.0,0.0,0.0,0.0,0.0,0.0,0.0,0.0,0.0,0.0,0.0,0.0,0.0,0.0,0.0,0.0,0.0,0.0,0.0,0.0,0.0,0.0,0.0,0.0,0.0,0.0,0.0,benign
0.0,0.0,0.0,0.0,0.0,0.0,0.0,0.0,0.0,2.0,0.0,198.0,0.0,0.0,0.0,0.0,0.0,0.0,1.0,0.0,0.0,0.0,0.0,0.0,0.023,0.023,0.0,0.0,0.0,0.0,benign
0.0,0.0,0.0,0.0,0.0,0.0,0.0,0.0,0.0,0.0,0.0,0.0,0.0,0.0,0.0,0.0,0.0,0.0,0.0,0.0,0.0,0.0,0.0,0.0,0.0,0.0,0.0,0.0,0.0,0.0,benign
0.0,0.0,0.0,0.0,0.0,0.0,0.0,0.0,0.0,0.0,0.0,0.0,0.0,0.0,0.0,0.0,0.0,0.0,0.0,0.0,0.0,0.0,0.0,0.0,0.0,0.0,0.0,0.0,0.0,0.0,benign
0.0,0.0,0.0,0.0,0.0,0.0,0.0,0.0,0.0,0.0,0.0,0.0,0.0,0.0,0.0,0.0,0.0,0.0,0.0,0.0,0.0,0.0,0.0,0.0,0.0,0.0,0.0,0.0,0.0,0.0,benign
0.0,0.0,0.0,0.0,0.0,0.0,0.0,0.0,0.0,0.0,0.0,0.0,0.0,0.0,0.0,0.0,0.0,0.0,0.0,0.0,0.0,0.0,0.0,0.0,0.0,0.0,0.0,0.0,0.0,0.0,benign
12.0,0.0,1.0,0.0,1.0,0.0,0.0,0.0,2.0,2.0,0.0,54.0,1.0,0.0,10.5,2.0,2.0,1.0,1.0,1.0,0.0,0.0,0.0,24.0,0.059283,0.0,0.0296415,64.0,95.5,5594.0,benign
0.0,0.0,0.0,0.0,0.0,0.0,0.0,0.0,0.0,0.0,0.0,0.0,0.0,0.0,0.0,0.0,0.0,0.0,0.0,0.0,0.0,0.0,0.0,0.0,0.0,0.0,0.0,0.0,0.0,0.0,benign
0.0,0.0,0.0,0.0,0.0,0.0,0.0,0.0,0.0,0.0,0.0,0.0,0.0,0.0,0.0,0.0,0.0,0.0,0.0,0.0,0.0,0.0,0.0,0.0,0.0,0.0,0.0,0.0,0.0,0.0,benign
22.5,0.0,1.0,0.0,7.0,0.0,1.0,0.0,2.0,2.0,0.0,54.0,2.0,0.0,84.81560882290476,2.0,2.0,1.0,1.0,2.0,0.0,0.0,0.0,24.0,0.002768,0.0,0.0011985791588376,64.0,95.5,5600.0,benign
0.0,0.0,0.0,0.0,0.0,0.0,0.0,0.0,0.0,2.0,0.0,198.0,0.0,0.0,0.0,0.0,0.0,0.0,1.0,0.0,0.0,0.0,0.0,0.0,0.074715,0.074715,0.0,0.0,0.0,0.0,benign
2.0,0.0,1.0,0.0,1.0,0.0,0.0,0.0,2.0,2.0,0.0,54.0,1.0,0.0,7.5,2.0,2.0,1.0,1.0,1.0,0.0,0.0,0.0,24.0,0.014458,0.0,0.007229,64.0,95.5,5650.0,benign
0.0,0.0,0.0,0.0,0.0,0.0,1386.75,0.0,0.4285714285714285,0.4285714285714285,0.0,60.0,0.1428571428571428,196.0,0.0,0.1428571428571428,0.1428571428571428,0.1428571428571428,0.2857142857142857,0.0,0.0,0.0,0.0,0.0,0.025206211,0.000589989,0.0089084545935051,255.0,0.0,0.0,recon
0.0,0.0,0.0,0.0,0.0,0.0,0.0,0.0,1.0,2.0,0.0,214.0,0.0,180.0,0.0,1.0,1.0,0.0,1.0,0.0,0.0,0.0,0.0,0.0,0.009096,0.009096,0.0,255.0,0.0,0.0,benign
0.0,0.0,0.0,0.0,0.0,0.0,0.0,0.0,0.0,0.0,0.0,0.0,0.0,0.0,0.0,0.0,0.0,0.0,0.0,0.0,0.0,0.0,0.0,0.0,0.0,0.0,0.0,0.0,0.0,0.0,benign
0.0,0.0,0.0,0.0,0.0,0.0,0.056258338289425,0.0,2.142857142857143,2.142857142857143,1460.0,60.0,8020.714285714285,0.0,657.5390718302874,653.0,655.2857142857143,0.4285714285714285,0.2857142857142857,5689.142857142857,7222.0,1432.7142857142858,0.0,25.0,0.007216932,2.6e-08,0.0002666601361002,64.0,5.27562288415503,0.0,dos
915.0,0.0,2.0,0.0,3.0,0.0,4.333333333333333,0.0,2.0,2.0,0.0,54.0,2.0,0.0,22.93877721239735,2.0,2.0,1.0,1.0,2.0,0.0,0.0,0.0,24.0,0.038349,0.0,0.0156558922613819,64.0,95.5,5542.0,benign
0.0,0.0,0.0,0.0,0.0,0.0,29.5,0.0,7.0,5.0,0.0,54.0,6.0,0.0,665.5113239562867,6.0,6.0,3.0,3.0,8.0,0.0,0.0,0.0,24.0,0.076635,0.0,0.0231202017649693,61.0,89.3535090904485,660.0,benign
0.0,0.0,0.0,0.0,0.0,0.0,0.0,0.0,0.0,0.0,0.0,0.0,0.0,0.0,0.0,0.0,0.0,0.0,0.0,0.0,0.0,0.0,0.0,0.0,0.0,0.0,0.0,0.0,0.0,0.0,benign
0.0,0.0,0.0,0.0,0.0,0.0,0.0,0.0,0.0,0.0,0.0,0.0,0.0,0.0,0.0,0.0,0.0,0.0,0.0,0.0,0.0,0.0,0.0,0.0,0.0,0.0,0.0,0.0,0.0,0.0,benign
0.0,0.0,0.0,0.0,0.0,0.0,0.0,0.0,1.0,2.0,0.0,214.0,0.0,180.0,0.0,1.0,1.0,0.0,1.0,0.0,0.0,0.0,0.0,0.0,0.035913,0.035913,0.0,255.0,0.0,0.0,benign
0.0,0.0,0.0,0.0,0.0,0.0,47.0,0.0,2.0,2.0,0.0,60.0,1.0,0.0,0.0,0.0,0.0,1.0,1.0,0.0,0.0,0.0,0.0,0.0,0.012754,0.00662,0.003067,0.0,0.0,0.0,benign
0.0,0.0,0.0,0.0,0.0,0.0,0.0,0.0,0.0,0.0,0.0,0.0,0.0,0.0,0.0,0.0,0.0,0.0,0.0,0.0,0.0,0.0,0.0,0.0,0.0,0.0,0.0,0.0,0.0,0.0,benign
0.0,0.0,0.0,0.0,0.0,0.0,0.0,0.0,0.0,0.0,0.0,0.0,0.0,0.0,0.0,0.0,0.0,0.0,0.0,0.0,0.0,0.0,0.0,0.0,0.0,0.0,0.0,0.0,0.0,0.0,benign
0.0,0.0,0.0,0.0,0.0,0.0,0.0,0.0,0.0,0.0,0.0,0.0,0.0,0.0,0.0,0.0,0.0,0.0,0.0,0.0,0.0,0.0,0.0,0.0,0.0,0.0,0.0,0.0,0.0,0.0,benign
0.0,0.0,0.0,0.0,0.0,0.0,0.0,0.0,0.0,0.0,0.0,0.0,0.0,0.0,0.0,0.0,0.0,0.0,0.0,0.0,0.0,0.0,0.0,0.0,0.0,0.0,0.0,0.0,0.0,0.0,benign
0.0,0.0,0.0,0.0,0.0,0.0,0.0,0.0,0.0,0.0,0.0,0.0,0.0,0.0,0.0,0.0,0.0,0.0,0.0,0.0,0.0,0.0,0.0,0.0,0.0,0.0,0.0,0.0,0.0,0.0,benign
0.0,0.0,0.0,0.0,0.0,0.0,47.0,0.0,2.0,2.0,0.0,60.0,1.0,0.0,0.0,0.0,0.0,1.0,1.0,0.0,0.0,0.0,0.0,0.0,0.01736,0.00283,0.0072649999999999,0.0,0.0,0.0,benign
0.0,0.0,0.0,0.0,0.0,0.0,0.0,0.0,0.0,0.0,0.0,0.0,0.0,0.0,0.0,0.0,0.0,0.0,0.0,0.0,0.0,0.0,0.0,0.0,0.0,0.0,0.0,0.0,0.0,0.0,benign
2.0,0.0,1.0,0.0,1.0,0.0,0.0,0.0,2.0,2.0,0.0,54.0,1.0,0.0,8.5,2.0,2.0,1.0,1.0,1.0,0.0,0.0,0.0,24.0,0.027038,0.0,0.013519,64.0,95.5,5582.0,benign
0.0,0.0,0.2857142857142857,0.0,0.2857142857142857,0.0,0.0469200731724477,0.0,0.4285714285714285,0.5714285714285714,0.0,60.0,16109.57142857143,0.0,0.0563478290401251,133.57142857142858,9416.57142857143,0.2857142857142857,0.4285714285714285,16108.857142857143,133.28571428571428,0.0,0.0,24.0,0.016562935,2.6e-08,0.0001321761631313,64.0,17.240152795105775,512.0,dos
0.0,0.0,1.0,0.0,1.0,0.0,0.0,0.0,2.0,2.0,0.0,54.0,1.0,0.0,7.5,2.0,2.0,1.0,1.0,1.0,0.0,0.0,0.0,24.0,0.035756,0.00029,0.017733,64.0,95.5,5614.0,benign
0.0,0.0,0.0,0.0,0.0,0.0,0.0,0.0,0.0,0.0,0.0,0.0,0.0,0.0,0.0,0.0,0.0,0.0,0.0,0.0,0.0,0.0,0.0,0.0,0.0,0.0,0.0,0.0,0.0,0.0,benign
0.0,0.0,1.0,0.0,1.0,0.0,0.0,0.0,2.0,2.0,0.0,54.0,1.0,0.0,7.5,2.0,2.0,1.0,1.0,1.0,0.0,0.0,0.0,24.0,0.013172,1e-06,0.0065855,64.0,95.5,5578.0,benign
0.0,0.0,0.0,0.0,0.0,0.0,0.0,0.0,0.0,0.0,0.0,0.0,0.0,0.0,0.0,0.0,0.0,0.0,0.0,0.0,0.0,0.0,0.0,0.0,0.0,0.0,0.0,0.0,0.0,0.0,benign
2.0,0.0,1.0,0.0,1.0,0.0,0.0,0.0,2.0,2.0,0.0,54.0,1.0,0.0,8.5,2.0,2.0,1.0,1.0,1.0,0.0,0.0,0.0,24.0,0.022509,0.0,0.0112545,64.0,95.5,5636.0,benign
0.0,0.0,0.0,0.0,0.0,0.0,0.0,0.0,0.0,0.0,0.0,0.0,0.0,0.0,0.0,0.0,0.0,0.0,0.0,0.0,0.0,0.0,0.0,0.0,0.0,0.0,0.0,0.0,0.0,0.0,benign
0.0,0.0,0.0,0.0,0.0,0.0,3.0,0.0,2.0,2.0,0.0,60.0,1.0,0.0,0.0,0.0,0.0,1.0,1.0,0.0,0.0,0.0,0.0,0.0,0.010064,0.002423,0.0038205,0.0,0.0,0.0,benign
0.0,0.0,0.0,0.0,0.0,0.0,0.0,0.0,0.0,2.0,0.0,198.0,0.0,0.0,0.0,0.0,0.0,0.0,1.0,0.0,0.0,0.0,0.0,0.0,0.059227,0.059227,0.0,0.0,0.0,0.0,benign
0.0,0.0,0.0,0.0,0.0,0.0,0.0,0.0,0.0,0.0,0.0,0.0,0.0,0.0,0.0,0.0,0.0,0.0,0.0,0.0,0.0,0.0,0.0,0.0,0.0,0.0,0.0,0.0,0.0,0.0,benign
0.0,0.0,0.0,0.0,0.0,0.0,0.0,0.0,1.0,2.0,0.0,230.0,0.0,196.0,0.0,1.0,1.0,0.0,1.0,0.0,0.0,0.0,0.0,0.0,0.012546,0.012546,0.0,255.0,0.0,0.0,benign
0.0,0.0,0.0,0.0,0.0,0.0,0.0,0.0,0.0,0.0,0.0,0.0,0.0,0.0,0.0,0.0,0.0,0.0,0.0,0.0,0.0,0.0,0.0,0.0,0.0,0.0,0.0,0.0,0.0,0.0,benign
0.0,0.0,0.0,0.0,0.0,0.0,22.823529411764707,0.0,11.0,11.0,0.0,54.0,17.0,0.0,361.94990069379065,12.0,12.0,3.0,2.0,17.0,0.0,0.0,0.0,24.0,0.055999,0.0,0.0154811371069994,61.0,94.6713930026448,660.0,benign
0.0,0.0,0.0,0.0,0.0,0.0,5.364615384615385,0.0,0.5714285714285714,0.5714285714285714,1460.0,60.0,93.57142857142856,0.0,0.0,93.0,91.71428571428572,0.2857142857142857,0.2857142857142857,0.0,91.85714285714286,93.28571428571428,0.0,20.0,0.04993127,3.3e-08,0.0033991180335402,37.0,103.59600700714326,1024.0,recon
0.0,0.0,0.0,0.0,0.0,0.0,0.0,0.0,0.0,0.0,0.0,0.0,0.0,0.0,0.0,0.0,0.0,0.0,0.0,0.0,0.0,0.0,0.0,0.0,0.0,0.0,0.0,0.0,0.0,0.0,benign
0.0,0.0,0.0,0.0,0.0,0.0,709.5,0.0,0.5714285714285714,0.4285714285714285,0.0,60.0,0.2857142857142857,0.0,64.5,0.4285714285714285,0.4285714285714285,0.2857142857142857,0.5714285714285714,0.2857142857142857,0.0,0.0,0.0,24.0,0.02870082,1.7e-07,0.010880871329952,238.0,7.361215932167728,2161.0,recon
0.0,0.0,0.0,0.0,0.0,0.0,29.0,0.0,2.0,3.0,0.0,60.0,1.0,0.0,0.0,0.0,0.0,1.0,2.0,0.0,0.0,0.0,0.0,0.0,0.030053,0.0,0.0123524139701067,0.0,0.0,0.0,benign
0.0,0.0,0.0,0.0,0.0,0.0,2.0,0.0,2.0,2.0,0.0,60.0,1.0,0.0,0.0,0.0,0.0,1.0,1.0,0.0,0.0,0.0,0.0,0.0,0.019734,0.002623,0.0085555,0.0,0.0,0.0,benign
0.0,0.0,0.0,0.0,0.0,0.0,0.0,0.0,0.0,0.0,0.0,0.0,0.0,0.0,0.0,0.0,0.0,0.0,0.0,0.0,0.0,0.0,0.0,0.0,0.0,0.0,0.0,0.0,0.0,0.0,benign
0.0,0.0,0.0,0.0,0.0,0.0,0.0,0.0,0.0,0.0,0.0,0.0,0.0,0.0,0.0,0.0,0.0,0.0,0.0,0.0,0.0,0.0,0.0,0.0,0.0,0.0,0.0,0.0,0.0,0.0,benign
0.0,0.0,0.0,0.0,0.0,0.0,0.0,0.0,0.0,0.0,0.0,0.0,0.0,0.0,0.0,0.0,0.0,0.0,0.0,0.0,0.0,0.0,0.0,0.0,0.0,0.0,0.0,0.0,0.0,0.0,benign
0.0,0.0,0.0,0.0,0.0,0.0,0.0,0.0,0.0,0.0,0.0,0.0,0.0,0.0,0.0,0.0,0.0,0.0,0.0,0.0,0.0,0.0,0.0,0.0,0.0,0.0,0.0,0.0,0.0,0.0,benign
-0.69,0.5840281576164704,2.0,0.0,2.0,0.0,1.0,0.0,2.0,2.0,0.0,54.0,2.0,0.0,19.327585352432298,2.0,2.0,1.0,1.0,1.0,0.0,0.0,0.0,24.0,0.007922,0.0,0.0037342309337622,64.0,90.03826347108705,5548.0,benign
0.0,0.0,0.0,0.0,0.0,0.0,0.0,0.0,0.0,0.0,0.0,0.0,0.0,0.0,0.0,0.0,0.0,0.0,0.0,0.0,0.0,0.0,0.0,0.0,0.0,0.0,0.0,0.0,0.0,0.0,benign
0.0,0.0,0.0,0.0,0.0,0.0,0.0,0.0,1.0,2.0,0.0,54.0,0.0,0.0,0.0,1.0,1.0,0.0,1.0,0.0,0.0,0.0,0.0,16.0,0.000982,0.000982,0.0,255.0,0.0,2713.0,benign
0.0,0.0,0.0,0.0,0.0,0.0,0.0,0.0,0.0,0.0,0.0,0.0,0.0,0.0,0.0,0.0,0.0,0.0,0.0,0.0,0.0,0.0,0.0,0.0,0.0,0.0,0.0,0.0,0.0,0.0,benign
0.0,0.0,0.0,0.0,0.0,0.0,0.0,0.0,0.0,0.0,0.0,0.0,0.0,0.0,0.0,0.0,0.0,0.0,0.0,0.0,0.0,0.0,0.0,0.0,0.0,0.0,0.0,0.0,0.0,0.0,benign
0.0,0.0,0.0,0.0,0.0,0.0,2.0,0.0,2.0,2.0,0.0,60.0,1.0,0.0,0.0,0.0,0.0,1.0,1.0,0.0,0.0,0.0,0.0,0.0,0.025659,0.0018,0.0119295,0.0,0.0,0.0,benign
0.0,0.0,0.0,0.0,0.0,0.0,45.0,0.0,2.0,3.0,0.0,60.0,1.0,0.0,0.0,0.0,0.0,1.0,2.0,0.0,0.0,0.0,0.0,0.0,0.009645,0.000512,0.0038274008877507,0.0,0.0,0.0,benign
0.0,0.0,0.0,0.0,0.0,0.0,0.0,0.0,0.0,0.0,0.0,0.0,0.0,0.0,0.0,0.0,0.0,0.0,0.0,0.0,0.0,0.0,0.0,0.0,0.0,0.0,0.0,0.0,0.0,0.0,benign
915.0,0.0,2.0,0.0,3.0,0.0,57.4,0.0,3.0,3.0,0.0,54.0,3.0,0.0,22.93877721239735,2.0,2.0,2.0,2.0,2.0,0.0,0.0,0.0,24.0,0.05092,0.0,0.0195138403845976,64.0,95.5,5646.0,benign
0.0,0.0,0.0,0.0,0.0,0.0,0.0,0.0,0.0,0.0,0.0,0.0,0.0,0.0,0.0,0.0,0.0,0.0,0.0,0.0,0.0,0.0,0.0,0.0,0.0,0.0,0.0,0.0,0.0,0.0,benign
0.0,0.0,0.0,0.0,0.0,0.0,0.0,0.0,1.0,2.0,0.0,230.0,0.0,196.0,0.0,1.0,1.0,0.0,1.0,0.0,0.0,0.0,0.0,0.0,0.088361,0.088361,0.0,255.0,0.0,0.0,benign
0.0,0.0,0.0,0.0,0.0,0.0,0.0,0.0,1.0,2.0,0.0,971.0,0.0,937.0,0.0,1.0,1.0,0.0,1.0,0.0,0.0,0.0,0.0,0.0,0.060882,0.060882,0.0,64.0,0.0,0.0,benign
0.0,0.0,0.0,0.0,0.0,0.0,0.0,0.0,0.0,0.0,0.0,0.0,0.0,0.0,0.0,0.0,0.0,0.0,0.0,0.0,0.0,0.0,0.0,0.0,0.0,0.0,0.0,0.0,0.0,0.0,benign
0.0,0.0,0.0,0.0,0.0,0.0,0.0,0.0,0.0,0.0,0.0,0.0,0.0,0.0,0.0,0.0,0.0,0.0,0.0,0.0,0.0,0.0,0.0,0.0,0.0,0.0,0.0,0.0,0.0,0.0,benign
0.0,0.0,0.0,0.0,0.0,0.0,0.0,0.0,1.0,2.0,0.0,214.0,0.0,180.0,0.0,1.0,1.0,0.0,1.0,0.0,0.0,0.0,0.0,0.0,0.012286,0.012286,0.0,255.0,0.0,0.0,benign
0.0,0.0,0.0,0.0,0.0,0.0,66.0,0.0,2.0,2.0,0.0,60.0,1.0,0.0,0.0,0.0,0.0,1.0,1.0,0.0,0.0,0.0,0.0,0.0,0.021383,0.001174,0.0101044999999999,0.0,0.0,0.0,benign
0.0,0.0,0.0,0.0,0.0,0.0,18.83870967741936,0.0,11.0,11.0,0.0,54.0,15.0,0.0,293.1475454416044,12.0,12.0,3.0,2.0,15.0,0.0,0.0,0.0,24.0,0.204262,0.0,0.0441263657796772,61.0,93.9640421168518,660.0,benign
0.0,0.0,0.0,0.0,0.0,0.0,0.0,0.0,0.0,0.0,0.0,0.0,0.0,0.0,0.0,0.0,0.0,0.0,0.0,0.0,0.0,0.0,0.0,0.0,0.0,0.0,0.0,0.0,0.0,0.0,benign
-0.7,0.588179866669674,2.0,0.0,2.0,0.0,1.0,0.0,2.0,2.0,0.0,54.0,2.0,0.0,19.327585352432298,2.0,2.0,1.0,1.0,1.0,0.0,0.0,0.0,24.0,0.003649,0.0,0.0017199194425579,64.0,90.03826347108705,5560.0,benign
0.0,0.0,0.0,0.0,0.0,0.0,108.0,0.0,2.0,2.0,0.0,60.0,1.0,0.0,0.0,0.0,0.0,1.0,1.0,0.0,0.0,0.0,0.0,0.0,0.04007,0.008059,0.0160054999999999,0.0,0.0,0.0,benign
0.0,0.0,0.0,0.0,0.0,0.0,0.0,0.0,0.0,0.0,0.0,0.0,0.0,0.0,0.0,0.0,0.0,0.0,0.0,0.0,0.0,0.0,0.0,0.0,0.0,0.0,0.0,0.0,0.0,0.0,benign
0.0,0.0,0.0,0.0,0.0,0.0,32.5,0.0,2.0,2.0,0.0,60.0,1.0,0.0,0.0,0.0,0.0,1.0,1.0,0.0,0.0,0.0,0.0,0.0,0.043569,0.001702,0.0195025930982409,0.0,0.0,0.0,benign
0.0,0.0,0.0,0.0,0.0,0.0,0.0,0.0,1.0,2.0,0.0,60.0,0.0,0.0,0.0,0.0,0.0,0.0,1.0,0.0,0.0,0.0,0.0,0.0,0.029664,0.029664,0.0,0.0,0.0,0.0,benign
0.0,0.0,0.0,0.0,0.0,0.0,12.666666666666666,0.0,3.0,3.0,0.0,60.0,1.0,180.0,0.0,1.0,1.0,1.0,2.0,0.0,0.0,0.0,0.0,0.0,0.008245,0.001087,0.002928220065159,255.0,0.0,0.0,benign
0.0,0.0,0.0,0.0,0.0,0.0,0.0,0.0,0.0,0.0,0.0,0.0,0.0,0.0,0.0,0.0,0.0,0.0,0.0,0.0,0.0,0.0,0.0,0.0,0.0,0.0,0.0,0.0,0.0,0.0,benign
0.0,0.0,0.0,0.0,0.0,0.0,0.0,0.0,0.0,0.0,0.0,0.0,0.0,0.0,0.0,0.0,0.0,0.0,0.0,0.0,0.0,0.0,0.0,0.0,0.0,0.0,0.0,0.0,0.0,0.0,benign
0.0,0.0,0.0,0.0,0.0,0.0,0.0,0.0,0.0,0.0,0.0,0.0,0.0,0.0,0.0,0.0,0.0,0.0,0.0,0.0,0.0,0.0,0.0,0.0,0.0,0.0,0.0,0.0,0.0,0.0,benign
22.5,0.0,1.0,0.0,7.0,0.0,1.0,0.0,2.0,2.0,0.0,54.0,3.0,0.0,61.98498922230196,2.0,2.0,1.0,1.0,3.0,0.0,0.0,0.0,24.0,0.086346,0.0,0.0319561957568481,64.0,95.5,5576.0,benign
0.0,0.0,0.0,0.0,0.0,0.0,0.0,2.0,1.0,2.0,0.0,230.0,0.0,196.0,0.0,1.0,1.0,0.0,1.0,0.0,0.0,0.0,0.0,0.0,0.043174,0.043174,0.0,64.0,0.0,0.0,benign
0.0,0.0,0.0,0.0,0.0,0.0,0.0,0.0,0.0,0.0,0.0,0.0,0.0,0.0,0.0,0.0,0.0,0.0,0.0,0.0,0.0,0.0,0.0,0.0,0.0,0.0,0.0,0.0,0.0,0.0,benign
0.0,0.0,0.0,0.0,0.0,0.0,0.0,0.0,0.0,0.0,0.0,0.0,0.0,0.0,0.0,0.0,0.0,0.0,0.0,0.0,0.0,0.0,0.0,0.0,0.0,0.0,0.0,0.0,0.0,0.0,benign
0.0,0.0,0.0,0.0,0.0,0.0,0.0,0.0,0.0,0.0,0.0,0.0,0.0,0.0,0.0,0.0,0.0,0.0,0.0,0.0,0.0,0.0,0.0,0.0,0.0,0.0,0.0,0.0,0.0,0.0,benign
8.0,0.0,1.0,0.0,1.0,0.0,0.0,0.0,2.0,2.0,0.0,54.0,1.0,0.0,8.5,2.0,2.0,1.0,1.0,1.0,0.0,0.0,0.0,24.0,0.058102,0.0,0.029051,64.0,95.5,5648.0,benign
0.0,0.0,0.0,0.0,0.0,0.0,0.0,0.0,0.0,0.0,0.0,0.0,0.0,0.0,0.0,0.0,0.0,0.0,0.0,0.0,0.0,0.0,0.0,0.0,0.0,0.0,0.0,0.0,0.0,0.0,benign
0.0,0.0,0.0,0.0,0.0,0.0,0.0,0.0,0.0,0.0,0.0,0.0,0.0,0.0,0.0,0.0,0.0,0.0,0.0,0.0,0.0,0.0,0.0,0.0,0.0,0.0,0.0,0.0,0.0,0.0,benign
0.0,0.0,0.0,0.0,0.0,0.0,0.0,0.0,0.0,0.0,0.0,0.0,0.0,0.0,0.0,0.0,0.0,0.0,0.0,0.0,0.0,0.0,0.0,0.0,0.0,0.0,0.0,0.0,0.0,0.0,benign
0.0,0.0,0.0,0.0,0.0,0.0,0.0206764751926604,0.0,8.285714285714286,6.285714285714286,1410.0,60.0,33107.28571428572,0.0,599.0277398796804,3.142857142857143,3.2857142857142856,1.0,1.1428571428571428,6.142857142857143,0.0,0.8571428571428571,0.0,24.0,0.000916938,2.5e-08,8.102540047789953e-05,44.0,1.0772099641895314,15.0,mitm
22.5,0.0,1.0,0.0,7.0,0.0,9.333333333333334,0.0,3.0,3.0,0.0,54.0,8.0,0.0,22.34374757187244,2.0,2.0,2.0,2.0,6.0,0.0,0.0,0.0,24.0,0.039772,0.0,0.0122395691928819,64.0,95.5,5574.0,benign
0.0,0.0,0.1428571428571428,0.0,0.1428571428571428,0.0,0.0121300242600485,0.0,1.0,1.2857142857142858,0.0,60.0,78298.85714285714,0.0,9.5,0.2857142857142857,0.2857142857142857,0.4285714285714285,0.4285714285714285,0.1428571428571428,0.0,0.0,0.0,24.0,0.043242101,2.6e-08,9.027282523053737e-05,64.0,11.198134065807244,5066.0,ddos
0.0,0.0,0.0,0.0,0.0,0.0,0.0,0.0,0.0,0.0,0.0,0.0,0.0,0.0,0.0,0.0,0.0,0.0,0.0,0.0,0.0,0.0,0.0,0.0,0.0,0.0,0.0,0.0,0.0,0.0,benign
0.0,0.0,0.0,0.0,0.0,0.0,0.0,0.0,0.0,0.0,0.0,0.0,0.0,0.0,0.0,0.0,0.0,0.0,0.0,0.0,0.0,0.0,0.0,0.0,0.0,0.0,0.0,0.0,0.0,0.0,benign
0.0,0.0,0.0,0.0,0.0,0.0,0.0,0.0,0.0,0.0,0.0,0.0,0.0,0.0,0.0,0.0,0.0,0.0,0.0,0.0,0.0,0.0,0.0,0.0,0.0,0.0,0.0,0.0,0.0,0.0,benign
0.0,0.0,0.0,0.0,0.0,0.0,45.2,2.0,4.0,2.0,0.0,50.0,3.0,16.0,50.0,2.0,2.0,1.0,1.0,0.0,0.0,0.0,0.0,0.0,0.147308,0.0,0.0499085333977734,47.0,7.760297817881864,0.0,benign
0.0,0.0,0.0,0.0,0.0,0.0,0.7322008493629778,0.0,0.4285714285714285,0.4285714285714285,1460.0,60.0,285.85714285714283,0.0,0.0,143.14285714285714,143.14285714285714,0.2857142857142857,0.2857142857142857,0.0,285.7142857142857,285.7142857142857,0.0,20.0,0.034753409,2.8e-08,0.0016609802001833,37.0,9.231380148033129,0.0,recon
1023.0,0.0,1.0,0.0,1.0,0.0,0.0,0.0,2.0,2.0,0.0,54.0,1.0,0.0,9.0,2.0,2.0,1.0,1.0,1.0,0.0,0.0,0.0,24.0,0.014647,0.0,0.0073235,64.0,95.5,5598.0,benign
0.0,0.0,0.0,0.0,0.0,0.0,299.6666666666667,0.0,3.0,3.0,0.0,54.0,2.0,0.0,8.5,2.0,2.0,2.0,2.0,1.0,0.0,0.0,0.0,24.0,0.018712,0.0,0.0076509272763175,64.0,95.5,5638.0,benign
1.0,0.0,1.0,0.0,1.0,0.0,0.0,0.0,2.0,2.0,0.0,54.0,1.0,0.0,7.5,2.0,2.0,1.0,1.0,1.0,0.0,0.0,0.0,24.0,0.013178,0.0,0.006589,64.0,95.5,5556.0,benign
0.0,0.0,0.0,0.0,0.0,0.0,1.0,0.0,0.2857142857142857,0.2857142857142857,0.0,60.0,0.1428571428571428,0.0,0.0,0.0,0.0,0.1428571428571428,0.1428571428571428,0.0,0.0,0.0,0.0,0.0,0.005961308,0.000595284,0.002683012,0.0,0.0,0.0,ddos
0.0,0.0,0.0,0.0,0.0,0.0,59.5,0.0,2.0,2.0,0.0,60.0,1.0,0.0,0.0,0.0,0.0,1.0,1.0,0.0,0.0,0.0,0.0,0.0,0.027244,0.000549,0.0119436788581519,0.0,0.0,0.0,benign
0.0,0.0,0.0,0.0,0.0,0.0,0.0,0.0,0.0,0.0,0.0,0.0,0.0,0.0,0.0,0.0,0.0,0.0,0.0,0.0,0.0,0.0,0.0,0.0,0.0,0.0,0.0,0.0,0.0,0.0,benign
0.0,0.0,0.0,0.0,0.0,0.0,0.0,0.0,2.0,2.0,0.0,60.0,1.0,0.0,0.0,0.0,0.0,1.0,1.0,0.0,0.0,0.0,0.0,0.0,0.040168,0.000596,0.019786,0.0,0.0,0.0,benign
0.0,0.0,0.0,0.0,0.0,0.0,0.0,0.0,0.0,0.0,0.0,0.0,0.0,0.0,0.0,0.0,0.0,0.0,0.0,0.0,0.0,0.0,0.0,0.0,0.0,0.0,0.0,0.0,0.0,0.0,benign
0.0,0.0,0.0,0.0,0.0,0.0,0.0,0.0,0.0,0.0,0.0,0.0,0.0,0.0,0.0,0.0,0.0,0.0,0.0,0.0,0.0,0.0,0.0,0.0,0.0,0.0,0.0,0.0,0.0,0.0,benign
0.0,0.0,0.0,0.0,0.0,0.0,0.0,0.0,0.0,0.0,0.0,0.0,0.0,0.0,0.0,0.0,0.0,0.0,0.0,0.0,0.0,0.0,0.0,0.0,0.0,0.0,0.0,0.0,0.0,0.0,benign
69.0,0.0,1.0,0.0,2.0,0.0,13.2,0.0,2.0,2.0,0.0,54.0,3.0,0.0,15.752424857427156,2.0,2.0,2.0,2.0,3.0,0.0,0.0,0.0,24.0,0.109485,0.0,0.0400656832907608,64.0,95.5,5576.0,benign
0.0,0.0,1.0,0.0,1.0,0.0,0.0,0.0,2.0,2.0,0.0,54.0,1.0,0.0,9.5,2.0,2.0,1.0,1.0,1.0,0.0,0.0,0.0,24.0,0.001426,0.0,0.000713,64.0,95.5,5590.0,benign
0.0,0.0,0.0,0.0,0.0,0.0,0.0,0.0,0.0,0.0,0.0,0.0,0.0,0.0,0.0,0.0,0.0,0.0,0.0,0.0,0.0,0.0,0.0,0.0,0.0,0.0,0.0,0.0,0.0,0.0,benign
0.0,0.0,0.0,0.0,0.0,0.0,0.0,0.0,0.0,0.0,0.0,0.0,0.0,0.0,0.0,0.0,0.0,0.0,0.0,0.0,0.0,0.0,0.0,0.0,0.0,0.0,0.0,0.0,0.0,0.0,benign
0.0,0.0,0.0,0.0,0.0,0.0,0.0,0.0,1.0,2.0,0.0,230.0,0.0,196.0,0.0,1.0,1.0,0.0,1.0,0.0,0.0,0.0,0.0,0.0,0.077621,0.077621,0.0,255.0,0.0,0.0,benign
0.0,0.0,0.0,0.0,0.0,0.0,0.0,0.0,0.0,0.0,0.0,0.0,0.0,0.0,0.0,0.0,0.0,0.0,0.0,0.0,0.0,0.0,0.0,0.0,0.0,0.0,0.0,0.0,0.0,0.0,benign
22.2,2.753020616481904e-07,0.1428571428571428,882.8,6.857142857142857,0.0,0.2576845205227314,0.0,1.1428571428571428,1.2857142857142858,1460.0,60.0,2021.2857142857144,0.0,2.6629401905941115,1277.142857142857,1301.428571428571,0.2857142857142857,0.4285714285714285,2.142857142857143,1856.857142857143,2018.4285714285716,0.0,24.0,0.031340053,2.7e-08,0.0010065329873418,64.0,95.41714409996897,5190.0,ddos
0.0,0.0,0.0,0.0,0.0,0.0,22.52380952380953,0.0,12.0,12.0,0.0,54.0,20.0,0.0,435.5709481109719,13.0,13.0,3.0,2.0,20.0,0.0,0.0,0.0,24.0,0.12197,0.0,0.0312074787463111,61.0,94.346529942955,660.0,benign
13.0,0.0,1.0,0.0,1.0,0.0,0.0,0.0,2.0,2.0,0.0,54.0,1.0,0.0,10.5,2.0,2.0,1.0,1.0,1.0,0.0,0.0,0.0,24.0,0.022513,0.0,0.0112565,64.0,95.5,5588.0,benign
124.0,9.471762545286158,0.1428571428571428,1005.0,2.0,0.0,9.673130193905816,0.0,0.4285714285714285,0.4285714285714285,1460.0,60.0,51.71428571428572,0.0,3.034789327578813,49.85714285714285,49.71428571428572,0.1428571428571428,0.2857142857142857,2.0,49.57142857142857,49.71428571428572,0.0,24.0,0.020410328,3.3e-08,0.0065576622147441,37.0,103.2349251573949,1024.0,recon
0.0,0.0,0.0,0.0,0.0,0.0,0.0,0.0,0.0,2.0,0.0,198.0,0.0,0.0,0.0,0.0,0.0,0.0,1.0,0.0,0.0,0.0,0.0,0.0,0.02102,0.02102,0.0,0.0,0.0,0.0,benign
0.0,0.0,0.0,0.0,0.0,0.0,29.0,2.0,2.0,2.0,0.0,66.0,1.0,0.0,34.5,2.0,2.0,1.0,1.0,1.0,0.0,0.0,0.0,24.0,0.028845,0.028362,0.0002415000000001,64.0,86.0,480.0,benign
0.0,0.0,1.0,0.0,1.0,0.0,0.0,0.0,2.0,2.0,0.0,54.0,1.0,0.0,7.5,2.0,2.0,1.0,1.0,1.0,0.0,0.0,0.0,24.0,0.036926,1e-06,0.0184625,64.0,95.5,5568.0,benign
0.0,0.0,0.0,0.0,0.0,0.0,0.0,0.0,0.0,0.0,0.0,0.0,0.0,0.0,0.0,0.0,0.0,0.0,0.0,0.0,0.0,0.0,0.0,0.0,0.0,0.0,0.0,0.0,0.0,0.0,benign
0.0,0.0,0.0,0.0,0.0,0.0,0.0,0.0,0.0,0.0,0.0,0.0,0.0,0.0,0.0,0.0,0.0,0.0,0.0,0.0,0.0,0.0,0.0,0.0,0.0,0.0,0.0,0.0,0.0,0.0,benign
0.0,0.0,0.0,0.0,0.0,0.0,0.0,0.0,0.0,0.0,0.0,0.0,0.0,0.0,0.0,0.0,0.0,0.0,0.0,0.0,0.0,0.0,0.0,0.0,0.0,0.0,0.0,0.0,0.0,0.0,benign
0.0,0.0,0.0,0.0,0.0,0.0,0.0,0.0,0.0,0.0,0.0,0.0,0.0,0.0,0.0,0.0,0.0,0.0,0.0,0.0,0.0,0.0,0.0,0.0,0.0,0.0,0.0,0.0,0.0,0.0,benign
1023.0,0.0,1.0,0.0,1.0,0.0,0.0,0.0,2.0,2.0,0.0,54.0,1.0,0.0,9.0,2.0,2.0,1.0,1.0,1.0,0.0,0.0,0.0,24.0,0.001322,0.000298,0.000512,64.0,95.5,5534.0,benign
0.0,0.0,0.0,0.0,0.0,0.0,0.0,0.0,0.0,0.0,0.0,0.0,0.0,0.0,0.0,0.0,0.0,0.0,0.0,0.0,0.0,0.0,0.0,0.0,0.0,0.0,0.0,0.0,0.0,0.0,benign
0.0,0.0,0.0,0.0,0.0,0.0,0.0,0.0,0.0,0.0,0.0,0.0,0.0,0.0,0.0,0.0,0.0,0.0,0.0,0.0,0.0,0.0,0.0,0.0,0.0,0.0,0.0,0.0,0.0,0.0,benign
0.0,0.0,0.0,0.0,0.0,0.0,0.0,0.0,0.0,0.0,0.0,0.0,0.0,0.0,0.0,0.0,0.0,0.0,0.0,0.0,0.0,0.0,0.0,0.0,0.0,0.0,0.0,0.0,0.0,0.0,benign
0.0,0.0,0.0,0.0,0.0,0.0,232.0,0.0,2.0,3.0,0.0,60.0,1.0,0.0,0.0,0.0,0.0,1.0,1.0,0.0,0.0,0.0,0.0,0.0,0.029765,0.003704,0.0114644991265306,0.0,0.0,0.0,benign
138.0,16.199017354929413,1.0,137.5,7.0,0.0,61.93333333333333,0.0,2.0,2.0,0.0,54.0,8.0,0.0,10.5,2.0,2.0,1.0,1.0,8.0,0.0,0.0,0.0,24.0,0.103638,0.0,0.0255505832680947,64.0,95.5,5612.0,benign
0.0,0.0,0.0,0.0,0.0,0.0,19.789473684210527,0.0,10.0,10.0,0.0,54.0,19.0,0.0,433.15918667314736,11.0,11.0,3.0,2.0,19.0,0.0,0.0,0.0,24.0,0.076572,0.0,0.0210389142750705,61.0,94.84935285501489,660.0,benign
0.0,0.0,0.0,0.0,0.0,0.0,0.0,0.0,0.0,0.0,0.0,0.0,0.0,0.0,0.0,0.0,0.0,0.0,0.0,0.0,0.0,0.0,0.0,0.0,0.0,0.0,0.0,0.0,0.0,0.0,benign
0.0,0.0,0.0,0.0,0.0,0.0,0.0,0.0,0.0,0.0,0.0,0.0,0.0,0.0,0.0,0.0,0.0,0.0,0.0,0.0,0.0,0.0,0.0,0.0,0.0,0.0,0.0,0.0,0.0,0.0,benign
0.0,0.0,0.0,0.0,0.0,0.0,0.0,0.0,0.0,0.0,0.0,0.0,0.0,0.0,0.0,0.0,0.0,0.0,0.0,0.0,0.0,0.0,0.0,0.0,0.0,0.0,0.0,0.0,0.0,0.0,benign
0.0,0.0,0.0,0.0,0.0,0.0,0.0,0.0,0.0,0.0,0.0,0.0,0.0,0.0,0.0,0.0,0.0,0.0,0.0,0.0,0.0,0.0,0.0,0.0,0.0,0.0,0.0,0.0,0.0,0.0,benign
0.0,0.0,0.0,0.0,0.0,0.0,0.0,0.0,0.0,0.0,0.0,0.0,0.0,0.0,0.0,0.0,0.0,0.0,0.0,0.0,0.0,0.0,0.0,0.0,0.0,0.0,0.0,0.0,0.0,0.0,benign
0.0,0.0,0.0,0.0,0.0,0.0,0.0,0.0,0.0,0.0,0.0,0.0,0.0,0.0,0.0,0.0,0.0,0.0,0.0,0.0,0.0,0.0,0.0,0.0,0.0,0.0,0.0,0.0,0.0,0.0,benign
0.0,0.0,1.0,0.0,1.0,0.0,0.0,0.0,2.0,2.0,0.0,54.0,1.0,0.0,9.5,2.0,2.0,1.0,1.0,1.0,0.0,0.0,0.0,24.0,0.072842,0.000288,0.036277,64.0,95.5,5564.0,benign
0.0,0.0,0.0,0.0,0.0,0.0,29.49145299145299,0.0,0.5714285714285714,0.4285714285714285,1460.0,60.0,16.714285714285715,0.0,14.487252137788282,16.714285714285715,16.714285714285715,0.4285714285714285,0.4285714285714285,0.2857142857142857,16.285714285714285,16.285714285714285,0.0,24.0,0.014868852,3.3e-08,0.0014415711607464,37.0,8.889319202117717,0.0,recon
0.0,0.0,0.0,0.0,0.0,0.0,0.0,0.0,0.0,0.0,0.0,0.0,0.0,0.0,0.0,0.0,0.0,0.0,0.0,0.0,0.0,0.0,0.0,0.0,0.0,0.0,0.0,0.0,0.0,0.0,benign
0.0,0.0,0.0,0.0,0.0,0.0,20.229166666666668,0.0,12.0,12.0,0.0,54.0,24.0,0.0,385.7043247951543,13.0,13.0,4.0,3.0,23.0,0.0,0.0,0.0,24.0,0.107107,0.0,0.0286101846030321,61.0,95.07464842533231,660.0,benign
0.0,0.0,0.0,0.0,0.0,0.0,0.0,0.0,0.0,0.0,0.0,0.0,0.0,0.0,0.0,0.0,0.0,0.0,0.0,0.0,0.0,0.0,0.0,0.0,0.0,0.0,0.0,0.0,0.0,0.0,benign
0.0,0.0,0.0,0.0,0.0,0.0,0.0,0.0,0.0,0.0,0.0,0.0,0.0,0.0,0.0,0.0,0.0,0.0,0.0,0.0,0.0,0.0,0.0,0.0,0.0,0.0,0.0,0.0,0.0,0.0,benign
0.0,0.0,0.0,0.0,0.0,0.0,14.0,0.0,2.0,2.0,0.0,60.0,1.0,0.0,0.0,0.0,0.0,1.0,1.0,0.0,0.0,0.0,0.0,0.0,0.015437,0.001931,0.0059966477301905,0.0,0.0,0.0,benign
3.0,0.0,1.0,0.0,1.0,0.0,0.0,0.0,2.0,2.0,0.0,54.0,1.0,0.0,8.5,2.0,2.0,1.0,1.0,1.0,0.0,0.0,0.0,24.0,0.044196,1e-06,0.0220975,64.0,95.5,5546.0,benign
0.0,0.0,0.0,0.0,0.0,0.0,0.0,0.0,0.0,0.0,0.0,0.0,0.0,0.0,0.0,0.0,0.0,0.0,0.0,0.0,0.0,0.0,0.0,0.0,0.0,0.0,0.0,0.0,0.0,0.0,benign
0.0,0.0,0.0,0.0,0.0,0.0,0.0,0.0,0.0,0.0,0.0,0.0,0.0,0.0,0.0,0.0,0.0,0.0,0.0,0.0,0.0,0.0,0.0,0.0,0.0,0.0,0.0,0.0,0.0,0.0,benign
1023.0,0.0,1.0,0.0,1.0,0.0,0.0,0.0,2.0,2.0,0.0,54.0,1.0,0.0,9.0,2.0,2.0,1.0,1.0,1.0,0.0,0.0,0.0,24.0,0.009031,0.0,0.0045155,64.0,95.5,5538.0,benign
0.0,0.0,0.0,0.0,0.0,0.0,34.0,0.0,4.0,4.0,1460.0,60.0,4.0,0.0,150.4185826286101,3.0,3.0,3.0,5.0,1.0,0.0,2.0,0.0,24.0,0.01385,0.0,0.0039219823061814,1.0,20.83529157463365,457.0,benign
0.0,0.0,0.0,0.0,0.0,0.0,31.493212669683256,0.0,1.7142857142857142,1.7142857142857142,0.0,60.0,15.285714285714286,0.0,342.2245401869603,1.8571428571428568,1.8571428571428568,0.4285714285714285,0.4285714285714285,15.142857142857142,0.0,0.0,0.0,24.0,0.205341533,3.4e-08,0.0339323446201624,61.0,94.52638649869812,501.0,ddos
2.0,0.0,1.0,0.0,1.0,0.0,0.0,0.0,2.0,2.0,0.0,54.0,1.0,0.0,8.5,2.0,2.0,1.0,1.0,1.0,0.0,0.0,0.0,24.0,0.022682,1e-06,0.0113405,64.0,95.5,5590.0,benign
0.0,0.0,0.0,0.0,0.0,0.0,0.0,0.0,2.0,2.0,0.0,60.0,1.0,0.0,0.0,0.0,0.0,1.0,1.0,0.0,0.0,0.0,0.0,0.0,0.01512,0.000465,0.0073275,0.0,0.0,0.0,benign
0.0,0.0,1.0,0.0,1.0,0.0,0.0,0.0,2.0,2.0,0.0,54.0,1.0,0.0,7.5,2.0,2.0,1.0,1.0,1.0,0.0,0.0,0.0,24.0,0.001566,0.0,0.000783,64.0,95.5,5620.0,benign
0.0,0.0,0.0,0.0,0.0,0.0,58.5,2.0,4.0,3.0,0.0,66.0,4.0,0.0,940.4711368158372,4.0,4.0,3.0,3.0,4.0,0.0,0.0,0.0,24.0,0.028209,0.0,0.009356514932039,53.0,3.7361990944634447,135.0,benign
0.0,0.0,0.0,0.0,0.0,0.0,0.4820616826351493,0.0,2.0,2.0,1460.0,60.0,1021.5714285714286,0.0,48.30754969731637,146.57142857142858,146.57142857142858,0.4285714285714285,0.5714285714285714,16.571428571428573,1000.0,1003.0,0.0,24.0,0.13802032,2.7e-08,0.0035435647917272,37.0,18.77118457388172,0.0,recon
0.0,0.0,0.0,0.0,0.0,0.0,0.0117800235600471,0.0,0.2857142857142857,0.2857142857142857,0.0,60.0,84953.71428571429,16.0,0.0,84.57142857142857,84.28571428571429,0.1428571428571428,0.1428571428571428,0.0,0.0,0.0,0.0,0.0,0.001192554,2.5e-08,5.920677629676815e-05,64.0,9.036152341925671,0.0,dos
0.0,0.0,0.0,0.0,0.0,0.0,27.741935483870968,0.0,0.5714285714285714,0.4285714285714285,1460.0,60.0,17.714285714285715,0.0,14.01382017843022,17.857142857142858,17.857142857142858,0.4285714285714285,0.4285714285714285,0.2857142857142857,17.428571428571427,17.428571428571427,0.0,24.0,0.036895475,3.3e-08,0.0025296646993583,37.0,9.562393079438545,0.0,recon
0.0,0.0,0.0,0.0,0.0,0.0,0.0,0.0,0.0,0.0,0.0,0.0,0.0,0.0,0.0,0.0,0.0,0.0,0.0,0.0,0.0,0.0,0.0,0.0,0.0,0.0,0.0,0.0,0.0,0.0,benign
0.0,0.0,0.0,0.0,0.0,0.0,0.0,0.0,0.0,0.0,0.0,0.0,0.0,0.0,0.0,0.0,0.0,0.0,0.0,0.0,0.0,0.0,0.0,0.0,0.0,0.0,0.0,0.0,0.0,0.0,benign
0.0,0.0,0.0,0.0,0.0,0.0,23.41176470588235,0.0,11.0,11.0,0.0,54.0,17.0,0.0,392.5832645335722,12.0,12.0,3.0,2.0,17.0,0.0,0.0,0.0,24.0,0.036893,0.0,0.0081728575291032,61.0,94.6713930026448,660.0,benign
0.0,0.0,0.0,0.0,0.0,0.0,0.0,0.0,0.0,0.0,0.0,0.0,0.0,0.0,0.0,0.0,0.0,0.0,0.0,0.0,0.0,0.0,0.0,0.0,0.0,0.0,0.0,0.0,0.0,0.0,benign
-0.7,0.5880476171195662,2.0,0.0,2.0,0.0,5.5,0.0,2.0,2.0,0.0,54.0,2.0,0.0,19.327585352432298,2.0,2.0,1.0,1.0,1.0,0.0,0.0,0.0,24.0,0.086907,0.0,0.0409683526883861,64.0,90.03826347108705,5582.0,benign
0.0,0.0,0.0,0.0,0.0,0.0,26.0,2.0,4.0,3.0,0.0,60.0,3.0,0.0,756.4672415247074,2.0,2.0,3.0,3.0,2.0,0.0,0.0,0.0,24.0,0.306938,0.0,0.1140205426798171,61.0,1.5,660.0,benign
0.0,0.0,0.0,0.0,0.0,0.0,138.5,2.0,3.0,3.0,0.0,60.0,1.0,196.0,0.0,1.0,1.0,1.0,2.0,0.0,0.0,0.0,0.0,0.0,0.012811,0.0,0.0052581141739854,64.0,0.0,0.0,benign
0.0,0.0,0.0,0.0,0.0,0.0,0.0242644408086298,0.0,2.7142857142857144,2.7142857142857144,1460.0,60.0,18442.0,0.0,11.826604462279947,1577.857142857143,1582.428571428571,0.4285714285714285,0.5714285714285714,9987.714285714286,1772.7142857142858,6810.142857142857,0.0,25.0,0.011240065,2.5e-08,0.0001647751206123,61.0,3.5732086482157843,0.0,ddos
0.0,0.0,0.0,0.0,0.0,0.0,0.0,0.0,1.0,2.0,0.0,214.0,0.0,180.0,0.0,1.0,1.0,0.0,1.0,0.0,0.0,0.0,0.0,0.0,0.135299,0.135299,0.0,255.0,0.0,0.0,benign
13.0,0.0,1.0,0.0,1.0,0.0,0.0,0.0,2.0,2.0,0.0,54.0,1.0,0.0,10.5,2.0,2.0,1.0,1.0,1.0,0.0,0.0,0.0,24.0,0.004422,0.000301,0.0020605,64.0,95.5,5650.0,benign
0.0,0.0,0.0,0.0,0.0,0.0,2.0,0.0,2.0,2.0,0.0,60.0,1.0,0.0,0.0,0.0,0.0,1.0,1.0,0.0,0.0,0.0,0.0,0.0,0.018809,0.00238,0.0082145,0.0,0.0,0.0,benign
0.0,0.0,0.0,0.0,0.0,0.0,0.0,0.0,0.0,0.0,0.0,0.0,0.0,0.0,0.0,0.0,0.0,0.0,0.0,0.0,0.0,0.0,0.0,0.0,0.0,0.0,0.0,0.0,0.0,0.0,benign
0.0,0.0,0.0,0.0,0.0,0.0,64.15533980582525,0.0,0.4285714285714285,0.4285714285714285,1460.0,60.0,7.285714285714286,0.0,24.83767643339166,7.428571428571429,7.428571428571429,0.1428571428571428,0.4285714285714285,0.0,7.142857142857143,7.285714285714286,0.0,20.0,0.079363959,3.3e-08,0.0085339974268757,37.0,103.6479081696409,0.0,recon
7.0,0.0,1.0,0.0,1.0,0.0,0.0,0.0,2.0,2.0,0.0,54.0,1.0,0.0,8.5,2.0,2.0,1.0,1.0,1.0,0.0,0.0,0.0,24.0,0.013654,0.0,0.006827,64.0,95.5,5584.0,benign
0.0,0.0,0.0,0.0,0.0,0.0,22.77777777777778,0.0,13.0,13.0,0.0,54.0,18.0,0.0,382.2946037830415,13.0,13.0,4.0,3.0,17.0,0.0,0.0,0.0,24.0,0.102835,0.0,0.0249704130951646,61.0,94.6713930026448,660.0,benign
0.0,0.0,0.0,0.0,0.0,0.0,0.0,0.0,0.0,0.0,0.0,0.0,0.0,0.0,0.0,0.0,0.0,0.0,0.0,0.0,0.0,0.0,0.0,0.0,0.0,0.0,0.0,0.0,0.0,0.0,benign
0.0,0.0,0.0,0.0,0.0,0.0,0.0,0.0,0.0,0.0,0.0,0.0,0.0,0.0,0.0,0.0,0.0,0.0,0.0,0.0,0.0,0.0,0.0,0.0,0.0,0.0,0.0,0.0,0.0,0.0,benign
0.0,0.0,0.0,0.0,0.0,0.0,0.0,0.0,0.0,0.0,0.0,0.0,0.0,0.0,0.0,0.0,0.0,0.0,0.0,0.0,0.0,0.0,0.0,0.0,0.0,0.0,0.0,0.0,0.0,0.0,benign
0.0,0.0,0.0,0.0,0.0,0.0,24.794117647058822,0.0,13.0,13.0,0.0,54.0,17.0,0.0,400.0964621980065,13.0,13.0,4.0,3.0,16.0,0.0,0.0,0.0,24.0,0.085307,0.0,0.0216358267197757,61.0,94.55609885690954,660.0,benign
0.0,0.0,0.0,0.0,0.0,0.0,0.0,0.0,0.0,0.0,0.0,0.0,0.0,0.0,0.0,0.0,0.0,0.0,0.0,0.0,0.0,0.0,0.0,0.0,0.0,0.0,0.0,0.0,0.0,0.0,benign
0.0,0.0,0.0,0.0,0.0,0.0,0.0,0.0,1.0,2.0,0.0,214.0,0.0,180.0,0.0,1.0,1.0,0.0,1.0,0.0,0.0,0.0,0.0,0.0,0.004956,0.004956,0.0,255.0,0.0,0.0,benign
0.0,0.0,0.0,0.0,0.0,0.0,0.0,0.0,0.0,0.0,0.0,0.0,0.0,0.0,0.0,0.0,0.0,0.0,0.0,0.0,0.0,0.0,0.0,0.0,0.0,0.0,0.0,0.0,0.0,0.0,benign
0.0,0.0,0.0,0.0,0.0,0.0,0.0,0.0,1.0,2.0,0.0,230.0,0.0,196.0,0.0,1.0,1.0,0.0,1.0,0.0,0.0,0.0,0.0,0.0,0.019328,0.019328,0.0,255.0,0.0,0.0,benign
-0.76,1.1616967026831673,0.2857142857142857,1009.0,2.0,0.0,160.16666666666666,0.0,0.5714285714285714,0.5714285714285714,1460.0,60.0,3.571428571428572,0.0,15.692307692307692,1.4285714285714286,1.4285714285714286,0.4285714285714285,0.4285714285714285,1.2857142857142858,1.0,1.0,0.0,24.0,0.131103852,3.4e-08,0.0249891086878031,37.0,96.89226887927286,1024.0,recon
0.0,0.0,0.0,0.0,0.0,0.0,0.0,0.0,0.0,0.0,0.0,0.0,0.0,0.0,0.0,0.0,0.0,0.0,0.0,0.0,0.0,0.0,0.0,0.0,0.0,0.0,0.0,0.0,0.0,0.0,benign
0.0,0.0,0.2857142857142857,0.0,0.2857142857142857,0.0,14.735729386892178,0.0,0.4285714285714285,0.4285714285714285,1460.0,60.0,34.0,0.0,0.8837731041847798,33.714285714285715,33.42857142857143,0.4285714285714285,0.4285714285714285,0.4285714285714285,33.0,33.285714285714285,0.0,24.0,0.04007249,2.8e-08,0.0020539333162384,37.0,103.63046511207516,1024.0,recon
0.0,0.0,0.0,0.0,0.0,0.0,0.0,0.0,0.0,0.0,0.0,0.0,0.0,0.0,0.0,0.0,0.0,0.0,0.0,0.0,0.0,0.0,0.0,0.0,0.0,0.0,0.0,0.0,0.0,0.0,benign
0.0,0.0,0.0,0.0,0.0,0.0,0.0,0.0,0.0,0.0,0.0,0.0,0.0,0.0,0.0,0.0,0.0,0.0,0.0,0.0,0.0,0.0,0.0,0.0,0.0,0.0,0.0,0.0,0.0,0.0,benign
0.0,0.0,0.0,0.0,0.0,0.0,26.0,0.0,0.4285714285714285,0.4285714285714285,0.0,60.0,0.1428571428571428,180.0,0.0,0.1428571428571428,0.1428571428571428,0.1428571428571428,0.2857142857142857,0.0,0.0,0.0,0.0,0.0,0.007992985,3.5e-08,0.0033287691492558,255.0,0.0,0.0,recon
0.0,0.0,0.0,0.0,0.0,0.0,0.0,0.0,0.0,0.0,0.0,0.0,0.0,0.0,0.0,0.0,0.0,0.0,0.0,0.0,0.0,0.0,0.0,0.0,0.0,0.0,0.0,0.0,0.0,0.0,benign
211.0,0.0,1.0,0.0,2.0,0.0,0.6666666666666666,0.0,2.0,2.0,0.0,54.0,4.0,0.0,9.22507673769311,2.0,2.0,2.0,1.0,4.0,0.0,0.0,0.0,24.0,0.007334,0.0,0.0024721573409407,64.0,94.52048692733015,5592.0,benign
0.0,0.0,0.0,0.0,0.0,0.0,57.389830508474574,0.0,3.0,1.7142857142857142,1460.0,60.0,8.857142857142858,0.0,455.37140021506633,6.714285714285714,6.857142857142857,0.7142857142857143,0.8571428571428571,4.0,4.142857142857143,4.142857142857143,0.0,24.0,0.15654276,3.3e-08,0.0351037061955607,1.0,59.25990822568164,0.0,bruteforce
0.0,0.0,0.0,0.0,0.0,0.0,0.0,0.0,0.0,0.0,0.0,0.0,0.0,0.0,0.0,0.0,0.0,0.0,0.0,0.0,0.0,0.0,0.0,0.0,0.0,0.0,0.0,0.0,0.0,0.0,benign
0.0,0.0,0.0,0.0,0.0,0.0,0.0,0.0,0.0,0.0,0.0,0.0,0.0,0.0,0.0,0.0,0.0,0.0,0.0,0.0,0.0,0.0,0.0,0.0,0.0,0.0,0.0,0.0,0.0,0.0,benign
0.0,0.0,0.0,0.0,0.0,0.0,0.0,0.0,0.0,0.0,0.0,0.0,0.0,0.0,0.0,0.0,0.0,0.0,0.0,0.0,0.0,0.0,0.0,0.0,0.0,0.0,0.0,0.0,0.0,0.0,benign
0.0,0.0,0.0,0.0,0.0,0.0,2.952300548754749,0.0,36.57142857142857,6.571428571428571,1460.0,60.0,75.71428571428571,0.0,78.58815194409257,28.285714285714285,28.714285714285715,0.7142857142857143,0.8571428571428571,41.142857142857146,21.571428571428573,31.0,0.0,24.0,0.031525638,2.8e-08,0.0029824498889766,55.0,52.8364821209175,0.0,malware
211.0,0.0,1.0,0.0,2.0,0.0,86.5,0.0,2.0,3.0,0.0,54.0,2.0,0.0,10.594810050208546,2.0,2.0,1.0,2.0,2.0,0.0,0.0,0.0,24.0,0.019488,0.0,0.0090372134289281,64.0,95.5,5572.0,benign
0.0,0.0,0.0,0.0,0.0,0.0,1.0,0.0,2.0,2.0,0.0,60.0,1.0,0.0,0.0,0.0,0.0,1.0,1.0,0.0,0.0,0.0,0.0,0.0,0.027758,0.000442,0.013658,0.0,0.0,0.0,benign
0.0,0.0,0.0,0.0,0.0,0.0,21.615384615384617,0.0,12.0,12.0,0.0,54.0,19.0,0.0,280.5291417571444,13.0,13.0,3.0,2.0,19.0,0.0,0.0,0.0,24.0,0.262627,0.0,0.0493998103647612,61.0,94.5506444980678,660.0,benign
0.0,0.0,0.0,0.0,0.0,0.0,24.424242424242426,0.0,11.0,11.0,0.0,54.0,16.0,0.0,404.9465971661866,12.0,12.0,3.0,3.0,16.0,0.0,0.0,0.0,24.0,0.134531,0.0,0.0358839890611682,61.0,94.55609885690954,660.0,benign
212.0,0.0,1.0,0.0,2.0,0.0,0.6666666666666666,0.0,2.0,2.0,0.0,54.0,2.0,0.0,10.594810050208546,2.0,2.0,1.0,1.0,2.0,0.0,0.0,0.0,24.0,0.011526,0.000258,0.0046662534422703,64.0,95.5,5618.0,benign
0.0,0.0,0.0,0.0,0.0,0.0,0.0,0.0,0.0,0.0,0.0,0.0,0.0,0.0,0.0,0.0,0.0,0.0,0.0,0.0,0.0,0.0,0.0,0.0,0.0,0.0,0.0,0.0,0.0,0.0,benign
0.0,0.0,0.0,0.0,0.0,0.0,32.7,0.0,12.0,12.0,0.0,54.0,15.0,0.0,38.91452417856212,10.0,10.0,2.0,2.0,13.0,0.0,0.0,0.0,24.0,0.028752,0.0,0.008506643607507,64.0,95.43447683619704,5642.0,benign
0.0,0.0,0.0,0.0,0.0,0.0,0.0,0.0,1.0,2.0,0.0,214.0,0.0,180.0,0.0,1.0,1.0,0.0,1.0,0.0,0.0,0.0,0.0,0.0,0.000561,0.000561,0.0,255.0,0.0,0.0,benign
212.0,0.0,1.0,0.0,3.0,0.0,186.0,0.0,2.0,2.0,0.0,54.0,3.0,0.0,10.91507622002196,2.0,2.0,1.0,1.0,3.0,0.0,0.0,0.0,24.0,0.013559,0.0,0.0049513742424592,64.0,95.5,5630.0,benign
0.0,0.0,1.0,0.0,1.0,0.0,0.0,0.0,2.0,2.0,0.0,54.0,1.0,0.0,7.5,2.0,2.0,1.0,1.0,1.0,0.0,0.0,0.0,24.0,0.001298,0.0,0.000649,64.0,95.5,5650.0,benign
22.5,0.0,1.0,0.0,7.0,0.0,10.333333333333334,0.0,2.0,2.0,0.0,54.0,2.0,0.0,84.81560882290476,2.0,2.0,1.0,1.0,2.0,0.0,0.0,0.0,24.0,0.030457,0.0,0.0133172417259543,64.0,95.5,5574.0,benign
918.0,0.0,2.0,0.0,3.0,0.0,2.333333333333333,0.0,2.0,2.0,0.0,54.0,2.0,0.0,22.93877721239735,2.0,2.0,1.0,1.0,2.0,0.0,0.0,0.0,24.0,0.004842,0.0,0.0020966475025621,64.0,95.5,5638.0,benign
0.0,0.0,0.0,0.0,0.0,0.0,0.0,0.0,0.0,0.0,0.0,0.0,0.0,0.0,0.0,0.0,0.0,0.0,0.0,0.0,0.0,0.0,0.0,0.0,0.0,0.0,0.0,0.0,0.0,0.0,benign
1.0,0.0,1.0,0.0,1.0,0.0,0.0,0.0,2.0,2.0,0.0,54.0,1.0,0.0,7.5,2.0,2.0,1.0,1.0,1.0,0.0,0.0,0.0,24.0,0.00681,0.000294,0.0032579999999999,64.0,95.5,5584.0,benign
22.5,0.0,1.0,0.0,7.0,0.0,55.66666666666666,0.0,3.0,3.0,0.0,54.0,5.0,0.0,49.86788100125727,2.0,2.0,2.0,2.0,3.0,0.0,0.0,0.0,24.0,0.030008,0.0,0.0111919009895549,64.0,95.5,5546.0,benign
0.0,0.0,0.0,0.0,0.0,0.0,6.267985611510792,0.0,20.571428571428573,4.285714285714286,1460.0,60.0,37.285714285714285,0.0,308.0664433084352,25.0,24.714285714285715,1.1428571428571428,1.1428571428571428,29.571428571428573,3.2857142857142856,4.857142857142857,0.0,24.0,0.027924841,3.2e-08,0.0031199398957281,52.0,74.15664381062088,0.0,malware
0.0,0.0,0.0,0.0,0.0,0.0,0.0,0.0,0.0,0.0,0.0,0.0,0.0,0.0,0.0,0.0,0.0,0.0,0.0,0.0,0.0,0.0,0.0,0.0,0.0,0.0,0.0,0.0,0.0,0.0,benign
0.0,0.0,0.0,0.0,0.0,0.0,1.0,0.0,2.0,2.0,0.0,360.0,1.0,326.0,0.0,1.0,1.0,1.0,1.0,0.0,0.0,0.0,0.0,0.0,0.001058,0.0,0.000529,64.0,0.0,0.0,benign
4.0,0.0,1.0,0.0,1.0,0.0,0.0,0.0,2.0,2.0,0.0,54.0,1.0,0.0,8.5,2.0,2.0,1.0,1.0,1.0,0.0,0.0,0.0,24.0,0.07404,0.0,0.03702,64.0,95.5,5610.0,benign
0.0,0.0,0.0,0.0,0.0,0.0,0.0,0.0,0.0,0.0,0.0,0.0,0.0,0.0,0.0,0.0,0.0,0.0,0.0,0.0,0.0,0.0,0.0,0.0,0.0,0.0,0.0,0.0,0.0,0.0,benign
0.0,0.0,0.0,0.0,0.0,0.0,0.0,0.0,1.0,2.0,0.0,60.0,0.0,0.0,0.0,0.0,0.0,0.0,1.0,0.0,0.0,0.0,0.0,0.0,0.032457,0.032457,0.0,0.0,0.0,0.0,benign
0.0,0.0,0.0,0.0,0.0,0.0,0.0,0.0,0.0,0.0,0.0,0.0,0.0,0.0,0.0,0.0,0.0,0.0,0.0,0.0,0.0,0.0,0.0,0.0,0.0,0.0,0.0,0.0,0.0,0.0,benign
0.0,0.0,0.0,0.0,0.0,5135.142857142857,0.0923327895595432,0.0,0.2857142857142857,1.0,0.0,60.0,8757.142857142857,328.0,456.3169374295795,0.0,0.0,0.2857142857142857,0.1428571428571428,0.0,0.0,0.0,0.0,0.0,0.030075489,2.5e-08,0.000202724604852,64.0,0.0,0.0,ddos
0.0,0.0,0.0,0.0,0.0,0.0,19.900284900284905,0.0,0.4285714285714285,0.4285714285714285,1460.0,60.0,25.142857142857142,0.0,0.0,24.571428571428573,24.571428571428573,0.2857142857142857,0.2857142857142857,0.0,25.0,25.0,0.0,20.0,0.040392031,3.4e-08,0.012420666528003,37.0,103.55135052677184,1024.0,recon
0.0,0.0,0.0,0.0,0.0,0.0,0.0,0.0,0.0,0.0,0.0,0.0,0.0,0.0,0.0,0.0,0.0,0.0,0.0,0.0,0.0,0.0,0.0,0.0,0.0,0.0,0.0,0.0,0.0,0.0,benign
0.0,0.0,0.0,0.0,0.0,0.0,0.0,0.0,0.0,0.0,0.0,0.0,0.0,0.0,0.0,0.0,0.0,0.0,0.0,0.0,0.0,0.0,0.0,0.0,0.0,0.0,0.0,0.0,0.0,0.0,benign
0.0,0.0,0.0,0.0,0.0,0.0,0.0,0.0,0.0,0.0,0.0,0.0,0.0,0.0,0.0,0.0,0.0,0.0,0.0,0.0,0.0,0.0,0.0,0.0,0.0,0.0,0.0,0.0,0.0,0.0,benign
0.0,0.0,0.0,0.0,0.0,0.0,263.0,0.0,3.0,3.0,0.0,60.0,1.0,196.0,0.0,1.0,1.0,1.0,2.0,0.0,0.0,0.0,0.0,0.0,0.022868,0.002914,0.0092216389360387,255.0,0.0,0.0,benign
11.0,0.0,1.0,0.0,1.0,0.0,0.0,0.0,2.0,2.0,0.0,54.0,1.0,0.0,8.0,2.0,2.0,1.0,1.0,1.0,0.0,0.0,0.0,24.0,0.148672,0.0,0.074336,64.0,95.5,5534.0,benign
11.0,0.4948716593053864,0.1428571428571428,1005.5,1.0,0.0,402.1333333333333,0.0,0.4285714285714285,0.4285714285714285,0.0,60.0,1.1428571428571428,0.0,10.5,0.2857142857142857,0.2857142857142857,0.2857142857142857,0.2857142857142857,1.0,0.0,0.0,0.0,24.0,0.046765528,1.61e-07,0.0112369192635229,64.0,95.5,4874.0,recon
0.0,0.0,0.0,0.0,0.0,0.0,0.0,2.0,1.0,2.0,0.0,230.0,0.0,196.0,0.0,1.0,1.0,0.0,1.0,0.0,0.0,0.0,0.0,0.0,0.03591,0.03591,0.0,64.0,0.0,0.0,benign
0.0,0.0,0.0,0.0,0.0,0.0,0.0,0.0,0.0,2.0,0.0,198.0,0.0,0.0,0.0,0.0,0.0,0.0,1.0,0.0,0.0,0.0,0.0,0.0,0.015996,0.015996,0.0,0.0,0.0,0.0,benign
22.5,0.0,1.0,0.0,7.0,0.0,1.2,0.0,2.0,2.0,0.0,54.0,3.0,0.0,61.98498922230196,2.0,2.0,1.0,1.0,3.0,0.0,0.0,0.0,24.0,0.017791,0.0003,0.0062864246065099,64.0,95.5,5540.0,benign
0.0,0.0,0.0,0.0,0.0,0.0,12.5,0.0,2.0,2.0,0.0,60.0,1.0,0.0,0.0,0.0,0.0,1.0,1.0,0.0,0.0,0.0,0.0,0.0,0.002866,0.002286,0.0002636563419807,0.0,0.0,0.0,benign
207.0,0.0,1.0,0.0,2.0,0.0,62.4,0.0,2.0,2.0,0.0,54.0,3.0,0.0,10.594810050208546,2.0,2.0,2.0,2.0,2.0,0.0,0.0,0.0,24.0,0.069717,0.000304,0.029185396529486,64.0,95.5,5634.0,benign
0.0,0.0,0.0,0.0,0.0,0.0,0.0,0.0,0.0,2.0,0.0,198.0,0.0,0.0,0.0,0.0,0.0,0.0,1.0,0.0,0.0,0.0,0.0,0.0,0.00042,0.00042,0.0,0.0,0.0,0.0,benign
0.0,0.0,0.0,0.0,0.0,0.0,0.0,0.0,0.0,0.0,0.0,0.0,0.0,0.0,0.0,0.0,0.0,0.0,0.0,0.0,0.0,0.0,0.0,0.0,0.0,0.0,0.0,0.0,0.0,0.0,benign
4.0,0.0,1.0,0.0,1.0,0.0,0.0,0.0,2.0,2.0,0.0,54.0,1.0,0.0,7.5,2.0,2.0,1.0,1.0,1.0,0.0,0.0,0.0,24.0,0.028101,0.0,0.0140505,64.0,95.5,5562.0,benign
0.0,0.0,0.0,0.0,0.0,0.0,0.0,0.0,0.0,0.0,0.0,0.0,0.0,0.0,0.0,0.0,0.0,0.0,0.0,0.0,0.0,0.0,0.0,0.0,0.0,0.0,0.0,0.0,0.0,0.0,benign
0.0,0.0,0.0,0.0,0.0,0.0,0.0,0.0,1.0,2.0,0.0,214.0,0.0,180.0,0.0,1.0,1.0,0.0,1.0,0.0,0.0,0.0,0.0,0.0,0.002584,0.002584,0.0,255.0,0.0,0.0,benign
0.0,0.0,0.0,0.0,0.0,0.0,0.0,0.0,0.0,2.0,0.0,198.0,0.0,0.0,0.0,0.0,0.0,0.0,1.0,0.0,0.0,0.0,0.0,0.0,0.062214,0.062214,0.0,0.0,0.0,0.0,benign
0.0,0.0,0.0,0.0,0.0,0.0,0.0,0.0,0.0,0.0,0.0,0.0,0.0,0.0,0.0,0.0,0.0,0.0,0.0,0.0,0.0,0.0,0.0,0.0,0.0,0.0,0.0,0.0,0.0,0.0,benign
0.0,0.0,0.0,0.0,0.0,0.0,0.0,0.0,0.0,0.0,0.0,0.0,0.0,0.0,0.0,0.0,0.0,0.0,0.0,0.0,0.0,0.0,0.0,0.0,0.0,0.0,0.0,0.0,0.0,0.0,benign
0.0,0.0,0.0,0.0,0.0,0.0,0.0,0.0,0.0,2.0,0.0,198.0,0.0,0.0,0.0,0.0,0.0,0.0,1.0,0.0,0.0,0.0,0.0,0.0,0.048998,0.048998,0.0,0.0,0.0,0.0,benign
0.0,0.0,0.0,0.0,0.0,0.0,0.0,0.0,0.0,0.0,0.0,0.0,0.0,0.0,0.0,0.0,0.0,0.0,0.0,0.0,0.0,0.0,0.0,0.0,0.0,0.0,0.0,0.0,0.0,0.0,benign
0.0,0.0,0.0,0.0,0.0,0.0,0.0,0.0,0.0,0.0,0.0,0.0,0.0,0.0,0.0,0.0,0.0,0.0,0.0,0.0,0.0,0.0,0.0,0.0,0.0,0.0,0.0,0.0,0.0,0.0,benign
0.0,0.0,0.0,0.0,0.0,0.0,0.0,0.0,0.0,0.0,0.0,0.0,0.0,0.0,0.0,0.0,0.0,0.0,0.0,0.0,0.0,0.0,0.0,0.0,0.0,0.0,0.0,0.0,0.0,0.0,benign
0.0,0.0,0.0,0.0,0.0,0.0,0.0,0.0,0.0,0.0,0.0,0.0,0.0,0.0,0.0,0.0,0.0,0.0,0.0,0.0,0.0,0.0,0.0,0.0,0.0,0.0,0.0,0.0,0.0,0.0,benign
-0.7,0.5921899094791204,2.0,0.0,2.0,0.0,1.0,0.0,2.0,2.0,0.0,54.0,2.0,0.0,19.327585352432298,2.0,2.0,1.0,1.0,1.0,0.0,0.0,0.0,24.0,0.0,0.0,0.0,64.0,90.03826347108705,5614.0,benign
0.0,0.0,0.0,0.0,0.0,0.0,0.0129580259160518,0.0,3.0,3.142857142857143,0.0,60.0,79747.14285714286,0.0,8.78159048190499,2.142857142857143,9416.57142857143,0.4285714285714285,0.5714285714285714,5.0,0.0,0.0,0.0,24.0,0.123223883,2.5e-08,0.0002421152611204,2.0,1.2457439952678526,135.0,ddos
0.0,0.0,0.0,0.0,0.0,0.0,0.0,0.0,0.0,0.0,0.0,0.0,0.0,0.0,0.0,0.0,0.0,0.0,0.0,0.0,0.0,0.0,0.0,0.0,0.0,0.0,0.0,0.0,0.0,0.0,benign
866.0,0.0,2.0,0.0,3.0,0.0,0.6666666666666666,0.0,2.0,2.0,0.0,54.0,2.0,0.0,22.93877721239735,2.0,2.0,1.0,1.0,2.0,0.0,0.0,0.0,24.0,0.083559,0.0,0.035838961824912,64.0,95.5,5570.0,benign
0.0,0.0,0.0,0.0,0.0,0.0,0.0,0.0,0.0,2.0,0.0,198.0,0.0,0.0,0.0,0.0,0.0,0.0,1.0,0.0,0.0,0.0,0.0,0.0,0.009622,0.009622,0.0,0.0,0.0,0.0,benign
0.0,0.0,0.0,0.0,0.0,0.0,0.0,0.0,0.0,0.0,0.0,0.0,0.0,0.0,0.0,0.0,0.0,0.0,0.0,0.0,0.0,0.0,0.0,0.0,0.0,0.0,0.0,0.0,0.0,0.0,benign
0.0,0.0,0.0,0.0,0.0,0.0,0.0,0.0,0.0,0.0,0.0,0.0,0.0,0.0,0.0,0.0,0.0,0.0,0.0,0.0,0.0,0.0,0.0,0.0,0.0,0.0,0.0,0.0,0.0,0.0,benign
920.0,0.0,2.0,0.0,3.0,0.0,1.3333333333333333,0.0,2.0,2.0,0.0,54.0,2.0,0.0,22.93877721239735,2.0,2.0,1.0,1.0,2.0,0.0,0.0,0.0,24.0,0.148528,0.0,0.0637404332194251,64.0,95.5,5550.0,benign
0.0,0.0,0.0,0.0,0.0,0.0,0.0,0.0,0.0,0.0,0.0,0.0,0.0,0.0,0.0,0.0,0.0,0.0,0.0,0.0,0.0,0.0,0.0,0.0,0.0,0.0,0.0,0.0,0.0,0.0,benign
0.0,0.0,0.0,0.0,0.0,0.0,0.0,0.0,0.0,0.0,0.0,0.0,0.0,0.0,0.0,0.0,0.0,0.0,0.0,0.0,0.0,0.0,0.0,0.0,0.0,0.0,0.0,0.0,0.0,0.0,benign
0.0,0.0,0.0,0.0,0.0,0.0,0.0,0.0,1.0,2.0,0.0,214.0,0.0,180.0,0.0,1.0,1.0,0.0,1.0,0.0,0.0,0.0,0.0,0.0,0.002218,0.002218,0.0,255.0,0.0,0.0,benign
0.0,0.0,0.0,0.0,0.0,0.0,0.0,0.0,2.0,2.0,0.0,60.0,1.0,0.0,0.0,0.0,0.0,1.0,1.0,0.0,0.0,0.0,0.0,0.0,0.04285,0.0,0.021425,0.0,0.0,0.0,benign
0.0,0.0,0.0,0.0,0.0,0.0,0.4236124118124493,0.0,0.4285714285714285,0.4285714285714285,1460.0,60.0,1144.142857142857,0.0,0.0,144.0,144.0,0.2857142857142857,0.2857142857142857,0.0,1142.857142857143,1144.0,0.0,20.0,0.085716079,2.7e-08,0.001244775665857,37.0,9.225600079877507,0.0,recon
0.0,0.0,0.0,0.0,0.0,0.0,0.0,0.0,0.0,0.0,0.0,0.0,0.0,0.0,0.0,0.0,0.0,0.0,0.0,0.0,0.0,0.0,0.0,0.0,0.0,0.0,0.0,0.0,0.0,0.0,benign
59.0,64.48888529452663,1.0,120.33333333333331,7.0,0.0,55.53846153846154,0.0,2.0,2.0,0.0,54.0,7.0,0.0,10.362067794585782,2.0,2.0,1.0,1.0,7.0,0.0,0.0,0.0,24.0,0.100025,0.0,0.028212777076845,64.0,95.5,5618.0,benign
0.0,0.0,0.0,0.0,0.0,0.0,0.0,0.0,0.0,0.0,0.0,0.0,0.0,0.0,0.0,0.0,0.0,0.0,0.0,0.0,0.0,0.0,0.0,0.0,0.0,0.0,0.0,0.0,0.0,0.0,benign
210.0,0.0,1.0,0.0,2.0,0.0,1.0,0.0,2.0,2.0,0.0,54.0,2.0,0.0,10.594810050208546,2.0,2.0,1.0,1.0,2.0,0.0,0.0,0.0,24.0,0.049525,0.000296,0.0211695558689241,64.0,95.5,5648.0,benign
0.0,0.0,0.0,0.0,0.0,0.0,0.0,0.0,0.0,0.0,0.0,0.0,0.0,0.0,0.0,0.0,0.0,0.0,0.0,0.0,0.0,0.0,0.0,0.0,0.0,0.0,0.0,0.0,0.0,0.0,benign
0.0,0.0,0.0,0.0,0.0,0.0,0.0,0.0,0.0,0.0,0.0,0.0,0.0,0.0,0.0,0.0,0.0,0.0,0.0,0.0,0.0,0.0,0.0,0.0,0.0,0.0,0.0,0.0,0.0,0.0,benign
0.0,0.0,0.0,0.0,0.0,0.0,19.0,0.0,2.0,3.0,0.0,60.0,1.0,180.0,0.0,1.0,1.0,1.0,1.0,0.0,0.0,0.0,0.0,0.0,0.019253,0.017339,0.0009569999999999,255.0,0.0,0.0,benign
0.0,0.0,0.0,0.0,0.0,0.0,0.0,0.0,0.0,0.0,0.0,0.0,0.0,0.0,0.0,0.0,0.0,0.0,0.0,0.0,0.0,0.0,0.0,0.0,0.0,0.0,0.0,0.0,0.0,0.0,benign
0.0,0.0,0.0,0.0,0.0,0.0,0.0,0.0,0.0,2.0,0.0,198.0,0.0,0.0,0.0,0.0,0.0,0.0,1.0,0.0,0.0,0.0,0.0,0.0,0.018456,0.018456,0.0,0.0,0.0,0.0,benign
2.0,0.0,1.0,0.0,1.0,0.0,0.0,0.0,2.0,2.0,0.0,54.0,1.0,0.0,8.5,2.0,2.0,1.0,1.0,1.0,0.0,0.0,0.0,24.0,0.081623,0.0,0.0408115,64.0,95.5,5636.0,benign
0.0,0.0,0.0,0.0,0.0,0.0,0.0,0.0,0.0,0.0,0.0,0.0,0.0,0.0,0.0,0.0,0.0,0.0,0.0,0.0,0.0,0.0,0.0,0.0,0.0,0.0,0.0,0.0,0.0,0.0,benign
0.0,0.0,0.0,0.0,0.0,0.0,0.0,0.0,0.0,0.0,0.0,0.0,0.0,0.0,0.0,0.0,0.0,0.0,0.0,0.0,0.0,0.0,0.0,0.0,0.0,0.0,0.0,0.0,0.0,0.0,benign
0.0,0.0,0.0,0.0,0.0,0.0,0.0,0.0,0.0,0.0,0.0,0.0,0.0,0.0,0.0,0.0,0.0,0.0,0.0,0.0,0.0,0.0,0.0,0.0,0.0,0.0,0.0,0.0,0.0,0.0,benign
0.0,0.0,0.0,0.0,0.0,0.0,0.0,0.0,0.0,0.0,0.0,0.0,0.0,0.0,0.0,0.0,0.0,0.0,0.0,0.0,0.0,0.0,0.0,0.0,0.0,0.0,0.0,0.0,0.0,0.0,benign
0.0,0.0,0.0,0.0,0.0,0.0,0.0,0.0,0.0,0.0,0.0,0.0,0.0,0.0,0.0,0.0,0.0,0.0,0.0,0.0,0.0,0.0,0.0,0.0,0.0,0.0,0.0,0.0,0.0,0.0,benign
-0.7,1.142813292809557,2.0,0.0,2.0,0.0,1.0,0.0,2.0,2.0,0.0,54.0,2.0,0.0,18.856180831641264,2.0,2.0,1.0,1.0,1.0,0.0,0.0,0.0,24.0,0.151658,0.0,0.0714922668141262,64.0,90.03826347108705,5538.0,benign
12.0,0.0,1.0,0.0,1.0,0.0,0.0,0.0,2.0,2.0,0.0,54.0,1.0,0.0,10.5,2.0,2.0,1.0,1.0,1.0,0.0,0.0,0.0,24.0,0.053886,0.0,0.026943,64.0,95.5,5604.0,benign
0.0,0.0,0.0,0.0,0.0,0.0,0.0,0.0,0.0,0.0,0.0,0.0,0.0,0.0,0.0,0.0,0.0,0.0,0.0,0.0,0.0,0.0,0.0,0.0,0.0,0.0,0.0,0.0,0.0,0.0,benign
2.0,0.0,1.0,0.0,1.0,0.0,0.0,0.0,2.0,2.0,0.0,54.0,1.0,0.0,8.5,2.0,2.0,1.0,1.0,1.0,0.0,0.0,0.0,24.0,0.041054,0.0,0.020527,64.0,95.5,5648.0,benign
0.0,0.0,0.0,0.0,0.0,0.0,0.0,2.0,1.0,2.0,0.0,66.0,1.0,0.0,0.0,1.0,1.0,1.0,0.0,0.0,0.0,0.0,0.0,16.0,0.01668,0.01668,0.0,53.0,0.0,8516.0,benign
0.0,0.0,0.0,0.0,0.0,0.0,21.5945945945946,0.0,12.0,12.0,0.0,54.0,18.0,0.0,404.7949080584237,13.0,13.0,3.0,2.0,18.0,0.0,0.0,0.0,24.0,0.12886,0.0,0.0327870693937314,61.0,94.438976178306,660.0,benign
0.0,0.0,0.0,0.0,0.0,0.0,0.0,0.0,0.0,0.0,0.0,0.0,0.0,0.0,0.0,0.0,0.0,0.0,0.0,0.0,0.0,0.0,0.0,0.0,0.0,0.0,0.0,0.0,0.0,0.0,benign
0.0,0.0,0.0,0.0,0.0,0.0,0.0,0.0,0.0,0.0,0.0,0.0,0.0,0.0,0.0,0.0,0.0,0.0,0.0,0.0,0.0,0.0,0.0,0.0,0.0,0.0,0.0,0.0,0.0,0.0,benign
0.0,0.0,0.0,0.0,0.0,0.0,0.0,0.0,0.0,0.0,0.0,0.0,0.0,0.0,0.0,0.0,0.0,0.0,0.0,0.0,0.0,0.0,0.0,0.0,0.0,0.0,0.0,0.0,0.0,0.0,benign
0.0,0.0,0.0,0.0,0.0,0.0,0.0,0.0,1.0,2.0,0.0,54.0,0.0,0.0,0.0,1.0,1.0,0.0,1.0,0.0,0.0,0.0,0.0,16.0,0.186249,0.186249,0.0,255.0,0.0,1540.0,benign
0.0,0.0,0.0,0.0,0.0,0.0,0.0,0.0,0.0,0.0,0.0,0.0,0.0,0.0,0.0,0.0,0.0,0.0,0.0,0.0,0.0,0.0,0.0,0.0,0.0,0.0,0.0,0.0,0.0,0.0,benign
0.0,0.0,0.0,0.0,0.0,6735.142857142857,0.0814787224136325,0.0,0.1428571428571428,0.2857142857142857,0.0,362.0,12273.285714285714,328.0,231.85085417723124,0.0,0.0,0.1428571428571428,0.0,0.0,0.0,0.0,0.0,0.0,0.001119241,2.6e-08,0.0001611913786523,64.0,0.0,0.0,dos
22.3,0.0,1.0,0.0,7.0,0.0,98.28571428571428,0.0,3.0,3.0,0.0,54.0,4.0,0.0,49.86788100125727,2.0,2.0,2.0,2.0,3.0,0.0,0.0,0.0,24.0,0.029801,0.0,0.0119633470729348,64.0,95.5,5614.0,benign
2.0,0.0,1.0,0.0,1.0,0.0,0.0,0.0,2.0,2.0,0.0,54.0,1.0,0.0,8.5,2.0,2.0,1.0,1.0,1.0,0.0,0.0,0.0,24.0,0.031635,0.000252,0.0156915,64.0,95.5,5578.0,benign
0.0,0.0,0.0,0.0,0.0,0.0,0.0,0.0,0.0,0.0,0.0,0.0,0.0,0.0,0.0,0.0,0.0,0.0,0.0,0.0,0.0,0.0,0.0,0.0,0.0,0.0,0.0,0.0,0.0,0.0,benign
-0.69,0.5841803374529706,2.0,0.0,2.0,0.0,1.0,0.0,2.0,2.0,0.0,54.0,2.0,0.0,19.327585352432298,2.0,2.0,1.0,1.0,1.0,0.0,0.0,0.0,24.0,0.066317,0.0,0.0312621336052988,64.0,90.03826347108705,5590.0,benign
23.0,81.3218912716619,1.0,132.71428571428572,8.0,0.0,62.0,0.0,2.0,2.0,0.0,54.0,8.0,0.0,10.318180253804448,2.0,2.0,1.0,1.0,8.0,0.0,0.0,0.0,24.0,0.104208,0.0,0.0256042147170606,64.0,95.5,5626.0,benign
0.0,0.0,0.0,0.0,0.0,0.0,0.0,0.0,0.0,2.0,0.0,198.0,0.0,0.0,0.0,0.0,0.0,0.0,1.0,0.0,0.0,0.0,0.0,0.0,0.010448,0.010448,0.0,0.0,0.0,0.0,benign
0.0,0.0,0.0,0.0,0.0,0.0,0.0,0.0,0.0,0.0,0.0,0.0,0.0,0.0,0.0,0.0,0.0,0.0,0.0,0.0,0.0,0.0,0.0,0.0,0.0,0.0,0.0,0.0,0.0,0.0,benign
0.0,0.0,0.0,0.0,0.0,0.0,4.912157413914266,0.0,28.428571428571427,5.285714285714286,1460.0,60.0,49.0,0.0,229.12908436361343,13.857142857142858,13.857142857142858,0.8571428571428571,1.0,36.71428571428572,7.142857142857143,9.428571428571429,0.0,24.0,0.032174131,3.2e-08,0.003109061980708,61.0,74.67566759513257,0.0,malware
0.0,0.0,0.0,0.0,0.0,0.0,0.0,0.0,0.0,0.0,0.0,0.0,0.0,0.0,0.0,0.0,0.0,0.0,0.0,0.0,0.0,0.0,0.0,0.0,0.0,0.0,0.0,0.0,0.0,0.0,benign
0.0,0.0,0.0,0.0,0.0,0.0,0.0,0.0,0.0,0.0,0.0,0.0,0.0,0.0,0.0,0.0,0.0,0.0,0.0,0.0,0.0,0.0,0.0,0.0,0.0,0.0,0.0,0.0,0.0,0.0,benign
131.0,0.0,1.0,0.0,2.0,0.0,1.0,0.0,2.0,2.0,0.0,54.0,2.0,0.0,11.0227038425243,2.0,2.0,1.0,1.0,2.0,0.0,0.0,0.0,24.0,0.025398,0.0,0.0106598110091126,64.0,95.5,5642.0,benign
0.0,0.0,0.0,0.0,0.0,6881.428571428572,0.0851167315175097,0.0,1.0,1.0,0.0,60.0,11688.857142857143,0.0,431.1905812010814,58.42857142857143,3776.571428571429,1.0,0.4285714285714285,0.0,58.142857142857146,0.0,0.0,20.0,0.001307975,2.6e-08,0.000165325476952,64.0,13.598375885166543,512.0,ddos
0.0,0.0,0.0,0.0,0.0,0.0,0.0,0.0,0.0,0.0,0.0,0.0,0.0,0.0,0.0,0.0,0.0,0.0,0.0,0.0,0.0,0.0,0.0,0.0,0.0,0.0,0.0,0.0,0.0,0.0,benign
0.0,0.0,0.0,0.0,0.0,0.0,14.560669456066943,0.0,2.571428571428572,2.4285714285714284,1460.0,60.0,33.57142857142857,0.0,247.4083012332318,4.285714285714286,4.285714285714286,0.8571428571428571,0.8571428571428571,30.285714285714285,0.2857142857142857,1.1428571428571428,0.0,24.0,0.031093999,3.3e-08,0.0045983186793413,50.0,77.93356289839943,0.0,malware
0.0,0.0,0.0,0.0,0.0,0.0,0.0,0.0,0.0,0.0,0.0,0.0,0.0,0.0,0.0,0.0,0.0,0.0,0.0,0.0,0.0,0.0,0.0,0.0,0.0,0.0,0.0,0.0,0.0,0.0,benign
152.0,19.536824204563032,1.0,132.85714285714286,8.0,0.0,63.53846153846154,0.0,2.0,2.0,0.0,54.0,7.0,0.0,10.5,2.0,2.0,1.0,1.0,7.0,0.0,0.0,0.0,24.0,0.1038,0.0,0.0330920254433583,64.0,95.5,5606.0,benign
115.0,0.8806305718522051,0.1428571428571428,1006.5,2.0,0.0,0.2435602896129212,0.0,1.1428571428571428,1.1428571428571428,1460.0,60.0,2132.0,0.0,0.4833295639929928,1519.571428571429,1545.142857142857,0.4285714285714285,0.4285714285714285,1.7142857142857142,1970.2857142857144,2130.1428571428573,0.0,24.0,0.034259862,2.7e-08,0.0009045961726109,64.0,95.4275200582128,5016.0,ddos
0.0,0.0,0.0,0.0,0.0,0.0,0.0,0.0,0.0,0.0,0.0,0.0,0.0,0.0,0.0,0.0,0.0,0.0,0.0,0.0,0.0,0.0,0.0,0.0,0.0,0.0,0.0,0.0,0.0,0.0,benign
0.0,0.0,0.0,0.0,0.0,0.0,46.0,2.0,2.0,2.0,0.0,90.0,1.0,56.0,0.0,2.0,2.0,1.0,1.0,0.0,0.0,0.0,0.0,0.0,0.006883,0.005498,0.0006925,54.0,4.5,0.0,benign
0.0,0.0,0.0,0.0,0.0,0.0,44.125,2.0,4.0,3.0,0.0,60.0,4.0,0.0,37.71103882127343,4.0,4.0,3.0,3.0,4.0,0.0,0.0,0.0,24.0,0.011212,0.001226,0.0037187907964356,53.0,5.443588252359342,135.0,benign
0.0,0.0,0.0,0.0,0.0,0.0,2.0,2.0,2.0,2.0,0.0,66.0,1.0,0.0,0.0,2.0,2.0,1.0,1.0,0.0,0.0,0.0,0.0,16.0,0.023607,0.001928,0.0108395,64.0,87.0,27.0,benign
0.0,0.0,0.0,0.0,0.0,0.0,0.0,0.0,0.0,0.0,0.0,0.0,0.0,0.0,0.0,0.0,0.0,0.0,0.0,0.0,0.0,0.0,0.0,0.0,0.0,0.0,0.0,0.0,0.0,0.0,benign
0.0,0.0,0.0,0.0,0.0,0.0,0.0,0.0,0.0,0.0,0.0,0.0,0.0,0.0,0.0,0.0,0.0,0.0,0.0,0.0,0.0,0.0,0.0,0.0,0.0,0.0,0.0,0.0,0.0,0.0,benign
0.0,0.0,0.0,0.0,0.0,0.0,0.0,0.0,1.0,2.0,0.0,214.0,0.0,180.0,0.0,1.0,1.0,0.0,1.0,0.0,0.0,0.0,0.0,0.0,0.017907,0.017907,0.0,255.0,0.0,0.0,benign
0.0,0.0,0.0,0.0,0.0,0.0,0.0,0.0,0.0,0.0,0.0,0.0,0.0,0.0,0.0,0.0,0.0,0.0,0.0,0.0,0.0,0.0,0.0,0.0,0.0,0.0,0.0,0.0,0.0,0.0,benign
919.0,0.0,2.0,0.0,3.0,0.0,1.0,0.0,2.0,2.0,0.0,54.0,2.0,0.0,22.93877721239735,2.0,2.0,1.0,1.0,2.0,0.0,0.0,0.0,24.0,0.004215,0.0,0.0017978846424339,64.0,95.5,5542.0,benign
0.0,0.0,0.0,0.0,0.0,0.0,0.0,0.0,0.0,0.0,0.0,0.0,0.0,0.0,0.0,0.0,0.0,0.0,0.0,0.0,0.0,0.0,0.0,0.0,0.0,0.0,0.0,0.0,0.0,0.0,benign
0.0,0.0,0.0,0.0,0.0,0.0,0.0,0.0,1.0,2.0,0.0,230.0,0.0,196.0,0.0,1.0,1.0,0.0,1.0,0.0,0.0,0.0,0.0,0.0,0.105239,0.105239,0.0,255.0,0.0,0.0,benign
0.0,0.0,0.0,0.0,0.0,0.0,0.0,0.0,0.0,0.0,0.0,0.0,0.0,0.0,0.0,0.0,0.0,0.0,0.0,0.0,0.0,0.0,0.0,0.0,0.0,0.0,0.0,0.0,0.0,0.0,benign
0.0,0.0,0.0,0.0,0.0,0.0,0.0,0.0,2.0,2.0,0.0,60.0,1.0,0.0,0.0,0.0,0.0,1.0,1.0,0.0,0.0,0.0,0.0,0.0,0.040234,0.0,0.020117,0.0,0.0,0.0,benign
0.0,0.0,0.0,0.0,0.0,0.0,0.0,0.0,0.0,0.0,0.0,0.0,0.0,0.0,0.0,0.0,0.0,0.0,0.0,0.0,0.0,0.0,0.0,0.0,0.0,0.0,0.0,0.0,0.0,0.0,benign
0.0,0.0,0.0,0.0,0.0,0.0,0.0,0.0,0.0,0.0,0.0,0.0,0.0,0.0,0.0,0.0,0.0,0.0,0.0,0.0,0.0,0.0,0.0,0.0,0.0,0.0,0.0,0.0,0.0,0.0,benign
0.0,0.0,0.0,0.0,0.0,0.0,0.0,0.0,0.0,0.0,0.0,0.0,0.0,0.0,0.0,0.0,0.0,0.0,0.0,0.0,0.0,0.0,0.0,0.0,0.0,0.0,0.0,0.0,0.0,0.0,benign
0.0,0.0,0.0,0.0,0.0,0.0,0.0,0.0,0.0,0.0,0.0,0.0,0.0,0.0,0.0,0.0,0.0,0.0,0.0,0.0,0.0,0.0,0.0,0.0,0.0,0.0,0.0,0.0,0.0,0.0,benign
209.0,0.0,1.0,0.0,2.0,0.0,1.0,0.0,2.0,2.0,0.0,54.0,2.0,0.0,10.594810050208546,2.0,2.0,1.0,1.0,2.0,0.0,0.0,0.0,24.0,0.043202,0.0,0.0183675894223357,64.0,95.5,5540.0,benign
0.0,0.0,0.0,0.0,0.0,0.0,0.009764019528039,0.0,1.0,1.1428571428571428,0.0,60.0,102202.85714285714,0.0,0.0,635.7142857142857,9416.57142857143,0.2857142857142857,0.2857142857142857,0.0,653.1428571428571,102202.14285714286,0.0,20.0,0.000516919,2.5e-08,5.287761317003409e-05,64.0,15.171930479670005,512.0,ddos
0.0,0.0,0.0,0.0,0.0,0.0,0.0,0.0,0.0,0.0,0.0,0.0,0.0,0.0,0.0,0.0,0.0,0.0,0.0,0.0,0.0,0.0,0.0,0.0,0.0,0.0,0.0,0.0,0.0,0.0,benign
2.0,0.0,1.0,0.0,1.0,0.0,1.0,0.0,2.0,2.0,0.0,54.0,1.0,0.0,8.5,2.0,2.0,1.0,1.0,1.0,0.0,0.0,0.0,24.0,0.175948,0.000498,0.087725,64.0,95.5,5600.0,benign
0.0,0.0,0.0,0.0,0.0,0.0,0.0,0.0,2.0,2.0,0.0,60.0,1.0,0.0,0.0,0.0,0.0,1.0,1.0,0.0,0.0,0.0,0.0,0.0,0.011112,0.0,0.005556,0.0,0.0,0.0,benign
0.0,0.0,0.0,0.0,0.0,0.0,19.44117647058824,0.0,11.0,11.0,0.0,54.0,17.0,0.0,323.6862762166944,12.0,12.0,4.0,3.0,15.0,0.0,0.0,0.0,24.0,0.014107,0.0,0.0029700092110074,61.0,94.41683653804677,660.0,benign
0.0,0.0,0.0,0.0,0.0,0.0,0.0,0.0,0.0,0.0,0.0,0.0,0.0,0.0,0.0,0.0,0.0,0.0,0.0,0.0,0.0,0.0,0.0,0.0,0.0,0.0,0.0,0.0,0.0,0.0,benign
0.0,0.0,0.0,0.0,0.0,0.0,0.0,0.0,1.0,2.0,0.0,230.0,0.0,196.0,0.0,1.0,1.0,0.0,1.0,0.0,0.0,0.0,0.0,0.0,0.009544,0.009544,0.0,255.0,0.0,0.0,benign
0.0,0.0,0.0,0.0,0.0,0.0,0.0,0.0,0.0,0.0,0.0,0.0,0.0,0.0,0.0,0.0,0.0,0.0,0.0,0.0,0.0,0.0,0.0,0.0,0.0,0.0,0.0,0.0,0.0,0.0,benign
0.0,0.0,0.0,0.0,0.0,0.0,0.0,0.0,0.0,0.0,0.0,0.0,0.0,0.0,0.0,0.0,0.0,0.0,0.0,0.0,0.0,0.0,0.0,0.0,0.0,0.0,0.0,0.0,0.0,0.0,benign
13.0,0.0,1.0,0.0,1.0,0.0,0.0,0.0,2.0,2.0,0.0,54.0,1.0,0.0,10.5,2.0,2.0,1.0,1.0,1.0,0.0,0.0,0.0,24.0,0.012456,0.0,0.006228,64.0,95.5,5580.0,benign
912.0,0.0,2.0,0.0,3.0,0.0,1.6666666666666667,0.0,2.0,2.0,0.0,54.0,2.0,0.0,22.93877721239735,2.0,2.0,1.0,1.0,2.0,0.0,0.0,0.0,24.0,0.00435,0.0,0.0019260687293032,64.0,95.5,5626.0,benign
0.0,0.0,0.0,0.0,0.0,0.0,0.0,0.0,0.0,0.0,0.0,0.0,0.0,0.0,0.0,0.0,0.0,0.0,0.0,0.0,0.0,0.0,0.0,0.0,0.0,0.0,0.0,0.0,0.0,0.0,benign
0.0,0.0,0.0,0.0,0.0,0.0,0.0,0.0,0.0,0.0,0.0,0.0,0.0,0.0,0.0,0.0,0.0,0.0,0.0,0.0,0.0,0.0,0.0,0.0,0.0,0.0,0.0,0.0,0.0,0.0,benign
0.0,0.0,0.0,0.0,0.0,0.0,2.0,2.0,2.0,2.0,0.0,66.0,2.0,0.0,985.534721610558,2.0,2.0,2.0,2.0,2.0,0.0,0.0,0.0,24.0,0.00482,0.0,0.0018832201809666,61.0,1.5,660.0,benign
0.0,0.0,0.0,0.0,0.0,0.0,0.0,0.0,0.0,0.0,0.0,0.0,0.0,0.0,0.0,0.0,0.0,0.0,0.0,0.0,0.0,0.0,0.0,0.0,0.0,0.0,0.0,0.0,0.0,0.0,benign
22.5,0.0,1.0,0.0,7.0,0.0,1.0,0.0,2.0,2.0,0.0,54.0,3.0,0.0,49.86788100125727,2.0,2.0,1.0,1.0,3.0,0.0,0.0,0.0,24.0,0.004749,0.0,0.0018150668261343,64.0,95.5,5540.0,benign
0.0,0.0,0.0,0.0,0.0,0.0,0.0,0.0,0.0,2.0,0.0,198.0,0.0,0.0,0.0,0.0,0.0,0.0,1.0,0.0,0.0,0.0,0.0,0.0,0.077623,0.077623,0.0,0.0,0.0,0.0,benign
0.0,0.0,0.0,0.0,0.0,0.0,25.42105263157895,0.0,11.0,11.0,0.0,54.0,19.0,0.0,24.36145736332743,11.0,11.0,2.0,2.0,19.0,0.0,0.0,0.0,24.0,0.209284,0.0,0.0347346801926092,64.0,95.46860101838524,5540.0,benign
0.0,0.0,0.0,0.0,0.0,0.0,0.0,0.0,0.0,2.0,0.0,198.0,0.0,0.0,0.0,0.0,0.0,0.0,1.0,0.0,0.0,0.0,0.0,0.0,0.006806,0.006806,0.0,0.0,0.0,0.0,benign
0.0,0.0,0.0,0.0,0.0,0.0,0.0,0.0,0.0,0.0,0.0,0.0,0.0,0.0,0.0,0.0,0.0,0.0,0.0,0.0,0.0,0.0,0.0,0.0,0.0,0.0,0.0,0.0,0.0,0.0,benign
5.0,0.0,1.0,0.0,1.0,0.0,0.0,0.0,2.0,2.0,0.0,54.0,1.0,0.0,7.5,2.0,2.0,1.0,1.0,1.0,0.0,0.0,0.0,24.0,0.054283,1e-06,0.027141,64.0,95.5,5578.0,benign
0.0,0.0,0.0,0.0,0.0,0.0,27.73333333333333,0.0,11.0,11.0,0.0,54.0,15.0,0.0,404.4468428598146,12.0,12.0,3.0,2.0,15.0,0.0,0.0,0.0,24.0,0.127617,0.0,0.0309531620473994,61.0,94.41683653804677,660.0,benign
0.0,0.0,0.0,0.0,0.0,0.0,0.0,0.0,0.0,0.0,0.0,0.0,0.0,0.0,0.0,0.0,0.0,0.0,0.0,0.0,0.0,0.0,0.0,0.0,0.0,0.0,0.0,0.0,0.0,0.0,benign
0.0,0.0,0.0,0.0,0.0,0.0,93.24561403508773,0.0,0.5714285714285714,0.4285714285714285,1460.0,60.0,3.857142857142857,0.0,427.8928604218584,1.2857142857142858,2.4285714285714284,0.5714285714285714,0.7142857142857143,0.5714285714285714,0.0,0.5714285714285714,0.0,24.0,0.088411,0.0,0.0166884571438777,63.0,21.028649068179657,501.0,web
0.0,0.0,0.0,0.0,0.0,0.0,0.0,0.0,0.0,0.0,0.0,0.0,0.0,0.0,0.0,0.0,0.0,0.0,0.0,0.0,0.0,0.0,0.0,0.0,0.0,0.0,0.0,0.0,0.0,0.0,benign
0.0,0.0,0.0,0.0,0.0,0.0,0.0,0.0,0.0,0.0,0.0,0.0,0.0,0.0,0.0,0.0,0.0,0.0,0.0,0.0,0.0,0.0,0.0,0.0,0.0,0.0,0.0,0.0,0.0,0.0,benign
0.0,0.0,0.0,0.0,0.0,0.0,0.0,0.0,0.0,0.0,0.0,0.0,0.0,0.0,0.0,0.0,0.0,0.0,0.0,0.0,0.0,0.0,0.0,0.0,0.0,0.0,0.0,0.0,0.0,0.0,benign
0.0,0.0,0.0,0.0,0.0,0.0,0.0,0.0,0.0,0.0,0.0,0.0,0.0,0.0,0.0,0.0,0.0,0.0,0.0,0.0,0.0,0.0,0.0,0.0,0.0,0.0,0.0,0.0,0.0,0.0,benign
0.0,0.0,0.0,0.0,0.0,0.0,0.0,0.0,0.0,0.0,0.0,0.0,0.0,0.0,0.0,0.0,0.0,0.0,0.0,0.0,0.0,0.0,0.0,0.0,0.0,0.0,0.0,0.0,0.0,0.0,benign
1023.0,0.0,1.0,0.0,1.0,0.0,0.0,0.0,2.0,2.0,0.0,54.0,1.0,0.0,9.0,2.0,2.0,1.0,1.0,1.0,0.0,0.0,0.0,24.0,0.015758,0.0,0.007879,64.0,95.5,5648.0,benign
880.0,5.364280958714281,0.1428571428571428,1004.5,1.0,0.0,376.6875,0.0,0.5714285714285714,0.5714285714285714,0.0,60.0,1.1428571428571428,0.0,8.5,0.2857142857142857,0.2857142857142857,0.2857142857142857,0.2857142857142857,1.0,0.0,0.0,0.0,24.0,0.043446816,3.5e-08,0.0125051779786993,64.0,95.5,4878.0,recon
0.0,0.0,0.0,0.0,0.0,0.0,0.0,0.0,0.0,0.0,0.0,0.0,0.0,0.0,0.0,0.0,0.0,0.0,0.0,0.0,0.0,0.0,0.0,0.0,0.0,0.0,0.0,0.0,0.0,0.0,benign
0.0,0.0,0.0,0.0,0.0,0.0,25.0,0.0,2.0,2.0,0.0,60.0,1.0,0.0,0.0,0.0,0.0,1.0,1.0,0.0,0.0,0.0,0.0,0.0,0.029806,0.004324,0.0114578862894611,0.0,0.0,0.0,benign
0.0,0.0,0.0,0.0,0.0,6693.714285714285,0.0817661488143908,0.0,0.4285714285714285,0.4285714285714285,0.0,60.0,12141.0,0.0,275.4564243557975,88.28571428571429,4648.571428571428,1.1428571428571428,0.2857142857142857,0.0,88.14285714285714,0.0,0.0,16.0,0.007986265,2.6e-08,0.000164026816905,64.0,0.0,0.0,dos
0.0,0.0,0.0,0.0,0.0,0.0,0.0378677226351607,0.0,0.4285714285714285,0.4285714285714285,0.0,60.0,26407.571428571428,0.0,0.0,0.1428571428571428,9416.57142857143,0.2857142857142857,0.1428571428571428,0.0,0.0,0.0,0.0,0.0,0.001431918,2.5e-08,0.0001060696647033,64.0,0.0,512.0,dos
0.0,0.0,0.0,0.0,0.0,0.0,0.0,0.0,0.0,0.0,0.0,0.0,0.0,0.0,0.0,0.0,0.0,0.0,0.0,0.0,0.0,0.0,0.0,0.0,0.0,0.0,0.0,0.0,0.0,0.0,benign
0.0,0.0,0.0,0.0,0.0,0.0,0.0,0.0,0.0,0.0,0.0,0.0,0.0,0.0,0.0,0.0,0.0,0.0,0.0,0.0,0.0,0.0,0.0,0.0,0.0,0.0,0.0,0.0,0.0,0.0,benign
1.0,0.0,1.0,0.0,1.0,0.0,0.0,0.0,2.0,2.0,0.0,54.0,1.0,0.0,8.5,2.0,2.0,1.0,1.0,1.0,0.0,0.0,0.0,24.0,0.11144,0.0,0.05572,64.0,95.5,5566.0,benign
0.0,0.0,0.0,0.0,0.0,0.0,0.0,0.0,0.0,0.0,0.0,0.0,0.0,0.0,0.0,0.0,0.0,0.0,0.0,0.0,0.0,0.0,0.0,0.0,0.0,0.0,0.0,0.0,0.0,0.0,benign
0.0,0.0,0.0,0.0,0.0,0.0,0.0,0.0,0.0,0.0,0.0,0.0,0.0,0.0,0.0,0.0,0.0,0.0,0.0,0.0,0.0,0.0,0.0,0.0,0.0,0.0,0.0,0.0,0.0,0.0,benign
0.0,0.0,0.0,0.0,0.0,0.0,0.0,0.0,0.0,0.0,0.0,0.0,0.0,0.0,0.0,0.0,0.0,0.0,0.0,0.0,0.0,0.0,0.0,0.0,0.0,0.0,0.0,0.0,0.0,0.0,benign
12.0,0.0,1.0,0.0,1.0,0.0,0.75,0.0,2.0,2.0,0.0,54.0,3.0,0.0,8.049844718999243,2.0,2.0,2.0,1.0,3.0,0.0,0.0,0.0,24.0,0.006555,0.0,0.0025642082598728,64.0,93.5705081743174,5630.0,benign
0.0,0.0,0.0,0.0,0.0,0.0,0.6923076923076923,0.0,4.0,4.0,1460.0,66.0,7.0,0.0,141.4615582021476,3.0,3.0,3.0,4.0,2.0,0.0,2.0,0.0,24.0,0.154242,0.0,0.0395526025292487,1.0,16.224980739587952,453.0,benign
0.0,0.0,1.0,0.0,1.0,0.0,0.0,0.0,2.0,2.0,0.0,54.0,1.0,0.0,7.5,2.0,2.0,1.0,1.0,1.0,0.0,0.0,0.0,24.0,0.088564,1e-06,0.0442815,64.0,95.5,5584.0,benign
-0.69,0.5841803374529706,2.0,0.0,2.0,0.0,37.0,0.0,2.0,3.0,0.0,54.0,2.0,0.0,19.327585352432298,2.0,2.0,1.0,2.0,1.0,0.0,0.0,0.0,24.0,0.022391,0.0,0.0092246338816237,64.0,90.03826347108705,5576.0,benign
22.5,0.0,0.1428571428571428,1141.0,6.0,6916.0,0.0852753785617698,0.0,0.2857142857142857,1.1428571428571428,0.0,60.0,11726.57142857143,328.0,488.4053954260892,958.4285714285714,896.5714285714286,1.1428571428571428,0.1428571428571428,0.0,0.0,0.0,0.0,0.0,0.004264678,2.6e-08,0.0001358094256398,64.0,0.0,0.0,ddos
0.0,0.0,2.0,0.0,4.0,0.0,55.0,0.0,2.0,3.0,0.0,54.0,3.0,0.0,38.05587996617606,2.0,2.0,2.0,1.0,2.0,0.0,0.0,0.0,24.0,0.006287,0.0,0.0024742670349014,64.0,95.5,5554.0,benign
0.0,0.0,0.0,0.0,0.0,0.0,0.0,0.0,0.0,0.0,0.0,0.0,0.0,0.0,0.0,0.0,0.0,0.0,0.0,0.0,0.0,0.0,0.0,0.0,0.0,0.0,0.0,0.0,0.0,0.0,benign
0.0,0.0,0.0,0.0,0.0,0.0,0.0,0.0,0.0,0.0,0.0,0.0,0.0,0.0,0.0,0.0,0.0,0.0,0.0,0.0,0.0,0.0,0.0,0.0,0.0,0.0,0.0,0.0,0.0,0.0,benign
0.0,0.0,0.0,0.0,0.0,0.0,63.66666666666666,0.0,4.0,3.0,0.0,54.0,1.0,0.0,98.0,2.0,2.0,1.0,3.0,0.0,0.0,0.0,0.0,16.0,0.027775,0.00465,0.0084292598429518,255.0,0.0,3276.0,benign
0.0,0.0,0.0,0.0,0.0,0.0,0.0,0.0,1.0,2.0,0.0,230.0,0.0,196.0,0.0,1.0,1.0,0.0,1.0,0.0,0.0,0.0,0.0,0.0,0.005545,0.005545,0.0,255.0,0.0,0.0,benign
0.0,0.0,0.0,0.0,0.0,0.0,0.0,0.0,2.0,2.0,0.0,60.0,1.0,0.0,0.0,0.0,0.0,1.0,1.0,0.0,0.0,0.0,0.0,0.0,0.029957,0.0,0.0149785,0.0,0.0,0.0,benign
0.0,0.0,0.0,0.0,0.0,0.0,0.0,0.0,0.0,0.0,0.0,0.0,0.0,0.0,0.0,0.0,0.0,0.0,0.0,0.0,0.0,0.0,0.0,0.0,0.0,0.0,0.0,0.0,0.0,0.0,benign
0.0,0.0,0.0,0.0,0.0,0.0,0.0,0.0,0.0,0.0,0.0,0.0,0.0,0.0,0.0,0.0,0.0,0.0,0.0,0.0,0.0,0.0,0.0,0.0,0.0,0.0,0.0,0.0,0.0,0.0,benign
2.0,0.0,1.0,0.0,1.0,0.0,0.0,0.0,2.0,2.0,0.0,54.0,1.0,0.0,8.5,2.0,2.0,1.0,1.0,1.0,0.0,0.0,0.0,24.0,0.036788,0.000261,0.0182635,64.0,95.5,5592.0,benign
0.0,0.0,0.0,0.0,0.0,0.0,0.0,0.0,0.0,0.0,0.0,0.0,0.0,0.0,0.0,0.0,0.0,0.0,0.0,0.0,0.0,0.0,0.0,0.0,0.0,0.0,0.0,0.0,0.0,0.0,benign
0.0,0.0,0.0,0.0,0.0,0.0,0.0,0.0,0.0,0.0,0.0,0.0,0.0,0.0,0.0,0.0,0.0,0.0,0.0,0.0,0.0,0.0,0.0,0.0,0.0,0.0,0.0,0.0,0.0,0.0,benign
0.0,0.0,0.0,0.0,0.0,0.0,0.0,0.0,0.0,0.0,0.0,0.0,0.0,0.0,0.0,0.0,0.0,0.0,0.0,0.0,0.0,0.0,0.0,0.0,0.0,0.0,0.0,0.0,0.0,0.0,benign
0.0,0.0,0.0,0.0,0.0,0.0,0.0,0.0,0.0,0.0,0.0,0.0,0.0,0.0,0.0,0.0,0.0,0.0,0.0,0.0,0.0,0.0,0.0,0.0,0.0,0.0,0.0,0.0,0.0,0.0,benign
0.0,0.0,0.0,0.0,0.0,0.0,0.0,0.0,0.0,0.0,0.0,0.0,0.0,0.0,0.0,0.0,0.0,0.0,0.0,0.0,0.0,0.0,0.0,0.0,0.0,0.0,0.0,0.0,0.0,0.0,benign
17.0,0.0,1.0,0.0,1.0,0.0,0.0,0.0,2.0,2.0,0.0,54.0,1.0,0.0,8.0,2.0,2.0,1.0,1.0,1.0,0.0,0.0,0.0,24.0,0.034529,0.0,0.0172645,64.0,95.5,5626.0,benign
0.0,0.0,0.0,0.0,0.0,0.0,0.0,0.0,0.0,0.0,0.0,0.0,0.0,0.0,0.0,0.0,0.0,0.0,0.0,0.0,0.0,0.0,0.0,0.0,0.0,0.0,0.0,0.0,0.0,0.0,benign
0.0,0.0,0.0,0.0,0.0,0.0,0.0,0.0,0.0,0.0,0.0,0.0,0.0,0.0,0.0,0.0,0.0,0.0,0.0,0.0,0.0,0.0,0.0,0.0,0.0,0.0,0.0,0.0,0.0,0.0,benign
-0.7,0.5880476171195662,2.0,0.0,2.0,0.0,1.5,0.0,2.0,2.0,0.0,54.0,2.0,0.0,19.327585352432298,2.0,2.0,1.0,1.0,1.0,0.0,0.0,0.0,24.0,0.007253,0.0,0.0034188613114115,64.0,90.03826347108705,5632.0,benign
0.0,0.0,0.0,0.0,0.0,0.0,25.38235294117647,0.0,12.0,12.0,0.0,54.0,17.0,0.0,350.65963289932193,12.0,12.0,4.0,3.0,16.0,0.0,0.0,0.0,24.0,0.22249,0.0,0.0494079288578219,61.0,94.55609885690954,660.0,benign
0.0,0.0,0.0,0.0,0.0,0.0,94.0,0.0,3.0,3.0,0.0,60.0,1.0,180.0,0.0,1.0,1.0,1.0,2.0,0.0,0.0,0.0,0.0,0.0,0.013192,0.001568,0.0045239275731934,255.0,0.0,0.0,benign
-0.69,0.5840281576164704,2.0,0.0,2.0,0.0,1.0,0.0,2.0,2.0,0.0,54.0,2.0,0.0,19.327585352432298,2.0,2.0,1.0,1.0,1.0,0.0,0.0,0.0,24.0,0.042093,0.0,0.0198428304936568,64.0,90.03826347108705,5554.0,benign
0.0,0.0,0.0,0.0,0.0,0.0,39.0,0.0,2.0,2.0,0.0,60.0,1.0,0.0,0.0,0.0,0.0,1.0,1.0,0.0,0.0,0.0,0.0,0.0,0.009695,0.003695,0.003,0.0,0.0,0.0,benign
-0.7,0.5880476171195662,2.0,0.0,2.0,0.0,10.5,0.0,3.0,3.0,0.0,54.0,3.0,0.0,19.327585352432298,2.0,2.0,2.0,2.0,1.0,0.0,0.0,0.0,24.0,0.033401,0.0,0.0129661824358598,64.0,90.03826347108705,5582.0,benign
6.0,0.0,1.0,0.0,1.0,0.0,0.0,0.0,2.0,2.0,0.0,54.0,1.0,0.0,8.5,2.0,2.0,1.0,1.0,1.0,0.0,0.0,0.0,24.0,0.039164,0.0,0.019582,64.0,95.5,5570.0,benign
0.0,0.0,0.0,0.0,0.0,0.0,0.0,0.0,0.0,0.0,0.0,0.0,0.0,0.0,0.0,0.0,0.0,0.0,0.0,0.0,0.0,0.0,0.0,0.0,0.0,0.0,0.0,0.0,0.0,0.0,benign
0.0,0.0,0.0,0.0,0.0,0.0,0.0,0.0,1.0,2.0,0.0,214.0,0.0,180.0,0.0,1.0,1.0,0.0,1.0,0.0,0.0,0.0,0.0,0.0,0.044654,0.044654,0.0,255.0,0.0,0.0,benign
165.0,0.0,1.0,0.0,2.0,0.0,1.0,0.0,2.0,2.0,0.0,54.0,2.0,0.0,11.0227038425243,2.0,2.0,1.0,1.0,2.0,0.0,0.0,0.0,24.0,0.003005,0.0,0.001300914558109,64.0,95.5,5582.0,benign
0.0,0.0,0.0,0.0,0.0,0.0,0.0,0.0,0.0,0.0,0.0,0.0,0.0,0.0,0.0,0.0,0.0,0.0,0.0,0.0,0.0,0.0,0.0,0.0,0.0,0.0,0.0,0.0,0.0,0.0,benign
0.0,0.0,0.0,0.0,0.0,0.0,0.0,0.0,0.0,0.0,0.0,0.0,0.0,0.0,0.0,0.0,0.0,0.0,0.0,0.0,0.0,0.0,0.0,0.0,0.0,0.0,0.0,0.0,0.0,0.0,benign
13.0,0.0,1.0,0.0,1.0,0.0,0.0,0.0,2.0,2.0,0.0,54.0,1.0,0.0,10.5,2.0,2.0,1.0,1.0,1.0,0.0,0.0,0.0,24.0,0.00035,0.0,0.000175,64.0,95.5,5576.0,benign
0.0,0.0,0.0,0.0,0.0,0.0,0.0,0.0,0.0,0.0,0.0,0.0,0.0,0.0,0.0,0.0,0.0,0.0,0.0,0.0,0.0,0.0,0.0,0.0,0.0,0.0,0.0,0.0,0.0,0.0,benign
0.0,0.0,0.0,0.0,0.0,0.0,0.0,0.0,0.0,0.0,0.0,0.0,0.0,0.0,0.0,0.0,0.0,0.0,0.0,0.0,0.0,0.0,0.0,0.0,0.0,0.0,0.0,0.0,0.0,0.0,benign
0.0,0.0,0.0,0.0,0.0,0.0,44.0,2.0,2.0,2.0,0.0,66.0,1.0,0.0,42.92888175679502,2.0,2.0,1.0,2.0,2.0,0.0,0.0,0.0,24.0,0.074075,0.01224,0.0285465165066889,53.0,5.185449728701329,135.0,benign
0.0,0.0,0.0,0.0,0.0,0.0,178.0,0.0,2.0,3.0,0.0,60.0,1.0,180.0,0.0,1.0,1.0,1.0,1.0,0.0,0.0,0.0,0.0,0.0,0.030038,0.002386,0.013826,255.0,0.0,0.0,benign
0.0,0.0,0.0,0.0,0.0,0.0,0.0,0.0,0.0,0.0,0.0,0.0,0.0,0.0,0.0,0.0,0.0,0.0,0.0,0.0,0.0,0.0,0.0,0.0,0.0,0.0,0.0,0.0,0.0,0.0,benign
0.0,0.0,0.0,0.0,0.0,0.0,0.0,0.0,0.0,0.0,0.0,0.0,0.0,0.0,0.0,0.0,0.0,0.0,0.0,0.0,0.0,0.0,0.0,0.0,0.0,0.0,0.0,0.0,0.0,0.0,benign
0.0,0.0,0.0,0.0,0.0,0.0,0.0,0.0,0.0,0.0,0.0,0.0,0.0,0.0,0.0,0.0,0.0,0.0,0.0,0.0,0.0,0.0,0.0,0.0,0.0,0.0,0.0,0.0,0.0,0.0,benign
0.0,0.0,0.0,0.0,0.0,0.0,0.0,0.0,0.0,0.0,0.0,0.0,0.0,0.0,0.0,0.0,0.0,0.0,0.0,0.0,0.0,0.0,0.0,0.0,0.0,0.0,0.0,0.0,0.0,0.0,benign
0.0,0.0,0.0,0.0,0.0,0.0,0.0,0.0,0.0,2.0,0.0,198.0,0.0,0.0,0.0,0.0,0.0,0.0,1.0,0.0,0.0,0.0,0.0,0.0,0.072894,0.072894,0.0,0.0,0.0,0.0,benign
0.0,0.0,0.0,0.0,0.0,0.0,0.0,0.0,0.0,0.0,0.0,0.0,0.0,0.0,0.0,0.0,0.0,0.0,0.0,0.0,0.0,0.0,0.0,0.0,0.0,0.0,0.0,0.0,0.0,0.0,benign
916.0,0.0,2.0,0.0,3.0,0.0,3.6666666666666665,0.0,2.0,2.0,0.0,54.0,2.0,0.0,22.93877721239735,2.0,2.0,1.0,1.0,2.0,0.0,0.0,0.0,24.0,0.015278,0.0,0.0066080489319843,64.0,95.5,5578.0,benign
0.0,0.0,1.0,0.0,1.0,0.0,0.0,0.0,2.0,2.0,0.0,54.0,1.0,0.0,9.5,2.0,2.0,1.0,1.0,1.0,0.0,0.0,0.0,24.0,0.051054,0.0,0.025527,64.0,95.5,5548.0,benign
0.0,0.0,0.0,0.0,0.0,0.0,0.0319206179831641,0.0,7.428571428571429,6.857142857142857,0.0,60.0,26161.42857142857,0.0,12.635967083880418,4060.714285714286,9416.57142857143,0.4285714285714285,0.5714285714285714,26153.85714285714,5156.428571428572,0.0,0.0,24.0,0.000955413,2.5e-08,9.839804957272364e-05,53.0,0.4093461686842912,0.0,dos
0.0,0.0,0.0,0.0,0.0,0.0,1.4166666666666667,2.0,3.0,4.0,1460.0,66.0,7.0,0.0,132.11685700668724,3.0,3.0,3.0,3.0,2.0,0.0,2.0,0.0,24.0,0.033849,0.0,0.008879951609762,1.0,16.787569365667572,453.0,benign
0.0,0.0,0.0,0.0,0.0,0.0,0.0,0.0,0.0,0.0,0.0,0.0,0.0,0.0,0.0,0.0,0.0,0.0,0.0,0.0,0.0,0.0,0.0,0.0,0.0,0.0,0.0,0.0,0.0,0.0,benign
22.6,0.0433012701890381,0.1428571428571428,1095.3333333333333,4.0,0.0,0.0095720191440382,0.0,1.0,1.1428571428571428,1436.0,60.0,98565.14285714286,0.0,0.0,538.4285714285714,9416.57142857143,0.2857142857142857,0.2857142857142857,98563.28571428572,555.4285714285714,0.7142857142857143,0.0,24.0,0.011507025,2.5e-08,5.3636971782578384e-05,64.0,14.261292547379808,512.0,ddos
0.0,0.0,0.0,0.0,0.0,0.0,0.0,0.0,1.0,2.0,0.0,60.0,0.0,0.0,0.0,0.0,0.0,0.0,1.0,0.0,0.0,0.0,0.0,0.0,0.006916,0.006916,0.0,0.0,0.0,0.0,benign
0.0,0.0,0.0,0.0,0.0,0.0,0.0,0.0,0.0,0.0,0.0,0.0,0.0,0.0,0.0,0.0,0.0,0.0,0.0,0.0,0.0,0.0,0.0,0.0,0.0,0.0,0.0,0.0,0.0,0.0,benign
0.0,0.0,0.0,0.0,0.0,0.0,0.0,0.0,0.0,0.0,0.0,0.0,0.0,0.0,0.0,0.0,0.0,0.0,0.0,0.0,0.0,0.0,0.0,0.0,0.0,0.0,0.0,0.0,0.0,0.0,benign
0.0,0.0,0.0,0.0,0.0,0.0,0.0,0.0,0.0,0.0,0.0,0.0,0.0,0.0,0.0,0.0,0.0,0.0,0.0,0.0,0.0,0.0,0.0,0.0,0.0,0.0,0.0,0.0,0.0,0.0,benign
3.0,0.0,1.0,0.0,1.0,0.0,96.0,0.0,2.0,2.0,0.0,54.0,2.0,0.0,8.5,2.0,2.0,2.0,2.0,1.0,0.0,0.0,0.0,24.0,0.057432,0.0,0.0224591211022938,64.0,95.5,5536.0,benign
0.0,0.0,0.0,0.0,0.0,0.0,20.69047619047619,0.0,13.0,12.0,0.0,54.0,21.0,0.0,399.60149393611954,13.0,13.0,4.0,4.0,20.0,0.0,0.0,0.0,24.0,0.067068,0.0,0.0180330479318765,61.0,94.91876986818627,660.0,benign
0.0,0.0,0.0,0.0,0.0,0.0,0.0,0.0,0.0,0.0,0.0,0.0,0.0,0.0,0.0,0.0,0.0,0.0,0.0,0.0,0.0,0.0,0.0,0.0,0.0,0.0,0.0,0.0,0.0,0.0,benign
0.0,0.0,1.0,0.0,1.0,0.0,0.0,0.0,2.0,2.0,0.0,54.0,1.0,0.0,7.5,2.0,2.0,1.0,1.0,1.0,0.0,0.0,0.0,24.0,0.01336,0.000362,0.006499,64.0,95.5,5582.0,benign
0.0,0.0,0.0,0.0,0.0,0.0,0.0,0.0,0.0,0.0,0.0,0.0,0.0,0.0,0.0,0.0,0.0,0.0,0.0,0.0,0.0,0.0,0.0,0.0,0.0,0.0,0.0,0.0,0.0,0.0,benign
0.0,0.0,0.0,0.0,0.0,0.0,0.0,0.0,0.0,0.0,0.0,0.0,0.0,0.0,0.0,0.0,0.0,0.0,0.0,0.0,0.0,0.0,0.0,0.0,0.0,0.0,0.0,0.0,0.0,0.0,benign
914.0,0.0,2.0,0.0,3.0,0.0,0.6666666666666666,0.0,2.0,2.0,0.0,54.0,2.0,0.0,22.93877721239735,2.0,2.0,1.0,1.0,2.0,0.0,0.0,0.0,24.0,0.008336,0.0,0.0034072103967175,64.0,95.5,5648.0,benign
1.0,0.0,1.0,0.0,1.0,0.0,0.0,0.0,2.0,2.0,0.0,54.0,1.0,0.0,7.5,2.0,2.0,1.0,1.0,1.0,0.0,0.0,0.0,24.0,0.058496,0.0,0.029248,64.0,95.5,5552.0,benign
0.0,0.0,0.0,0.0,0.0,0.0,0.0,0.0,0.0,0.0,0.0,0.0,0.0,0.0,0.0,0.0,0.0,0.0,0.0,0.0,0.0,0.0,0.0,0.0,0.0,0.0,0.0,0.0,0.0,0.0,benign
12.0,0.0,1.0,0.0,1.0,0.0,0.0,0.0,2.0,2.0,0.0,54.0,1.0,0.0,10.5,2.0,2.0,1.0,1.0,1.0,0.0,0.0,0.0,24.0,0.080136,0.0,0.040068,64.0,95.5,5558.0,benign
0.0,0.0,0.0,0.0,0.0,0.0,0.0,0.0,0.0,0.0,0.0,0.0,0.0,0.0,0.0,0.0,0.0,0.0,0.0,0.0,0.0,0.0,0.0,0.0,0.0,0.0,0.0,0.0,0.0,0.0,benign
1023.0,0.0,1.0,0.0,1.0,0.0,0.0,0.0,2.0,2.0,0.0,54.0,1.0,0.0,9.0,2.0,2.0,1.0,1.0,1.0,0.0,0.0,0.0,24.0,0.017978,0.0,0.008989,64.0,95.5,5582.0,benign
0.0,0.0,0.0,0.0,0.0,0.0,0.0116240232480464,0.0,0.4285714285714285,0.5714285714285714,0.0,60.0,85960.14285714286,16.0,0.2318611760651412,86.0,85.28571428571429,0.2857142857142857,0.2857142857142857,0.0,0.0,0.0,0.0,0.0,0.000964459,2.5e-08,5.867095628039081e-05,64.0,7.624825445705852,0.0,dos
0.0,0.0,0.0,0.0,0.0,0.0,0.0,0.0,0.0,0.0,0.0,0.0,0.0,0.0,0.0,0.0,0.0,0.0,0.0,0.0,0.0,0.0,0.0,0.0,0.0,0.0,0.0,0.0,0.0,0.0,benign
0.0,0.0,0.0,0.0,0.0,0.0,0.0,0.0,0.0,0.0,0.0,0.0,0.0,0.0,0.0,0.0,0.0,0.0,0.0,0.0,0.0,0.0,0.0,0.0,0.0,0.0,0.0,0.0,0.0,0.0,benign
0.0,0.0,0.0,0.0,0.0,0.0,22.0,0.0,12.0,12.0,0.0,54.0,22.0,0.0,395.8281682314083,13.0,13.0,3.0,2.0,22.0,0.0,0.0,0.0,24.0,0.098664,0.0,0.0208119629285718,61.0,95.0298562571096,660.0,benign
0.0,0.0,0.0,0.0,0.0,0.0,25.0,0.0,2.0,2.0,0.0,60.0,1.0,0.0,0.0,0.0,0.0,1.0,1.0,0.0,0.0,0.0,0.0,0.0,0.029925,0.024433,0.0027459999999999,0.0,0.0,0.0,benign
0.0,0.0,0.0,0.0,0.0,0.0,0.0,0.0,1.0,2.0,0.0,214.0,0.0,180.0,0.0,1.0,1.0,0.0,1.0,0.0,0.0,0.0,0.0,0.0,0.068175,0.068175,0.0,255.0,0.0,0.0,benign
0.0,0.0,0.0,0.0,0.0,0.0,0.0,0.0,0.0,0.0,0.0,0.0,0.0,0.0,0.0,0.0,0.0,0.0,0.0,0.0,0.0,0.0,0.0,0.0,0.0,0.0,0.0,0.0,0.0,0.0,benign
0.0,0.0,0.0,0.0,0.0,0.0,0.0,0.0,0.0,0.0,0.0,0.0,0.0,0.0,0.0,0.0,0.0,0.0,0.0,0.0,0.0,0.0,0.0,0.0,0.0,0.0,0.0,0.0,0.0,0.0,benign
1023.0,0.0,2.0,0.0,4.0,0.0,0.6666666666666666,0.0,2.0,2.0,0.0,54.0,2.0,0.0,37.57658845611187,2.0,2.0,1.0,1.0,2.0,0.0,0.0,0.0,24.0,0.019652,0.0,0.0081645285343061,64.0,95.5,5542.0,benign
0.0,0.0,0.0,0.0,0.0,0.0,0.0,0.0,0.0,0.0,0.0,0.0,0.0,0.0,0.0,0.0,0.0,0.0,0.0,0.0,0.0,0.0,0.0,0.0,0.0,0.0,0.0,0.0,0.0,0.0,benign
0.0,0.0,0.0,0.0,0.0,0.0,37.0,0.0,10.0,10.0,0.0,54.0,13.0,0.0,441.97389578365807,11.0,11.0,3.0,2.0,13.0,0.0,0.0,0.0,24.0,0.114696,0.0,0.0263273196059221,61.0,94.03555641913458,660.0,benign
0.0,0.0,0.0,0.0,0.0,0.0,0.0,0.0,0.0,0.0,0.0,0.0,0.0,0.0,0.0,0.0,0.0,0.0,0.0,0.0,0.0,0.0,0.0,0.0,0.0,0.0,0.0,0.0,0.0,0.0,benign
-0.7,0.5880476171195662,2.0,0.0,2.0,0.0,110.0,0.0,2.0,2.0,0.0,54.0,2.0,0.0,17.75352077758099,2.0,2.0,1.0,2.0,1.0,0.0,0.0,0.0,24.0,0.213536,0.0,0.089653726148164,64.0,95.5,5550.0,benign
0.0,0.0,0.0,0.0,0.0,0.0,0.0,0.0,0.0,0.0,0.0,0.0,0.0,0.0,0.0,0.0,0.0,0.0,0.0,0.0,0.0,0.0,0.0,0.0,0.0,0.0,0.0,0.0,0.0,0.0,benign
1023.0,0.0,2.0,0.0,4.0,0.0,0.6666666666666666,0.0,2.0,2.0,0.0,54.0,2.0,0.0,37.57658845611187,2.0,2.0,1.0,1.0,2.0,0.0,0.0,0.0,24.0,0.010469,0.0,0.0043025962220501,64.0,95.5,5542.0,benign
0.0,0.0,0.0,0.0,0.0,0.0,0.0,0.0,0.0,0.0,0.0,0.0,0.0,0.0,0.0,0.0,0.0,0.0,0.0,0.0,0.0,0.0,0.0,0.0,0.0,0.0,0.0,0.0,0.0,0.0,benign
0.0,0.0,0.0,0.0,0.0,0.0,0.0,0.0,0.0,0.0,0.0,0.0,0.0,0.0,0.0,0.0,0.0,0.0,0.0,0.0,0.0,0.0,0.0,0.0,0.0,0.0,0.0,0.0,0.0,0.0,benign
0.0,0.0,0.0,0.0,0.0,0.0,205.0,0.0,2.0,2.0,0.0,54.0,1.0,0.0,32.526911934581186,2.0,2.0,1.0,2.0,2.0,0.0,0.0,0.0,24.0,0.058833,0.00048,0.0256601579149899,240.0,7.071067811865476,1747.0,benign
0.0,0.0,0.0,0.0,0.0,0.0,0.0,0.0,0.0,0.0,0.0,0.0,0.0,0.0,0.0,0.0,0.0,0.0,0.0,0.0,0.0,0.0,0.0,0.0,0.0,0.0,0.0,0.0,0.0,0.0,benign
0.0,0.0,0.0,0.0,0.0,0.0,0.0,0.0,0.0,0.0,0.0,0.0,0.0,0.0,0.0,0.0,0.0,0.0,0.0,0.0,0.0,0.0,0.0,0.0,0.0,0.0,0.0,0.0,0.0,0.0,benign
1.0,0.0,1.0,0.0,1.0,0.0,0.0,0.0,2.0,2.0,0.0,54.0,1.0,0.0,7.5,2.0,2.0,1.0,1.0,1.0,0.0,0.0,0.0,24.0,0.029798,0.000298,0.01475,64.0,95.5,5576.0,benign
0.0,0.0,0.0,0.0,0.0,0.0,0.0,0.0,0.0,0.0,0.0,0.0,0.0,0.0,0.0,0.0,0.0,0.0,0.0,0.0,0.0,0.0,0.0,0.0,0.0,0.0,0.0,0.0,0.0,0.0,benign
0.0,0.0,0.0,0.0,0.0,0.0,0.0,0.0,1.0,2.0,0.0,214.0,0.0,180.0,0.0,1.0,1.0,0.0,1.0,0.0,0.0,0.0,0.0,0.0,0.012192,0.012192,0.0,255.0,0.0,0.0,benign
0.0,0.0,0.0,0.0,0.0,0.0,742.375,0.0,0.2857142857142857,0.2857142857142857,0.0,60.0,0.1428571428571428,0.0,0.0,0.0,0.0,0.1428571428571428,0.1428571428571428,0.0,0.0,0.0,0.0,0.0,0.000361205,3.3e-08,0.000113093545808,0.0,0.0,0.0,ddos
0.0,0.0,0.0,0.0,0.0,0.0,0.0,0.0,0.0,0.0,0.0,0.0,0.0,0.0,0.0,0.0,0.0,0.0,0.0,0.0,0.0,0.0,0.0,0.0,0.0,0.0,0.0,0.0,0.0,0.0,benign
0.0,0.0,0.0,0.0,0.0,0.0,48.5,0.0,2.0,2.0,0.0,60.0,1.0,0.0,0.0,0.0,0.0,1.0,1.0,0.0,0.0,0.0,0.0,0.0,0.007664,0.000296,0.0031859098473678,0.0,0.0,0.0,benign
280.0,0.0,1.0,0.0,1.0,0.0,0.0,0.0,2.0,2.0,0.0,54.0,1.0,0.0,11.0,2.0,2.0,1.0,1.0,1.0,0.0,0.0,0.0,24.0,0.046362,0.000306,0.023028,64.0,95.5,5542.0,benign
0.0,0.0,0.0,0.0,0.0,0.0,278.8888888888889,2.0,0.2857142857142857,0.2857142857142857,1460.0,60.0,1.5714285714285714,0.0,165.11599213500116,0.5714285714285714,0.5714285714285714,0.2857142857142857,0.2857142857142857,0.5714285714285714,0.1428571428571428,0.5714285714285714,0.0,24.0,0.024935879,3.4e-08,0.006462748781217,64.0,0.0,0.0,recon
211.0,0.0,1.0,0.0,2.0,0.0,0.6666666666666666,0.0,2.0,2.0,0.0,54.0,2.0,0.0,10.594810050208546,2.0,2.0,1.0,1.0,2.0,0.0,0.0,0.0,24.0,0.06443,1e-06,0.0277697133166242,64.0,95.5,5638.0,benign
0.0,0.0,0.0,0.0,0.0,0.0,0.0,0.0,0.0,0.0,0.0,0.0,0.0,0.0,0.0,0.0,0.0,0.0,0.0,0.0,0.0,0.0,0.0,0.0,0.0,0.0,0.0,0.0,0.0,0.0,benign
0.0,0.0,0.0,0.0,0.0,0.0,27.714285714285715,2.0,2.0,2.0,0.0,66.0,4.0,0.0,19.896215092323462,2.0,2.0,2.0,2.0,4.0,0.0,0.0,0.0,24.0,0.017251,0.000503,0.0056437819420469,53.0,5.5,152.0,benign
0.0,0.0,0.0,0.0,0.0,0.0,0.0,0.0,0.0,0.0,0.0,0.0,0.0,0.0,0.0,0.0,0.0,0.0,0.0,0.0,0.0,0.0,0.0,0.0,0.0,0.0,0.0,0.0,0.0,0.0,ddos
0.0,0.0,0.0,0.0,0.0,0.0,46.0,0.0,2.0,2.0,0.0,60.0,1.0,0.0,0.0,0.0,0.0,1.0,1.0,0.0,0.0,0.0,0.0,0.0,0.027927,0.00436,0.0103612249704795,0.0,0.0,0.0,benign
1023.0,0.0,0.1428571428571428,986.5,1.0,0.0,25.810408921933085,0.0,0.4285714285714285,0.4285714285714285,1460.0,60.0,19.428571428571427,0.0,3.178287104137027,18.142857142857142,18.285714285714285,0.1428571428571428,0.2857142857142857,1.0,18.142857142857142,18.428571428571427,0.0,24.0,0.03094972,3.3e-08,0.0025230440789135,37.0,103.53447859475374,1024.0,recon
0.0,0.0,0.0,0.0,0.0,0.0,0.0,0.0,0.0,0.0,0.0,0.0,0.0,0.0,0.0,0.0,0.0,0.0,0.0,0.0,0.0,0.0,0.0,0.0,0.0,0.0,0.0,0.0,0.0,0.0,benign
0.0,0.0,0.0,0.0,0.0,0.0,0.0,0.0,0.0,0.0,0.0,0.0,0.0,0.0,0.0,0.0,0.0,0.0,0.0,0.0,0.0,0.0,0.0,0.0,0.0,0.0,0.0,0.0,0.0,0.0,benign
0.0,0.0,0.0,0.0,0.0,0.0,0.0,0.0,0.0,0.0,0.0,0.0,0.0,0.0,0.0,0.0,0.0,0.0,0.0,0.0,0.0,0.0,0.0,0.0,0.0,0.0,0.0,0.0,0.0,0.0,benign
4.0,0.0,1.0,0.0,1.0,0.0,0.0,0.0,2.0,2.0,0.0,54.0,1.0,0.0,7.5,2.0,2.0,1.0,1.0,1.0,0.0,0.0,0.0,24.0,0.015668,0.0003,0.007684,64.0,95.5,5626.0,benign
0.0,0.0,0.0,0.0,0.0,0.0,0.0,0.0,0.0,0.0,0.0,0.0,0.0,0.0,0.0,0.0,0.0,0.0,0.0,0.0,0.0,0.0,0.0,0.0,0.0,0.0,0.0,0.0,0.0,0.0,benign
5.0,0.0,1.0,0.0,1.0,0.0,0.0,0.0,2.0,2.0,0.0,54.0,1.0,0.0,7.5,2.0,2.0,1.0,1.0,1.0,0.0,0.0,0.0,24.0,0.011253,0.000292,0.0054805,64.0,95.5,5542.0,benign
0.0,0.0,0.0,0.0,0.0,0.0,21.5,2.0,0.2857142857142857,0.2857142857142857,0.0,66.0,0.1428571428571428,0.0,79.31372306648242,0.2857142857142857,0.2857142857142857,0.1428571428571428,0.2857142857142857,0.2857142857142857,0.0,0.0,0.0,24.0,0.072857126,0.003314917,0.0320350470357637,55.0,4.242640687119285,213.0,recon
0.0,0.0,0.0,0.0,0.0,0.0,0.0,0.0,0.0,0.0,0.0,0.0,0.0,0.0,0.0,0.0,0.0,0.0,0.0,0.0,0.0,0.0,0.0,0.0,0.0,0.0,0.0,0.0,0.0,0.0,benign
0.0,0.0,0.0,0.0,0.0,0.0,0.0123600247200494,0.0,0.8571428571428571,1.2857142857142858,0.0,60.0,77111.0,0.0,7.5,0.2857142857142857,0.2857142857142857,0.4285714285714285,0.4285714285714285,0.1428571428571428,0.0,0.0,0.0,24.0,0.003343461,2.6e-08,5.29834690198608e-05,64.0,12.218068639500224,5030.0,ddos
-0.7,0.5880476171195662,2.0,0.0,2.0,0.0,1.5,0.0,2.0,2.0,0.0,54.0,2.0,0.0,19.327585352432298,2.0,2.0,1.0,1.0,1.0,0.0,0.0,0.0,24.0,0.029487,0.000293,0.0137600627501799,64.0,90.03826347108705,5616.0,benign
3.0,0.0,1.0,0.0,1.0,0.0,159.0,0.0,3.0,3.0,0.0,54.0,2.0,0.0,8.5,2.0,2.0,2.0,2.0,1.0,0.0,0.0,0.0,24.0,0.026193,1e-06,0.010072011330911,64.0,95.5,5556.0,benign
0.0,0.0,0.0,0.0,0.0,0.0,0.0,0.0,0.0,0.0,0.0,0.0,0.0,0.0,0.0,0.0,0.0,0.0,0.0,0.0,0.0,0.0,0.0,0.0,0.0,0.0,0.0,0.0,0.0,0.0,benign
0.0,0.0,0.0,0.0,0.0,0.0,0.0,0.0,0.0,0.0,0.0,0.0,0.0,0.0,0.0,0.0,0.0,0.0,0.0,0.0,0.0,0.0,0.0,0.0,0.0,0.0,0.0,0.0,0.0,0.0,benign
0.0,0.0,0.0,0.0,0.0,0.0,26.33333333333333,2.0,2.0,2.0,0.0,66.0,2.0,0.0,20.54872258803452,2.0,2.0,2.0,2.0,2.0,0.0,0.0,0.0,24.0,0.023787,0.0,0.0093404852490381,53.0,5.5,2608.0,benign
0.0,0.0,0.0,0.0,0.0,0.0,0.0,0.0,0.0,0.0,0.0,0.0,0.0,0.0,0.0,0.0,0.0,0.0,0.0,0.0,0.0,0.0,0.0,0.0,0.0,0.0,0.0,0.0,0.0,0.0,benign
13.0,0.0,1.0,0.0,1.0,0.0,0.0,0.0,2.0,2.0,0.0,54.0,1.0,0.0,10.5,2.0,2.0,1.0,1.0,1.0,0.0,0.0,0.0,24.0,0.008364,0.0,0.004182,64.0,95.5,5568.0,benign
149.0,0.0,1.0,0.0,2.0,0.0,0.6666666666666666,0.0,2.0,2.0,0.0,54.0,2.0,0.0,11.0227038425243,2.0,2.0,1.0,1.0,2.0,0.0,0.0,0.0,24.0,0.017192,0.0,0.00716814566328,64.0,95.5,5630.0,benign
1023.0,0.0,1.0,0.0,1.0,0.0,0.0,0.0,2.0,2.0,0.0,54.0,1.0,0.0,9.0,2.0,2.0,1.0,1.0,1.0,0.0,0.0,0.0,24.0,0.012285,1e-06,0.006142,64.0,95.5,5644.0,benign
0.0,0.0,0.0,0.0,0.0,0.0,0.0,0.0,0.0,2.0,0.0,198.0,0.0,0.0,0.0,0.0,0.0,0.0,1.0,0.0,0.0,0.0,0.0,0.0,0.069604,0.069604,0.0,0.0,0.0,0.0,benign
140.0,0.0,1.0,0.0,2.0,0.0,1.0,0.0,2.0,2.0,0.0,54.0,2.0,0.0,11.0227038425243,2.0,2.0,1.0,1.0,2.0,0.0,0.0,0.0,24.0,0.001811,0.0,0.0007834192284466,64.0,95.5,5640.0,benign
3.0,0.0,1.0,0.0,1.0,0.0,0.0,0.0,2.0,2.0,0.0,54.0,1.0,0.0,7.5,2.0,2.0,1.0,1.0,1.0,0.0,0.0,0.0,24.0,0.039682,0.0,0.019841,64.0,95.5,5604.0,benign
1023.0,0.0,1.0,0.0,1.0,0.0,0.0,0.0,2.0,2.0,0.0,54.0,1.0,0.0,9.0,2.0,2.0,1.0,1.0,1.0,0.0,0.0,0.0,24.0,0.014133,0.000532,0.0068004999999999,64.0,95.5,5568.0,benign
0.0,0.0,0.0,0.0,0.0,0.0,0.0,0.0,0.0,0.0,0.0,0.0,0.0,0.0,0.0,0.0,0.0,0.0,0.0,0.0,0.0,0.0,0.0,0.0,0.0,0.0,0.0,0.0,0.0,0.0,benign
907.0,0.0,2.0,0.0,3.0,0.0,1.3333333333333333,0.0,2.0,2.0,0.0,54.0,2.0,0.0,22.93877721239735,2.0,2.0,1.0,1.0,2.0,0.0,0.0,0.0,24.0,0.013141,0.0,0.005364928168205,64.0,95.5,5546.0,benign
0.0,0.0,0.0,0.0,0.0,0.0,0.0,0.0,0.0,0.0,0.0,0.0,0.0,0.0,0.0,0.0,0.0,0.0,0.0,0.0,0.0,0.0,0.0,0.0,0.0,0.0,0.0,0.0,0.0,0.0,benign
0.0,0.0,0.0,0.0,0.0,0.0,0.0,0.0,0.0,0.0,0.0,0.0,0.0,0.0,0.0,0.0,0.0,0.0,0.0,0.0,0.0,0.0,0.0,0.0,0.0,0.0,0.0,0.0,0.0,0.0,benign
0.0,0.0,0.0,0.0,0.0,0.0,23.3125,0.0,12.0,11.0,0.0,54.0,16.0,0.0,409.7237413486872,12.0,12.0,4.0,3.0,15.0,0.0,0.0,0.0,24.0,0.044884,0.0,0.0109879439598428,61.0,94.41683653804677,660.0,benign
0.0,0.0,0.0,0.0,0.0,0.0,0.0,0.0,0.0,0.0,0.0,0.0,0.0,0.0,0.0,0.0,0.0,0.0,0.0,0.0,0.0,0.0,0.0,0.0,0.0,0.0,0.0,0.0,0.0,0.0,benign
122.0,0.0,1.0,0.0,2.0,0.0,2.333333333333333,0.0,2.0,2.0,0.0,54.0,2.0,0.0,11.0227038425243,2.0,2.0,1.0,1.0,2.0,0.0,0.0,0.0,24.0,0.178536,0.0,0.0763668313548984,64.0,95.5,5538.0,benign
13.0,0.0,1.0,0.0,1.0,0.0,0.0,0.0,2.0,2.0,0.0,54.0,1.0,0.0,10.5,2.0,2.0,1.0,1.0,1.0,0.0,0.0,0.0,24.0,0.014771,1e-06,0.0073849999999999,64.0,95.5,5548.0,benign
0.0,0.0,0.0,0.0,0.0,0.0,2.817961165048544,0.0,33.0,6.142857142857143,1460.0,60.0,110.0,0.0,157.0358525980679,108.28571428571428,108.28571428571428,0.8571428571428571,1.0,40.42857142857143,56.85714285714285,62.71428571428572,0.0,24.0,0.019252825,2.9e-08,0.001627232905448,61.0,56.82496859842456,0.0,malware
0.0,0.0,0.0,0.0,0.0,0.0,0.0,0.0,1.0,2.0,0.0,60.0,0.0,0.0,0.0,0.0,0.0,0.0,1.0,0.0,0.0,0.0,0.0,0.0,0.045367,0.045367,0.0,0.0,0.0,0.0,benign
24.0,0.0,1.0,0.0,1.0,0.0,0.0,0.0,2.0,2.0,0.0,54.0,1.0,0.0,8.0,2.0,2.0,1.0,1.0,1.0,0.0,0.0,0.0,24.0,0.007042,0.0,0.003521,64.0,95.5,5558.0,benign
0.0,0.0,0.0,0.0,0.0,0.0,63.0,0.0,2.0,2.0,0.0,60.0,1.0,0.0,0.0,0.0,0.0,1.0,1.0,0.0,0.0,0.0,0.0,0.0,0.005424,0.000441,0.0021181212324972,0.0,0.0,0.0,benign
0.0,0.0,0.0,0.0,0.0,0.0,0.0,0.0,0.0,0.0,0.0,0.0,0.0,0.0,0.0,0.0,0.0,0.0,0.0,0.0,0.0,0.0,0.0,0.0,0.0,0.0,0.0,0.0,0.0,0.0,benign
0.0,0.0,0.0,0.0,0.0,0.0,0.0,0.0,0.0,0.0,0.0,0.0,0.0,0.0,0.0,0.0,0.0,0.0,0.0,0.0,0.0,0.0,0.0,0.0,0.0,0.0,0.0,0.0,0.0,0.0,benign
0.0,0.0,0.1428571428571428,0.0,0.1428571428571428,0.0,4.038336582196231,0.0,0.4285714285714285,0.5714285714285714,265.0,60.0,113.28571428571428,0.0,11.127606577114143,94.14285714285714,91.28571428571428,0.5714285714285714,0.7142857142857143,0.5714285714285714,105.42857142857144,112.0,0.1428571428571428,41.0,0.100813269,2.7e-08,0.0043058101583258,37.0,103.58422919919438,1024.0,recon
0.0,0.0,0.0,0.0,0.0,0.0,0.0,0.0,0.0,0.0,0.0,0.0,0.0,0.0,0.0,0.0,0.0,0.0,0.0,0.0,0.0,0.0,0.0,0.0,0.0,0.0,0.0,0.0,0.0,0.0,benign
0.0,0.0,0.0,0.0,0.0,0.0,85.33333333333333,2.0,5.0,4.0,0.0,66.0,3.0,0.0,762.0814408243909,5.0,5.0,3.0,3.0,3.0,0.0,0.0,0.0,24.0,0.063667,0.0,0.0261076148489677,1.0,67.67087215911666,480.0,benign
0.0,0.0,0.0,0.0,0.0,0.0,0.0,0.0,0.0,0.0,0.0,0.0,0.0,0.0,0.0,0.0,0.0,0.0,0.0,0.0,0.0,0.0,0.0,0.0,0.0,0.0,0.0,0.0,0.0,0.0,benign
210.0,0.0,1.0,0.0,2.0,0.0,1.3333333333333333,0.0,2.0,2.0,0.0,54.0,2.0,0.0,10.594810050208546,2.0,2.0,1.0,1.0,2.0,0.0,0.0,0.0,24.0,0.020032,0.0,0.0082311113921511,64.0,95.5,5588.0,benign
0.0,0.0,0.0,0.0,0.0,0.0,0.0,0.0,0.0,0.0,0.0,0.0,0.0,0.0,0.0,0.0,0.0,0.0,0.0,0.0,0.0,0.0,0.0,0.0,0.0,0.0,0.0,0.0,0.0,0.0,benign
0.0,0.0,0.0,0.0,0.0,0.0,0.0,0.0,0.0,0.0,0.0,0.0,0.0,0.0,0.0,0.0,0.0,0.0,0.0,0.0,0.0,0.0,0.0,0.0,0.0,0.0,0.0,0.0,0.0,0.0,benign
0.0,0.0,0.0,0.0,0.0,0.0,0.0,0.0,0.0,0.0,0.0,0.0,0.0,0.0,0.0,0.0,0.0,0.0,0.0,0.0,0.0,0.0,0.0,0.0,0.0,0.0,0.0,0.0,0.0,0.0,benign
0.0,0.0,0.0,0.0,0.0,0.0,27.32421875,0.0,0.2857142857142857,0.2857142857142857,1460.0,60.0,18.428571428571427,0.0,0.0,18.571428571428573,18.428571428571427,0.1428571428571428,0.1428571428571428,0.0,18.285714285714285,18.428571428571427,0.0,20.0,0.008198829,3.3e-08,0.0010831619942851,37.0,9.663278218807497,0.0,recon
211.0,0.0,1.0,0.0,2.0,0.0,0.6666666666666666,0.0,2.0,2.0,0.0,54.0,2.0,0.0,10.594810050208546,2.0,2.0,1.0,1.0,2.0,0.0,0.0,0.0,24.0,0.017974,0.0,0.0075026286560111,64.0,95.5,5626.0,benign
0.0,0.0,0.0,0.0,0.0,0.0,0.0,0.0,0.0,0.0,0.0,0.0,0.0,0.0,0.0,0.0,0.0,0.0,0.0,0.0,0.0,0.0,0.0,0.0,0.0,0.0,0.0,0.0,0.0,0.0,benign
0.0,0.0,0.0,0.0,0.0,0.0,29.31932773109244,0.0,2.0,2.0,0.0,60.0,16.428571428571427,0.0,375.6951183331929,2.142857142857143,2.142857142857143,0.4285714285714285,0.2857142857142857,16.428571428571427,0.0,0.0,0.0,24.0,0.151427638,3.3e-08,0.0196631731830729,61.0,94.50149701909018,660.0,malware
223.0,0.0,1.0,0.0,2.0,0.0,1.0,0.0,2.0,2.0,0.0,54.0,2.0,0.0,10.594810050208546,2.0,2.0,1.0,1.0,2.0,0.0,0.0,0.0,24.0,0.010292,0.0,0.0042345373640458,64.0,95.5,5600.0,benign
0.0,0.0,0.0,0.0,0.0,0.0,21.5,2.0,5.0,4.0,0.0,60.0,6.0,0.0,572.1720163784058,4.0,4.0,4.0,2.0,3.0,0.0,0.0,0.0,24.0,0.121579,0.00029,0.0376712098735006,61.0,60.55154660219975,442.0,benign
0.0,0.0,0.0,0.0,0.0,0.0,0.0,0.0,0.0,0.0,0.0,0.0,0.0,0.0,0.0,0.0,0.0,0.0,0.0,0.0,0.0,0.0,0.0,0.0,0.0,0.0,0.0,0.0,0.0,0.0,benign
1023.0,0.0,1.0,0.0,1.0,0.0,0.0,0.0,2.0,2.0,0.0,54.0,1.0,0.0,9.0,2.0,2.0,1.0,1.0,1.0,0.0,0.0,0.0,24.0,0.020902,0.000319,0.0102915,64.0,95.5,5556.0,benign
0.0,0.0,0.0,0.0,0.0,0.0,0.0,0.0,0.0,0.0,0.0,0.0,0.0,0.0,0.0,0.0,0.0,0.0,0.0,0.0,0.0,0.0,0.0,0.0,0.0,0.0,0.0,0.0,0.0,0.0,benign
0.0,0.0,0.0,0.0,0.0,0.0,0.0,0.0,0.0,0.0,0.0,0.0,0.0,0.0,0.0,0.0,0.0,0.0,0.0,0.0,0.0,0.0,0.0,0.0,0.0,0.0,0.0,0.0,0.0,0.0,benign
22.3,0.0,1.0,0.0,7.0,0.0,3.6666666666666665,0.0,2.0,2.0,0.0,54.0,2.0,0.0,84.81560882290476,2.0,2.0,1.0,1.0,2.0,0.0,0.0,0.0,24.0,0.03009,0.0,0.012294491479927,64.0,95.5,5638.0,benign
0.0,0.0,0.0,0.0,0.0,0.0,19.459154929577466,0.0,2.4285714285714284,2.2857142857142856,1460.0,60.0,25.0,0.0,295.9118894433139,3.2857142857142856,3.2857142857142856,0.8571428571428571,0.8571428571428571,22.285714285714285,0.2857142857142857,1.1428571428571428,0.0,24.0,0.0264229,3.3e-08,0.0037438535735249,55.0,86.78767253500237,0.0,malware
0.0,0.0,0.0,0.0,0.0,0.0,0.0,0.0,0.0,0.0,0.0,0.0,0.0,0.0,0.0,0.0,0.0,0.0,0.0,0.0,0.0,0.0,0.0,0.0,0.0,0.0,0.0,0.0,0.0,0.0,benign
0.0,0.0,0.0,0.0,0.0,0.0,29.42672413793104,0.0,0.4285714285714285,0.4285714285714285,1460.0,60.0,16.571428571428573,0.0,0.0,16.285714285714285,16.428571428571427,0.2857142857142857,0.2857142857142857,0.0,16.285714285714285,16.142857142857142,0.0,20.0,0.006673037,3.3e-08,0.0009650189727812,37.0,9.295694912973255,0.0,recon
0.0,0.0,0.0,0.0,0.0,0.0,0.0,0.0,1.0,2.0,0.0,214.0,0.0,180.0,0.0,1.0,1.0,0.0,1.0,0.0,0.0,0.0,0.0,0.0,0.003182,0.003182,0.0,255.0,0.0,0.0,benign
1023.0,0.0,1.0,0.0,1.0,0.0,0.0,0.0,2.0,2.0,0.0,54.0,1.0,0.0,9.0,2.0,2.0,1.0,1.0,1.0,0.0,0.0,0.0,24.0,0.040497,0.0,0.0202485,64.0,95.5,5562.0,benign
0.0,0.0,0.0,0.0,0.0,0.0,0.0,0.0,0.0,0.0,0.0,0.0,0.0,0.0,0.0,0.0,0.0,0.0,0.0,0.0,0.0,0.0,0.0,0.0,0.0,0.0,0.0,0.0,0.0,0.0,benign
0.0,0.0,0.0,0.0,0.0,0.0,3.5460091509913574,0.0,30.142857142857142,5.857142857142857,1460.0,60.0,81.85714285714286,0.0,46.80838322266957,107.42857142857144,107.42857142857144,0.5714285714285714,0.7142857142857143,14.285714285714286,58.285714285714285,61.85714285714285,0.0,24.0,0.027395823,2.8e-08,0.0027537690383833,63.0,40.750721527653056,0.0,malware
0.0,0.0,0.0,0.0,0.0,0.0,0.0,0.0,1.0,2.0,0.0,214.0,0.0,180.0,0.0,1.0,1.0,0.0,1.0,0.0,0.0,0.0,0.0,0.0,0.012465,0.012465,0.0,255.0,0.0,0.0,benign
0.0,0.0,0.0,0.0,0.0,0.0,0.0,0.0,0.0,0.0,0.0,0.0,0.0,0.0,0.0,0.0,0.0,0.0,0.0,0.0,0.0,0.0,0.0,0.0,0.0,0.0,0.0,0.0,0.0,0.0,benign
0.0,0.0,0.0,0.0,0.0,0.0,0.0,0.0,0.0,0.0,0.0,0.0,0.0,0.0,0.0,0.0,0.0,0.0,0.0,0.0,0.0,0.0,0.0,0.0,0.0,0.0,0.0,0.0,0.0,0.0,benign
0.0,0.0,0.0,0.0,0.0,6699.714285714285,0.0814389091839821,0.0,0.2857142857142857,0.5714285714285714,0.0,60.0,12277.42857142857,328.0,244.6740069393984,0.0,0.0,0.2857142857142857,0.2857142857142857,0.0,0.0,0.0,0.0,0.0,0.016362309,2.5e-08,0.0001675948015345,64.0,0.0,0.0,dos
0.0,0.0,0.0,0.0,0.0,0.0,0.0,0.0,0.0,0.0,0.0,0.0,0.0,0.0,0.0,0.0,0.0,0.0,0.0,0.0,0.0,0.0,0.0,0.0,0.0,0.0,0.0,0.0,0.0,0.0,benign
0.0,0.0,2.0,0.0,2.0,0.0,2.0,0.0,2.0,2.0,0.0,54.0,2.0,0.0,8.956685895029603,2.0,2.0,1.0,1.0,1.0,0.0,0.0,0.0,24.0,0.012931,0.0,0.0060271755131791,64.0,90.03826347108705,5634.0,benign
0.0,0.0,0.0,0.0,0.0,0.0,0.0,0.0,0.0,0.0,0.0,0.0,0.0,0.0,0.0,0.0,0.0,0.0,0.0,0.0,0.0,0.0,0.0,0.0,0.0,0.0,0.0,0.0,0.0,0.0,benign
0.0,0.0,0.0,0.0,0.0,0.0,0.0,0.0,0.0,0.0,0.0,0.0,0.0,0.0,0.0,0.0,0.0,0.0,0.0,0.0,0.0,0.0,0.0,0.0,0.0,0.0,0.0,0.0,0.0,0.0,benign
0.0,0.0,0.0,0.0,0.0,0.0,1.0,0.0,2.0,2.0,0.0,60.0,1.0,0.0,0.0,0.0,0.0,1.0,1.0,0.0,0.0,0.0,0.0,0.0,0.084876,0.000496,0.04219,0.0,0.0,0.0,benign
0.0,0.0,0.0,0.0,0.0,0.0,0.0,0.0,0.0,0.0,0.0,0.0,0.0,0.0,0.0,0.0,0.0,0.0,0.0,0.0,0.0,0.0,0.0,0.0,0.0,0.0,0.0,0.0,0.0,0.0,benign
0.0,0.0,0.0,0.0,0.0,0.0,0.0,0.0,0.0,0.0,0.0,0.0,0.0,0.0,0.0,0.0,0.0,0.0,0.0,0.0,0.0,0.0,0.0,0.0,0.0,0.0,0.0,0.0,0.0,0.0,benign
2.0,0.0,1.0,0.0,1.0,0.0,0.0,0.0,2.0,2.0,0.0,54.0,1.0,0.0,8.5,2.0,2.0,1.0,1.0,1.0,0.0,0.0,0.0,24.0,0.030746,0.0,0.015373,64.0,95.5,5558.0,benign
0.0,0.0,0.0,0.0,0.0,0.0,0.0,0.0,0.0,0.0,0.0,0.0,0.0,0.0,0.0,0.0,0.0,0.0,0.0,0.0,0.0,0.0,0.0,0.0,0.0,0.0,0.0,0.0,0.0,0.0,benign
0.0,0.0,0.0,0.0,0.0,0.0,0.0,0.0,0.0,0.0,0.0,0.0,0.0,0.0,0.0,0.0,0.0,0.0,0.0,0.0,0.0,0.0,0.0,0.0,0.0,0.0,0.0,0.0,0.0,0.0,benign
0.0,0.0,0.0,0.0,0.0,0.0,109.0,0.0,2.0,2.0,0.0,60.0,1.0,0.0,0.0,0.0,0.0,1.0,1.0,0.0,0.0,0.0,0.0,0.0,0.029154,0.023318,0.0029179999999999,0.0,0.0,0.0,benign
0.0,0.0,0.0,0.0,0.0,0.0,0.0,0.0,0.0,0.0,0.0,0.0,0.0,0.0,0.0,0.0,0.0,0.0,0.0,0.0,0.0,0.0,0.0,0.0,0.0,0.0,0.0,0.0,0.0,0.0,benign
0.0,0.0,0.0,0.0,0.0,0.0,0.0,0.0,0.0,0.0,0.0,0.0,0.0,0.0,0.0,0.0,0.0,0.0,0.0,0.0,0.0,0.0,0.0,0.0,0.0,0.0,0.0,0.0,0.0,0.0,benign
0.0,0.0,0.0,0.0,0.0,0.0,15.5,0.0,2.0,2.0,0.0,60.0,1.0,0.0,0.0,0.0,0.0,1.0,1.0,0.0,0.0,0.0,0.0,0.0,0.007628,0.002511,0.0021134220275814,0.0,0.0,0.0,benign
0.0,0.0,0.0,0.0,0.0,0.0,0.0,0.0,0.0,0.0,0.0,0.0,0.0,0.0,0.0,0.0,0.0,0.0,0.0,0.0,0.0,0.0,0.0,0.0,0.0,0.0,0.0,0.0,0.0,0.0,benign
212.0,0.0,1.0,0.0,2.0,0.0,0.6666666666666666,0.0,2.0,2.0,0.0,54.0,2.0,0.0,10.594810050208546,2.0,2.0,1.0,1.0,2.0,0.0,0.0,0.0,24.0,0.074831,0.0,0.0320652647765069,64.0,95.5,5540.0,benign
0.0,0.0,0.0,0.0,0.0,0.0,21.647058823529413,0.0,12.0,12.0,0.0,54.0,17.0,0.0,380.1347129637071,13.0,13.0,3.0,2.0,17.0,0.0,0.0,0.0,24.0,0.101813,0.0,0.029563703128074,61.0,94.6713930026448,660.0,benign
0.0,0.0,0.0,0.0,0.0,0.0,0.0,0.0,0.0,0.0,0.0,0.0,0.0,0.0,0.0,0.0,0.0,0.0,0.0,0.0,0.0,0.0,0.0,0.0,0.0,0.0,0.0,0.0,0.0,0.0,benign
0.0,0.0,0.1428571428571428,0.0,0.1428571428571428,0.0,0.0451268684071192,0.0,0.5714285714285714,0.7142857142857143,0.0,60.0,17231.428571428572,0.0,0.0470716413153198,301.42857142857144,9416.57142857143,0.4285714285714285,0.4285714285714285,0.7142857142857143,305.57142857142856,0.0,0.0,24.0,0.01137709,2.6e-08,0.0001299246335506,64.0,25.00343248559749,512.0,dos
0.0,0.0,0.0,0.0,0.0,0.0,0.0,0.0,0.0,0.0,0.0,0.0,0.0,0.0,0.0,0.0,0.0,0.0,0.0,0.0,0.0,0.0,0.0,0.0,0.0,0.0,0.0,0.0,0.0,0.0,benign
0.0,0.0,0.0,0.0,0.0,6859.428571428572,0.0841933078347886,0.0,0.2857142857142857,0.2857142857142857,0.0,362.0,11876.57142857143,328.0,344.233810999067,151.42857142857142,150.14285714285714,0.1428571428571428,0.1428571428571428,0.0,0.0,0.0,0.0,0.0,0.00138922,2.6e-08,0.0001622658393699,64.0,0.0,0.0,dos
0.0,0.0,0.0,0.0,0.0,0.0,0.0,0.0,0.0,0.0,0.0,0.0,0.0,0.0,0.0,0.0,0.0,0.0,0.0,0.0,0.0,0.0,0.0,0.0,0.0,0.0,0.0,0.0,0.0,0.0,benign
0.0,0.0,0.0,0.0,0.0,0.0,98.38805970149254,0.0,1.7142857142857142,1.0,1460.0,60.0,5.428571428571429,0.0,636.5120098718269,1.7142857142857142,1.7142857142857142,0.5714285714285714,0.7142857142857143,4.285714285714286,0.2857142857142857,0.2857142857142857,0.0,24.0,0.151740468,3.4e-08,0.0274589419375942,53.0,73.96686781662501,0.0,mitm
0.0,0.0,0.0,0.0,0.0,0.0,22.0,0.0,2.0,2.0,0.0,60.0,1.0,0.0,0.0,0.0,0.0,1.0,1.0,0.0,0.0,0.0,0.0,0.0,0.011317,0.002534,0.0038326471559774,0.0,0.0,0.0,benign
0.0,0.0,0.0,0.0,0.0,0.0,0.0,0.0,0.0,0.0,0.0,0.0,0.0,0.0,0.0,0.0,0.0,0.0,0.0,0.0,0.0,0.0,0.0,0.0,0.0,0.0,0.0,0.0,0.0,0.0,benign
0.0,0.0,0.0,0.0,0.0,0.0,0.0,0.0,0.0,0.0,0.0,0.0,0.0,0.0,0.0,0.0,0.0,0.0,0.0,0.0,0.0,0.0,0.0,0.0,0.0,0.0,0.0,0.0,0.0,0.0,benign
0.0,0.0,0.0,0.0,0.0,0.0,0.0,0.0,0.0,0.0,0.0,0.0,0.0,0.0,0.0,0.0,0.0,0.0,0.0,0.0,0.0,0.0,0.0,0.0,0.0,0.0,0.0,0.0,0.0,0.0,benign
0.0,0.0,0.0,0.0,0.0,0.0,0.0,0.0,0.0,0.0,0.0,0.0,0.0,0.0,0.0,0.0,0.0,0.0,0.0,0.0,0.0,0.0,0.0,0.0,0.0,0.0,0.0,0.0,0.0,0.0,benign
0.0,0.0,0.0,0.0,0.0,0.0,0.0,0.0,1.0,2.0,0.0,230.0,0.0,196.0,0.0,1.0,1.0,0.0,1.0,0.0,0.0,0.0,0.0,0.0,0.000591,0.000591,0.0,255.0,0.0,0.0,benign
0.0,0.0,0.0,0.0,0.0,0.0,0.0,0.0,0.0,0.0,0.0,0.0,0.0,0.0,0.0,0.0,0.0,0.0,0.0,0.0,0.0,0.0,0.0,0.0,0.0,0.0,0.0,0.0,0.0,0.0,benign
0.0,0.0,0.0,0.0,0.0,0.0,0.0,0.0,0.0,0.0,0.0,0.0,0.0,0.0,0.0,0.0,0.0,0.0,0.0,0.0,0.0,0.0,0.0,0.0,0.0,0.0,0.0,0.0,0.0,0.0,benign
0.0,0.0,0.0,0.0,0.0,0.0,0.0,0.0,0.0,0.0,0.0,0.0,0.0,0.0,0.0,0.0,0.0,0.0,0.0,0.0,0.0,0.0,0.0,0.0,0.0,0.0,0.0,0.0,0.0,0.0,benign
22.3,0.0,1.0,0.0,7.0,0.0,14.285714285714286,0.0,3.0,3.0,0.0,54.0,4.0,0.0,49.86788100125727,2.0,2.0,2.0,2.0,3.0,0.0,0.0,0.0,24.0,0.02986,0.0,0.0099746734376369,64.0,95.5,5630.0,benign
0.0,0.0,0.0,0.0,0.0,0.0,0.0,0.0,0.0,0.0,0.0,0.0,0.0,0.0,0.0,0.0,0.0,0.0,0.0,0.0,0.0,0.0,0.0,0.0,0.0,0.0,0.0,0.0,0.0,0.0,benign
0.0,0.0,0.0,0.0,0.0,0.0,0.0,0.0,0.0,0.0,0.0,0.0,0.0,0.0,0.0,0.0,0.0,0.0,0.0,0.0,0.0,0.0,0.0,0.0,0.0,0.0,0.0,0.0,0.0,0.0,benign
213.0,0.0,1.0,0.0,2.0,0.0,1.0,0.0,2.0,2.0,0.0,54.0,2.0,0.0,10.594810050208546,2.0,2.0,1.0,1.0,2.0,0.0,0.0,0.0,24.0,0.073869,0.0,0.0316260608280576,64.0,95.5,5606.0,benign
0.0,0.0,0.0,0.0,0.0,0.0,0.0,0.0,0.0,0.0,0.0,0.0,0.0,0.0,0.0,0.0,0.0,0.0,0.0,0.0,0.0,0.0,0.0,0.0,0.0,0.0,0.0,0.0,0.0,0.0,benign
0.0,0.0,0.0,0.0,0.0,0.0,0.0,0.0,1.0,2.0,0.0,230.0,0.0,196.0,0.0,1.0,1.0,0.0,1.0,0.0,0.0,0.0,0.0,0.0,0.033055,0.033055,0.0,255.0,0.0,0.0,benign
0.0,0.0,0.0,0.0,0.0,0.0,121.0,0.0,2.0,3.0,0.0,60.0,1.0,0.0,0.0,0.0,0.0,1.0,2.0,0.0,0.0,0.0,0.0,0.0,0.030005,0.000492,0.0136706821661864,0.0,0.0,0.0,benign
0.0,0.0,0.0,0.0,0.0,0.0,0.0,0.0,0.0,0.0,0.0,0.0,0.0,0.0,0.0,0.0,0.0,0.0,0.0,0.0,0.0,0.0,0.0,0.0,0.0,0.0,0.0,0.0,0.0,0.0,benign
0.0,0.0,0.0,0.0,0.0,0.0,0.0,0.0,0.0,0.0,0.0,0.0,0.0,0.0,0.0,0.0,0.0,0.0,0.0,0.0,0.0,0.0,0.0,0.0,0.0,0.0,0.0,0.0,0.0,0.0,benign
0.0,0.0,0.0,0.0,0.0,0.0,0.0,0.0,1.0,2.0,0.0,214.0,0.0,180.0,0.0,1.0,1.0,0.0,1.0,0.0,0.0,0.0,0.0,0.0,0.000578,0.000578,0.0,255.0,0.0,0.0,benign
0.0,0.0,0.0,0.0,0.0,0.0,0.0,0.0,0.0,0.0,0.0,0.0,0.0,0.0,0.0,0.0,0.0,0.0,0.0,0.0,0.0,0.0,0.0,0.0,0.0,0.0,0.0,0.0,0.0,0.0,benign
12.0,0.0,1.0,0.0,1.0,0.0,0.0,0.0,2.0,2.0,0.0,54.0,1.0,0.0,10.5,2.0,2.0,1.0,1.0,1.0,0.0,0.0,0.0,24.0,0.07159,0.0,0.035795,64.0,95.5,5602.0,benign
22.3,0.0,1.0,0.0,7.0,0.0,1.0,0.0,2.0,2.0,0.0,54.0,3.0,0.0,49.86788100125727,2.0,2.0,1.0,1.0,3.0,0.0,0.0,0.0,24.0,0.005591,0.0,0.0020388435243212,64.0,95.5,5642.0,benign
0.0,0.0,0.0,0.0,0.0,0.0,0.0,0.0,1.0,2.0,0.0,230.0,0.0,196.0,0.0,1.0,1.0,0.0,1.0,0.0,0.0,0.0,0.0,0.0,0.004047,0.004047,0.0,255.0,0.0,0.0,benign
0.0,0.0,0.0,0.0,0.0,0.0,36.0,0.0,2.0,2.0,0.0,60.0,1.0,0.0,0.0,0.0,0.0,1.0,1.0,0.0,0.0,0.0,0.0,0.0,0.014063,0.002954,0.0055545,0.0,0.0,0.0,benign
0.0,0.0,0.0,0.0,0.0,0.0,0.0,0.0,0.0,0.0,0.0,0.0,0.0,0.0,0.0,0.0,0.0,0.0,0.0,0.0,0.0,0.0,0.0,0.0,0.0,0.0,0.0,0.0,0.0,0.0,benign
12.0,0.0,1.0,0.0,1.0,0.0,0.0,0.0,2.0,2.0,0.0,54.0,1.0,0.0,8.0,2.0,2.0,1.0,1.0,1.0,0.0,0.0,0.0,24.0,0.024138,0.0,0.012069,64.0,95.5,5582.0,benign
0.0,0.0,0.0,0.0,0.0,0.0,0.0,0.0,0.0,0.0,0.0,0.0,0.0,0.0,0.0,0.0,0.0,0.0,0.0,0.0,0.0,0.0,0.0,0.0,0.0,0.0,0.0,0.0,0.0,0.0,benign
0.0,0.0,0.0,0.0,0.0,0.0,1.0,0.0,0.0,2.0,0.0,94.0,0.0,40.0,10.5,1.0,1.0,0.0,1.0,0.0,0.0,0.0,0.0,0.0,0.037169,0.000853,0.018158,0.0,0.0,0.0,benign
0.0,0.0,0.0,0.0,0.0,0.0,0.0,0.0,0.0,0.0,0.0,0.0,0.0,0.0,0.0,0.0,0.0,0.0,0.0,0.0,0.0,0.0,0.0,0.0,0.0,0.0,0.0,0.0,0.0,0.0,benign
0.0,0.0,0.0,0.0,0.0,0.0,4.0,0.0,2.0,2.0,0.0,60.0,2.0,0.0,0.0,0.0,0.0,1.0,1.0,0.0,0.0,0.0,0.0,0.0,0.023957,0.002339,0.0088238342679075,0.0,0.0,0.0,benign
5.0,0.0,1.0,0.0,1.0,0.0,0.0,0.0,2.0,2.0,0.0,54.0,1.0,0.0,8.5,2.0,2.0,1.0,1.0,1.0,0.0,0.0,0.0,24.0,0.014769,0.0,0.0073845,64.0,95.5,5646.0,benign
0.0,0.0,0.0,0.0,0.0,0.0,0.0,0.0,1.0,2.0,0.0,214.0,0.0,180.0,0.0,1.0,1.0,0.0,1.0,0.0,0.0,0.0,0.0,0.0,0.072407,0.072407,0.0,255.0,0.0,0.0,benign
0.0,0.0,0.0,0.0,0.0,0.0,0.0,0.0,0.0,0.0,0.0,0.0,0.0,0.0,0.0,0.0,0.0,0.0,0.0,0.0,0.0,0.0,0.0,0.0,0.0,0.0,0.0,0.0,0.0,0.0,benign
0.0,0.0,0.0,0.0,0.0,0.0,0.0067460134920269,2.0,0.1428571428571428,0.5714285714285714,0.0,60.0,148439.7142857143,16.0,0.0,218.8571428571429,215.42857142857144,0.1428571428571428,0.0,0.0,0.0,0.0,0.0,0.0,0.00115887,2.6e-08,4.120281339163436e-05,64.0,0.0,0.0,ddos
0.0,0.0,0.0,0.0,0.0,0.0,0.0,0.0,0.0,0.0,0.0,0.0,0.0,0.0,0.0,0.0,0.0,0.0,0.0,0.0,0.0,0.0,0.0,0.0,0.0,0.0,0.0,0.0,0.0,0.0,benign
22.3,0.0,1.0,0.0,7.0,0.0,0.8,0.0,2.0,2.0,0.0,54.0,3.0,0.0,49.86788100125727,2.0,2.0,1.0,1.0,3.0,0.0,0.0,0.0,24.0,0.01111,0.0,0.0039437536441258,64.0,95.5,5608.0,benign
0.0,0.0,0.0,0.0,0.0,0.0,0.0,0.0,0.0,0.0,0.0,0.0,0.0,0.0,0.0,0.0,0.0,0.0,0.0,0.0,0.0,0.0,0.0,0.0,0.0,0.0,0.0,0.0,0.0,0.0,benign
0.0,0.0,0.0,0.0,0.0,0.0,0.0,0.0,0.0,0.0,0.0,0.0,0.0,0.0,0.0,0.0,0.0,0.0,0.0,0.0,0.0,0.0,0.0,0.0,0.0,0.0,0.0,0.0,0.0,0.0,benign
0.0,0.0,0.0,0.0,0.0,0.0,0.0,0.0,0.0,0.0,0.0,0.0,0.0,0.0,0.0,0.0,0.0,0.0,0.0,0.0,0.0,0.0,0.0,0.0,0.0,0.0,0.0,0.0,0.0,0.0,benign
5.0,0.0,1.0,0.0,1.0,0.0,26.2,0.0,2.0,2.0,0.0,54.0,3.0,0.0,5.367080729368206,2.0,2.0,2.0,2.0,3.0,0.0,0.0,0.0,24.0,0.024598,0.0,0.0088287435434242,64.0,95.5,5584.0,benign
0.0,0.0,0.0,0.0,0.0,0.0,0.0,0.0,0.0,0.0,0.0,0.0,0.0,0.0,0.0,0.0,0.0,0.0,0.0,0.0,0.0,0.0,0.0,0.0,0.0,0.0,0.0,0.0,0.0,0.0,benign
0.0,0.0,0.0,0.0,0.0,0.0,0.0,0.0,1.0,2.0,0.0,230.0,0.0,196.0,0.0,1.0,1.0,0.0,1.0,0.0,0.0,0.0,0.0,0.0,0.030059,0.030059,0.0,255.0,0.0,0.0,benign
0.0,0.0,0.0,0.0,0.0,0.0,61.5,0.0,2.0,2.0,0.0,54.0,1.0,0.0,32.526911934581186,2.0,2.0,1.0,2.0,2.0,0.0,0.0,0.0,24.0,0.088693,0.04119,0.0197587787128208,238.0,8.013876853447337,2644.0,benign
0.0,0.0,0.0,0.0,0.0,0.0,39.4,2.0,2.0,2.0,0.0,66.0,3.0,0.0,18.90913947157711,2.0,2.0,2.0,2.0,4.0,0.0,0.0,0.0,24.0,0.120029,0.001409,0.0418971900211299,53.0,5.5,2608.0,benign
0.0,0.0,0.0,0.0,0.0,0.0,0.0,0.0,0.0,0.0,0.0,0.0,0.0,0.0,0.0,0.0,0.0,0.0,0.0,0.0,0.0,0.0,0.0,0.0,0.0,0.0,0.0,0.0,0.0,0.0,benign
0.0,0.0,0.1428571428571428,0.0,0.1428571428571428,0.0,18.25132275132275,0.0,0.4285714285714285,0.4285714285714285,1460.0,60.0,27.0,0.0,0.7694810855629386,27.142857142857142,27.285714285714285,0.1428571428571428,0.2857142857142857,0.1428571428571428,27.0,26.857142857142858,0.0,24.0,0.070694738,3.3e-08,0.0039489499839104,37.0,103.35193200378502,1024.0,recon
0.0,0.0,0.0,0.0,0.0,0.0,0.0,0.0,0.0,0.0,0.0,0.0,0.0,0.0,0.0,0.0,0.0,0.0,0.0,0.0,0.0,0.0,0.0,0.0,0.0,0.0,0.0,0.0,0.0,0.0,benign
3.0,0.0,1.0,0.0,1.0,0.0,0.0,0.0,2.0,2.0,0.0,54.0,1.0,0.0,9.5,2.0,2.0,1.0,1.0,1.0,0.0,0.0,0.0,24.0,0.013006,0.0,0.006503,64.0,95.5,5534.0,benign
0.0,0.0,0.0,0.0,0.0,0.0,0.0,0.0,0.0,0.0,0.0,0.0,0.0,0.0,0.0,0.0,0.0,0.0,0.0,0.0,0.0,0.0,0.0,0.0,0.0,0.0,0.0,0.0,0.0,0.0,benign
0.0,0.0,0.0,0.0,0.0,0.0,0.0,0.0,0.0,0.0,0.0,0.0,0.0,0.0,0.0,0.0,0.0,0.0,0.0,0.0,0.0,0.0,0.0,0.0,0.0,0.0,0.0,0.0,0.0,0.0,benign
0.0,0.0,0.0,0.0,0.0,0.0,0.0,0.0,0.0,0.0,0.0,0.0,0.0,0.0,0.0,0.0,0.0,0.0,0.0,0.0,0.0,0.0,0.0,0.0,0.0,0.0,0.0,0.0,0.0,0.0,benign
0.0,0.0,0.0,0.0,0.0,0.0,0.0,0.0,0.0,0.0,0.0,0.0,0.0,0.0,0.0,0.0,0.0,0.0,0.0,0.0,0.0,0.0,0.0,0.0,0.0,0.0,0.0,0.0,0.0,0.0,benign
103.0,0.0,1.0,0.0,2.0,0.0,1.25,0.0,2.0,2.0,0.0,54.0,3.0,0.0,17.22324011328879,2.0,2.0,2.0,1.0,3.0,0.0,0.0,0.0,24.0,0.023648,1e-06,0.0091110805374554,64.0,93.5705081743174,5618.0,benign
0.0,0.0,0.0,0.0,0.0,0.0,0.0,0.0,0.0,0.0,0.0,0.0,0.0,0.0,0.0,0.0,0.0,0.0,0.0,0.0,0.0,0.0,0.0,0.0,0.0,0.0,0.0,0.0,0.0,0.0,benign
0.0,0.0,0.0,0.0,0.0,0.0,0.0,0.0,0.0,0.0,0.0,0.0,0.0,0.0,0.0,0.0,0.0,0.0,0.0,0.0,0.0,0.0,0.0,0.0,0.0,0.0,0.0,0.0,0.0,0.0,benign
0.0,0.0,0.0,0.0,0.0,0.0,0.0,0.0,1.0,2.0,0.0,214.0,0.0,180.0,0.0,1.0,1.0,0.0,1.0,0.0,0.0,0.0,0.0,0.0,0.009339,0.009339,0.0,255.0,0.0,0.0,benign
0.0,0.0,0.0,0.0,0.0,0.0,0.0,0.0,0.0,2.0,0.0,198.0,0.0,0.0,0.0,0.0,0.0,0.0,1.0,0.0,0.0,0.0,0.0,0.0,0.063062,0.063062,0.0,0.0,0.0,0.0,benign
0.0,0.0,0.0,0.0,0.0,0.0,0.0,0.0,0.0,0.0,0.0,0.0,0.0,0.0,0.0,0.0,0.0,0.0,0.0,0.0,0.0,0.0,0.0,0.0,0.0,0.0,0.0,0.0,0.0,0.0,benign
-0.69,0.5841803374529706,2.0,0.0,2.0,0.0,1.5,0.0,2.0,2.0,0.0,54.0,2.0,0.0,19.327585352432298,2.0,2.0,1.0,1.0,1.0,0.0,0.0,0.0,24.0,0.121626,0.0,0.05733504624573,64.0,90.03826347108705,5578.0,benign
0.0,0.0,0.0,0.0,0.0,0.0,0.0,0.0,0.0,0.0,0.0,0.0,0.0,0.0,0.0,0.0,0.0,0.0,0.0,0.0,0.0,0.0,0.0,0.0,0.0,0.0,0.0,0.0,0.0,0.0,benign
0.0,0.0,0.0,0.0,0.0,0.0,0.0,0.0,0.0,0.0,0.0,0.0,0.0,0.0,0.0,0.0,0.0,0.0,0.0,0.0,0.0,0.0,0.0,0.0,0.0,0.0,0.0,0.0,0.0,0.0,benign
3.0,0.0,1.0,0.0,1.0,0.0,1.0,0.0,2.0,2.0,0.0,54.0,1.0,0.0,8.5,2.0,2.0,1.0,1.0,1.0,0.0,0.0,0.0,24.0,0.00486,0.000495,0.0021825,64.0,95.5,5638.0,benign
0.0,0.0,0.0,0.0,0.0,0.0,0.0,0.0,0.0,0.0,0.0,0.0,0.0,0.0,0.0,0.0,0.0,0.0,0.0,0.0,0.0,0.0,0.0,0.0,0.0,0.0,0.0,0.0,0.0,0.0,benign
0.0,0.0,0.0,0.0,0.0,0.0,0.0,0.0,0.0,0.0,0.0,0.0,0.0,0.0,0.0,0.0,0.0,0.0,0.0,0.0,0.0,0.0,0.0,0.0,0.0,0.0,0.0,0.0,0.0,0.0,benign
0.0,0.0,0.0,0.0,0.0,0.0,0.0,0.0,0.0,0.0,0.0,0.0,0.0,0.0,0.0,0.0,0.0,0.0,0.0,0.0,0.0,0.0,0.0,0.0,0.0,0.0,0.0,0.0,0.0,0.0,benign
0.0,0.0,0.0,0.0,0.0,0.0,0.0,0.0,1.0,2.0,0.0,214.0,0.0,180.0,0.0,1.0,1.0,0.0,1.0,0.0,0.0,0.0,0.0,0.0,0.114874,0.114874,0.0,255.0,0.0,0.0,benign
0.0,0.0,0.0,0.0,0.0,0.0,0.0,0.0,1.0,2.0,0.0,60.0,1.0,0.0,0.0,0.0,0.0,1.0,0.0,0.0,0.0,0.0,0.0,0.0,0.020734,0.020734,0.0,0.0,0.0,0.0,benign
0.0,0.0,0.0,0.0,0.0,0.0,0.0,0.0,0.0,0.0,0.0,0.0,0.0,0.0,0.0,0.0,0.0,0.0,0.0,0.0,0.0,0.0,0.0,0.0,0.0,0.0,0.0,0.0,0.0,0.0,benign
209.0,0.0,1.0,0.0,2.0,0.0,0.6666666666666666,0.0,2.0,2.0,0.0,54.0,2.0,0.0,10.594810050208546,2.0,2.0,1.0,1.0,2.0,0.0,0.0,0.0,24.0,0.052709,0.0,0.0224994862663572,64.0,95.5,5546.0,benign
0.0,0.0,0.0,0.0,0.0,0.0,0.0,0.0,0.0,0.0,0.0,0.0,0.0,0.0,0.0,0.0,0.0,0.0,0.0,0.0,0.0,0.0,0.0,0.0,0.0,0.0,0.0,0.0,0.0,0.0,benign
-0.7,0.5921899094791204,2.0,0.0,2.0,0.0,1.0,0.0,2.0,2.0,0.0,54.0,2.0,0.0,19.327585352432298,2.0,2.0,1.0,1.0,1.0,0.0,0.0,0.0,24.0,0.025205,0.0,0.0118817509465379,64.0,90.03826347108705,5564.0,benign
0.0,0.0,0.0,0.0,0.0,0.0,0.0,0.0,0.0,0.0,0.0,0.0,0.0,0.0,0.0,0.0,0.0,0.0,0.0,0.0,0.0,0.0,0.0,0.0,0.0,0.0,0.0,0.0,0.0,0.0,benign
0.0,0.0,0.0,0.0,0.0,0.0,4.648813559322034,0.0,2.142857142857143,2.142857142857143,1460.0,60.0,176.42857142857142,0.0,256.2120722621602,147.42857142857142,147.42857142857142,1.8571428571428568,0.7142857142857143,27.714285714285715,0.4285714285714285,1.7142857142857142,0.0,24.0,0.030737453,3.3e-08,0.002791354149005,61.0,46.42062323556686,0.0,malware
0.0,0.0,0.0,0.0,0.0,0.0,0.0,0.0,0.0,0.0,0.0,0.0,0.0,0.0,0.0,0.0,0.0,0.0,0.0,0.0,0.0,0.0,0.0,0.0,0.0,0.0,0.0,0.0,0.0,0.0,benign
128.0,0.0,1.0,0.0,2.0,0.0,90.25,0.0,2.0,3.0,0.0,54.0,3.0,0.0,11.0227038425243,2.0,2.0,2.0,1.0,2.0,0.0,0.0,0.0,24.0,0.030114,0.0,0.0138936520555252,64.0,95.5,5588.0,benign
0.0,0.0,0.0,0.0,0.0,0.0,0.0,0.0,0.0,0.0,0.0,0.0,0.0,0.0,0.0,0.0,0.0,0.0,0.0,0.0,0.0,0.0,0.0,0.0,0.0,0.0,0.0,0.0,0.0,0.0,benign
1023.0,0.0,1.0,0.0,1.0,0.0,0.0,0.0,2.0,2.0,0.0,54.0,1.0,0.0,9.0,2.0,2.0,1.0,1.0,1.0,0.0,0.0,0.0,24.0,0.023397,0.0,0.0116985,64.0,95.5,5576.0,benign
0.0,0.0,0.0,0.0,0.0,0.0,76.0,2.0,3.0,2.0,0.0,50.0,2.0,16.0,50.0,2.0,2.0,1.0,1.0,0.0,0.0,0.0,0.0,0.0,0.025967,0.0,0.0119624157050321,48.0,7.327175444876422,0.0,benign
1023.0,0.0,1.0,0.0,1.0,0.0,58.0,0.0,3.0,3.0,0.0,54.0,2.0,0.0,9.0,2.0,2.0,2.0,2.0,1.0,0.0,0.0,0.0,24.0,0.004474,0.0,0.0018170692577609,64.0,95.5,5650.0,benign
0.0,0.0,0.0,0.0,0.0,0.0,0.0,0.0,0.0,0.0,0.0,0.0,0.0,0.0,0.0,0.0,0.0,0.0,0.0,0.0,0.0,0.0,0.0,0.0,0.0,0.0,0.0,0.0,0.0,0.0,benign
-0.7,0.5921899094791204,2.0,0.0,2.0,0.0,15.0,0.0,2.0,2.0,0.0,54.0,2.0,0.0,19.327585352432298,2.0,2.0,1.0,1.0,1.0,0.0,0.0,0.0,24.0,0.011711,0.0,0.0055206183429837,64.0,90.03826347108705,5628.0,benign
916.0,0.0,2.0,0.0,3.0,0.0,0.6666666666666666,0.0,2.0,2.0,0.0,54.0,2.0,0.0,22.93877721239735,2.0,2.0,1.0,1.0,2.0,0.0,0.0,0.0,24.0,0.034844,0.0,0.0147964413542581,64.0,95.5,5536.0,benign
0.0,0.0,0.0,0.0,0.0,0.0,131.125,2.0,0.2857142857142857,0.2857142857142857,1460.0,60.0,0.7142857142857143,0.0,167.5968118969591,0.4285714285714285,0.4285714285714285,0.1428571428571428,0.2857142857142857,0.2857142857142857,0.1428571428571428,0.2857142857142857,0.0,24.0,0.028856326,3.5e-08,0.0093676101111031,64.0,0.0,0.0,recon
1023.0,0.0,1.0,0.0,1.0,0.0,165.0,0.0,3.0,3.0,0.0,54.0,2.0,0.0,9.0,2.0,2.0,2.0,2.0,1.0,0.0,0.0,0.0,24.0,0.010231,0.0,0.0041099040743063,64.0,95.5,5546.0,benign
115.0,0.0,1.0,0.0,2.0,0.0,0.6666666666666666,0.0,2.0,2.0,0.0,54.0,2.0,0.0,11.0227038425243,2.0,2.0,1.0,1.0,2.0,0.0,0.0,0.0,24.0,0.047733,0.0,0.0203658151690522,64.0,95.5,5602.0,benign
0.0,0.0,0.0,0.0,0.0,0.0,0.0,0.0,0.0,0.0,0.0,0.0,0.0,0.0,0.0,0.0,0.0,0.0,0.0,0.0,0.0,0.0,0.0,0.0,0.0,0.0,0.0,0.0,0.0,0.0,benign
1023.0,0.0,1.0,0.0,1.0,0.0,0.0,0.0,2.0,2.0,0.0,54.0,1.0,0.0,9.0,2.0,2.0,1.0,1.0,1.0,0.0,0.0,0.0,24.0,0.036452,0.0,0.018226,64.0,95.5,5592.0,benign
0.0,0.0,0.0,0.0,0.0,0.0,0.0,0.0,1.0,2.0,0.0,214.0,0.0,180.0,0.0,1.0,1.0,0.0,1.0,0.0,0.0,0.0,0.0,0.0,0.002199,0.002199,0.0,255.0,0.0,0.0,benign
0.0,0.0,0.0,0.0,0.0,0.0,0.0,0.0,0.0,0.0,0.0,0.0,0.0,0.0,0.0,0.0,0.0,0.0,0.0,0.0,0.0,0.0,0.0,0.0,0.0,0.0,0.0,0.0,0.0,0.0,benign
0.0,0.0,0.0,0.0,0.0,0.0,0.0,0.0,0.0,0.0,0.0,0.0,0.0,0.0,0.0,0.0,0.0,0.0,0.0,0.0,0.0,0.0,0.0,0.0,0.0,0.0,0.0,0.0,0.0,0.0,benign
0.0,0.0,0.0,0.0,0.0,0.0,0.0,0.0,0.0,0.0,0.0,0.0,0.0,0.0,0.0,0.0,0.0,0.0,0.0,0.0,0.0,0.0,0.0,0.0,0.0,0.0,0.0,0.0,0.0,0.0,benign
909.0,0.0,2.0,0.0,3.0,0.0,1.3333333333333333,0.0,2.0,2.0,0.0,54.0,2.0,0.0,22.93877721239735,2.0,2.0,1.0,1.0,2.0,0.0,0.0,0.0,24.0,0.00446,0.0,0.0019676058262517,64.0,95.5,5612.0,benign
0.0,0.0,0.0,0.0,0.0,0.0,0.0,0.0,0.0,0.0,0.0,0.0,0.0,0.0,0.0,0.0,0.0,0.0,0.0,0.0,0.0,0.0,0.0,0.0,0.0,0.0,0.0,0.0,0.0,0.0,benign
0.0,0.0,0.0,0.0,0.0,0.0,19.166666666666668,0.0,12.0,12.0,0.0,54.0,24.0,0.0,396.68840852873166,13.0,13.0,3.0,2.0,24.0,0.0,0.0,0.0,24.0,0.090953,0.0,0.0186318335452027,61.0,95.11382952247614,660.0,benign
916.0,0.0,2.0,0.0,3.0,0.0,1.0,0.0,2.0,2.0,0.0,54.0,2.0,0.0,22.93877721239735,2.0,2.0,1.0,1.0,2.0,0.0,0.0,0.0,24.0,0.083125,0.0,0.0355499812130752,64.0,95.5,5536.0,benign
0.0,0.0,0.0,0.0,0.0,0.0,0.0,0.0,1.0,2.0,0.0,230.0,0.0,196.0,0.0,1.0,1.0,0.0,1.0,0.0,0.0,0.0,0.0,0.0,0.003797,0.003797,0.0,255.0,0.0,0.0,benign
0.0,0.0,0.0,0.0,0.0,0.0,108.0,0.0,2.0,2.0,0.0,60.0,1.0,0.0,0.0,0.0,0.0,1.0,1.0,0.0,0.0,0.0,0.0,0.0,0.037011,0.007057,0.014977,0.0,0.0,0.0,benign
0.0,0.0,0.0,0.0,0.0,0.0,0.0,0.0,0.0,0.0,0.0,0.0,0.0,0.0,0.0,0.0,0.0,0.0,0.0,0.0,0.0,0.0,0.0,0.0,0.0,0.0,0.0,0.0,0.0,0.0,benign
0.0,0.0,0.0,0.0,0.0,0.0,0.0,0.0,0.0,0.0,0.0,0.0,0.0,0.0,0.0,0.0,0.0,0.0,0.0,0.0,0.0,0.0,0.0,0.0,0.0,0.0,0.0,0.0,0.0,0.0,benign
0.0,0.0,0.0,0.0,0.0,0.0,0.0,0.0,1.0,2.0,0.0,60.0,0.0,0.0,0.0,0.0,0.0,0.0,1.0,0.0,0.0,0.0,0.0,0.0,0.021758,0.021758,0.0,0.0,0.0,0.0,benign
0.0,0.0,0.0,0.0,0.0,0.0,0.0,0.0,0.0,0.0,0.0,0.0,0.0,0.0,0.0,0.0,0.0,0.0,0.0,0.0,0.0,0.0,0.0,0.0,0.0,0.0,0.0,0.0,0.0,0.0,benign
0.0,0.0,0.0,0.0,0.0,0.0,0.0,0.0,0.0,0.0,0.0,0.0,0.0,0.0,0.0,0.0,0.0,0.0,0.0,0.0,0.0,0.0,0.0,0.0,0.0,0.0,0.0,0.0,0.0,0.0,benign
0.0,0.0,0.0,0.0,0.0,0.0,63.0,0.0,2.0,2.0,0.0,60.0,1.0,0.0,0.0,0.0,0.0,1.0,1.0,0.0,0.0,0.0,0.0,0.0,0.062588,0.018629,0.0219795,0.0,0.0,0.0,benign
213.0,0.0,1.0,0.0,2.0,0.0,1.0,0.0,2.0,2.0,0.0,54.0,2.0,0.0,10.594810050208546,2.0,2.0,1.0,1.0,2.0,0.0,0.0,0.0,24.0,0.00489,0.0,0.0020029975505476,64.0,95.5,5608.0,benign
0.0,0.0,0.0,0.0,0.0,0.0,0.0,0.0,0.0,0.0,0.0,0.0,0.0,0.0,0.0,0.0,0.0,0.0,0.0,0.0,0.0,0.0,0.0,0.0,0.0,0.0,0.0,0.0,0.0,0.0,benign
0.0,0.0,0.0,0.0,0.0,0.0,0.0,0.0,0.0,0.0,0.0,0.0,0.0,0.0,0.0,0.0,0.0,0.0,0.0,0.0,0.0,0.0,0.0,0.0,0.0,0.0,0.0,0.0,0.0,0.0,benign
0.0,0.0,0.0,0.0,0.0,0.0,0.0,0.0,0.0,0.0,0.0,0.0,0.0,0.0,0.0,0.0,0.0,0.0,0.0,0.0,0.0,0.0,0.0,0.0,0.0,0.0,0.0,0.0,0.0,0.0,benign
0.0,0.0,0.0,0.0,0.0,6906.714285714285,0.0850753524550316,0.0,0.1428571428571428,0.8571428571428571,0.0,362.0,11754.42857142857,328.0,490.1241100036579,862.1428571428571,808.4285714285714,0.8571428571428571,0.0,0.0,0.0,0.0,0.0,0.0,0.00051285,2.5e-08,0.0001272257986455,64.0,0.0,0.0,ddos
0.0,0.0,0.0,0.0,0.0,0.0,0.0,0.0,0.0,0.0,0.0,0.0,0.0,0.0,0.0,0.0,0.0,0.0,0.0,0.0,0.0,0.0,0.0,0.0,0.0,0.0,0.0,0.0,0.0,0.0,benign
0.0,0.0,0.0,0.0,0.0,0.0,0.0,0.0,0.0,0.0,0.0,0.0,0.0,0.0,0.0,0.0,0.0,0.0,0.0,0.0,0.0,0.0,0.0,0.0,0.0,0.0,0.0,0.0,0.0,0.0,benign
918.0,0.0,2.0,0.0,3.0,0.0,1.3333333333333333,0.0,2.0,2.0,0.0,54.0,2.0,0.0,22.93877721239735,2.0,2.0,1.0,1.0,2.0,0.0,0.0,0.0,24.0,0.003742,0.0,0.001527665784784,64.0,95.5,5542.0,benign
0.0,0.0,0.0,0.0,0.0,0.0,0.0,0.0,0.0,0.0,0.0,0.0,0.0,0.0,0.0,0.0,0.0,0.0,0.0,0.0,0.0,0.0,0.0,0.0,0.0,0.0,0.0,0.0,0.0,0.0,benign
0.0,0.0,0.0,0.0,0.0,0.0,0.0,0.0,0.0,0.0,0.0,0.0,0.0,0.0,0.0,0.0,0.0,0.0,0.0,0.0,0.0,0.0,0.0,0.0,0.0,0.0,0.0,0.0,0.0,0.0,benign
0.0,0.0,0.0,0.0,0.0,0.0,0.0,0.0,0.0,0.0,0.0,0.0,0.0,0.0,0.0,0.0,0.0,0.0,0.0,0.0,0.0,0.0,0.0,0.0,0.0,0.0,0.0,0.0,0.0,0.0,benign
12.0,0.0,1.0,0.0,1.0,0.0,0.75,0.0,2.0,2.0,0.0,54.0,3.0,0.0,8.049844718999243,2.0,2.0,2.0,1.0,3.0,0.0,0.0,0.0,24.0,0.127739,0.0,0.0508028071413381,64.0,93.5705081743174,5576.0,benign
0.0,0.0,0.0,0.0,0.0,0.0,0.0,0.0,0.0,0.0,0.0,0.0,0.0,0.0,0.0,0.0,0.0,0.0,0.0,0.0,0.0,0.0,0.0,0.0,0.0,0.0,0.0,0.0,0.0,0.0,benign
0.0,0.0,0.0,0.0,0.0,0.0,0.0,0.0,0.0,0.0,0.0,0.0,0.0,0.0,0.0,0.0,0.0,0.0,0.0,0.0,0.0,0.0,0.0,0.0,0.0,0.0,0.0,0.0,0.0,0.0,benign
0.0,0.0,0.0,0.0,0.0,0.0,0.0,0.0,0.0,0.0,0.0,0.0,0.0,0.0,0.0,0.0,0.0,0.0,0.0,0.0,0.0,0.0,0.0,0.0,0.0,0.0,0.0,0.0,0.0,0.0,benign
12.0,0.0,1.0,0.0,1.0,0.0,0.0,0.0,2.0,2.0,0.0,54.0,1.0,0.0,10.5,2.0,2.0,1.0,1.0,1.0,0.0,0.0,0.0,24.0,0.015302,0.0,0.007651,64.0,95.5,5580.0,benign
0.0,0.0,0.0,0.0,0.0,6739.285714285715,0.0815841307210871,0.0,0.1428571428571428,0.2857142857142857,0.0,362.0,12257.42857142857,328.0,233.4973528495599,0.0,0.0,0.1428571428571428,0.0,0.0,0.0,0.0,0.0,0.0,0.000615308,2.5e-08,0.0001610330319748,64.0,0.0,0.0,dos
0.0,0.0,0.0,0.0,0.0,0.0,0.0,0.0,0.0,0.0,0.0,0.0,0.0,0.0,0.0,0.0,0.0,0.0,0.0,0.0,0.0,0.0,0.0,0.0,0.0,0.0,0.0,0.0,0.0,0.0,benign
0.0,0.0,0.0,0.0,0.0,0.0,22.57894736842105,0.0,11.0,11.0,0.0,54.0,19.0,0.0,20.636015662906853,11.0,11.0,3.0,3.0,18.0,0.0,0.0,0.0,24.0,0.229591,0.0,0.04176645109474,64.0,95.46511415408712,5590.0,benign
0.0,0.0,0.0,0.0,0.0,0.0,0.0,0.0,0.0,0.0,0.0,0.0,0.0,0.0,0.0,0.0,0.0,0.0,0.0,0.0,0.0,0.0,0.0,0.0,0.0,0.0,0.0,0.0,0.0,0.0,benign
0.0,0.0,0.0,0.0,0.0,0.0,0.0,0.0,0.0,0.0,0.0,0.0,0.0,0.0,0.0,0.0,0.0,0.0,0.0,0.0,0.0,0.0,0.0,0.0,0.0,0.0,0.0,0.0,0.0,0.0,benign
1.0,0.0,1.0,0.0,1.0,0.0,0.0,0.0,2.0,2.0,0.0,54.0,1.0,0.0,8.5,2.0,2.0,1.0,1.0,1.0,0.0,0.0,0.0,24.0,0.031607,0.0,0.0158035,64.0,95.5,5636.0,benign
0.0,0.0,0.0,0.0,0.0,0.0,0.0,0.0,0.0,0.0,0.0,0.0,0.0,0.0,0.0,0.0,0.0,0.0,0.0,0.0,0.0,0.0,0.0,0.0,0.0,0.0,0.0,0.0,0.0,0.0,benign
0.0,0.0,0.0,0.0,0.0,0.0,0.0,0.0,1.0,2.0,0.0,971.0,0.0,937.0,0.0,1.0,1.0,0.0,1.0,0.0,0.0,0.0,0.0,0.0,0.010684,0.010684,0.0,64.0,0.0,0.0,benign
0.0,0.0,0.0,0.0,0.0,0.0,0.0,0.0,0.0,0.0,0.0,0.0,0.0,0.0,0.0,0.0,0.0,0.0,0.0,0.0,0.0,0.0,0.0,0.0,0.0,0.0,0.0,0.0,0.0,0.0,benign
0.0,0.0,0.0,0.0,0.0,0.0,64.57142857142857,2.0,3.0,4.0,0.0,66.0,2.0,0.0,493.0305827791574,3.0,4.0,2.0,3.0,2.0,0.0,0.0,0.0,24.0,0.10068,0.0,0.0367475053184415,2.0,29.117317558768733,660.0,benign
0.0,0.0,2.0,0.0,4.0,0.0,1.3333333333333333,0.0,2.0,2.0,0.0,54.0,2.0,0.0,38.05587996617606,2.0,2.0,1.0,1.0,2.0,0.0,0.0,0.0,24.0,0.021844,0.0,0.0090366119757351,64.0,95.5,5546.0,benign
0.0,0.0,0.0,0.0,0.0,0.0,25.852941176470587,0.0,12.0,12.0,0.0,54.0,17.0,0.0,436.7375020699341,13.0,13.0,3.0,3.0,17.0,0.0,0.0,0.0,24.0,0.147695,0.0,0.0292093789363929,61.0,94.6713930026448,660.0,benign
0.0,0.0,0.0,0.0,0.0,0.0,0.0,0.0,0.0,0.0,0.0,0.0,0.0,0.0,0.0,0.0,0.0,0.0,0.0,0.0,0.0,0.0,0.0,0.0,0.0,0.0,0.0,0.0,0.0,0.0,benign
11.0,0.0,1.0,0.0,1.0,0.0,442.5,0.0,2.0,2.0,0.0,54.0,1.0,0.0,7.542472332656507,2.0,2.0,1.0,2.0,1.0,0.0,0.0,0.0,24.0,0.021405,0.0,0.009696900890949,64.0,90.03826347108706,5558.0,benign
0.0,0.0,0.0,0.0,0.0,0.0,0.0368920065562365,0.0,0.2857142857142857,0.2857142857142857,0.0,60.0,26429.285714285717,0.0,0.0,660.4285714285714,9416.57142857143,0.1428571428571428,0.1428571428571428,0.0,677.0,26429.285714285717,0.0,20.0,0.001069552,2.5e-08,0.0001137540105288,64.0,29.805773912224744,512.0,dos
0.0,0.0,0.0,0.0,0.0,0.0,0.0,0.0,0.0,0.0,0.0,0.0,0.0,0.0,0.0,0.0,0.0,0.0,0.0,0.0,0.0,0.0,0.0,0.0,0.0,0.0,0.0,0.0,0.0,0.0,benign
0.0,0.0,0.0,0.0,0.0,0.0,0.0,0.0,0.0,0.0,0.0,0.0,0.0,0.0,0.0,0.0,0.0,0.0,0.0,0.0,0.0,0.0,0.0,0.0,0.0,0.0,0.0,0.0,0.0,0.0,benign
0.0,0.0,0.0,0.0,0.0,0.0,0.0,0.0,0.0,0.0,0.0,0.0,0.0,0.0,0.0,0.0,0.0,0.0,0.0,0.0,0.0,0.0,0.0,0.0,0.0,0.0,0.0,0.0,0.0,0.0,benign
149.0,0.0,1.0,0.0,2.0,0.0,0.6666666666666666,0.0,2.0,2.0,0.0,54.0,2.0,0.0,11.0227038425243,2.0,2.0,1.0,1.0,2.0,0.0,0.0,0.0,24.0,0.006685,0.0,0.0027294925352526,64.0,95.5,5610.0,benign
0.0,0.0,0.0,0.0,0.0,0.0,0.0,0.0,0.0,0.0,0.0,0.0,0.0,0.0,0.0,0.0,0.0,0.0,0.0,0.0,0.0,0.0,0.0,0.0,0.0,0.0,0.0,0.0,0.0,0.0,benign
0.0,0.0,0.0,0.0,0.0,0.0,0.0,0.0,0.0,0.0,0.0,0.0,0.0,0.0,0.0,0.0,0.0,0.0,0.0,0.0,0.0,0.0,0.0,0.0,0.0,0.0,0.0,0.0,0.0,0.0,benign
0.0,0.0,0.0,0.0,0.0,0.0,0.0,0.0,0.0,0.0,0.0,0.0,0.0,0.0,0.0,0.0,0.0,0.0,0.0,0.0,0.0,0.0,0.0,0.0,0.0,0.0,0.0,0.0,0.0,0.0,benign
0.0,0.0,0.0,0.0,0.0,0.0,0.009024018048036,0.0,0.8571428571428571,0.8571428571428571,0.0,60.0,81957.28571428571,0.0,0.0,572.1428571428571,9416.57142857143,0.2857142857142857,0.1428571428571428,0.0,725.8571428571429,0.0,0.0,20.0,0.018499569,2.5e-08,5.567689856674769e-05,64.0,0.0,0.0,ddos
0.0,0.0,0.0,0.0,0.0,0.0,0.0,0.0,0.0,0.0,0.0,0.0,0.0,0.0,0.0,0.0,0.0,0.0,0.0,0.0,0.0,0.0,0.0,0.0,0.0,0.0,0.0,0.0,0.0,0.0,benign
909.0,0.0,2.0,0.0,3.0,0.0,3.0,0.0,2.0,2.0,0.0,54.0,2.0,0.0,22.93877721239735,2.0,2.0,1.0,1.0,2.0,0.0,0.0,0.0,24.0,0.002073,0.0,0.0008590833414168,64.0,95.5,5604.0,benign
0.0,0.0,0.0,0.0,0.0,0.0,0.0109680219360438,0.0,1.0,1.0,0.0,60.0,77543.28571428571,0.0,0.2871834793652298,415.0,9416.57142857143,0.1428571428571428,0.4285714285714285,0.4285714285714285,438.7142857142857,77542.85714285714,0.0,24.0,0.13194773,2.5e-08,0.0001899257853813,64.0,14.292612600029807,512.0,ddos
0.0,0.0,0.0,0.0,0.0,0.0,0.0146199135754251,0.0,1.8571428571428568,2.0,0.0,60.0,34200.0,0.0,39.40306467990635,1.5714285714285714,1.5714285714285714,0.4285714285714285,0.4285714285714285,11.285714285714286,0.0,0.0,0.0,24.0,0.005864622,2.4e-08,6.498364539496064e-05,64.0,2.4532213260762523,5066.0,mitm
0.0,0.0,0.0,0.0,0.0,0.0,23.5,0.0,14.0,14.0,0.0,54.0,20.0,0.0,397.1403565740331,15.0,15.0,3.0,2.0,20.0,0.0,0.0,0.0,24.0,0.073249,0.0,0.0164725484681723,61.0,94.91876986818627,660.0,benign
0.0,0.0,0.0,0.0,0.0,0.0,0.0,0.0,0.0,0.0,0.0,0.0,0.0,0.0,0.0,0.0,0.0,0.0,0.0,0.0,0.0,0.0,0.0,0.0,0.0,0.0,0.0,0.0,0.0,0.0,benign
0.0,0.0,0.0,0.0,0.0,0.0,27.02777777777778,0.0,12.0,11.0,0.0,54.0,17.0,0.0,274.0122356868804,12.0,12.0,4.0,3.0,16.0,0.0,0.0,0.0,24.0,0.037923,0.0,0.0077082854644885,61.0,93.71296166312038,660.0,benign
0.0,0.0,0.0,0.0,0.0,0.0,0.0,0.0,0.0,0.0,0.0,0.0,0.0,0.0,0.0,0.0,0.0,0.0,0.0,0.0,0.0,0.0,0.0,0.0,0.0,0.0,0.0,0.0,0.0,0.0,benign
0.0,0.0,0.0,0.0,0.0,0.0,0.0126260252520505,0.0,1.7142857142857142,1.8571428571428568,0.0,60.0,38809.42857142857,0.0,39.83629560401635,1.5714285714285714,1.5714285714285714,0.4285714285714285,0.5714285714285714,10.571428571428571,0.0,0.0,0.0,24.0,0.001171297,2.5e-08,6.0048087791417546e-05,64.0,2.21384170880966,5104.0,mitm
0.0,0.0,0.0,0.0,0.0,0.0,0.0,0.0,0.0,0.0,0.0,0.0,0.0,0.0,0.0,0.0,0.0,0.0,0.0,0.0,0.0,0.0,0.0,0.0,0.0,0.0,0.0,0.0,0.0,0.0,benign
0.0,0.0,0.0,0.0,0.0,0.0,0.0,0.0,0.0,0.0,0.0,0.0,0.0,0.0,0.0,0.0,0.0,0.0,0.0,0.0,0.0,0.0,0.0,0.0,0.0,0.0,0.0,0.0,0.0,0.0,benign
22.3,0.0,1.0,0.0,7.0,0.0,1.0,0.0,2.0,2.0,0.0,54.0,2.0,0.0,84.81560882290476,2.0,2.0,1.0,1.0,2.0,0.0,0.0,0.0,24.0,0.018171,0.0,0.0077424849693105,64.0,95.5,5624.0,benign
213.0,0.0,1.0,0.0,2.0,0.0,1.0,0.0,2.0,2.0,0.0,54.0,2.0,0.0,10.594810050208546,2.0,2.0,1.0,1.0,2.0,0.0,0.0,0.0,24.0,0.002775,0.0,0.0012625397766011,64.0,95.5,5586.0,benign
0.0,0.0,0.0,0.0,0.0,0.0,0.0,0.0,0.0,0.0,0.0,0.0,0.0,0.0,0.0,0.0,0.0,0.0,0.0,0.0,0.0,0.0,0.0,0.0,0.0,0.0,0.0,0.0,0.0,0.0,benign
0.0,0.0,0.0,0.0,0.0,0.0,0.0,0.0,0.0,0.0,0.0,0.0,0.0,0.0,0.0,0.0,0.0,0.0,0.0,0.0,0.0,0.0,0.0,0.0,0.0,0.0,0.0,0.0,0.0,0.0,benign
22.5,0.0,1.0,0.0,7.0,0.0,2.0,0.0,2.0,2.0,0.0,54.0,2.0,0.0,84.81560882290476,2.0,2.0,1.0,1.0,2.0,0.0,0.0,0.0,24.0,0.183945,0.0,0.0790547755021004,64.0,95.5,5602.0,benign
0.0,0.0,0.0,0.0,0.0,0.0,0.0,0.0,0.0,0.0,0.0,0.0,0.0,0.0,0.0,0.0,0.0,0.0,0.0,0.0,0.0,0.0,0.0,0.0,0.0,0.0,0.0,0.0,0.0,0.0,benign
0.0,0.0,0.0,0.0,0.0,0.0,17.0,0.0,2.0,2.0,0.0,60.0,1.0,0.0,0.0,0.0,0.0,1.0,1.0,0.0,0.0,0.0,0.0,0.0,0.006431,0.0,0.0032155,0.0,0.0,0.0,benign
916.0,0.0,2.0,0.0,3.0,0.0,1.3333333333333333,0.0,2.0,2.0,0.0,54.0,2.0,0.0,22.93877721239735,2.0,2.0,1.0,1.0,2.0,0.0,0.0,0.0,24.0,0.114655,0.0,0.0491119368127546,64.0,95.5,5548.0,benign
0.0,0.0,0.0,0.0,0.0,0.0,0.0,0.0,0.0,0.0,0.0,0.0,0.0,0.0,0.0,0.0,0.0,0.0,0.0,0.0,0.0,0.0,0.0,0.0,0.0,0.0,0.0,0.0,0.0,0.0,benign
210.0,0.0,1.0,0.0,2.0,0.0,1.3333333333333333,0.0,2.0,2.0,0.0,54.0,2.0,0.0,10.594810050208546,2.0,2.0,1.0,1.0,2.0,0.0,0.0,0.0,24.0,0.040929,0.0,0.0176484405454844,64.0,95.5,5638.0,benign
0.0,0.0,0.0,0.0,0.0,0.0,0.0,0.0,0.0,0.0,0.0,0.0,0.0,0.0,0.0,0.0,0.0,0.0,0.0,0.0,0.0,0.0,0.0,0.0,0.0,0.0,0.0,0.0,0.0,0.0,benign
0.0,0.0,0.0,0.0,0.0,0.0,0.0,0.0,0.0,0.0,0.0,0.0,0.0,0.0,0.0,0.0,0.0,0.0,0.0,0.0,0.0,0.0,0.0,0.0,0.0,0.0,0.0,0.0,0.0,0.0,benign
0.0,0.0,0.0,0.0,0.0,0.0,0.0302157838621814,0.0,2.0,2.142857142857143,0.0,60.0,33078.142857142855,0.0,1.1960745987709638,1.8571428571428568,9416.57142857143,0.4285714285714285,0.4285714285714285,16.0,33062.28571428572,0.0,0.0,24.0,0.001350979,2.6e-08,0.0001012483177429,64.0,4.142048187515631,512.0,dos
0.0,0.0,0.0,0.0,0.0,0.0,22.5,0.0,2.0,2.0,0.0,60.0,1.0,0.0,0.0,0.0,0.0,1.0,1.0,0.0,0.0,0.0,0.0,0.0,0.071222,0.004389,0.0311341990350732,0.0,0.0,0.0,benign
284.0,1.2777531299970908,0.1428571428571428,1020.0,1.0,0.0,410.0,0.0,0.4285714285714285,0.4285714285714285,0.0,60.0,1.1428571428571428,0.0,11.0,0.2857142857142857,0.2857142857142857,0.2857142857142857,0.2857142857142857,1.0,0.0,0.0,0.0,24.0,0.118137198,2.05e-07,0.0277044135513824,64.0,95.5,4386.0,mitm
0.0,0.0,0.0,0.0,0.0,0.0,0.0,0.0,0.0,0.0,0.0,0.0,0.0,0.0,0.0,0.0,0.0,0.0,0.0,0.0,0.0,0.0,0.0,0.0,0.0,0.0,0.0,0.0,0.0,0.0,benign
0.0,0.0,0.0,0.0,0.0,6844.428571428572,0.0836890116327726,0.0,0.1428571428571428,0.2857142857142857,0.0,362.0,11949.142857142857,328.0,360.18502342210206,144.14285714285714,142.0,0.2857142857142857,0.0,0.0,0.0,0.0,0.0,0.0,0.000607446,2.6e-08,0.0001617739329628,64.0,0.0,0.0,dos
212.0,0.0,1.0,0.0,2.0,0.0,0.6666666666666666,0.0,2.0,2.0,0.0,54.0,2.0,0.0,10.594810050208546,2.0,2.0,1.0,1.0,2.0,0.0,0.0,0.0,24.0,0.03188,0.0,0.01348772727334,64.0,95.5,5614.0,benign
0.0,0.0,0.0,0.0,0.0,0.0,0.0,0.0,0.0,0.0,0.0,0.0,0.0,0.0,0.0,0.0,0.0,0.0,0.0,0.0,0.0,0.0,0.0,0.0,0.0,0.0,0.0,0.0,0.0,0.0,benign
0.0,0.0,0.0,0.0,0.0,0.0,35.5,0.0,2.0,2.0,0.0,60.0,1.0,0.0,0.0,0.0,0.0,1.0,1.0,0.0,0.0,0.0,0.0,0.0,0.015861,0.003265,0.0052491192277054,0.0,0.0,0.0,benign
0.0,0.0,0.0,0.0,0.0,0.0,0.0,0.0,0.0,0.0,0.0,0.0,0.0,0.0,0.0,0.0,0.0,0.0,0.0,0.0,0.0,0.0,0.0,0.0,0.0,0.0,0.0,0.0,0.0,0.0,benign
0.0,0.0,1.0,0.0,1.0,0.0,250.0,0.0,3.0,3.0,0.0,54.0,2.0,0.0,7.5,2.0,2.0,2.0,2.0,1.0,0.0,0.0,0.0,24.0,0.040181,0.0,0.0183520220207474,64.0,95.5,5576.0,benign
0.0,0.0,0.0,0.0,0.0,0.0,26.815686274509805,0.0,2.2857142857142856,2.2857142857142856,0.0,60.0,17.714285714285715,0.0,328.8050515268896,2.2857142857142856,2.4285714285714284,0.7142857142857143,0.7142857142857143,16.285714285714285,0.0,0.0,0.0,24.0,0.211159044,0.0,0.0274442610442762,61.0,94.1399337059258,660.0,malware
915.0,0.0,2.0,0.0,3.0,0.0,0.6666666666666666,0.0,2.0,2.0,0.0,54.0,2.0,0.0,22.93877721239735,2.0,2.0,1.0,1.0,2.0,0.0,0.0,0.0,24.0,0.018792,0.0,0.0079659483545589,64.0,95.5,5588.0,benign
3.0,0.0,1.0,0.0,1.0,0.0,0.0,0.0,2.0,2.0,0.0,54.0,1.0,0.0,8.5,2.0,2.0,1.0,1.0,1.0,0.0,0.0,0.0,24.0,0.002841,1e-06,0.00142,64.0,95.5,5608.0,benign
0.0,0.0,0.0,0.0,0.0,0.0,0.0,0.0,0.0,0.0,0.0,0.0,0.0,0.0,0.0,0.0,0.0,0.0,0.0,0.0,0.0,0.0,0.0,0.0,0.0,0.0,0.0,0.0,0.0,0.0,benign
0.0,0.0,0.0,0.0,0.0,0.0,0.0,0.0,0.0,0.0,0.0,0.0,0.0,0.0,0.0,0.0,0.0,0.0,0.0,0.0,0.0,0.0,0.0,0.0,0.0,0.0,0.0,0.0,0.0,0.0,benign
0.0,0.0,0.0,0.0,0.0,0.0,75.5,0.0,2.0,2.0,0.0,60.0,1.0,0.0,0.0,0.0,0.0,1.0,1.0,0.0,0.0,0.0,0.0,0.0,0.004229,0.00251,0.0007647223170682,0.0,0.0,0.0,benign
0.0,0.0,0.0,0.0,0.0,0.0,0.0,0.0,0.0,2.0,0.0,198.0,0.0,0.0,0.0,0.0,0.0,0.0,1.0,0.0,0.0,0.0,0.0,0.0,0.031469,0.031469,0.0,0.0,0.0,0.0,benign
0.0,0.0,0.0,0.0,0.0,0.0,0.0,0.0,0.0,0.0,0.0,0.0,0.0,0.0,0.0,0.0,0.0,0.0,0.0,0.0,0.0,0.0,0.0,0.0,0.0,0.0,0.0,0.0,0.0,0.0,benign
0.0,0.0,0.0,0.0,0.0,0.0,0.0,0.0,0.0,0.0,0.0,0.0,0.0,0.0,0.0,0.0,0.0,0.0,0.0,0.0,0.0,0.0,0.0,0.0,0.0,0.0,0.0,0.0,0.0,0.0,benign
22.5,0.0,1.0,0.0,7.0,0.0,4.666666666666667,0.0,2.0,2.0,0.0,54.0,2.0,0.0,84.81560882290476,2.0,2.0,1.0,1.0,2.0,0.0,0.0,0.0,24.0,0.047456,0.0,0.0193499707622518,64.0,95.5,5556.0,benign
0.0,0.0,0.0,0.0,0.0,0.0,117.0,0.0,2.0,2.0,0.0,60.0,1.0,0.0,0.0,0.0,0.0,1.0,1.0,0.0,0.0,0.0,0.0,0.0,0.026591,0.000654,0.0129684999999999,0.0,0.0,0.0,benign
212.0,0.0,1.0,0.0,2.0,0.0,1.0,0.0,2.0,2.0,0.0,54.0,2.0,0.0,10.594810050208546,2.0,2.0,1.0,1.0,2.0,0.0,0.0,0.0,24.0,0.002544,0.0,0.0012460637022239,64.0,95.5,5562.0,benign
0.0,0.0,0.0,0.0,0.0,0.0,42.66666666666666,2.0,2.0,2.0,0.0,66.0,2.0,0.0,19.5,2.0,2.0,2.0,2.0,2.0,0.0,0.0,0.0,24.0,0.006252,0.000683,0.0023175708592187,53.0,5.5,2608.0,benign
125.0,0.0,1.0,0.0,2.0,0.0,0.6666666666666666,0.0,2.0,2.0,0.0,54.0,2.0,0.0,11.0227038425243,2.0,2.0,1.0,1.0,2.0,0.0,0.0,0.0,24.0,0.016404,0.0003,0.0067628287535616,64.0,95.5,5562.0,benign
0.0,0.0,1.0,0.0,1.0,0.0,0.0,0.0,2.0,2.0,0.0,54.0,1.0,0.0,8.0,2.0,2.0,1.0,1.0,1.0,0.0,0.0,0.0,24.0,0.017786,0.0,0.008893,64.0,95.5,5616.0,benign
0.0,0.0,0.0,0.0,0.0,0.0,0.0067300134600269,0.0,0.2857142857142857,1.0,0.0,60.0,148651.7142857143,0.0,0.0,0.1428571428571428,9416.57142857143,0.2857142857142857,0.1428571428571428,0.0,148651.42857142858,0.0,0.0,5.0,0.000653425,2.6e-08,4.095408017009162e-05,64.0,0.0,512.0,ddos
1023.0,0.0,1.0,0.0,1.0,0.0,0.6666666666666666,0.0,3.0,3.0,0.0,54.0,2.0,0.0,9.0,2.0,2.0,2.0,2.0,1.0,0.0,0.0,0.0,24.0,0.000958,0.000455,0.0002013608390427,64.0,95.5,5560.0,benign
-0.7,0.588179866669674,2.0,0.0,2.0,0.0,22.5,0.0,2.0,2.0,0.0,54.0,2.0,0.0,19.327585352432298,2.0,2.0,1.0,1.0,1.0,0.0,0.0,0.0,24.0,0.051093,0.0,0.0210488590189587,64.0,90.03826347108705,5610.0,benign
0.0,0.0,0.0,0.0,0.0,0.0,0.0,0.0,0.0,0.0,0.0,0.0,0.0,0.0,0.0,0.0,0.0,0.0,0.0,0.0,0.0,0.0,0.0,0.0,0.0,0.0,0.0,0.0,0.0,0.0,benign
0.0,0.0,0.0,0.0,0.0,0.0,0.0,0.0,0.0,0.0,0.0,0.0,0.0,0.0,0.0,0.0,0.0,0.0,0.0,0.0,0.0,0.0,0.0,0.0,0.0,0.0,0.0,0.0,0.0,0.0,benign
0.0,0.0,0.0,0.0,0.0,0.0,0.0,0.0,0.0,0.0,0.0,0.0,0.0,0.0,0.0,0.0,0.0,0.0,0.0,0.0,0.0,0.0,0.0,0.0,0.0,0.0,0.0,0.0,0.0,0.0,benign
0.0,0.0,0.0,0.0,0.0,0.0,0.0,0.0,1.0,2.0,0.0,60.0,0.0,0.0,0.0,0.0,0.0,0.0,1.0,0.0,0.0,0.0,0.0,0.0,0.121603,0.121603,0.0,0.0,0.0,0.0,benign
10.0,0.0,1.0,0.0,1.0,0.0,0.0,0.0,2.0,2.0,0.0,54.0,1.0,0.0,8.0,2.0,2.0,1.0,1.0,1.0,0.0,0.0,0.0,24.0,0.001254,0.0,0.000627,64.0,95.5,5584.0,benign
0.0,0.0,0.0,0.0,0.0,0.0,0.0,0.0,0.0,0.0,0.0,0.0,0.0,0.0,0.0,0.0,0.0,0.0,0.0,0.0,0.0,0.0,0.0,0.0,0.0,0.0,0.0,0.0,0.0,0.0,benign
0.0,0.0,0.0,0.0,0.0,0.0,0.0,0.0,0.0,0.0,0.0,0.0,0.0,0.0,0.0,0.0,0.0,0.0,0.0,0.0,0.0,0.0,0.0,0.0,0.0,0.0,0.0,0.0,0.0,0.0,benign
0.0,0.0,0.0,0.0,0.0,0.0,0.0,0.0,0.0,0.0,0.0,0.0,0.0,0.0,0.0,0.0,0.0,0.0,0.0,0.0,0.0,0.0,0.0,0.0,0.0,0.0,0.0,0.0,0.0,0.0,benign
0.0,0.0,0.0,0.0,0.0,0.0,0.0,0.0,0.0,0.0,0.0,0.0,0.0,0.0,0.0,0.0,0.0,0.0,0.0,0.0,0.0,0.0,0.0,0.0,0.0,0.0,0.0,0.0,0.0,0.0,benign
0.0,0.0,0.0,0.0,0.0,0.0,0.0,0.0,0.0,0.0,0.0,0.0,0.0,0.0,0.0,0.0,0.0,0.0,0.0,0.0,0.0,0.0,0.0,0.0,0.0,0.0,0.0,0.0,0.0,0.0,benign
0.0,0.0,0.0,0.0,0.0,0.0,1.0,0.0,2.0,2.0,0.0,60.0,1.0,0.0,0.0,0.0,0.0,1.0,1.0,0.0,0.0,0.0,0.0,0.0,0.029915,0.001844,0.0140355,0.0,0.0,0.0,benign
1023.0,0.0,1.0,0.0,1.0,0.0,1.0,0.0,2.0,2.0,0.0,54.0,1.0,0.0,9.0,2.0,2.0,1.0,1.0,1.0,0.0,0.0,0.0,24.0,0.02805,0.000402,0.013824,64.0,95.5,5614.0,benign
0.0,0.0,0.0,0.0,0.0,0.0,29.0,0.0,2.0,2.0,0.0,60.0,1.0,0.0,0.0,0.0,0.0,1.0,1.0,0.0,0.0,0.0,0.0,0.0,0.010028,0.0,0.005014,0.0,0.0,0.0,benign
0.0,0.0,0.0,0.0,0.0,0.0,0.0,0.0,0.0,0.0,0.0,0.0,0.0,0.0,0.0,0.0,0.0,0.0,0.0,0.0,0.0,0.0,0.0,0.0,0.0,0.0,0.0,0.0,0.0,0.0,benign
0.0,0.0,0.0,0.0,0.0,0.0,17.651162790697676,0.0,12.0,12.0,0.0,54.0,21.0,0.0,247.6975242772076,13.0,13.0,3.0,3.0,21.0,0.0,0.0,0.0,24.0,0.246023,0.0,0.0381195848756101,61.0,94.7287858673425,660.0,benign
0.0,0.0,0.0,0.0,0.0,0.0,126.8,0.0,3.0,2.0,0.0,54.0,2.0,0.0,32.526911934581186,2.0,2.0,2.0,3.0,2.0,0.0,0.0,0.0,24.0,0.052559,0.000983,0.0224806205405653,238.0,8.013876853447337,1954.0,benign
14.0,0.0,1.0,0.0,1.0,0.0,0.0,0.0,2.0,2.0,0.0,54.0,1.0,0.0,10.5,2.0,2.0,1.0,1.0,1.0,0.0,0.0,0.0,24.0,0.02109,0.0,0.010545,64.0,95.5,5558.0,benign
0.0,0.0,0.0,0.0,0.0,0.0,0.0,0.0,0.0,0.0,0.0,0.0,0.0,0.0,0.0,0.0,0.0,0.0,0.0,0.0,0.0,0.0,0.0,0.0,0.0,0.0,0.0,0.0,0.0,0.0,benign
0.0,0.0,0.0,0.0,0.0,0.0,0.0,0.0,0.0,0.0,0.0,0.0,0.0,0.0,0.0,0.0,0.0,0.0,0.0,0.0,0.0,0.0,0.0,0.0,0.0,0.0,0.0,0.0,0.0,0.0,benign
210.0,0.0,1.0,0.0,2.0,0.0,0.6666666666666666,0.0,2.0,2.0,0.0,54.0,2.0,0.0,10.594810050208546,2.0,2.0,1.0,1.0,2.0,0.0,0.0,0.0,24.0,0.009813,0.0,0.0040312755115471,64.0,95.5,5578.0,benign
12.0,0.0,1.0,0.0,1.0,0.0,0.0,0.0,2.0,2.0,0.0,54.0,1.0,0.0,10.5,2.0,2.0,1.0,1.0,1.0,0.0,0.0,0.0,24.0,0.015045,0.0,0.0075225,64.0,95.5,5578.0,benign
0.0,0.0,0.0,0.0,0.0,0.0,0.0,0.0,0.0,0.0,0.0,0.0,0.0,0.0,0.0,0.0,0.0,0.0,0.0,0.0,0.0,0.0,0.0,0.0,0.0,0.0,0.0,0.0,0.0,0.0,benign
0.0,0.0,0.0,0.0,0.0,0.0,0.0,0.0,0.0,0.0,0.0,0.0,0.0,0.0,0.0,0.0,0.0,0.0,0.0,0.0,0.0,0.0,0.0,0.0,0.0,0.0,0.0,0.0,0.0,0.0,benign
-0.7,1.142813292809557,2.0,0.0,2.0,0.0,2.5,0.0,2.0,2.0,0.0,54.0,2.0,0.0,18.856180831641264,2.0,2.0,1.0,1.0,1.0,0.0,0.0,0.0,24.0,0.003463,0.0,0.0016324738554993,64.0,90.03826347108705,5536.0,benign
0.0,0.0,0.0,0.0,0.0,0.0,0.4966887417218543,0.0,0.5714285714285714,0.5714285714285714,1460.0,60.0,998.1428571428572,0.0,1.5275095126527785,143.85714285714286,143.85714285714286,0.2857142857142857,0.4285714285714285,0.0,985.4285714285714,998.0,0.0,20.0,0.091375329,2.7e-08,0.0013221244063923,37.0,103.61529197307064,0.0,recon
0.0,0.0,0.0,0.0,0.0,0.0,0.0,0.0,0.0,0.0,0.0,0.0,0.0,0.0,0.0,0.0,0.0,0.0,0.0,0.0,0.0,0.0,0.0,0.0,0.0,0.0,0.0,0.0,0.0,0.0,benign
0.0,0.0,0.0,0.0,0.0,0.0,0.2128177140184001,0.0,0.4285714285714285,0.4285714285714285,1460.0,60.0,2292.714285714286,0.0,0.0,145.14285714285714,145.14285714285714,0.2857142857142857,0.2857142857142857,0.0,2285.714285714286,2292.5714285714284,0.0,20.0,0.02245132,2.6e-08,0.0004069052338723,37.0,9.286146936876955,0.0,recon
0.0,0.0,0.0,0.0,0.0,0.0,0.0,0.0,0.0,0.0,0.0,0.0,0.0,0.0,0.0,0.0,0.0,0.0,0.0,0.0,0.0,0.0,0.0,0.0,0.0,0.0,0.0,0.0,0.0,0.0,benign
80.0,69.24032222789134,1.0,145.2,6.0,0.0,69.22222222222223,0.0,2.0,2.0,0.0,54.0,5.0,0.0,10.5,2.0,2.0,1.0,1.0,5.0,0.0,0.0,0.0,24.0,0.062478,0.0,0.0224522838448564,64.0,95.5,5608.0,benign
-0.7,0.588179866669674,2.0,0.0,2.0,0.0,46.75,0.0,3.0,3.0,0.0,54.0,3.0,0.0,19.327585352432298,2.0,2.0,2.0,2.0,1.0,0.0,0.0,0.0,24.0,0.003133,0.0,0.0013403288551695,64.0,90.03826347108705,5592.0,benign
0.0,0.0,0.0,0.0,0.0,0.0,18.5,0.0,2.0,2.0,0.0,60.0,1.0,0.0,0.0,0.0,0.0,1.0,1.0,0.0,0.0,0.0,0.0,0.0,0.027774,0.002295,0.0115828404787234,0.0,0.0,0.0,benign
0.0,0.0,0.0,0.0,0.0,0.0,0.0,0.0,0.0,0.0,0.0,0.0,0.0,0.0,0.0,0.0,0.0,0.0,0.0,0.0,0.0,0.0,0.0,0.0,0.0,0.0,0.0,0.0,0.0,0.0,benign
0.0,0.0,0.0,0.0,0.0,0.0,0.0,0.0,0.0,0.0,0.0,0.0,0.0,0.0,0.0,0.0,0.0,0.0,0.0,0.0,0.0,0.0,0.0,0.0,0.0,0.0,0.0,0.0,0.0,0.0,benign
0.0,0.0,0.0,0.0,0.0,0.0,1.6666666666666667,2.0,2.0,2.0,0.0,66.0,2.0,0.0,983.1564918668848,2.0,2.0,2.0,2.0,2.0,0.0,0.0,0.0,24.0,0.005457,0.0,0.0021513145981004,61.0,1.5,660.0,benign
0.0,0.0,0.0,0.0,0.0,0.0,0.0,0.0,0.0,0.0,0.0,0.0,0.0,0.0,0.0,0.0,0.0,0.0,0.0,0.0,0.0,0.0,0.0,0.0,0.0,0.0,0.0,0.0,0.0,0.0,benign
0.0,0.0,0.0,0.0,0.0,6666.428571428572,0.0805532859986881,0.0,0.4285714285714285,0.5714285714285714,0.0,60.0,12414.0,328.0,369.3976456693195,0.0,0.0,0.2857142857142857,0.1428571428571428,0.0,0.0,0.0,0.0,0.0,0.02272627,2.6e-08,0.0001771195887032,64.0,0.0,0.0,dos
0.0,0.0,0.0,0.0,0.0,0.0,0.0,0.0,0.0,0.0,0.0,0.0,0.0,0.0,0.0,0.0,0.0,0.0,0.0,0.0,0.0,0.0,0.0,0.0,0.0,0.0,0.0,0.0,0.0,0.0,benign
0.0,0.0,0.0,0.0,0.0,0.0,0.0,0.0,0.0,0.0,0.0,0.0,0.0,0.0,0.0,0.0,0.0,0.0,0.0,0.0,0.0,0.0,0.0,0.0,0.0,0.0,0.0,0.0,0.0,0.0,benign
0.0,0.0,0.0,0.0,0.0,0.0,0.0,0.0,0.0,0.0,0.0,0.0,0.0,0.0,0.0,0.0,0.0,0.0,0.0,0.0,0.0,0.0,0.0,0.0,0.0,0.0,0.0,0.0,0.0,0.0,benign
280.0,0.0,1.0,0.0,1.0,0.0,0.0,0.0,2.0,2.0,0.0,54.0,1.0,0.0,11.0,2.0,2.0,1.0,1.0,1.0,0.0,0.0,0.0,24.0,0.01169,0.0,0.005845,64.0,95.5,5538.0,benign
0.0,0.0,0.0,0.0,0.0,0.0,27.26446280991735,0.0,0.4285714285714285,0.4285714285714285,1460.0,60.0,17.142857142857142,0.0,17.74440021008472,17.428571428571427,17.428571428571427,0.1428571428571428,0.4285714285714285,0.0,17.142857142857142,17.142857142857142,0.0,20.0,0.02209232,3.3e-08,0.0020745113722135,37.0,103.83128163236933,1024.0,recon
2.0,0.0,1.0,0.0,1.0,0.0,0.0,0.0,2.0,2.0,0.0,54.0,1.0,0.0,8.5,2.0,2.0,1.0,1.0,1.0,0.0,0.0,0.0,24.0,0.031926,1e-06,0.0159625,64.0,95.5,5644.0,benign
212.0,0.0,1.0,0.0,2.0,0.0,2.6666666666666665,0.0,2.0,2.0,0.0,54.0,2.0,0.0,10.594810050208546,2.0,2.0,1.0,1.0,2.0,0.0,0.0,0.0,24.0,0.031534,0.0,0.0129394825630702,64.0,95.5,5632.0,benign
133.0,0.0,1.0,0.0,2.0,0.0,0.6666666666666666,0.0,2.0,2.0,0.0,54.0,2.0,0.0,11.0227038425243,2.0,2.0,1.0,1.0,2.0,0.0,0.0,0.0,24.0,0.007372,0.0,0.0030107110767225,64.0,95.5,5648.0,benign
0.0,0.0,0.0,0.0,0.0,0.0,0.0,0.0,0.0,0.0,0.0,0.0,0.0,0.0,0.0,0.0,0.0,0.0,0.0,0.0,0.0,0.0,0.0,0.0,0.0,0.0,0.0,0.0,0.0,0.0,benign
14.0,0.0,1.0,0.0,1.0,0.0,0.0,0.0,2.0,2.0,0.0,54.0,1.0,0.0,10.5,2.0,2.0,1.0,1.0,1.0,0.0,0.0,0.0,24.0,0.016536,0.0,0.008268,64.0,95.5,5590.0,benign
0.0,0.0,0.0,0.0,0.0,0.0,0.0,0.0,0.0,0.0,0.0,0.0,0.0,0.0,0.0,0.0,0.0,0.0,0.0,0.0,0.0,0.0,0.0,0.0,0.0,0.0,0.0,0.0,0.0,0.0,benign
0.0,0.0,0.0,0.0,0.0,0.0,0.0,0.0,0.0,0.0,0.0,0.0,0.0,0.0,0.0,0.0,0.0,0.0,0.0,0.0,0.0,0.0,0.0,0.0,0.0,0.0,0.0,0.0,0.0,0.0,benign
1.0,0.0,1.0,0.0,1.0,0.0,0.0,0.0,2.0,2.0,0.0,54.0,1.0,0.0,7.5,2.0,2.0,1.0,1.0,1.0,0.0,0.0,0.0,24.0,0.004639,1e-06,0.002319,64.0,95.5,5550.0,benign
0.0,0.0,0.0,0.0,0.0,0.0,0.0,0.0,1.0,2.0,0.0,970.0,0.0,936.0,0.0,1.0,1.0,0.0,1.0,0.0,0.0,0.0,0.0,0.0,0.064579,0.064579,0.0,64.0,0.0,0.0,benign
0.0,0.0,0.0,0.0,0.0,0.0,0.0,0.0,0.0,0.0,0.0,0.0,0.0,0.0,0.0,0.0,0.0,0.0,0.0,0.0,0.0,0.0,0.0,0.0,0.0,0.0,0.0,0.0,0.0,0.0,benign
22.5,0.0,1.0,0.0,7.0,0.0,1.0,0.0,2.0,2.0,0.0,54.0,4.0,0.0,43.15940656450225,2.0,2.0,1.0,1.0,4.0,0.0,0.0,0.0,24.0,0.00258,0.0,0.0011064493888108,64.0,95.5,5554.0,benign
0.0,0.0,0.0,0.0,0.0,0.0,0.0,0.0,0.0,0.0,0.0,0.0,0.0,0.0,0.0,0.0,0.0,0.0,0.0,0.0,0.0,0.0,0.0,0.0,0.0,0.0,0.0,0.0,0.0,0.0,benign
0.0,0.0,0.0,0.0,0.0,0.0,2.0,2.0,2.0,2.0,0.0,66.0,2.0,0.0,778.3790850222017,2.0,2.0,2.0,2.0,2.0,0.0,0.0,0.0,24.0,0.010691,0.0,0.0043854293048115,61.0,1.5,660.0,benign
0.0,0.0,0.0,0.0,0.0,0.0,353.0,0.0,2.0,2.0,0.0,60.0,0.0,196.0,0.0,1.0,1.0,0.0,2.0,0.0,0.0,0.0,0.0,0.0,0.150052,0.000574,0.074739,255.0,0.0,0.0,benign
0.0,0.0,0.0,0.0,0.0,0.0,0.0,0.0,0.0,0.0,0.0,0.0,0.0,0.0,0.0,0.0,0.0,0.0,0.0,0.0,0.0,0.0,0.0,0.0,0.0,0.0,0.0,0.0,0.0,0.0,benign
0.0,0.0,0.0,0.0,0.0,0.0,0.0,0.0,0.0,0.0,0.0,0.0,0.0,0.0,0.0,0.0,0.0,0.0,0.0,0.0,0.0,0.0,0.0,0.0,0.0,0.0,0.0,0.0,0.0,0.0,benign
0.0,0.0,0.0,0.0,0.0,0.0,0.0,0.0,0.0,0.0,0.0,0.0,0.0,0.0,0.0,0.0,0.0,0.0,0.0,0.0,0.0,0.0,0.0,0.0,0.0,0.0,0.0,0.0,0.0,0.0,benign
0.0,0.0,0.0,0.0,0.0,0.0,0.0,0.0,0.0,0.0,0.0,0.0,0.0,0.0,0.0,0.0,0.0,0.0,0.0,0.0,0.0,0.0,0.0,0.0,0.0,0.0,0.0,0.0,0.0,0.0,benign
0.0,0.0,1.0,0.0,1.0,0.0,1.0,0.0,2.0,2.0,0.0,54.0,1.0,0.0,8.0,2.0,2.0,1.0,1.0,1.0,0.0,0.0,0.0,24.0,1e-06,0.0,5e-07,64.0,95.5,5564.0,benign
0.0,0.0,0.0,0.0,0.0,0.0,0.0,0.0,0.0,0.0,0.0,0.0,0.0,0.0,0.0,0.0,0.0,0.0,0.0,0.0,0.0,0.0,0.0,0.0,0.0,0.0,0.0,0.0,0.0,0.0,benign
119.0,0.0,1.0,0.0,2.0,0.0,0.6666666666666666,0.0,2.0,2.0,0.0,54.0,2.0,0.0,11.0227038425243,2.0,2.0,1.0,1.0,2.0,0.0,0.0,0.0,24.0,0.060355,0.0,0.0258849741259287,64.0,95.5,5558.0,benign
0.0,0.0,0.0,0.0,0.0,0.0,134.5,0.0,2.0,3.0,0.0,60.0,1.0,0.0,0.0,0.0,0.0,1.0,2.0,0.0,0.0,0.0,0.0,0.0,0.005141,0.0005,0.0018986252921521,0.0,0.0,0.0,benign
0.0,0.0,0.0,0.0,0.0,0.0,0.0,0.0,0.0,0.0,0.0,0.0,0.0,0.0,0.0,0.0,0.0,0.0,0.0,0.0,0.0,0.0,0.0,0.0,0.0,0.0,0.0,0.0,0.0,0.0,benign
0.0,0.0,0.0,0.0,0.0,0.0,683.3333333333334,0.0,0.4285714285714285,0.4285714285714285,0.0,60.0,0.1428571428571428,180.0,0.0,0.1428571428571428,0.1428571428571428,0.1428571428571428,0.2857142857142857,0.0,0.0,0.0,0.0,0.0,0.001379076,8e-08,0.0005126907884753,255.0,0.0,0.0,recon
1.0,0.0,1.0,0.0,1.0,0.0,1.0,0.0,2.0,2.0,0.0,54.0,1.0,0.0,7.5,2.0,2.0,1.0,1.0,1.0,0.0,0.0,0.0,24.0,0.018347,0.000293,0.0090269999999999,64.0,95.5,5612.0,benign
0.0,0.0,0.0,0.0,0.0,0.0,0.0,0.0,1.0,2.0,0.0,214.0,0.0,180.0,0.0,1.0,1.0,0.0,1.0,0.0,0.0,0.0,0.0,0.0,0.01618,0.01618,0.0,255.0,0.0,0.0,benign
210.0,0.0,1.0,0.0,2.0,0.0,1.0,0.0,2.0,2.0,0.0,54.0,2.0,0.0,10.594810050208546,2.0,2.0,1.0,1.0,2.0,0.0,0.0,0.0,24.0,0.00082,0.0,0.0003550704155516,64.0,95.5,5624.0,benign
0.0,0.0,0.0,0.0,0.0,0.0,13.504672897196262,0.0,0.4285714285714285,0.4285714285714285,1460.0,60.0,30.714285714285715,0.0,13.36694311115878,30.571428571428573,30.571428571428573,0.1428571428571428,0.4285714285714285,0.0,30.142857142857142,30.714285714285715,0.0,20.0,0.028973056,3.3e-08,0.0026776309368148,37.0,103.76440134740702,1024.0,recon
0.0,0.0,0.0,0.0,0.0,0.0,0.0,0.0,0.0,0.0,0.0,0.0,0.0,0.0,0.0,0.0,0.0,0.0,0.0,0.0,0.0,0.0,0.0,0.0,0.0,0.0,0.0,0.0,0.0,0.0,benign
0.0,0.0,0.0,0.0,0.0,0.0,62.0,0.0,2.0,2.0,0.0,60.0,1.0,0.0,0.0,0.0,0.0,1.0,1.0,0.0,0.0,0.0,0.0,0.0,0.019596,0.019147,0.0002245,0.0,0.0,0.0,benign
0.0,0.0,0.0,0.0,0.0,0.0,14.5,0.0,2.0,2.0,0.0,60.0,1.0,0.0,0.0,0.0,0.0,1.0,1.0,0.0,0.0,0.0,0.0,0.0,0.03976,0.004189,0.0160917727288063,0.0,0.0,0.0,benign
0.0,0.0,0.0,0.0,0.0,0.0,18.5,0.0,2.0,2.0,0.0,60.0,1.0,0.0,0.0,0.0,0.0,1.0,1.0,0.0,0.0,0.0,0.0,0.0,0.030154,0.000573,0.0135565489954732,0.0,0.0,0.0,benign
0.0,0.0,0.0,0.0,0.0,0.0,0.0,0.0,0.0,0.0,0.0,0.0,0.0,0.0,0.0,0.0,0.0,0.0,0.0,0.0,0.0,0.0,0.0,0.0,0.0,0.0,0.0,0.0,0.0,0.0,benign
0.0,0.0,0.0,0.0,0.0,0.0,41.0,0.0,2.0,3.0,0.0,60.0,1.0,0.0,0.0,0.0,0.0,1.0,2.0,0.0,0.0,0.0,0.0,0.0,0.029993,0.0,0.0128035493603227,0.0,0.0,0.0,benign
0.0,0.0,0.0,0.0,0.0,0.0,22.666666666666668,0.0,3.0,3.0,0.0,60.0,1.0,180.0,0.0,1.0,1.0,1.0,2.0,0.0,0.0,0.0,0.0,0.0,0.006691,0.0,0.0027574907978087,255.0,0.0,0.0,benign
-0.7,0.5880476171195662,2.0,0.0,2.0,0.0,1.0,0.0,2.0,2.0,0.0,54.0,2.0,0.0,19.327585352432298,2.0,2.0,1.0,1.0,1.0,0.0,0.0,0.0,24.0,0.000298,0.0,0.0001393149908181,64.0,90.03826347108705,5576.0,benign
13.0,0.0,1.0,0.0,1.0,0.0,0.0,0.0,2.0,2.0,0.0,54.0,1.0,0.0,10.5,2.0,2.0,1.0,1.0,1.0,0.0,0.0,0.0,24.0,0.090759,0.0,0.0453795,64.0,95.5,5574.0,benign
-0.69,1.1382540235914924,2.0,0.0,2.0,0.0,1.0,0.0,2.0,2.0,0.0,54.0,2.0,0.0,18.856180831641264,2.0,2.0,1.0,1.0,1.0,0.0,0.0,0.0,24.0,0.00424,0.0,0.0019987551681539,64.0,90.03826347108705,5542.0,benign
0.0,0.0,0.0,0.0,0.0,0.0,35.45077720207254,0.0,8.571428571428571,7.0,0.0,60.0,14.0,0.0,606.8625571392972,2.4285714285714284,2.4285714285714284,0.7142857142857143,1.0,5.0,0.0,0.0,0.0,24.0,0.164679147,3.3e-08,0.0227843859157302,53.0,61.63437678263716,49.0,recon
0.0,0.0,0.0,0.0,0.0,0.0,0.0,0.0,0.0,0.0,0.0,0.0,0.0,0.0,0.0,0.0,0.0,0.0,0.0,0.0,0.0,0.0,0.0,0.0,0.0,0.0,0.0,0.0,0.0,0.0,benign
0.0,0.0,0.0,0.0,0.0,0.0,0.0,0.0,0.0,0.0,0.0,0.0,0.0,0.0,0.0,0.0,0.0,0.0,0.0,0.0,0.0,0.0,0.0,0.0,0.0,0.0,0.0,0.0,0.0,0.0,benign
0.0,0.0,0.0,0.0,0.0,0.0,53.5,0.0,2.0,2.0,0.0,54.0,1.0,0.0,32.526911934581186,2.0,2.0,1.0,2.0,2.0,0.0,0.0,0.0,24.0,0.026151,0.002623,0.0097660707895584,238.0,8.013876853447337,3207.0,benign
0.0,0.0,0.0,0.0,0.0,0.0,22.53846153846154,0.0,14.0,13.0,0.0,54.0,19.0,0.0,266.6729882964913,14.0,14.0,4.0,3.0,18.0,0.0,0.0,0.0,24.0,0.11862,0.0,0.020065067040615,61.0,94.438976178306,660.0,benign
0.0,0.0,0.0,0.0,0.0,0.0,0.0,0.0,0.0,0.0,0.0,0.0,0.0,0.0,0.0,0.0,0.0,0.0,0.0,0.0,0.0,0.0,0.0,0.0,0.0,0.0,0.0,0.0,0.0,0.0,benign
0.0,0.0,0.0,0.0,0.0,0.0,26.5390625,0.0,2.571428571428572,2.2857142857142856,0.0,60.0,17.571428571428573,0.0,318.7108193784593,2.4285714285714284,2.4285714285714284,0.5714285714285714,0.5714285714285714,16.285714285714285,0.0,0.0,0.0,24.0,0.210342403,3.3e-08,0.0237030692282085,61.0,94.3146768212079,501.0,mitm
-0.7,0.588179866669674,2.0,0.0,2.0,0.0,2.5,0.0,2.0,2.0,0.0,54.0,2.0,0.0,19.327585352432298,2.0,2.0,1.0,1.0,1.0,0.0,0.0,0.0,24.0,0.044181,0.000292,0.0206875876527179,64.0,90.03826347108705,5576.0,benign
914.0,0.0,2.0,0.0,3.0,0.0,1.0,0.0,2.0,2.0,0.0,54.0,2.0,0.0,22.93877721239735,2.0,2.0,1.0,1.0,2.0,0.0,0.0,0.0,24.0,0.050921,0.0,0.0215881996528195,64.0,95.5,5636.0,benign
-0.69,1.1395028155589026,2.0,0.0,2.0,0.0,2.0,0.0,2.0,2.0,0.0,54.0,2.0,0.0,18.856180831641264,2.0,2.0,1.0,1.0,1.0,0.0,0.0,0.0,24.0,0.026096,0.0,0.0123017723745627,64.0,90.03826347108705,5546.0,benign
0.0,0.0,0.0,0.0,0.0,0.0,0.0,0.0,0.0,0.0,0.0,0.0,0.0,0.0,0.0,0.0,0.0,0.0,0.0,0.0,0.0,0.0,0.0,0.0,0.0,0.0,0.0,0.0,0.0,0.0,benign
0.0,0.0,0.0,0.0,0.0,0.0,0.0,0.0,0.0,0.0,0.0,0.0,0.0,0.0,0.0,0.0,0.0,0.0,0.0,0.0,0.0,0.0,0.0,0.0,0.0,0.0,0.0,0.0,0.0,0.0,benign
909.0,0.0,2.0,0.0,3.0,0.0,11.333333333333334,0.0,2.0,2.0,0.0,54.0,2.0,0.0,22.93877721239735,2.0,2.0,1.0,1.0,2.0,0.0,0.0,0.0,24.0,0.034467,0.0,0.0141283703479028,64.0,95.5,5618.0,benign
0.0,0.0,0.0,0.0,0.0,0.0,0.0,0.0,0.0,0.0,0.0,0.0,0.0,0.0,0.0,0.0,0.0,0.0,0.0,0.0,0.0,0.0,0.0,0.0,0.0,0.0,0.0,0.0,0.0,0.0,benign
2.0,0.0,1.0,0.0,1.0,0.0,0.0,0.0,2.0,2.0,0.0,54.0,1.0,0.0,8.5,2.0,2.0,1.0,1.0,1.0,0.0,0.0,0.0,24.0,0.01577,1e-06,0.0078845,64.0,95.5,5624.0,benign
0.0,0.0,0.0,0.0,0.0,0.0,0.0,0.0,0.0,0.0,0.0,0.0,0.0,0.0,0.0,0.0,0.0,0.0,0.0,0.0,0.0,0.0,0.0,0.0,0.0,0.0,0.0,0.0,0.0,0.0,benign
1023.0,0.0,0.1428571428571428,1002.6666666666666,1.0,0.0,464.6923076923077,0.0,0.2857142857142857,0.2857142857142857,0.0,60.0,1.0,0.0,9.0,0.2857142857142857,0.2857142857142857,0.1428571428571428,0.1428571428571428,1.0,0.0,0.0,0.0,24.0,0.232654386,0.00025836,0.0619245292079858,64.0,95.5,5196.0,mitm
0.0,0.0,0.0,0.0,0.0,0.0,0.0763109124604818,2.0,0.8571428571428571,0.8571428571428571,1460.0,60.0,6552.428571428572,0.0,0.0,1998.142857142857,1996.571428571429,0.2857142857142857,0.2857142857142857,0.0,6551.285714285715,6551.714285714285,0.0,20.0,0.039971529,2.5e-08,0.0004825536076427,64.0,0.0,0.0,ddos
0.0,0.0,0.0,0.0,0.0,0.0,0.0,0.0,0.0,0.0,0.0,0.0,0.0,0.0,0.0,0.0,0.0,0.0,0.0,0.0,0.0,0.0,0.0,0.0,0.0,0.0,0.0,0.0,0.0,0.0,benign
0.0,0.0,0.0,0.0,0.0,0.0,0.0,0.0,0.0,0.0,0.0,0.0,0.0,0.0,0.0,0.0,0.0,0.0,0.0,0.0,0.0,0.0,0.0,0.0,0.0,0.0,0.0,0.0,0.0,0.0,benign
0.0,0.0,0.0,0.0,0.0,0.0,0.0,2.0,1.0,2.0,0.0,135.0,0.0,69.0,0.0,1.0,1.0,0.0,1.0,1.0,0.0,0.0,0.0,24.0,0.008919,0.008919,0.0,64.0,0.0,7468.0,benign
1023.0,0.0,1.0,0.0,1.0,0.0,0.0,0.0,2.0,2.0,0.0,54.0,1.0,0.0,9.0,2.0,2.0,1.0,1.0,1.0,0.0,0.0,0.0,24.0,0.020868,0.0,0.010434,64.0,95.5,5648.0,benign
0.0,0.0,0.0,0.0,0.0,0.0,0.0,0.0,0.0,2.0,0.0,198.0,0.0,0.0,0.0,0.0,0.0,0.0,1.0,0.0,0.0,0.0,0.0,0.0,0.04448,0.04448,0.0,0.0,0.0,0.0,benign
0.0,0.0,0.0,0.0,0.0,0.0,58.0,0.0,2.0,2.0,0.0,60.0,1.0,0.0,0.0,0.0,0.0,1.0,1.0,0.0,0.0,0.0,0.0,0.0,0.010328,1e-06,0.0044624533113026,0.0,0.0,0.0,benign
0.0,0.0,0.0,0.0,0.0,0.0,0.0,0.0,0.0,0.0,0.0,0.0,0.0,0.0,0.0,0.0,0.0,0.0,0.0,0.0,0.0,0.0,0.0,0.0,0.0,0.0,0.0,0.0,0.0,0.0,benign
0.0,0.0,0.0,0.0,0.0,0.0,0.0,0.0,0.0,0.0,0.0,0.0,0.0,0.0,0.0,0.0,0.0,0.0,0.0,0.0,0.0,0.0,0.0,0.0,0.0,0.0,0.0,0.0,0.0,0.0,benign
1023.0,0.0,1.0,0.0,1.0,0.0,0.0,0.0,2.0,2.0,0.0,54.0,1.0,0.0,9.0,2.0,2.0,1.0,1.0,1.0,0.0,0.0,0.0,24.0,0.039254,0.000291,0.0194815,64.0,95.5,5618.0,benign
-0.69,0.5840281576164704,2.0,0.0,2.0,0.0,154.25,0.0,3.0,3.0,0.0,54.0,3.0,0.0,19.327585352432298,2.0,2.0,2.0,2.0,1.0,0.0,0.0,0.0,24.0,0.014704,0.0,0.005615251802012,64.0,90.03826347108705,5560.0,benign
122.0,23.264444437811104,1.0,132.71428571428572,8.0,0.0,62.0,0.0,2.0,2.0,0.0,54.0,8.0,0.0,10.5,2.0,2.0,1.0,1.0,8.0,0.0,0.0,0.0,24.0,0.090432,0.0,0.023725501282573,64.0,95.5,5604.0,benign
-0.7,0.5880476171195662,2.0,0.0,2.0,0.0,1.5,0.0,2.0,2.0,0.0,54.0,2.0,0.0,19.327585352432298,2.0,2.0,1.0,1.0,1.0,0.0,0.0,0.0,24.0,0.0,0.0,0.0,64.0,90.03826347108705,5612.0,benign
0.0,0.0,1.0,0.0,1.0,0.0,0.0,0.0,2.0,2.0,0.0,54.0,1.0,0.0,7.5,2.0,2.0,1.0,1.0,1.0,0.0,0.0,0.0,24.0,0.024845,1e-06,0.0124219999999999,64.0,95.5,5542.0,benign
0.0,0.0,0.0,0.0,0.0,0.0,0.0,0.0,0.0,0.0,0.0,0.0,0.0,0.0,0.0,0.0,0.0,0.0,0.0,0.0,0.0,0.0,0.0,0.0,0.0,0.0,0.0,0.0,0.0,0.0,benign
0.0,0.0,0.0,0.0,0.0,0.0,0.0,0.0,0.0,0.0,0.0,0.0,0.0,0.0,0.0,0.0,0.0,0.0,0.0,0.0,0.0,0.0,0.0,0.0,0.0,0.0,0.0,0.0,0.0,0.0,benign
0.0,0.0,0.0,0.0,0.0,0.0,58.0,0.0,2.0,2.0,0.0,60.0,1.0,0.0,0.0,0.0,0.0,1.0,1.0,0.0,0.0,0.0,0.0,0.0,0.029847,0.005005,0.0115132816443541,0.0,0.0,0.0,benign
0.0,0.0,0.0,0.0,0.0,0.0,44.6,0.0,4.0,3.0,0.0,66.0,3.0,0.0,836.6852753574668,4.0,4.0,3.0,3.0,4.0,0.0,0.0,0.0,24.0,0.080748,0.0,0.0283077009015803,61.0,86.88578070598714,660.0,benign
0.0,0.0,0.0,0.0,0.0,0.0,27.5,0.0,2.0,2.0,0.0,60.0,1.0,0.0,0.0,0.0,0.0,1.0,1.0,0.0,0.0,0.0,0.0,0.0,0.020895,0.004344,0.0075873588289997,0.0,0.0,0.0,benign
0.0,0.0,0.0,0.0,0.0,0.0,0.0,0.0,0.0,0.0,0.0,0.0,0.0,0.0,0.0,0.0,0.0,0.0,0.0,0.0,0.0,0.0,0.0,0.0,0.0,0.0,0.0,0.0,0.0,0.0,benign
0.0,0.0,0.0,0.0,0.0,0.0,22.64102564102564,0.0,13.0,12.0,0.0,54.0,19.0,0.0,370.394991118918,13.0,13.0,4.0,4.0,19.0,0.0,0.0,0.0,24.0,0.030648,0.0,0.0071313919931525,61.0,94.438976178306,660.0,benign
211.0,0.0,1.0,0.0,2.0,0.0,0.6666666666666666,0.0,2.0,2.0,0.0,54.0,2.0,0.0,10.594810050208546,2.0,2.0,1.0,1.0,2.0,0.0,0.0,0.0,24.0,0.031643,0.0,0.0133763580315233,64.0,95.5,5544.0,benign
22.5,0.0,1.0,0.0,7.0,0.0,1.2,0.0,2.0,2.0,0.0,54.0,3.0,0.0,49.86788100125727,2.0,2.0,1.0,1.0,3.0,0.0,0.0,0.0,24.0,0.003958,0.0,0.0016613745982034,64.0,95.5,5576.0,benign
0.0,0.0,0.0,0.0,0.0,0.0,0.0,0.0,0.2857142857142857,0.2857142857142857,0.0,60.0,0.1428571428571428,0.0,0.0,0.0,0.0,0.1428571428571428,0.1428571428571428,0.0,0.0,0.0,0.0,0.0,0.023636,0.000414,0.011611,0.0,0.0,0.0,web
0.0,0.0,0.0,0.0,0.0,0.0,0.0,0.0,0.0,0.0,0.0,0.0,0.0,0.0,0.0,0.0,0.0,0.0,0.0,0.0,0.0,0.0,0.0,0.0,0.0,0.0,0.0,0.0,0.0,0.0,benign
206.0,0.0,1.0,0.0,2.0,0.0,1.6666666666666667,0.0,2.0,2.0,0.0,54.0,2.0,0.0,10.594810050208546,2.0,2.0,1.0,1.0,2.0,0.0,0.0,0.0,24.0,0.040599,0.000294,0.016991268307207,64.0,95.5,5536.0,benign
0.0,0.0,0.0,0.0,0.0,0.0,0.0,2.0,1.0,2.0,0.0,230.0,0.0,196.0,0.0,1.0,1.0,0.0,1.0,0.0,0.0,0.0,0.0,0.0,1e-06,1e-06,0.0,64.0,0.0,0.0,benign
-0.74,1.1588465069451392,0.2857142857142857,38.297872340425535,13.857142857142858,0.0,0.0252870075355282,0.0,0.2857142857142857,0.5714285714285714,0.0,60.0,39545.28571428572,0.0,18.40096615820908,0.2857142857142857,0.2857142857142857,0.5714285714285714,0.4285714285714285,0.7142857142857143,0.0,0.0,0.0,24.0,0.000689487,2.5e-08,6.23314996497963e-05,64.0,0.8117376970615983,5106.0,mitm
0.0,0.0,0.0,0.0,0.0,0.0,0.0,0.0,0.0,0.0,0.0,0.0,0.0,0.0,0.0,0.0,0.0,0.0,0.0,0.0,0.0,0.0,0.0,0.0,0.0,0.0,0.0,0.0,0.0,0.0,benign
0.0,0.0,0.0,0.0,0.0,0.0,0.0,0.0,1.0,2.0,0.0,230.0,0.0,196.0,0.0,1.0,1.0,0.0,1.0,0.0,0.0,0.0,0.0,0.0,0.014373,0.014373,0.0,255.0,0.0,0.0,benign
0.0,0.0,0.0,0.0,0.0,0.0,0.0,0.0,0.0,2.0,0.0,94.0,0.0,40.0,10.5,1.0,1.0,0.0,1.0,0.0,0.0,0.0,0.0,0.0,0.011687,0.0,0.0058435,0.0,0.0,0.0,benign
0.0,0.0,0.0,0.0,0.0,0.0,0.0,0.0,0.0,0.0,0.0,0.0,0.0,0.0,0.0,0.0,0.0,0.0,0.0,0.0,0.0,0.0,0.0,0.0,0.0,0.0,0.0,0.0,0.0,0.0,benign
163.0,0.0,1.0,0.0,1.0,0.0,486.0,0.0,2.0,2.0,0.0,54.0,1.0,0.0,9.899494936611664,2.0,2.0,1.0,2.0,1.0,0.0,0.0,0.0,24.0,0.044985,0.0,0.0204367808347814,64.0,90.03826347108706,5548.0,benign
0.0,0.0,0.0,0.0,0.0,0.0,0.0,0.0,0.0,0.0,0.0,0.0,0.0,0.0,0.0,0.0,0.0,0.0,0.0,0.0,0.0,0.0,0.0,0.0,0.0,0.0,0.0,0.0,0.0,0.0,benign
0.0,0.0,0.0,0.0,0.0,0.0,14.03225806451613,0.0,2.142857142857143,2.142857142857143,0.0,60.0,37.42857142857143,0.0,197.3628389040989,3.4285714285714284,3.4285714285714284,0.7142857142857143,0.7142857142857143,36.85714285714285,0.0,0.0,0.0,24.0,0.261889742,3.3e-08,0.0215481753300045,61.0,78.20388674018537,502.0,bruteforce
0.0,0.0,0.0,0.0,0.0,0.0,0.0,0.0,0.0,0.0,0.0,0.0,0.0,0.0,0.0,0.0,0.0,0.0,0.0,0.0,0.0,0.0,0.0,0.0,0.0,0.0,0.0,0.0,0.0,0.0,benign
0.0,0.0,0.0,0.0,0.0,0.0,0.0,0.0,0.0,0.0,0.0,0.0,0.0,0.0,0.0,0.0,0.0,0.0,0.0,0.0,0.0,0.0,0.0,0.0,0.0,0.0,0.0,0.0,0.0,0.0,benign
0.0,0.0,0.0,0.0,0.0,0.0,27.193548387096776,0.0,2.2857142857142856,2.4285714285714284,0.0,60.0,16.714285714285715,0.0,277.95761545225423,2.4285714285714284,2.4285714285714284,0.5714285714285714,0.4285714285714285,16.714285714285715,0.0,0.0,0.0,24.0,0.308364919,4.3e-08,0.040333952010655,61.0,94.1289189457409,501.0,mitm
12.0,0.0,1.0,0.0,1.0,0.0,0.0,0.0,2.0,2.0,0.0,54.0,1.0,0.0,10.5,2.0,2.0,1.0,1.0,1.0,0.0,0.0,0.0,24.0,0.098662,0.0,0.049331,64.0,95.5,5582.0,benign
0.0,0.0,0.0,0.0,0.0,0.0,0.0,0.0,0.0,0.0,0.0,0.0,0.0,0.0,0.0,0.0,0.0,0.0,0.0,0.0,0.0,0.0,0.0,0.0,0.0,0.0,0.0,0.0,0.0,0.0,benign
0.0,0.0,0.0,0.0,0.0,0.0,0.0,0.0,0.0,0.0,0.0,0.0,0.0,0.0,0.0,0.0,0.0,0.0,0.0,0.0,0.0,0.0,0.0,0.0,0.0,0.0,0.0,0.0,0.0,0.0,benign
22.3,0.0,0.1428571428571428,1096.1666666666667,7.0,0.0,242.8846153846154,0.0,0.4285714285714285,0.4285714285714285,0.0,60.0,2.0,0.0,84.38601779915912,0.2857142857142857,0.2857142857142857,0.2857142857142857,0.2857142857142857,1.7142857142857142,0.0,0.0,0.0,24.0,0.174361682,1.23e-07,0.0356871390628171,64.0,95.5,5216.0,mitm
1023.0,0.0,1.0,0.0,1.0,0.0,0.0,0.0,2.0,2.0,0.0,54.0,1.0,0.0,9.0,2.0,2.0,1.0,1.0,1.0,0.0,0.0,0.0,24.0,0.090212,0.0,0.045106,64.0,95.5,5546.0,benign
1023.0,0.0,1.0,0.0,1.0,0.0,0.0,0.0,2.0,2.0,0.0,54.0,1.0,0.0,9.0,2.0,2.0,1.0,1.0,1.0,0.0,0.0,0.0,24.0,0.044656,0.0,0.022328,64.0,95.5,5576.0,benign
1023.0,0.0,1.0,0.0,1.0,0.0,52.66666666666666,0.0,2.0,2.0,0.0,54.0,2.0,0.0,9.0,2.0,2.0,2.0,2.0,1.0,0.0,0.0,0.0,24.0,0.079868,0.0,0.032207343404688,64.0,95.5,5562.0,benign
0.0,0.0,0.0,0.0,0.0,0.0,0.0,0.0,0.0,0.0,0.0,0.0,0.0,0.0,0.0,0.0,0.0,0.0,0.0,0.0,0.0,0.0,0.0,0.0,0.0,0.0,0.0,0.0,0.0,0.0,benign
0.0,0.0,0.0,0.0,0.0,0.0,20.88888888888889,0.0,13.0,13.0,0.0,54.0,18.0,0.0,365.8978191036886,14.0,14.0,3.0,3.0,18.0,0.0,0.0,0.0,24.0,0.15053,0.0,0.0270043698965665,61.0,94.76786447592092,660.0,benign
209.0,0.0,1.0,0.0,2.0,0.0,175.0,0.0,3.0,3.0,0.0,54.0,3.0,0.0,10.594810050208546,2.0,2.0,2.0,2.0,2.0,0.0,0.0,0.0,24.0,0.026184,1e-06,0.0106078678413189,64.0,95.5,5612.0,benign
0.0,0.0,0.0,0.0,0.0,0.0,0.0,0.0,0.0,0.0,0.0,0.0,0.0,0.0,0.0,0.0,0.0,0.0,0.0,0.0,0.0,0.0,0.0,0.0,0.0,0.0,0.0,0.0,0.0,0.0,benign
146.0,0.0,1.0,0.0,2.0,0.0,0.6666666666666666,0.0,2.0,2.0,0.0,54.0,2.0,0.0,11.0227038425243,2.0,2.0,1.0,1.0,2.0,0.0,0.0,0.0,24.0,0.02678,0.0,0.0112818186338683,64.0,95.5,5626.0,benign
0.0,0.0,0.0,0.0,0.0,0.0,0.0,0.0,0.0,0.0,0.0,0.0,0.0,0.0,0.0,0.0,0.0,0.0,0.0,0.0,0.0,0.0,0.0,0.0,0.0,0.0,0.0,0.0,0.0,0.0,benign
0.0,0.0,0.0,0.0,0.0,0.0,0.0,0.0,0.0,0.0,0.0,0.0,0.0,0.0,0.0,0.0,0.0,0.0,0.0,0.0,0.0,0.0,0.0,0.0,0.0,0.0,0.0,0.0,0.0,0.0,benign
-0.7,0.5880476171195662,2.0,0.0,2.0,0.0,4.5,0.0,2.0,2.0,0.0,54.0,2.0,0.0,19.327585352432298,2.0,2.0,1.0,1.0,1.0,0.0,0.0,0.0,24.0,0.027271,0.00029,0.0127159023536148,64.0,90.03826347108705,5582.0,benign
0.0,0.0,0.0,0.0,0.0,0.0,22.8,0.0,12.0,12.0,0.0,54.0,17.0,0.0,288.7759215585197,13.0,13.0,4.0,3.0,16.0,0.0,0.0,0.0,24.0,0.228546,0.0,0.0408534443544188,61.0,94.15139100972296,660.0,benign
0.0,0.0,0.0,0.0,0.0,0.0,0.0,0.0,0.0,0.0,0.0,0.0,0.0,0.0,0.0,0.0,0.0,0.0,0.0,0.0,0.0,0.0,0.0,0.0,0.0,0.0,0.0,0.0,0.0,0.0,benign
0.0,0.0,0.0,0.0,0.0,0.0,0.0,0.0,0.0,0.0,0.0,0.0,0.0,0.0,0.0,0.0,0.0,0.0,0.0,0.0,0.0,0.0,0.0,0.0,0.0,0.0,0.0,0.0,0.0,0.0,benign
0.0,0.0,0.0,0.0,0.0,0.0,0.0,0.0,0.0,0.0,0.0,0.0,0.0,0.0,0.0,0.0,0.0,0.0,0.0,0.0,0.0,0.0,0.0,0.0,0.0,0.0,0.0,0.0,0.0,0.0,benign
0.0,0.0,0.0,0.0,0.0,0.0,0.142461738847281,0.0,0.1428571428571428,0.4285714285714285,0.0,60.0,7018.571428571428,0.0,0.0,0.0,0.0,0.1428571428571428,0.1428571428571428,0.0,0.0,0.0,0.0,0.0,0.065302223,2.6e-08,0.0003352964302559,64.0,0.0,0.0,mitm
1023.0,0.0,1.0,0.0,1.0,0.0,0.0,0.0,2.0,2.0,0.0,54.0,1.0,0.0,9.0,2.0,2.0,1.0,1.0,1.0,0.0,0.0,0.0,24.0,0.001911,0.0,0.0009555,64.0,95.5,5534.0,benign
0.0,0.0,0.0,0.0,0.0,0.0,0.0,0.0,0.0,0.0,0.0,0.0,0.0,0.0,0.0,0.0,0.0,0.0,0.0,0.0,0.0,0.0,0.0,0.0,0.0,0.0,0.0,0.0,0.0,0.0,benign
0.0,0.0,0.0,0.0,0.0,0.0,0.0,0.0,0.0,0.0,0.0,0.0,0.0,0.0,0.0,0.0,0.0,0.0,0.0,0.0,0.0,0.0,0.0,0.0,0.0,0.0,0.0,0.0,0.0,0.0,benign
0.0,0.0,0.0,0.0,0.0,0.0,0.0,0.0,0.0,0.0,0.0,0.0,0.0,0.0,0.0,0.0,0.0,0.0,0.0,0.0,0.0,0.0,0.0,0.0,0.0,0.0,0.0,0.0,0.0,0.0,benign
0.0,0.0,0.0,0.0,0.0,0.0,0.0,0.0,0.0,0.0,0.0,0.0,0.0,0.0,0.0,0.0,0.0,0.0,0.0,0.0,0.0,0.0,0.0,0.0,0.0,0.0,0.0,0.0,0.0,0.0,benign
0.0,0.0,0.0,0.0,0.0,0.0,0.0,0.0,0.0,0.0,0.0,0.0,0.0,0.0,0.0,0.0,0.0,0.0,0.0,0.0,0.0,0.0,0.0,0.0,0.0,0.0,0.0,0.0,0.0,0.0,benign
1.0,0.0,1.0,0.0,1.0,0.0,0.0,0.0,2.0,2.0,0.0,54.0,1.0,0.0,7.5,2.0,2.0,1.0,1.0,1.0,0.0,0.0,0.0,24.0,0.027179,0.0,0.0135895,64.0,95.5,5588.0,benign
0.0,0.0,0.0,0.0,0.0,0.0,0.0,0.0,0.0,0.0,0.0,0.0,0.0,0.0,0.0,0.0,0.0,0.0,0.0,0.0,0.0,0.0,0.0,0.0,0.0,0.0,0.0,0.0,0.0,0.0,benign
0.0,0.0,0.0,0.0,0.0,0.0,0.0,0.0,0.0,0.0,0.0,0.0,0.0,0.0,0.0,0.0,0.0,0.0,0.0,0.0,0.0,0.0,0.0,0.0,0.0,0.0,0.0,0.0,0.0,0.0,benign
0.0,0.0,0.0,0.0,0.0,6837.142857142857,0.0838243042582746,0.0,0.4285714285714285,0.5714285714285714,0.0,60.0,11928.142857142857,328.0,380.5866447256431,254.0,249.7142857142857,0.4285714285714285,0.2857142857142857,0.0,0.0,0.0,0.0,0.0,0.001097787,2.6e-08,0.000164148956318,1.0,0.5340101747811468,0.0,dos
0.0,0.0,0.0,0.0,0.0,0.0,26.03125,0.0,11.0,11.0,0.0,54.0,16.0,0.0,388.5132524721828,12.0,12.0,4.0,3.0,15.0,0.0,0.0,0.0,24.0,0.16567,0.0,0.0396235290090536,61.0,94.41683653804677,660.0,benign
0.0,0.0,0.0,0.0,0.0,0.0,0.0,0.0,0.0,0.0,0.0,0.0,0.0,0.0,0.0,0.0,0.0,0.0,0.0,0.0,0.0,0.0,0.0,0.0,0.0,0.0,0.0,0.0,0.0,0.0,benign
218.0,0.0,1.0,0.0,2.0,0.0,0.6666666666666666,0.0,2.0,2.0,0.0,54.0,2.0,0.0,10.594810050208546,2.0,2.0,1.0,1.0,2.0,0.0,0.0,0.0,24.0,0.095306,0.0,0.0409153673781319,64.0,95.5,5560.0,benign
0.0,0.0,0.0,0.0,0.0,0.0,0.0,0.0,1.0,2.0,0.0,214.0,0.0,180.0,0.0,1.0,1.0,0.0,1.0,0.0,0.0,0.0,0.0,0.0,0.001489,0.001489,0.0,255.0,0.0,0.0,benign
0.0,0.0,0.0,0.0,0.0,0.0,0.0,0.0,1.0,2.0,0.0,214.0,0.0,180.0,0.0,1.0,1.0,0.0,1.0,0.0,0.0,0.0,0.0,0.0,0.075548,0.075548,0.0,255.0,0.0,0.0,benign
911.0,0.0,2.0,0.0,3.0,0.0,5.666666666666667,0.0,2.0,2.0,0.0,54.0,4.0,0.0,19.59904204239564,2.0,2.0,2.0,1.0,4.0,0.0,0.0,0.0,24.0,0.019517,0.0,0.0078946682886461,64.0,94.52048692733015,5612.0,benign
0.0,0.0,0.0,0.0,0.0,0.0,94.0,0.0,2.0,2.0,0.0,60.0,1.0,0.0,0.0,0.0,0.0,1.0,1.0,0.0,0.0,0.0,0.0,0.0,0.008216,0.000645,0.0037854999999999,0.0,0.0,0.0,benign
0.0,0.0,0.0,0.0,0.0,0.0,0.0,0.0,0.0,2.0,0.0,198.0,0.0,0.0,0.0,0.0,0.0,0.0,1.0,0.0,0.0,0.0,0.0,0.0,0.001622,0.001622,0.0,0.0,0.0,0.0,benign
0.0,0.0,0.0,0.0,0.0,0.0,0.0,0.0,0.0,0.0,0.0,0.0,0.0,0.0,0.0,0.0,0.0,0.0,0.0,0.0,0.0,0.0,0.0,0.0,0.0,0.0,0.0,0.0,0.0,0.0,benign
0.0,0.0,0.0,0.0,0.0,0.0,122.0,0.0,2.0,2.0,0.0,60.0,1.0,0.0,0.0,0.0,0.0,1.0,1.0,0.0,0.0,0.0,0.0,0.0,0.039708,0.032882,0.003413,0.0,0.0,0.0,benign
0.0,0.0,0.0,0.0,0.0,0.0,0.01001002002004,0.0,0.8571428571428571,1.1428571428571428,1460.0,60.0,102569.0,0.0,0.0,1528.2857142857142,9416.57142857143,0.2857142857142857,0.2857142857142857,0.0,1655.571428571429,102567.57142857143,0.0,18.0,0.000546628,2.6e-08,5.257690732734572e-05,64.0,0.0,0.0,ddos
0.0,0.0,0.0,0.0,0.0,0.0,0.0,0.0,0.0,0.0,0.0,0.0,0.0,0.0,0.0,0.0,0.0,0.0,0.0,0.0,0.0,0.0,0.0,0.0,0.0,0.0,0.0,0.0,0.0,0.0,benign
0.0,0.0,0.0,0.0,0.0,0.0,35.0,0.0,2.0,2.0,0.0,60.0,1.0,0.0,0.0,0.0,0.0,1.0,1.0,0.0,0.0,0.0,0.0,0.0,0.029949,0.001172,0.0143885,0.0,0.0,0.0,benign
0.0,0.0,0.0,0.0,0.0,0.0,0.0,0.0,0.0,0.0,0.0,0.0,0.0,0.0,0.0,0.0,0.0,0.0,0.0,0.0,0.0,0.0,0.0,0.0,0.0,0.0,0.0,0.0,0.0,0.0,benign
0.0,0.0,0.0,0.0,0.0,0.0,39.0,2.0,2.0,2.0,0.0,66.0,1.0,0.0,42.92888175679502,2.0,2.0,1.0,2.0,2.0,0.0,0.0,0.0,24.0,0.002831,0.001248,0.0006495466795303,53.0,5.185449728701329,135.0,benign
0.0,0.0,0.0,0.0,0.0,0.0,0.0,0.0,0.0,0.0,0.0,0.0,0.0,0.0,0.0,0.0,0.0,0.0,0.0,0.0,0.0,0.0,0.0,0.0,0.0,0.0,0.0,0.0,0.0,0.0,benign
2.0,0.0,1.0,0.0,1.0,0.0,0.0,0.0,2.0,2.0,0.0,54.0,1.0,0.0,8.5,2.0,2.0,1.0,1.0,1.0,0.0,0.0,0.0,24.0,0.01108,0.0,0.00554,64.0,95.5,5554.0,benign
0.0,0.0,0.0,0.0,0.0,0.0,28.5,0.0,11.0,11.0,0.0,54.0,16.0,0.0,394.1628888346077,12.0,12.0,3.0,3.0,15.0,0.0,0.0,0.0,24.0,0.101918,0.0,0.03266379710475,61.0,95.14101478915002,660.0,benign
4.0,0.0,1.0,0.0,1.0,0.0,386.5,0.0,2.0,2.0,0.0,54.0,1.0,0.0,8.5,2.0,2.0,1.0,2.0,1.0,0.0,0.0,0.0,24.0,0.052598,1e-06,0.0232515541607198,64.0,95.5,5596.0,benign
0.0,0.0,0.0,0.0,0.0,0.0,0.0,0.0,0.0,0.0,0.0,0.0,0.0,0.0,0.0,0.0,0.0,0.0,0.0,0.0,0.0,0.0,0.0,0.0,0.0,0.0,0.0,0.0,0.0,0.0,benign
0.0,0.0,1.0,0.0,1.0,0.0,0.0,0.0,2.0,2.0,0.0,54.0,1.0,0.0,7.5,2.0,2.0,1.0,1.0,1.0,0.0,0.0,0.0,24.0,0.001101,0.0,0.0005505,64.0,95.5,5618.0,benign
0.0,0.0,0.0,0.0,0.0,0.0,0.0,0.0,0.0,0.0,0.0,0.0,0.0,0.0,0.0,0.0,0.0,0.0,0.0,0.0,0.0,0.0,0.0,0.0,0.0,0.0,0.0,0.0,0.0,0.0,benign
0.0,0.0,0.0,0.0,0.0,0.0,22.894736842105264,0.0,13.0,7.0,1460.0,54.0,21.0,0.0,576.4884858858626,13.0,13.0,3.0,4.0,18.0,0.0,2.0,0.0,24.0,0.058788,0.0,0.013807729344759,45.0,73.69392250608375,83.0,benign
0.0,0.0,0.0,0.0,0.0,0.0,33.068062827225134,0.0,0.7142857142857143,0.5714285714285714,1460.0,60.0,13.571428571428571,0.0,179.23579665715243,13.571428571428571,13.571428571428571,0.5714285714285714,0.5714285714285714,0.5714285714285714,12.714285714285714,13.0,0.0,24.0,0.01686375,3.2e-08,0.0018869682508184,37.0,30.611932567423203,0.0,recon
0.0,0.0,0.0,0.0,0.0,0.0,0.0,0.0,0.0,0.0,0.0,0.0,0.0,0.0,0.0,0.0,0.0,0.0,0.0,0.0,0.0,0.0,0.0,0.0,0.0,0.0,0.0,0.0,0.0,0.0,benign
0.0,0.0,0.0,0.0,0.0,0.0,125.8,2.0,4.0,3.0,0.0,66.0,3.0,0.0,1054.228061453287,4.0,4.0,2.0,2.0,2.0,0.0,0.0,0.0,24.0,0.006438,0.0,0.0024432004738775,61.0,65.30696746902278,27.0,benign
1023.0,0.0,1.0,0.0,1.0,0.0,1.0,0.0,2.0,2.0,0.0,54.0,1.0,0.0,9.0,2.0,2.0,1.0,1.0,1.0,0.0,0.0,0.0,24.0,0.061602,0.0006,0.0305009999999999,64.0,95.5,5618.0,benign
0.0,0.0,0.0,0.0,0.0,0.0,0.0,0.0,0.0,0.0,0.0,0.0,0.0,0.0,0.0,0.0,0.0,0.0,0.0,0.0,0.0,0.0,0.0,0.0,0.0,0.0,0.0,0.0,0.0,0.0,benign
1023.0,0.0,1.0,0.0,1.0,0.0,0.0,0.0,2.0,2.0,0.0,54.0,1.0,0.0,9.0,2.0,2.0,1.0,1.0,1.0,0.0,0.0,0.0,24.0,0.012924,0.0,0.006462,64.0,95.5,5630.0,benign
0.0,0.0,0.0,0.0,0.0,0.0,0.0,0.0,0.0,0.0,0.0,0.0,0.0,0.0,0.0,0.0,0.0,0.0,0.0,0.0,0.0,0.0,0.0,0.0,0.0,0.0,0.0,0.0,0.0,0.0,benign
0.0,0.0,0.0,0.0,0.0,0.0,0.0,0.0,0.0,0.0,0.0,0.0,0.0,0.0,0.0,0.0,0.0,0.0,0.0,0.0,0.0,0.0,0.0,0.0,0.0,0.0,0.0,0.0,0.0,0.0,benign
911.0,0.0,2.0,0.0,3.0,0.0,1.6666666666666667,0.0,2.0,2.0,0.0,54.0,2.0,0.0,22.93877721239735,2.0,2.0,1.0,1.0,2.0,0.0,0.0,0.0,24.0,0.004315,0.0,0.0018337955856637,64.0,95.5,5622.0,benign
2.0,0.0,1.0,0.0,1.0,0.0,0.0,0.0,2.0,2.0,0.0,54.0,1.0,0.0,8.5,2.0,2.0,1.0,1.0,1.0,0.0,0.0,0.0,24.0,0.01865,0.0,0.009325,64.0,95.5,5638.0,benign
0.0,0.0,0.0,0.0,0.0,0.0,0.0,0.0,0.0,0.0,0.0,0.0,0.0,0.0,0.0,0.0,0.0,0.0,0.0,0.0,0.0,0.0,0.0,0.0,0.0,0.0,0.0,0.0,0.0,0.0,benign
1023.0,0.0,1.0,0.0,1.0,0.0,23.666666666666668,0.0,3.0,3.0,0.0,54.0,2.0,0.0,9.0,2.0,2.0,2.0,2.0,1.0,0.0,0.0,0.0,24.0,0.026368,0.0,0.0102515672338428,64.0,95.5,5566.0,benign
0.0,0.0,0.0,0.0,0.0,0.0,0.0,0.0,0.0,0.0,0.0,0.0,0.0,0.0,0.0,0.0,0.0,0.0,0.0,0.0,0.0,0.0,0.0,0.0,0.0,0.0,0.0,0.0,0.0,0.0,benign
64.0,52.37350833198021,1.0,118.14285714285714,8.0,0.0,55.13333333333333,0.0,2.0,2.0,0.0,54.0,8.0,0.0,10.440119431788125,2.0,2.0,1.0,1.0,8.0,0.0,0.0,0.0,24.0,0.102597,0.0,0.0252947726380867,64.0,95.5,5620.0,benign
0.0,0.0,0.0,0.0,0.0,0.0,0.0,0.0,0.0,0.0,0.0,0.0,0.0,0.0,0.0,0.0,0.0,0.0,0.0,0.0,0.0,0.0,0.0,0.0,0.0,0.0,0.0,0.0,0.0,0.0,benign
0.0,0.0,0.0,0.0,0.0,0.0,0.0,0.0,0.0,0.0,0.0,0.0,0.0,0.0,0.0,0.0,0.0,0.0,0.0,0.0,0.0,0.0,0.0,0.0,0.0,0.0,0.0,0.0,0.0,0.0,benign
0.0,0.0,0.0,0.0,0.0,0.0,0.0,0.0,0.0,0.0,0.0,0.0,0.0,0.0,0.0,0.0,0.0,0.0,0.0,0.0,0.0,0.0,0.0,0.0,0.0,0.0,0.0,0.0,0.0,0.0,benign
0.0,0.0,0.0,0.0,0.0,0.0,0.0,0.0,0.0,0.0,0.0,0.0,0.0,0.0,0.0,0.0,0.0,0.0,0.0,0.0,0.0,0.0,0.0,0.0,0.0,0.0,0.0,0.0,0.0,0.0,benign
0.0,0.0,0.0,0.0,0.0,0.0,0.0,0.0,1.0,2.0,0.0,214.0,0.0,180.0,0.0,1.0,1.0,0.0,1.0,0.0,0.0,0.0,0.0,0.0,0.005908,0.005908,0.0,255.0,0.0,0.0,benign
0.0,0.0,0.0,0.0,0.0,0.0,14.87608695652174,0.0,0.7142857142857143,0.4285714285714285,1460.0,60.0,32.285714285714285,0.0,7.730758690979362,32.285714285714285,33.285714285714285,0.4285714285714285,0.4285714285714285,1.1428571428571428,32.285714285714285,31.285714285714285,0.0,24.0,0.00825336,3.3e-08,0.0007506980139783,37.0,9.17661489933639,0.0,recon
0.0,0.0,0.0,0.0,0.0,0.0,0.0,0.0,0.0,0.0,0.0,0.0,0.0,0.0,0.0,0.0,0.0,0.0,0.0,0.0,0.0,0.0,0.0,0.0,0.0,0.0,0.0,0.0,0.0,0.0,benign
0.0,0.0,0.0,0.0,0.0,0.0,0.0,0.0,0.0,0.0,0.0,0.0,0.0,0.0,0.0,0.0,0.0,0.0,0.0,0.0,0.0,0.0,0.0,0.0,0.0,0.0,0.0,0.0,0.0,0.0,benign
982.0,3.87034776690076,0.1428571428571428,1002.6666666666666,1.0,0.0,463.61538461538464,0.0,0.2857142857142857,0.2857142857142857,0.0,60.0,1.0,0.0,9.5,0.2857142857142857,0.2857142857142857,0.1428571428571428,0.1428571428571428,1.0,0.0,0.0,0.0,24.0,0.109844799,0.007771952,0.0264705119058977,64.0,95.5,5190.0,mitm
0.0,0.0,0.0,0.0,0.0,0.0,0.0,0.0,0.0,0.0,0.0,0.0,0.0,0.0,0.0,0.0,0.0,0.0,0.0,0.0,0.0,0.0,0.0,0.0,0.0,0.0,0.0,0.0,0.0,0.0,benign
0.0,0.0,0.0,0.0,0.0,0.0,19.52083333333333,0.0,12.0,12.0,0.0,54.0,24.0,0.0,394.1588780654965,13.0,13.0,3.0,2.0,24.0,0.0,0.0,0.0,24.0,0.095879,0.0,0.0217038343225885,61.0,95.11382952247614,660.0,benign
0.0,0.0,0.0,0.0,0.0,0.0,0.0,0.0,1.0,2.0,0.0,214.0,0.0,180.0,0.0,1.0,1.0,0.0,1.0,0.0,0.0,0.0,0.0,0.0,0.003368,0.003368,0.0,255.0,0.0,0.0,benign
0.0,0.0,0.0,0.0,0.0,0.0,0.0,0.0,0.0,0.0,0.0,0.0,0.0,0.0,0.0,0.0,0.0,0.0,0.0,0.0,0.0,0.0,0.0,0.0,0.0,0.0,0.0,0.0,0.0,0.0,benign
0.0,0.0,0.0,0.0,0.0,0.0,0.0,0.0,0.0,0.0,0.0,0.0,0.0,0.0,0.0,0.0,0.0,0.0,0.0,0.0,0.0,0.0,0.0,0.0,0.0,0.0,0.0,0.0,0.0,0.0,benign
0.0,0.0,0.0,0.0,0.0,0.0,0.0,0.0,0.0,0.0,0.0,0.0,0.0,0.0,0.0,0.0,0.0,0.0,0.0,0.0,0.0,0.0,0.0,0.0,0.0,0.0,0.0,0.0,0.0,0.0,benign
0.0,0.0,0.0,0.0,0.0,0.0,0.0,0.0,0.0,0.0,0.0,0.0,0.0,0.0,0.0,0.0,0.0,0.0,0.0,0.0,0.0,0.0,0.0,0.0,0.0,0.0,0.0,0.0,0.0,0.0,benign
0.0,0.0,0.0,0.0,0.0,0.0,25.62857142857143,0.0,11.0,11.0,0.0,54.0,17.0,0.0,280.0745422711516,12.0,12.0,3.0,2.0,17.0,0.0,0.0,0.0,24.0,0.098944,0.0,0.0249154314649241,61.0,94.30752738897476,660.0,benign
0.0,0.0,0.0,0.0,0.0,0.0,27.83333333333333,2.0,4.0,3.0,0.0,66.0,4.0,0.0,774.6205390975873,4.0,4.0,3.0,3.0,4.0,0.0,0.0,0.0,24.0,0.042815,0.0,0.0142919812168236,61.0,61.25123905452269,27.0,benign
0.0,0.0,0.0,0.0,0.0,0.0,0.0,0.0,0.1428571428571428,0.2857142857142857,0.0,214.0,0.0,180.0,0.0,0.1428571428571428,0.1428571428571428,0.0,0.1428571428571428,0.0,0.0,0.0,0.0,0.0,0.000361428,0.000361428,0.0,255.0,0.0,0.0,recon
0.0,0.0,0.0,0.0,0.0,0.0,10.0,0.0,2.0,2.0,0.0,54.0,2.0,0.0,1.0,2.0,2.0,2.0,2.0,2.0,0.0,0.0,0.0,24.0,0.048393,1e-06,0.0196940048936218,64.0,95.5,5546.0,benign
0.0,0.0,0.0,0.0,0.0,0.0,0.0,0.0,0.0,0.0,0.0,0.0,0.0,0.0,0.0,0.0,0.0,0.0,0.0,0.0,0.0,0.0,0.0,0.0,0.0,0.0,0.0,0.0,0.0,0.0,benign
283.0,0.0,1.0,0.0,1.0,0.0,0.0,0.0,2.0,2.0,0.0,54.0,1.0,0.0,11.0,2.0,2.0,1.0,1.0,1.0,0.0,0.0,0.0,24.0,0.033676,1e-06,0.0168375,64.0,95.5,5536.0,benign
0.0,0.0,0.0,0.0,0.0,0.0,0.0,0.0,0.0,0.0,0.0,0.0,0.0,0.0,0.0,0.0,0.0,0.0,0.0,0.0,0.0,0.0,0.0,0.0,0.0,0.0,0.0,0.0,0.0,0.0,benign
0.0,0.0,0.0,0.0,0.0,0.0,45.0,2.0,4.0,3.0,0.0,66.0,4.0,0.0,850.5543930344514,4.0,4.0,3.0,3.0,4.0,0.0,0.0,0.0,24.0,0.095279,0.0,0.0328832713688642,61.0,61.25123905452269,27.0,benign
0.0,0.0,0.0,0.0,0.0,0.0,4.259597806215722,0.0,34.0,6.142857142857143,1460.0,60.0,59.285714285714285,0.0,196.5241601660243,22.0,22.142857142857142,0.8571428571428571,1.0,35.714285714285715,16.0,23.857142857142858,0.0,24.0,0.031939271,3.2e-08,0.0028850494615072,61.0,74.2560319729901,0.0,malware
12.0,0.0,1.0,0.0,1.0,0.0,12.666666666666666,0.0,2.0,2.0,0.0,54.0,2.0,0.0,10.5,2.0,2.0,2.0,2.0,1.0,0.0,0.0,0.0,24.0,0.039719,0.0,0.016677241024447,64.0,95.5,5632.0,benign
0.0,0.0,1.0,0.0,1.0,0.0,0.0,0.0,2.0,2.0,0.0,54.0,1.0,0.0,7.5,2.0,2.0,1.0,1.0,1.0,0.0,0.0,0.0,24.0,0.01822,0.0,0.00911,64.0,95.5,5582.0,benign
0.0,0.0,0.0,0.0,0.0,0.0,22.0,0.0,3.0,3.0,0.0,60.0,1.0,180.0,0.0,1.0,1.0,1.0,2.0,0.0,0.0,0.0,0.0,0.0,0.006361,0.000518,0.0024100556471214,255.0,0.0,0.0,benign
0.0,0.0,0.0,0.0,0.0,0.0,0.0,0.0,0.0,0.0,0.0,0.0,0.0,0.0,0.0,0.0,0.0,0.0,0.0,0.0,0.0,0.0,0.0,0.0,0.0,0.0,0.0,0.0,0.0,0.0,benign
0.0,0.0,0.0,0.0,0.0,0.0,0.0,0.0,0.0,0.0,0.0,0.0,0.0,0.0,0.0,0.0,0.0,0.0,0.0,0.0,0.0,0.0,0.0,0.0,0.0,0.0,0.0,0.0,0.0,0.0,benign
280.0,0.0,1.0,0.0,1.0,0.0,192.5,0.0,2.0,3.0,0.0,54.0,1.0,0.0,11.0,2.0,2.0,1.0,2.0,1.0,0.0,0.0,0.0,24.0,0.058284,0.0,0.0253076461348915,64.0,95.5,5544.0,benign
0.0,0.0,0.0,0.0,0.0,0.0,0.0,0.0,0.0,0.0,0.0,0.0,0.0,0.0,0.0,0.0,0.0,0.0,0.0,0.0,0.0,0.0,0.0,0.0,0.0,0.0,0.0,0.0,0.0,0.0,benign
0.0,0.0,0.0,0.0,0.0,0.0,0.0,0.0,0.0,2.0,0.0,198.0,0.0,0.0,0.0,0.0,0.0,0.0,1.0,0.0,0.0,0.0,0.0,0.0,0.078105,0.078105,0.0,0.0,0.0,0.0,benign
280.0,0.0,1.0,0.0,1.0,0.0,178.33333333333334,0.0,3.0,3.0,0.0,54.0,2.0,0.0,11.0,2.0,2.0,2.0,2.0,1.0,0.0,0.0,0.0,24.0,0.007188,0.0,0.0031124953012012,64.0,95.5,5542.0,benign
0.0,0.0,0.0,0.0,0.0,0.0,77.0,0.0,2.0,2.0,0.0,60.0,1.0,0.0,0.0,0.0,0.0,1.0,1.0,0.0,0.0,0.0,0.0,0.0,0.076641,0.040119,0.0182609999999999,0.0,0.0,0.0,benign
0.0,0.0,1.0,0.0,1.0,0.0,0.0,0.0,2.0,2.0,0.0,54.0,1.0,0.0,9.5,2.0,2.0,1.0,1.0,1.0,0.0,0.0,0.0,24.0,0.006111,0.0,0.0030555,64.0,95.5,5634.0,benign
0.0,0.0,0.0,0.0,0.0,0.0,0.0,0.0,0.0,0.0,0.0,0.0,0.0,0.0,0.0,0.0,0.0,0.0,0.0,0.0,0.0,0.0,0.0,0.0,0.0,0.0,0.0,0.0,0.0,0.0,benign
0.0,0.0,0.0,0.0,0.0,0.0,0.0,0.0,0.0,0.0,0.0,0.0,0.0,0.0,0.0,0.0,0.0,0.0,0.0,0.0,0.0,0.0,0.0,0.0,0.0,0.0,0.0,0.0,0.0,0.0,benign
280.0,0.0,1.0,0.0,1.0,0.0,0.0,0.0,2.0,2.0,0.0,54.0,1.0,0.0,11.0,2.0,2.0,1.0,1.0,1.0,0.0,0.0,0.0,24.0,0.062117,0.0,0.0310585,64.0,95.5,5540.0,benign
0.0,0.0,0.0,0.0,0.0,0.0,0.0,0.0,0.0,0.0,0.0,0.0,0.0,0.0,0.0,0.0,0.0,0.0,0.0,0.0,0.0,0.0,0.0,0.0,0.0,0.0,0.0,0.0,0.0,0.0,benign
211.0,0.0,1.0,0.0,2.0,0.0,1.0,0.0,2.0,2.0,0.0,54.0,2.0,0.0,10.594810050208546,2.0,2.0,1.0,1.0,2.0,0.0,0.0,0.0,24.0,0.024122,0.0,0.0101034190592838,64.0,95.5,5634.0,benign
0.0,0.0,0.0,0.0,0.0,0.0,0.0,0.0,0.0,0.0,0.0,0.0,0.0,0.0,0.0,0.0,0.0,0.0,0.0,0.0,0.0,0.0,0.0,0.0,0.0,0.0,0.0,0.0,0.0,0.0,benign
0.0,0.0,0.0,0.0,0.0,0.0,0.0,0.0,0.0,0.0,0.0,0.0,0.0,0.0,0.0,0.0,0.0,0.0,0.0,0.0,0.0,0.0,0.0,0.0,0.0,0.0,0.0,0.0,0.0,0.0,benign
-0.7,0.5880476171195662,2.0,0.0,2.0,0.0,165.5,0.0,3.0,3.0,0.0,54.0,3.0,0.0,19.327585352432298,2.0,2.0,2.0,2.0,1.0,0.0,0.0,0.0,24.0,0.019299,0.0,0.0075627088427361,64.0,90.03826347108705,5650.0,benign
0.0,0.0,0.0,0.0,0.0,0.0,0.0,0.0,0.0,0.0,0.0,0.0,0.0,0.0,0.0,0.0,0.0,0.0,0.0,0.0,0.0,0.0,0.0,0.0,0.0,0.0,0.0,0.0,0.0,0.0,benign
0.0,0.0,0.0,0.0,0.0,0.0,0.0,0.0,0.0,0.0,0.0,0.0,0.0,0.0,0.0,0.0,0.0,0.0,0.0,0.0,0.0,0.0,0.0,0.0,0.0,0.0,0.0,0.0,0.0,0.0,benign
0.0,0.0,0.0,0.0,0.0,0.0,0.0,0.0,0.0,0.0,0.0,0.0,0.0,0.0,0.0,0.0,0.0,0.0,0.0,0.0,0.0,0.0,0.0,0.0,0.0,0.0,0.0,0.0,0.0,0.0,benign
0.0,0.0,0.0,0.0,0.0,0.0,44.0,0.0,2.0,2.0,0.0,60.0,1.0,0.0,0.0,0.0,0.0,1.0,1.0,0.0,0.0,0.0,0.0,0.0,0.019637,0.000698,0.0094695,0.0,0.0,0.0,benign
0.0,0.0,0.0,0.0,0.0,0.0,0.0,0.0,0.0,2.0,0.0,198.0,0.0,0.0,0.0,0.0,0.0,0.0,1.0,0.0,0.0,0.0,0.0,0.0,0.00801,0.00801,0.0,0.0,0.0,0.0,benign
0.0,0.0,0.0,0.0,0.0,0.0,28.0,0.0,2.0,2.0,0.0,60.0,1.0,0.0,0.0,0.0,0.0,1.0,1.0,0.0,0.0,0.0,0.0,0.0,0.003367,0.001104,0.0011315,0.0,0.0,0.0,benign
0.0,0.0,0.0,0.0,0.0,0.0,0.0,0.0,0.0,0.0,0.0,0.0,0.0,0.0,0.0,0.0,0.0,0.0,0.0,0.0,0.0,0.0,0.0,0.0,0.0,0.0,0.0,0.0,0.0,0.0,benign
0.0,0.0,0.0,0.0,0.0,0.0,0.0,2.0,1.0,2.0,0.0,230.0,0.0,196.0,0.0,1.0,1.0,0.0,1.0,0.0,0.0,0.0,0.0,0.0,0.014854,0.014854,0.0,64.0,0.0,0.0,benign
-0.7,0.5880476171195662,2.0,0.0,2.0,0.0,161.25,0.0,3.0,3.0,0.0,54.0,3.0,0.0,19.327585352432298,2.0,2.0,2.0,2.0,1.0,0.0,0.0,0.0,24.0,0.006998,1e-06,0.0025938170020261,64.0,90.03826347108705,5618.0,benign
-0.7,0.5880476171195662,2.0,0.0,2.0,0.0,1.0,0.0,2.0,2.0,0.0,54.0,2.0,0.0,19.327585352432298,2.0,2.0,1.0,1.0,1.0,0.0,0.0,0.0,24.0,0.02425,0.0,0.0114315596291825,64.0,90.03826347108705,5612.0,benign
0.0,0.0,0.0,0.0,0.0,0.0,0.0,2.0,1.0,2.0,0.0,230.0,0.0,196.0,0.0,1.0,1.0,0.0,1.0,0.0,0.0,0.0,0.0,0.0,0.073387,0.073387,0.0,64.0,0.0,0.0,benign
0.0,0.0,0.0,0.0,0.0,0.0,0.0,0.0,0.0,0.0,0.0,0.0,0.0,0.0,0.0,0.0,0.0,0.0,0.0,0.0,0.0,0.0,0.0,0.0,0.0,0.0,0.0,0.0,0.0,0.0,benign
0.0,0.0,0.0,0.0,0.0,0.0,81.5,0.0,2.0,3.0,0.0,60.0,1.0,0.0,0.0,0.0,0.0,1.0,1.0,0.0,0.0,0.0,0.0,0.0,0.027617,0.008635,0.0080961989984326,0.0,0.0,0.0,benign
0.0,0.0,0.0,0.0,0.0,0.0,0.0,0.0,0.0,0.0,0.0,0.0,0.0,0.0,0.0,0.0,0.0,0.0,0.0,0.0,0.0,0.0,0.0,0.0,0.0,0.0,0.0,0.0,0.0,0.0,benign
1023.0,0.0,1.0,0.0,1.0,0.0,0.0,0.0,2.0,2.0,0.0,54.0,1.0,0.0,9.0,2.0,2.0,1.0,1.0,1.0,0.0,0.0,0.0,24.0,0.184368,0.0,0.092184,64.0,95.5,5550.0,benign
0.0,0.0,0.0,0.0,0.0,0.0,0.0,0.0,0.0,0.0,0.0,0.0,0.0,0.0,0.0,0.0,0.0,0.0,0.0,0.0,0.0,0.0,0.0,0.0,0.0,0.0,0.0,0.0,0.0,0.0,benign
0.0,0.0,0.0,0.0,0.0,0.0,0.0,0.0,0.0,0.0,0.0,0.0,0.0,0.0,0.0,0.0,0.0,0.0,0.0,0.0,0.0,0.0,0.0,0.0,0.0,0.0,0.0,0.0,0.0,0.0,benign
0.0,0.0,0.0,0.0,0.0,0.0,28.75,0.0,12.0,12.0,0.0,54.0,15.0,0.0,279.07745830121087,13.0,13.0,3.0,2.0,15.0,0.0,0.0,0.0,24.0,0.136922,0.0,0.0377690973617651,61.0,93.47595360659872,660.0,benign
211.0,0.0,1.0,0.0,2.0,0.0,92.0,0.0,3.0,3.0,0.0,54.0,3.0,0.0,10.594810050208546,2.0,2.0,2.0,2.0,2.0,0.0,0.0,0.0,24.0,0.040362,0.0,0.0146741779752734,64.0,95.5,5616.0,benign
908.0,0.0,2.0,0.0,3.0,0.0,7.2,0.0,3.0,3.0,0.0,54.0,3.0,0.0,22.93877721239735,2.0,2.0,2.0,2.0,2.0,0.0,0.0,0.0,24.0,0.030163,0.0,0.0105543201804863,64.0,95.5,5618.0,benign
0.0,0.0,0.0,0.0,0.0,0.0,0.0,0.0,0.0,0.0,0.0,0.0,0.0,0.0,0.0,0.0,0.0,0.0,0.0,0.0,0.0,0.0,0.0,0.0,0.0,0.0,0.0,0.0,0.0,0.0,benign
0.0,0.0,0.0,0.0,0.0,0.0,0.0,0.0,0.0,0.0,0.0,0.0,0.0,0.0,0.0,0.0,0.0,0.0,0.0,0.0,0.0,0.0,0.0,0.0,0.0,0.0,0.0,0.0,0.0,0.0,benign
0.0,0.0,0.0,0.0,0.0,0.0,0.0,0.0,0.0,0.0,0.0,0.0,0.0,0.0,0.0,0.0,0.0,0.0,0.0,0.0,0.0,0.0,0.0,0.0,0.0,0.0,0.0,0.0,0.0,0.0,benign
0.0,0.0,0.0,0.0,0.0,0.0,12.5,0.0,2.0,2.0,0.0,60.0,1.0,0.0,0.0,0.0,0.0,1.0,1.0,0.0,0.0,0.0,0.0,0.0,0.086581,0.001633,0.0400074472317342,0.0,0.0,0.0,benign
912.0,0.0,2.0,0.0,3.0,0.0,1.0,0.0,2.0,2.0,0.0,54.0,2.0,0.0,22.93877721239735,2.0,2.0,1.0,1.0,2.0,0.0,0.0,0.0,24.0,0.081174,0.0,0.0348273743950071,64.0,95.5,5598.0,benign
0.0,0.0,0.0,0.0,0.0,0.0,0.0,0.0,2.0,2.0,0.0,60.0,1.0,0.0,0.0,0.0,0.0,1.0,1.0,0.0,0.0,0.0,0.0,0.0,0.005147,1e-06,0.0025729999999999,0.0,0.0,0.0,benign
0.0,0.0,0.0,0.0,0.0,0.0,0.0,0.0,0.0,0.0,0.0,0.0,0.0,0.0,0.0,0.0,0.0,0.0,0.0,0.0,0.0,0.0,0.0,0.0,0.0,0.0,0.0,0.0,0.0,0.0,benign
0.0,0.0,0.0,0.0,0.0,0.0,0.0,0.0,0.0,0.0,0.0,0.0,0.0,0.0,0.0,0.0,0.0,0.0,0.0,0.0,0.0,0.0,0.0,0.0,0.0,0.0,0.0,0.0,0.0,0.0,benign
0.0,0.0,0.0,0.0,0.0,0.0,0.0,0.0,0.0,0.0,0.0,0.0,0.0,0.0,0.0,0.0,0.0,0.0,0.0,0.0,0.0,0.0,0.0,0.0,0.0,0.0,0.0,0.0,0.0,0.0,benign
0.0,0.0,0.0,0.0,0.0,0.0,0.0067280134560269,0.0,0.8571428571428571,1.0,0.0,60.0,148551.85714285713,16.0,0.0,357.1428571428572,346.0,0.5714285714285714,0.2857142857142857,0.0,0.0,0.0,0.0,0.0,0.000512635,2.4e-08,3.944324981495294e-05,64.0,0.0,0.0,ddos
0.0,0.0,0.0,0.0,0.0,0.0,21.77777777777778,2.0,3.0,3.0,0.0,60.0,4.0,0.0,20.055781585368344,3.0,3.0,3.0,4.0,4.0,0.0,0.0,0.0,24.0,0.014133,1e-06,0.0048952144222699,53.0,5.5,2608.0,benign
0.0,0.0,0.0,0.0,0.0,0.0,0.0,0.0,1.0,2.0,0.0,214.0,0.0,180.0,0.0,1.0,1.0,0.0,1.0,0.0,0.0,0.0,0.0,0.0,0.010901,0.010901,0.0,255.0,0.0,0.0,benign
0.0,0.0,0.0,0.0,0.0,0.0,0.0,0.0,0.0,0.0,0.0,0.0,0.0,0.0,0.0,0.0,0.0,0.0,0.0,0.0,0.0,0.0,0.0,0.0,0.0,0.0,0.0,0.0,0.0,0.0,benign
0.0,0.0,0.0,0.0,0.0,0.0,842.1666666666666,0.0,0.5714285714285714,0.5714285714285714,1460.0,60.0,0.4285714285714285,0.0,442.17744050198775,0.4285714285714285,0.4285714285714285,0.2857142857142857,0.4285714285714285,0.0,0.1428571428571428,0.1428571428571428,0.0,20.0,0.021951524,3.9e-08,0.007359046486792,64.0,0.0,0.0,malware
0.0,0.0,0.0,0.0,0.0,0.0,0.0,0.0,0.0,0.0,0.0,0.0,0.0,0.0,0.0,0.0,0.0,0.0,0.0,0.0,0.0,0.0,0.0,0.0,0.0,0.0,0.0,0.0,0.0,0.0,benign
1023.0,0.0,1.0,0.0,1.0,0.0,0.0,0.0,2.0,2.0,0.0,54.0,1.0,0.0,9.0,2.0,2.0,1.0,1.0,1.0,0.0,0.0,0.0,24.0,0.029091,0.0,0.0145455,64.0,95.5,5586.0,benign
0.0,0.0,0.0,0.0,0.0,0.0,0.0,0.0,0.0,0.0,0.0,0.0,0.0,0.0,0.0,0.0,0.0,0.0,0.0,0.0,0.0,0.0,0.0,0.0,0.0,0.0,0.0,0.0,0.0,0.0,benign
0.0,0.0,0.0,0.0,0.0,0.0,0.0765286599831636,0.0,0.4285714285714285,0.4285714285714285,0.0,60.0,13066.857142857143,939.0,0.0,0.1428571428571428,0.1428571428571428,0.2857142857142857,0.2857142857142857,0.0,0.0,0.0,0.0,0.0,0.000646316,2.6e-08,7.160549907360429e-05,64.0,0.0,0.0,mitm
0.0,0.0,0.0,0.0,0.0,0.0,0.0,0.0,0.0,0.0,0.0,0.0,0.0,0.0,0.0,0.0,0.0,0.0,0.0,0.0,0.0,0.0,0.0,0.0,0.0,0.0,0.0,0.0,0.0,0.0,benign
0.0,0.0,0.0,0.0,0.0,0.0,0.0,0.0,0.0,0.0,0.0,0.0,0.0,0.0,0.0,0.0,0.0,0.0,0.0,0.0,0.0,0.0,0.0,0.0,0.0,0.0,0.0,0.0,0.0,0.0,benign
0.0,0.0,0.0,0.0,0.0,0.0,0.0,0.0,0.0,0.0,0.0,0.0,0.0,0.0,0.0,0.0,0.0,0.0,0.0,0.0,0.0,0.0,0.0,0.0,0.0,0.0,0.0,0.0,0.0,0.0,benign
0.0,0.0,0.0,0.0,0.0,0.0,0.0,0.0,0.0,0.0,0.0,0.0,0.0,0.0,0.0,0.0,0.0,0.0,0.0,0.0,0.0,0.0,0.0,0.0,0.0,0.0,0.0,0.0,0.0,0.0,benign
0.0,0.0,0.0,0.0,0.0,0.0,0.0,0.0,0.0,0.0,0.0,0.0,0.0,0.0,0.0,0.0,0.0,0.0,0.0,0.0,0.0,0.0,0.0,0.0,0.0,0.0,0.0,0.0,0.0,0.0,benign
911.0,0.0,2.0,0.0,3.0,0.0,2.0,0.0,2.0,2.0,0.0,54.0,2.0,0.0,22.93877721239735,2.0,2.0,1.0,1.0,2.0,0.0,0.0,0.0,24.0,0.021322,0.000291,0.0086273084157227,64.0,95.5,5598.0,benign
0.0,0.0,0.0,0.0,0.0,0.0,0.0118800237600475,0.0,1.8571428571428568,2.0,0.0,60.0,84264.0,0.0,0.8807280602454988,85.71428571428571,85.57142857142857,0.5714285714285714,0.5714285714285714,10.285714285714286,0.0,0.0,0.0,24.0,0.001978541,2.6e-08,5.977074094988594e-05,64.0,2.124602173585701,4556.0,dos
0.0,0.0,0.0,0.0,0.0,0.0,0.0,0.0,0.0,0.0,0.0,0.0,0.0,0.0,0.0,0.0,0.0,0.0,0.0,0.0,0.0,0.0,0.0,0.0,0.0,0.0,0.0,0.0,0.0,0.0,benign
0.0,0.0,1.0,0.0,1.0,0.0,0.0,0.0,2.0,2.0,0.0,54.0,1.0,0.0,7.5,2.0,2.0,1.0,1.0,1.0,0.0,0.0,0.0,24.0,0.014479,1e-06,0.007239,64.0,95.5,5558.0,benign
0.0,0.0,0.0,0.0,0.0,0.0,0.0,0.0,0.0,0.0,0.0,0.0,0.0,0.0,0.0,0.0,0.0,0.0,0.0,0.0,0.0,0.0,0.0,0.0,0.0,0.0,0.0,0.0,0.0,0.0,benign
1023.0,0.0,1.0,0.0,1.0,0.0,0.0,0.0,2.0,2.0,0.0,54.0,1.0,0.0,9.0,2.0,2.0,1.0,1.0,1.0,0.0,0.0,0.0,24.0,0.066531,0.000311,0.03311,64.0,95.5,5648.0,benign
24.0,0.0,1.0,0.0,1.0,0.0,77.66666666666667,0.0,3.0,3.0,0.0,54.0,2.0,0.0,8.0,2.0,2.0,2.0,2.0,1.0,0.0,0.0,0.0,24.0,0.037348,0.000514,0.0138332189854711,64.0,95.5,5592.0,benign
0.0,0.0,0.0,0.0,0.0,0.0,0.0,0.0,0.0,0.0,0.0,0.0,0.0,0.0,0.0,0.0,0.0,0.0,0.0,0.0,0.0,0.0,0.0,0.0,0.0,0.0,0.0,0.0,0.0,0.0,benign
0.0,0.0,0.0,0.0,0.0,0.0,0.0,0.0,0.0,2.0,0.0,198.0,0.0,0.0,0.0,0.0,0.0,0.0,1.0,0.0,0.0,0.0,0.0,0.0,0.01299,0.01299,0.0,0.0,0.0,0.0,benign
0.0,0.0,0.0,0.0,0.0,0.0,0.0,0.0,0.0,0.0,0.0,0.0,0.0,0.0,0.0,0.0,0.0,0.0,0.0,0.0,0.0,0.0,0.0,0.0,0.0,0.0,0.0,0.0,0.0,0.0,benign
0.0,0.0,0.0,0.0,0.0,0.0,0.0,0.0,0.0,0.0,0.0,0.0,0.0,0.0,0.0,0.0,0.0,0.0,0.0,0.0,0.0,0.0,0.0,0.0,0.0,0.0,0.0,0.0,0.0,0.0,benign
140.0,0.0,1.0,0.0,2.0,0.0,2.6666666666666665,0.0,2.0,2.0,0.0,54.0,2.0,0.0,11.0227038425243,2.0,2.0,1.0,1.0,2.0,0.0,0.0,0.0,24.0,0.043736,0.0,0.018752264836547,64.0,95.5,5638.0,benign
0.0,0.0,0.0,0.0,0.0,0.0,0.0,0.0,0.0,0.0,0.0,0.0,0.0,0.0,0.0,0.0,0.0,0.0,0.0,0.0,0.0,0.0,0.0,0.0,0.0,0.0,0.0,0.0,0.0,0.0,benign
0.0,0.0,0.0,0.0,0.0,0.0,0.0741164263176841,0.0,0.2857142857142857,0.2857142857142857,0.0,60.0,13492.285714285714,0.0,0.0,0.0,0.0,0.2857142857142857,0.1428571428571428,0.0,0.0,0.0,0.0,0.0,0.000631529,2.5e-08,7.120396722596942e-05,64.0,0.0,0.0,mitm
0.0,0.0,0.0,0.0,0.0,0.0,0.0,0.0,0.0,0.0,0.0,0.0,0.0,0.0,0.0,0.0,0.0,0.0,0.0,0.0,0.0,0.0,0.0,0.0,0.0,0.0,0.0,0.0,0.0,0.0,benign
0.0,0.0,0.0,0.0,0.0,0.0,0.0067220134440268,0.0,0.8571428571428571,0.8571428571428571,0.0,60.0,148562.14285714287,0.0,0.2965294572258536,215.14285714285717,211.7142857142857,0.4285714285714285,0.4285714285714285,0.1428571428571428,0.0,0.0,0.0,24.0,0.000473581,2.4e-08,3.99844765735444e-05,64.0,2.732946487980758,5728.0,ddos
0.0,0.0,0.0,0.0,0.0,0.0,0.0265921074625051,0.0,0.4285714285714285,0.5714285714285714,0.0,60.0,37604.142857142855,0.0,0.0,0.1428571428571428,9416.57142857143,0.2857142857142857,0.2857142857142857,0.0,37603.71428571428,0.0,0.0,5.0,0.001204221,-8.9e-08,9.471592265856064e-05,64.0,0.0,512.0,dos
0.0,0.0,0.0,0.0,0.0,0.0,0.0,0.0,1.0,2.0,0.0,60.0,0.0,0.0,0.0,0.0,0.0,0.0,1.0,0.0,0.0,0.0,0.0,0.0,0.002294,0.002294,0.0,0.0,0.0,0.0,benign
0.0,0.0,0.0,0.0,0.0,0.0,0.0,0.0,0.0,0.0,0.0,0.0,0.0,0.0,0.0,0.0,0.0,0.0,0.0,0.0,0.0,0.0,0.0,0.0,0.0,0.0,0.0,0.0,0.0,0.0,benign
128.0,0.0,1.0,0.0,2.0,0.0,1.0,0.0,2.0,2.0,0.0,54.0,2.0,0.0,11.0227038425243,2.0,2.0,1.0,1.0,2.0,0.0,0.0,0.0,24.0,0.088282,0.0,0.0377525768880416,64.0,95.5,5602.0,benign
1023.0,0.0,1.0,0.0,1.0,0.0,0.0,0.0,2.0,2.0,0.0,54.0,1.0,0.0,9.0,2.0,2.0,1.0,1.0,1.0,0.0,0.0,0.0,24.0,0.0,0.0,0.0,64.0,95.5,5622.0,benign
0.0,0.0,0.0,0.0,0.0,0.0,2.0,0.0,2.0,2.0,0.0,60.0,1.0,0.0,0.0,0.0,0.0,1.0,1.0,0.0,0.0,0.0,0.0,0.0,0.003053,0.002212,0.0004204999999999,0.0,0.0,0.0,benign
0.0,0.0,0.0,0.0,0.0,0.0,133.0,0.0,2.0,2.0,0.0,60.0,1.0,0.0,0.0,0.0,0.0,1.0,1.0,0.0,0.0,0.0,0.0,0.0,0.011287,0.002534,0.0043765,0.0,0.0,0.0,benign
210.0,0.0,1.0,0.0,2.0,0.0,1.0,0.0,2.0,2.0,0.0,54.0,2.0,0.0,10.594810050208546,2.0,2.0,1.0,1.0,2.0,0.0,0.0,0.0,24.0,0.001412,0.0,0.0006485469817214,64.0,95.5,5590.0,benign
0.0,0.0,0.0,0.0,0.0,0.0,0.0,0.0,0.0,0.0,0.0,0.0,0.0,0.0,0.0,0.0,0.0,0.0,0.0,0.0,0.0,0.0,0.0,0.0,0.0,0.0,0.0,0.0,0.0,0.0,benign
22.5,0.0,1.0,0.0,1.0,0.0,13.5,0.0,2.0,2.0,0.0,54.0,4.0,0.0,69.83391375402128,2.0,2.0,2.0,1.0,4.0,0.0,0.0,0.0,24.0,0.032011,0.0,0.0109805422973028,64.0,94.52048692733015,5542.0,benign
0.0,0.0,0.0,0.0,0.0,0.0,0.0,0.0,0.0,0.0,0.0,0.0,0.0,0.0,0.0,0.0,0.0,0.0,0.0,0.0,0.0,0.0,0.0,0.0,0.0,0.0,0.0,0.0,0.0,0.0,benign
0.0,0.0,0.0,0.0,0.0,0.0,0.0,0.0,1.0,2.0,0.0,230.0,0.0,196.0,0.0,1.0,1.0,0.0,1.0,0.0,0.0,0.0,0.0,0.0,0.026987,0.026987,0.0,255.0,0.0,0.0,benign
0.0,0.0,0.0,0.0,0.0,0.0,96.0,0.0,2.0,2.0,0.0,60.0,1.0,0.0,0.0,0.0,0.0,1.0,1.0,0.0,0.0,0.0,0.0,0.0,0.018289,0.00333,0.0074795,0.0,0.0,0.0,benign
0.0,0.0,0.0,0.0,0.0,0.0,0.0,0.0,0.0,0.0,0.0,0.0,0.0,0.0,0.0,0.0,0.0,0.0,0.0,0.0,0.0,0.0,0.0,0.0,0.0,0.0,0.0,0.0,0.0,0.0,benign
0.0,0.0,0.0,0.0,0.0,0.0,0.0,0.0,0.0,0.0,0.0,0.0,0.0,0.0,0.0,0.0,0.0,0.0,0.0,0.0,0.0,0.0,0.0,0.0,0.0,0.0,0.0,0.0,0.0,0.0,benign
874.0,5.606119105813881,0.1428571428571428,1002.3333333333334,1.0,0.0,4.404478656403079,0.0,0.5714285714285714,0.5714285714285714,1460.0,60.0,154.28571428571428,0.0,1.187731133120935,143.57142857142858,49.142857142857146,0.2857142857142857,0.4285714285714285,1.0,48.71428571428572,153.14285714285714,0.0,24.0,0.107752303,3.2e-08,0.0036078228397817,37.0,89.03611046940163,1024.0,recon
112.0,0.0,1.0,0.0,2.0,0.0,61.8,0.0,3.0,3.0,0.0,54.0,3.0,0.0,11.0227038425243,2.0,2.0,2.0,2.0,2.0,0.0,0.0,0.0,24.0,0.033676,0.0,0.0142378171245532,64.0,95.5,5542.0,benign
1023.0,0.0,1.0,0.0,1.0,0.0,0.0,0.0,2.0,2.0,0.0,54.0,1.0,0.0,9.0,2.0,2.0,1.0,1.0,1.0,0.0,0.0,0.0,24.0,0.0,0.0,0.0,64.0,95.5,5590.0,benign
0.0,0.0,0.0,0.0,0.0,0.0,0.0,0.0,0.0,0.0,0.0,0.0,0.0,0.0,0.0,0.0,0.0,0.0,0.0,0.0,0.0,0.0,0.0,0.0,0.0,0.0,0.0,0.0,0.0,0.0,benign
0.0,0.0,0.0,0.0,0.0,0.0,0.0,0.0,0.0,0.0,0.0,0.0,0.0,0.0,0.0,0.0,0.0,0.0,0.0,0.0,0.0,0.0,0.0,0.0,0.0,0.0,0.0,0.0,0.0,0.0,benign
214.0,0.0,1.0,0.0,2.0,0.0,106.6,0.0,3.0,3.0,0.0,54.0,3.0,0.0,10.594810050208546,2.0,2.0,2.0,2.0,2.0,0.0,0.0,0.0,24.0,0.001602,0.0,0.0006052632117976,64.0,95.5,5556.0,benign
0.0,0.0,0.0,0.0,0.0,0.0,0.0,0.0,0.0,0.0,0.0,0.0,0.0,0.0,0.0,0.0,0.0,0.0,0.0,0.0,0.0,0.0,0.0,0.0,0.0,0.0,0.0,0.0,0.0,0.0,benign
0.0,0.0,0.0,0.0,0.0,0.0,0.0,0.0,0.0,0.0,0.0,0.0,0.0,0.0,0.0,0.0,0.0,0.0,0.0,0.0,0.0,0.0,0.0,0.0,0.0,0.0,0.0,0.0,0.0,0.0,benign
0.0,0.0,0.0,0.0,0.0,0.0,0.0,0.0,0.0,0.0,0.0,0.0,0.0,0.0,0.0,0.0,0.0,0.0,0.0,0.0,0.0,0.0,0.0,0.0,0.0,0.0,0.0,0.0,0.0,0.0,benign
2.0,0.0,1.0,0.0,1.0,0.0,0.0,0.0,2.0,2.0,0.0,54.0,1.0,0.0,8.5,2.0,2.0,1.0,1.0,1.0,0.0,0.0,0.0,24.0,0.182754,0.0,0.091377,64.0,95.5,5588.0,benign
1023.0,0.0,1.0,0.0,1.0,0.0,0.0,0.0,2.0,2.0,0.0,54.0,1.0,0.0,9.0,2.0,2.0,1.0,1.0,1.0,0.0,0.0,0.0,24.0,0.054864,0.0,0.027432,64.0,95.5,5630.0,benign
0.0,0.0,0.0,0.0,0.0,0.0,0.0,0.0,1.0,2.0,0.0,60.0,1.0,0.0,0.0,0.0,0.0,1.0,0.0,0.0,0.0,0.0,0.0,0.0,0.030096,0.030096,0.0,0.0,0.0,0.0,benign
13.0,0.0,1.0,0.0,1.0,0.0,0.0,0.0,2.0,2.0,0.0,54.0,1.0,0.0,10.5,2.0,2.0,1.0,1.0,1.0,0.0,0.0,0.0,24.0,0.000988,0.0,0.000494,64.0,95.5,5582.0,benign
0.0,0.0,0.0,0.0,0.0,0.0,1.75,2.0,2.0,2.0,0.0,66.0,3.0,0.0,615.2669014338411,2.0,2.0,2.0,2.0,2.0,0.0,0.0,0.0,24.0,0.010046,0.00029,0.0038088039907561,61.0,1.4696938456698574,660.0,benign
0.0,0.0,0.0,0.0,0.0,0.0,0.0,0.0,0.0,0.0,0.0,0.0,0.0,0.0,0.0,0.0,0.0,0.0,0.0,0.0,0.0,0.0,0.0,0.0,0.0,0.0,0.0,0.0,0.0,0.0,benign
0.0,0.0,0.0,0.0,0.0,0.0,0.0,0.0,0.0,0.0,0.0,0.0,0.0,0.0,0.0,0.0,0.0,0.0,0.0,0.0,0.0,0.0,0.0,0.0,0.0,0.0,0.0,0.0,0.0,0.0,benign
0.0,0.0,0.0,0.0,0.0,0.0,0.0,0.0,0.0,0.0,0.0,0.0,0.0,0.0,0.0,0.0,0.0,0.0,0.0,0.0,0.0,0.0,0.0,0.0,0.0,0.0,0.0,0.0,0.0,0.0,benign
0.0,0.0,0.0,0.0,0.0,0.0,54.1764705882353,2.0,8.0,4.0,0.0,60.0,9.0,0.0,648.1261903315974,7.0,7.0,5.0,5.0,6.0,0.0,0.0,0.0,24.0,0.047342,0.0,0.0126240436211526,50.0,5.061728336250376,137.0,benign
0.0,0.0,1.0,0.0,1.0,0.0,0.0,0.0,2.0,2.0,0.0,54.0,1.0,0.0,8.0,2.0,2.0,1.0,1.0,1.0,0.0,0.0,0.0,24.0,0.044667,0.000298,0.0221844999999999,64.0,95.5,5626.0,benign
2.0,0.0,1.0,0.0,1.0,0.0,0.0,0.0,2.0,2.0,0.0,54.0,1.0,0.0,8.5,2.0,2.0,1.0,1.0,1.0,0.0,0.0,0.0,24.0,0.022943,0.0,0.0114715,64.0,95.5,5566.0,benign
0.0,0.0,0.0,0.0,0.0,0.0,0.0,0.0,1.0,2.0,0.0,214.0,0.0,180.0,0.0,1.0,1.0,0.0,1.0,0.0,0.0,0.0,0.0,0.0,0.002029,0.002029,0.0,255.0,0.0,0.0,benign
22.3,0.0,1.0,0.0,7.0,0.0,0.8571428571428571,0.0,2.0,2.0,0.0,54.0,4.0,0.0,35.755899862819845,2.0,2.0,1.0,1.0,4.0,0.0,0.0,0.0,24.0,0.012998,0.0,0.0041467851384385,64.0,95.5,5644.0,benign
0.0,0.0,0.0,0.0,0.0,0.0,0.0,0.0,0.0,0.0,0.0,0.0,0.0,0.0,0.0,0.0,0.0,0.0,0.0,0.0,0.0,0.0,0.0,0.0,0.0,0.0,0.0,0.0,0.0,0.0,benign
0.0,0.0,0.0,0.0,0.0,0.0,0.0,0.0,0.0,0.0,0.0,0.0,0.0,0.0,0.0,0.0,0.0,0.0,0.0,0.0,0.0,0.0,0.0,0.0,0.0,0.0,0.0,0.0,0.0,0.0,benign
0.0,0.0,0.0,0.0,0.0,0.0,0.0,0.0,0.0,0.0,0.0,0.0,0.0,0.0,0.0,0.0,0.0,0.0,0.0,0.0,0.0,0.0,0.0,0.0,0.0,0.0,0.0,0.0,0.0,0.0,benign
0.0,0.0,0.0,0.0,0.0,0.0,0.0,0.0,0.0,0.0,0.0,0.0,0.0,0.0,0.0,0.0,0.0,0.0,0.0,0.0,0.0,0.0,0.0,0.0,0.0,0.0,0.0,0.0,0.0,0.0,benign
0.0,0.0,0.0,0.0,0.0,0.0,0.0,0.0,0.0,0.0,0.0,0.0,0.0,0.0,0.0,0.0,0.0,0.0,0.0,0.0,0.0,0.0,0.0,0.0,0.0,0.0,0.0,0.0,0.0,0.0,benign
0.0,0.0,0.0,0.0,0.0,0.0,1414.0,0.0,0.4285714285714285,0.4285714285714285,0.0,60.0,0.1428571428571428,180.0,0.0,0.1428571428571428,0.1428571428571428,0.1428571428571428,0.2857142857142857,0.0,0.0,0.0,0.0,0.0,0.003606397,0.000785164,0.0011369724693001,255.0,0.0,0.0,recon
0.0,0.0,0.0,0.0,0.0,0.0,38.0,0.0,2.0,2.0,0.0,60.0,1.0,0.0,0.0,0.0,0.0,1.0,1.0,0.0,0.0,0.0,0.0,0.0,0.038535,0.0,0.0192675,0.0,0.0,0.0,benign
0.0,0.0,1.0,0.0,1.0,0.0,125.0,0.0,2.0,3.0,0.0,54.0,1.0,0.0,7.5,2.0,2.0,1.0,2.0,1.0,0.0,0.0,0.0,24.0,0.017952,0.0,0.0084624182648276,64.0,95.5,5630.0,benign
0.0,0.0,0.0,0.0,0.0,0.0,0.0,0.0,0.0,0.0,0.0,0.0,0.0,0.0,0.0,0.0,0.0,0.0,0.0,0.0,0.0,0.0,0.0,0.0,0.0,0.0,0.0,0.0,0.0,0.0,benign
0.0,0.0,0.0,0.0,0.0,0.0,0.0,0.0,0.0,0.0,0.0,0.0,0.0,0.0,0.0,0.0,0.0,0.0,0.0,0.0,0.0,0.0,0.0,0.0,0.0,0.0,0.0,0.0,0.0,0.0,benign
0.0,0.0,0.0,0.0,0.0,0.0,0.0,0.0,0.0,0.0,0.0,0.0,0.0,0.0,0.0,0.0,0.0,0.0,0.0,0.0,0.0,0.0,0.0,0.0,0.0,0.0,0.0,0.0,0.0,0.0,benign
0.0,0.0,0.0,0.0,0.0,0.0,0.0,0.0,0.0,0.0,0.0,0.0,0.0,0.0,0.0,0.0,0.0,0.0,0.0,0.0,0.0,0.0,0.0,0.0,0.0,0.0,0.0,0.0,0.0,0.0,benign
0.0,0.0,0.0,0.0,0.0,0.0,5.0,0.0,2.0,2.0,0.0,60.0,1.0,0.0,0.0,0.0,0.0,1.0,1.0,0.0,0.0,0.0,0.0,0.0,0.005626,0.0,0.002813,0.0,0.0,0.0,benign
-0.7,0.5921899094791204,2.0,0.0,2.0,0.0,3.0,0.0,2.0,2.0,0.0,54.0,2.0,0.0,19.327585352432298,2.0,2.0,1.0,1.0,1.0,0.0,0.0,0.0,24.0,0.027872,0.0,0.013078832168389,64.0,90.03826347108705,5648.0,benign
0.0,0.0,0.0,0.0,0.0,0.0,0.0,0.0,0.0,0.0,0.0,0.0,0.0,0.0,0.0,0.0,0.0,0.0,0.0,0.0,0.0,0.0,0.0,0.0,0.0,0.0,0.0,0.0,0.0,0.0,benign
0.0,0.0,0.0,0.0,0.0,0.0,0.0,0.0,0.0,0.0,0.0,0.0,0.0,0.0,0.0,0.0,0.0,0.0,0.0,0.0,0.0,0.0,0.0,0.0,0.0,0.0,0.0,0.0,0.0,0.0,benign
912.0,0.0,2.0,0.0,3.0,0.0,0.6666666666666666,0.0,2.0,2.0,0.0,54.0,2.0,0.0,22.93877721239735,2.0,2.0,1.0,1.0,2.0,0.0,0.0,0.0,24.0,0.092609,0.0,0.0397876628303297,64.0,95.5,5598.0,benign
0.0,0.0,0.0,0.0,0.0,0.0,0.0,0.0,0.0,0.0,0.0,0.0,0.0,0.0,0.0,0.0,0.0,0.0,0.0,0.0,0.0,0.0,0.0,0.0,0.0,0.0,0.0,0.0,0.0,0.0,benign
0.0,0.0,0.0,0.0,0.0,6868.714285714285,0.0852172431004467,0.0,0.1428571428571428,0.8571428571428571,0.0,374.0,11734.857142857143,340.0,452.97400993241394,0.1428571428571428,3657.571428571429,2.4285714285714284,0.0,0.0,0.0,0.0,0.0,16.0,0.001261932,2.6e-08,0.0001662052104811,64.0,0.0,512.0,ddos
0.0,0.0,0.0,0.0,0.0,0.0,0.0,0.0,0.0,2.0,0.0,198.0,0.0,0.0,0.0,0.0,0.0,0.0,1.0,0.0,0.0,0.0,0.0,0.0,0.022275,0.022275,0.0,0.0,0.0,0.0,benign
0.0,0.0,0.0,0.0,0.0,0.0,25.88432835820895,0.0,0.5714285714285714,0.5714285714285714,1460.0,60.0,19.142857142857142,0.0,0.0,18.285714285714285,18.571428571428573,0.2857142857142857,0.2857142857142857,0.0,18.857142857142858,18.714285714285715,0.0,20.0,0.017965354,3.3e-08,0.0020107546173507,37.0,103.60365765452896,1024.0,recon
0.0,0.0,0.0,0.0,0.0,0.0,0.0,0.0,0.0,0.0,0.0,0.0,0.0,0.0,0.0,0.0,0.0,0.0,0.0,0.0,0.0,0.0,0.0,0.0,0.0,0.0,0.0,0.0,0.0,0.0,benign
0.0,0.0,0.0,0.0,0.0,0.0,0.0,0.0,0.0,0.0,0.0,0.0,0.0,0.0,0.0,0.0,0.0,0.0,0.0,0.0,0.0,0.0,0.0,0.0,0.0,0.0,0.0,0.0,0.0,0.0,benign
0.0,0.0,0.0,0.0,0.0,0.0,0.1786897454993708,0.0,7.857142857142857,7.0,1460.0,60.0,2420.5714285714284,0.0,923.0660974571468,148.14285714285714,161.28571428571428,0.8571428571428571,0.8571428571428571,1572.857142857143,365.8571428571428,285.2857142857143,0.0,25.0,0.099492363,2.6e-08,0.00147968535657,2.0,2.976739144081106,0.0,dos
13.0,0.0,1.0,0.0,1.0,0.0,0.0,0.0,2.0,2.0,0.0,54.0,1.0,0.0,10.5,2.0,2.0,1.0,1.0,1.0,0.0,0.0,0.0,24.0,0.004479,0.0,0.0022395,64.0,95.5,5582.0,benign
0.0,0.0,0.0,0.0,0.0,0.0,0.0,0.0,1.0,2.0,0.0,214.0,0.0,180.0,0.0,1.0,1.0,0.0,1.0,0.0,0.0,0.0,0.0,0.0,0.020295,0.020295,0.0,255.0,0.0,0.0,benign
4.0,0.0,1.0,0.0,1.0,0.0,100.33333333333331,0.0,3.0,3.0,0.0,54.0,2.0,0.0,7.5,2.0,2.0,2.0,2.0,1.0,0.0,0.0,0.0,24.0,0.047967,0.0,0.0199136773521994,64.0,95.5,5642.0,benign
0.0,0.0,0.0,0.0,0.0,0.0,4.052204176334107,0.0,35.57142857142857,6.285714285714286,1460.0,60.0,42.71428571428572,0.0,62.84553140800571,18.857142857142858,18.857142857142858,0.5714285714285714,0.7142857142857143,20.142857142857142,16.0,20.285714285714285,0.0,24.0,0.023989065,3.2e-08,0.0032614186011763,63.0,61.55394080552293,0.0,malware
0.0,0.0,0.0,0.0,0.0,0.0,1.0,0.0,2.0,2.0,0.0,60.0,1.0,0.0,0.0,0.0,0.0,1.0,1.0,0.0,0.0,0.0,0.0,0.0,0.020592,0.000524,0.010034,0.0,0.0,0.0,benign
0.0,0.0,0.0,0.0,0.0,0.0,25.705882352941178,0.0,12.0,12.0,0.0,54.0,17.0,0.0,383.46831388669136,13.0,13.0,3.0,2.0,17.0,0.0,0.0,0.0,24.0,0.160516,0.0,0.0459690887090755,61.0,94.6713930026448,660.0,benign
0.0,0.0,0.0,0.0,0.0,0.0,0.0,2.0,1.0,2.0,0.0,230.0,0.0,196.0,0.0,1.0,1.0,0.0,1.0,0.0,0.0,0.0,0.0,0.0,0.065888,0.065888,0.0,64.0,0.0,0.0,benign
0.0,0.0,0.0,0.0,0.0,0.0,83.0,0.0,2.0,2.0,0.0,123.0,1.0,69.0,0.0,2.0,2.0,1.0,1.0,2.0,0.0,0.0,0.0,24.0,0.072214,0.0,0.036107,238.0,8.5,4311.0,benign
0.0,0.0,0.0,0.0,0.0,0.0,0.0,0.0,1.0,2.0,0.0,214.0,0.0,180.0,0.0,1.0,1.0,0.0,1.0,0.0,0.0,0.0,0.0,0.0,0.064056,0.064056,0.0,255.0,0.0,0.0,benign
0.0,0.0,0.0,0.0,0.0,0.0,1665.6666666666667,0.0,0.4285714285714285,0.4285714285714285,0.0,60.0,0.1428571428571428,196.0,0.0,0.1428571428571428,0.1428571428571428,0.1428571428571428,0.2857142857142857,0.0,0.0,0.0,0.0,0.0,0.009674606,0.00178027,0.002964943668938,255.0,0.0,0.0,recon
0.0,0.0,0.0,0.0,0.0,0.0,0.0,0.0,0.0,0.0,0.0,0.0,0.0,0.0,0.0,0.0,0.0,0.0,0.0,0.0,0.0,0.0,0.0,0.0,0.0,0.0,0.0,0.0,0.0,0.0,benign
0.0,0.0,0.0,0.0,0.0,0.0,22.65853658536585,0.0,13.0,13.0,0.0,54.0,20.0,0.0,349.5283670391852,14.0,14.0,3.0,2.0,20.0,0.0,0.0,0.0,24.0,0.340321,0.0,0.0567662262658626,61.0,94.64628026154509,660.0,benign
0.0,0.0,0.0,0.0,0.0,0.0,0.0,0.0,0.0,0.0,0.0,0.0,0.0,0.0,0.0,0.0,0.0,0.0,0.0,0.0,0.0,0.0,0.0,0.0,0.0,0.0,0.0,0.0,0.0,0.0,benign
22.5,0.0,1.0,0.0,7.0,0.0,2.0,0.0,2.0,2.0,0.0,54.0,3.0,0.0,61.98498922230196,2.0,2.0,1.0,1.0,3.0,0.0,0.0,0.0,24.0,0.00615,0.0,0.0023855212393381,64.0,95.5,5598.0,benign
0.0,0.0,0.0,0.0,0.0,0.0,0.0,0.0,0.0,0.0,0.0,0.0,0.0,0.0,0.0,0.0,0.0,0.0,0.0,0.0,0.0,0.0,0.0,0.0,0.0,0.0,0.0,0.0,0.0,0.0,benign
0.0,0.0,0.0,0.0,0.0,0.0,31.766666666666666,2.0,2.0,2.0,0.0,66.0,13.0,0.0,599.4101818262709,2.0,2.0,1.0,1.0,12.0,0.0,0.0,0.0,24.0,0.058063,0.001134,0.015794803616904,53.0,4.934535013154323,1905.0,benign
0.0,0.0,0.0,0.0,0.0,0.0,4.016147635524798,0.0,32.285714285714285,6.142857142857143,1460.0,60.0,68.14285714285714,0.0,469.96073852413207,18.571428571428573,18.714285714285715,0.8571428571428571,1.0,46.57142857142857,13.428571428571429,19.428571428571427,0.0,24.0,0.024263736,2.7e-08,0.0028489502795859,61.0,69.27756439688412,0.0,malware
0.0,0.0,1.0,0.0,1.0,0.0,0.0,0.0,2.0,2.0,0.0,54.0,1.0,0.0,7.5,2.0,2.0,1.0,1.0,1.0,0.0,0.0,0.0,24.0,0.023634,0.0,0.011817,64.0,95.5,5648.0,benign
0.0,0.0,0.0,0.0,0.0,0.0,0.0,0.0,0.0,0.0,0.0,0.0,0.0,0.0,0.0,0.0,0.0,0.0,0.0,0.0,0.0,0.0,0.0,0.0,0.0,0.0,0.0,0.0,0.0,0.0,benign
22.3,0.0,1.0,0.0,7.0,0.0,1.0,0.0,2.0,2.0,0.0,54.0,3.0,0.0,49.86788100125727,2.0,2.0,1.0,1.0,3.0,0.0,0.0,0.0,24.0,0.037694,0.0,0.0137576897850701,64.0,95.5,5626.0,benign
0.0,0.0,0.0,0.0,0.0,0.0,0.0,0.0,0.0,0.0,0.0,0.0,0.0,0.0,0.0,0.0,0.0,0.0,0.0,0.0,0.0,0.0,0.0,0.0,0.0,0.0,0.0,0.0,0.0,0.0,benign
0.0,0.0,0.0,0.0,0.0,0.0,0.0,0.0,0.0,0.0,0.0,0.0,0.0,0.0,0.0,0.0,0.0,0.0,0.0,0.0,0.0,0.0,0.0,0.0,0.0,0.0,0.0,0.0,0.0,0.0,benign
0.0,0.0,0.0,0.0,0.0,0.0,115.0,0.0,2.0,2.0,0.0,60.0,1.0,0.0,0.0,0.0,0.0,1.0,1.0,0.0,0.0,0.0,0.0,0.0,0.009697,0.003848,0.0029244999999999,0.0,0.0,0.0,benign
0.0,0.0,0.0,0.0,0.0,0.0,0.0,0.0,0.0,0.0,0.0,0.0,0.0,0.0,0.0,0.0,0.0,0.0,0.0,0.0,0.0,0.0,0.0,0.0,0.0,0.0,0.0,0.0,0.0,0.0,benign
0.0,0.0,0.0,0.0,0.0,0.0,0.0,0.0,0.0,0.0,0.0,0.0,0.0,0.0,0.0,0.0,0.0,0.0,0.0,0.0,0.0,0.0,0.0,0.0,0.0,0.0,0.0,0.0,0.0,0.0,benign
3.0,0.0,1.0,0.0,1.0,0.0,0.0,0.0,2.0,2.0,0.0,54.0,1.0,0.0,8.5,2.0,2.0,1.0,1.0,1.0,0.0,0.0,0.0,24.0,0.054136,0.0,0.027068,64.0,95.5,5630.0,benign
0.0,0.0,0.0,0.0,0.0,0.0,0.0,0.0,0.0,0.0,0.0,0.0,0.0,0.0,0.0,0.0,0.0,0.0,0.0,0.0,0.0,0.0,0.0,0.0,0.0,0.0,0.0,0.0,0.0,0.0,benign
-0.7,0.5921899094791204,2.0,0.0,2.0,0.0,1.5,0.0,2.0,2.0,0.0,54.0,2.0,0.0,19.327585352432298,2.0,2.0,1.0,1.0,1.0,0.0,0.0,0.0,24.0,0.007511,0.0,0.0035407193556614,64.0,90.03826347108705,5584.0,benign
0.0,0.0,0.0,0.0,0.0,0.0,0.0,0.0,0.0,0.0,0.0,0.0,0.0,0.0,0.0,0.0,0.0,0.0,0.0,0.0,0.0,0.0,0.0,0.0,0.0,0.0,0.0,0.0,0.0,0.0,benign
0.0,0.0,0.0,0.0,0.0,0.0,0.0,0.0,0.0,0.0,0.0,0.0,0.0,0.0,0.0,0.0,0.0,0.0,0.0,0.0,0.0,0.0,0.0,0.0,0.0,0.0,0.0,0.0,0.0,0.0,benign
0.0,0.0,0.0,0.0,0.0,0.0,0.0,0.0,1.0,2.0,0.0,214.0,0.0,180.0,0.0,1.0,1.0,0.0,1.0,0.0,0.0,0.0,0.0,0.0,0.040545,0.040545,0.0,255.0,0.0,0.0,benign
0.0,0.0,0.0,0.0,0.0,0.0,0.0,0.0,0.0,0.0,0.0,0.0,0.0,0.0,0.0,0.0,0.0,0.0,0.0,0.0,0.0,0.0,0.0,0.0,0.0,0.0,0.0,0.0,0.0,0.0,benign
0.0,0.0,0.0,0.0,0.0,0.0,28.8,0.0,11.0,11.0,0.0,54.0,15.0,0.0,389.5634526785735,12.0,12.0,3.0,2.0,15.0,0.0,0.0,0.0,24.0,0.202517,0.0,0.0421204167034419,61.0,94.41683653804677,660.0,benign
0.0,0.0,0.0,0.0,0.0,0.0,49.5,0.0,2.0,2.0,0.0,60.0,1.0,0.0,0.0,0.0,0.0,1.0,1.0,0.0,0.0,0.0,0.0,0.0,0.010342,0.003478,0.0028326867105276,0.0,0.0,0.0,benign
0.0,0.0,0.0,0.0,0.0,0.0,0.0,0.0,0.0,2.0,0.0,198.0,0.0,0.0,0.0,0.0,0.0,0.0,1.0,0.0,0.0,0.0,0.0,0.0,0.058886,0.058886,0.0,0.0,0.0,0.0,benign
0.0,0.0,0.0,0.0,0.0,0.0,0.0089640179280358,0.0,0.2857142857142857,1.1428571428571428,0.0,60.0,109416.0,0.0,0.0348645665599714,0.2857142857142857,9416.57142857143,0.2857142857142857,0.2857142857142857,0.5714285714285714,109414.85714285714,0.0,0.0,24.0,0.016788692,2.4e-08,4.563313607867153e-05,64.0,0.4364884858180912,512.0,ddos
0.0,0.0,0.0,0.0,0.0,0.0,0.0,0.0,0.0,0.0,0.0,0.0,0.0,0.0,0.0,0.0,0.0,0.0,0.0,0.0,0.0,0.0,0.0,0.0,0.0,0.0,0.0,0.0,0.0,0.0,benign
0.0,0.0,0.0,0.0,0.0,0.0,0.0,0.0,0.0,0.0,0.0,0.0,0.0,0.0,0.0,0.0,0.0,0.0,0.0,0.0,0.0,0.0,0.0,0.0,0.0,0.0,0.0,0.0,0.0,0.0,benign
0.0,0.0,0.0,0.0,0.0,0.0,0.0,0.0,0.0,0.0,0.0,0.0,0.0,0.0,0.0,0.0,0.0,0.0,0.0,0.0,0.0,0.0,0.0,0.0,0.0,0.0,0.0,0.0,0.0,0.0,benign
0.0,0.0,0.0,0.0,0.0,0.0,0.0,0.0,2.0,2.0,0.0,60.0,1.0,0.0,0.0,0.0,0.0,1.0,1.0,0.0,0.0,0.0,0.0,0.0,0.029939,1e-06,0.014969,0.0,0.0,0.0,benign
1023.0,0.0,1.0,0.0,1.0,0.0,0.0,0.0,2.0,2.0,0.0,54.0,1.0,0.0,9.0,2.0,2.0,1.0,1.0,1.0,0.0,0.0,0.0,24.0,0.224853,0.0,0.1124265,64.0,95.5,5544.0,benign
0.0,0.0,0.0,0.0,0.0,0.0,94.0,0.0,2.0,2.0,0.0,54.0,1.0,0.0,32.526911934581186,2.0,2.0,1.0,2.0,2.0,0.0,0.0,0.0,24.0,0.016483,0.000535,0.007185734757142,238.0,8.013876853447337,1609.0,benign
0.0,0.0,0.0,0.0,0.0,0.0,0.0,0.0,0.0,0.0,0.0,0.0,0.0,0.0,0.0,0.0,0.0,0.0,0.0,0.0,0.0,0.0,0.0,0.0,0.0,0.0,0.0,0.0,0.0,0.0,benign
0.0,0.0,0.0,0.0,0.0,0.0,0.0,0.0,0.0,0.0,0.0,0.0,0.0,0.0,0.0,0.0,0.0,0.0,0.0,0.0,0.0,0.0,0.0,0.0,0.0,0.0,0.0,0.0,0.0,0.0,benign
0.0,0.0,0.0,0.0,0.0,0.0,0.0,0.0,0.0,0.0,0.0,0.0,0.0,0.0,0.0,0.0,0.0,0.0,0.0,0.0,0.0,0.0,0.0,0.0,0.0,0.0,0.0,0.0,0.0,0.0,benign
22.3,0.0,1.0,0.0,7.0,0.0,9.875,0.0,2.0,2.0,0.0,54.0,5.0,0.0,44.267983023712006,2.0,2.0,2.0,1.0,5.0,0.0,0.0,0.0,24.0,0.055084,0.0,0.0175472288459699,64.0,94.90866304499106,5626.0,benign
0.0,0.0,0.0,0.0,0.0,0.0,0.0,0.0,0.0,0.0,0.0,0.0,0.0,0.0,0.0,0.0,0.0,0.0,0.0,0.0,0.0,0.0,0.0,0.0,0.0,0.0,0.0,0.0,0.0,0.0,benign
0.0,0.0,0.0,0.0,0.0,0.0,0.0,0.0,0.0,0.0,0.0,0.0,0.0,0.0,0.0,0.0,0.0,0.0,0.0,0.0,0.0,0.0,0.0,0.0,0.0,0.0,0.0,0.0,0.0,0.0,benign
22.3,0.0,1.0,0.0,7.0,0.0,1.0,0.0,2.0,2.0,0.0,54.0,4.0,0.0,35.755899862819845,2.0,2.0,1.0,1.0,4.0,0.0,0.0,0.0,24.0,0.029881,0.0,0.0096980489017121,64.0,95.5,5624.0,benign
0.0,0.0,0.0,0.0,0.0,0.0,0.0,0.0,0.0,0.0,0.0,0.0,0.0,0.0,0.0,0.0,0.0,0.0,0.0,0.0,0.0,0.0,0.0,0.0,0.0,0.0,0.0,0.0,0.0,0.0,benign
0.0,0.0,0.0,0.0,0.0,0.0,0.0,0.0,0.0,0.0,0.0,0.0,0.0,0.0,0.0,0.0,0.0,0.0,0.0,0.0,0.0,0.0,0.0,0.0,0.0,0.0,0.0,0.0,0.0,0.0,benign
0.0,0.0,0.0,0.0,0.0,0.0,20.86842105263158,0.0,12.0,12.0,0.0,54.0,19.0,0.0,394.3835737122235,13.0,13.0,4.0,4.0,18.0,0.0,0.0,0.0,24.0,0.268265,0.0,0.0441624884633941,61.0,94.76786447592092,660.0,benign
0.0,0.0,0.0,0.0,0.0,0.0,0.0,0.0,0.0,0.0,0.0,0.0,0.0,0.0,0.0,0.0,0.0,0.0,0.0,0.0,0.0,0.0,0.0,0.0,0.0,0.0,0.0,0.0,0.0,0.0,benign
0.0,0.0,0.0,0.0,0.0,0.0,0.0,0.0,0.0,0.0,0.0,0.0,0.0,0.0,0.0,0.0,0.0,0.0,0.0,0.0,0.0,0.0,0.0,0.0,0.0,0.0,0.0,0.0,0.0,0.0,benign
0.0,0.0,0.0,0.0,0.0,0.0,0.0,2.0,1.0,2.0,0.0,230.0,0.0,196.0,0.0,1.0,1.0,0.0,1.0,0.0,0.0,0.0,0.0,0.0,0.033443,0.033443,0.0,64.0,0.0,0.0,benign
0.0,0.0,0.0,0.0,0.0,0.0,0.0,0.0,0.0,0.0,0.0,0.0,0.0,0.0,0.0,0.0,0.0,0.0,0.0,0.0,0.0,0.0,0.0,0.0,0.0,0.0,0.0,0.0,0.0,0.0,benign
211.0,0.0,1.0,0.0,2.0,0.0,0.6666666666666666,0.0,2.0,2.0,0.0,54.0,2.0,0.0,10.594810050208546,2.0,2.0,1.0,1.0,2.0,0.0,0.0,0.0,24.0,0.01958,0.0,0.0081955426147388,64.0,95.5,5568.0,benign
0.0,0.0,0.0,0.0,0.0,0.0,0.0,0.0,0.0,0.0,0.0,0.0,0.0,0.0,0.0,0.0,0.0,0.0,0.0,0.0,0.0,0.0,0.0,0.0,0.0,0.0,0.0,0.0,0.0,0.0,benign
-0.7,0.588179866669674,2.0,0.0,2.0,0.0,1.0,0.0,2.0,2.0,0.0,54.0,2.0,0.0,19.327585352432298,2.0,2.0,1.0,1.0,1.0,0.0,0.0,0.0,24.0,0.05634,0.0,0.0265589307013667,64.0,90.03826347108705,5584.0,benign
-0.69,0.588179866669674,2.0,0.0,2.0,0.0,1.0,0.0,2.0,2.0,0.0,54.0,2.0,0.0,19.327585352432298,2.0,2.0,1.0,1.0,1.0,0.0,0.0,0.0,24.0,0.024352,0.0,0.0114794071953021,64.0,90.03826347108705,5552.0,benign
0.0,0.0,0.0,0.0,0.0,0.0,0.0,0.0,0.0,0.0,0.0,0.0,0.0,0.0,0.0,0.0,0.0,0.0,0.0,0.0,0.0,0.0,0.0,0.0,0.0,0.0,0.0,0.0,0.0,0.0,benign
26.0,78.84679021070302,1.0,137.66666666666666,7.0,0.0,63.61538461538461,0.0,2.0,2.0,0.0,54.0,7.0,0.0,10.431506436302104,2.0,2.0,1.0,1.0,7.0,0.0,0.0,0.0,24.0,0.0785,0.0,0.0205114261874911,64.0,95.5,5620.0,benign
0.0,0.0,0.0,0.0,0.0,0.0,25.0,0.0,2.0,2.0,0.0,60.0,1.0,0.0,0.0,0.0,0.0,1.0,1.0,0.0,0.0,0.0,0.0,0.0,0.003931,0.000733,0.0013929427682268,0.0,0.0,0.0,benign
0.0,0.0,0.0,0.0,0.0,0.0,0.0,0.0,0.0,0.0,0.0,0.0,0.0,0.0,0.0,0.0,0.0,0.0,0.0,0.0,0.0,0.0,0.0,0.0,0.0,0.0,0.0,0.0,0.0,0.0,benign
0.0,0.0,0.0,0.0,0.0,0.0,0.0,0.0,0.0,0.0,0.0,0.0,0.0,0.0,0.0,0.0,0.0,0.0,0.0,0.0,0.0,0.0,0.0,0.0,0.0,0.0,0.0,0.0,0.0,0.0,benign
22.4,0.0,1.0,0.0,7.0,0.0,1.6,0.0,2.0,2.0,0.0,54.0,3.0,0.0,49.86788100125727,2.0,2.0,1.0,1.0,3.0,0.0,0.0,0.0,24.0,0.024263,0.0,0.0087017306212934,64.0,95.5,5584.0,benign
0.0,0.0,0.0,0.0,0.0,0.0,0.0,0.0,0.0,0.0,0.0,0.0,0.0,0.0,0.0,0.0,0.0,0.0,0.0,0.0,0.0,0.0,0.0,0.0,0.0,0.0,0.0,0.0,0.0,0.0,benign
0.0,0.0,0.0,0.0,0.0,0.0,0.0,0.0,0.0,0.0,0.0,0.0,0.0,0.0,0.0,0.0,0.0,0.0,0.0,0.0,0.0,0.0,0.0,0.0,0.0,0.0,0.0,0.0,0.0,0.0,benign
22.5,0.0,1.0,0.0,7.0,0.0,1.6666666666666667,0.0,2.0,2.0,0.0,54.0,2.0,0.0,84.81560882290476,2.0,2.0,1.0,1.0,2.0,0.0,0.0,0.0,24.0,0.03121,0.0,0.0129750298337807,64.0,95.5,5534.0,benign
22.2,0.0,1.0,0.0,7.0,0.0,1.0,0.0,2.0,2.0,0.0,54.0,2.0,0.0,84.81560882290476,2.0,2.0,1.0,1.0,2.0,0.0,0.0,0.0,24.0,0.051915,0.0,0.0221453047887695,64.0,95.5,5650.0,benign
13.0,0.0,1.0,0.0,1.0,0.0,0.0,0.0,2.0,2.0,0.0,54.0,1.0,0.0,10.5,2.0,2.0,1.0,1.0,1.0,0.0,0.0,0.0,24.0,0.001242,0.0,0.000621,64.0,95.5,5588.0,benign
136.0,0.0,1.0,0.0,2.0,0.0,31.6,0.0,2.0,2.0,0.0,54.0,3.0,0.0,11.0227038425243,2.0,2.0,2.0,2.0,2.0,0.0,0.0,0.0,24.0,0.091916,0.0,0.0330549554114054,64.0,95.5,5560.0,benign
0.0,0.0,0.0,0.0,0.0,0.0,0.0,0.0,0.0,0.0,0.0,0.0,0.0,0.0,0.0,0.0,0.0,0.0,0.0,0.0,0.0,0.0,0.0,0.0,0.0,0.0,0.0,0.0,0.0,0.0,benign
0.0,0.0,0.0,0.0,0.0,0.0,0.0,0.0,0.0,0.0,0.0,0.0,0.0,0.0,0.0,0.0,0.0,0.0,0.0,0.0,0.0,0.0,0.0,0.0,0.0,0.0,0.0,0.0,0.0,0.0,benign
0.0,0.0,0.0,0.0,0.0,0.0,23.513513513513512,0.0,14.0,14.0,0.0,54.0,18.0,0.0,360.481069961453,15.0,15.0,3.0,2.0,18.0,0.0,0.0,0.0,24.0,0.112768,0.0,0.0332613565436731,61.0,94.438976178306,660.0,benign
0.0,0.0,0.0,0.0,0.0,0.0,0.0,0.0,0.0,0.0,0.0,0.0,0.0,0.0,0.0,0.0,0.0,0.0,0.0,0.0,0.0,0.0,0.0,0.0,0.0,0.0,0.0,0.0,0.0,0.0,benign
-0.69,0.5840281576164704,2.0,0.0,2.0,0.0,1.5,0.0,2.0,2.0,0.0,54.0,2.0,0.0,19.327585352432298,2.0,2.0,1.0,1.0,1.0,0.0,0.0,0.0,24.0,0.141665,0.000258,0.0666516510239785,64.0,90.03826347108705,5592.0,benign
0.0,0.0,0.0,0.0,0.0,0.0,30.0,0.0,2.0,2.0,0.0,60.0,1.0,0.0,0.0,0.0,0.0,1.0,1.0,0.0,0.0,0.0,0.0,0.0,0.026679,0.0,0.0133395,0.0,0.0,0.0,benign
0.0,0.0,0.0,0.0,0.0,0.0,94.5,0.0,3.0,3.0,0.0,60.0,1.0,196.0,0.0,1.0,1.0,1.0,2.0,0.0,0.0,0.0,0.0,0.0,0.020221,0.002862,0.0071073970387664,255.0,0.0,0.0,benign
914.0,0.0,2.0,0.0,3.0,0.0,2.0,0.0,2.0,2.0,0.0,54.0,2.0,0.0,22.93877721239735,2.0,2.0,1.0,1.0,2.0,0.0,0.0,0.0,24.0,0.067609,0.0,0.0285262749090641,64.0,95.5,5646.0,benign
0.0,0.0,0.0,0.0,0.0,0.0,27.705882352941178,0.0,13.0,13.0,0.0,54.0,17.0,0.0,397.3770567767159,13.0,13.0,4.0,3.0,16.0,0.0,0.0,0.0,24.0,0.07167,0.0,0.018113773875734,61.0,94.55609885690954,660.0,benign
0.0,0.0,0.0,0.0,0.0,0.0,44.0,0.0,2.0,2.0,0.0,60.0,1.0,0.0,0.0,0.0,0.0,1.0,1.0,0.0,0.0,0.0,0.0,0.0,0.003564,0.001471,0.0010465,0.0,0.0,0.0,benign
912.0,0.0,2.0,0.0,3.0,0.0,1.6666666666666667,0.0,2.0,2.0,0.0,54.0,2.0,0.0,22.93877721239735,2.0,2.0,1.0,1.0,2.0,0.0,0.0,0.0,24.0,0.019208,0.0,0.0078642257525773,64.0,95.5,5598.0,benign
0.0,0.0,0.0,0.0,0.0,0.0,318.6666666666667,2.0,3.0,2.0,0.0,60.0,2.0,0.0,34.5,2.0,2.0,2.0,2.0,1.0,0.0,0.0,0.0,24.0,0.02842,0.008159,0.008948895490506,64.0,92.0,480.0,benign
0.0,0.0,0.0,0.0,0.0,0.0,0.0,0.0,0.0,0.0,0.0,0.0,0.0,0.0,0.0,0.0,0.0,0.0,0.0,0.0,0.0,0.0,0.0,0.0,0.0,0.0,0.0,0.0,0.0,0.0,benign
6.0,0.0,1.0,0.0,1.0,0.0,0.0,0.0,2.0,2.0,0.0,54.0,1.0,0.0,8.5,2.0,2.0,1.0,1.0,1.0,0.0,0.0,0.0,24.0,0.193885,0.0,0.0969425,64.0,95.5,5544.0,benign
0.0,0.0,0.0,0.0,0.0,0.0,0.0,0.0,0.0,0.0,0.0,0.0,0.0,0.0,0.0,0.0,0.0,0.0,0.0,0.0,0.0,0.0,0.0,0.0,0.0,0.0,0.0,0.0,0.0,0.0,benign
0.0,0.0,0.0,0.0,0.0,0.0,15.205882352941176,0.0,11.0,11.0,0.0,54.0,17.0,0.0,380.6681172756711,12.0,12.0,3.0,2.0,17.0,0.0,0.0,0.0,24.0,0.277798,0.0,0.0496703621994904,61.0,94.6713930026448,660.0,benign
22.3,0.0,1.0,0.0,7.0,0.0,1.3333333333333333,0.0,2.0,2.0,0.0,54.0,2.0,0.0,84.81560882290476,2.0,2.0,1.0,1.0,2.0,0.0,0.0,0.0,24.0,0.042624,0.0,0.0179337309071481,64.0,95.5,5606.0,benign
0.0,0.0,0.0,0.0,0.0,0.0,0.0,0.0,0.0,0.0,0.0,0.0,0.0,0.0,0.0,0.0,0.0,0.0,0.0,0.0,0.0,0.0,0.0,0.0,0.0,0.0,0.0,0.0,0.0,0.0,benign
0.0,0.0,0.0,0.0,0.0,0.0,0.0,0.0,0.0,0.0,0.0,0.0,0.0,0.0,0.0,0.0,0.0,0.0,0.0,0.0,0.0,0.0,0.0,0.0,0.0,0.0,0.0,0.0,0.0,0.0,benign
0.0,0.0,0.0,0.0,0.0,0.0,0.0,0.0,0.0,0.0,0.0,0.0,0.0,0.0,0.0,0.0,0.0,0.0,0.0,0.0,0.0,0.0,0.0,0.0,0.0,0.0,0.0,0.0,0.0,0.0,benign
6.0,0.0,1.0,0.0,1.0,0.0,0.0,0.0,2.0,2.0,0.0,54.0,1.0,0.0,7.5,2.0,2.0,1.0,1.0,1.0,0.0,0.0,0.0,24.0,0.173653,0.0,0.0868265,64.0,95.5,5536.0,benign
-0.7,0.5880476171195662,2.0,0.0,2.0,0.0,1.0,0.0,2.0,2.0,0.0,54.0,2.0,0.0,19.327585352432298,2.0,2.0,1.0,1.0,1.0,0.0,0.0,0.0,24.0,0.016725,0.0,0.00788424061023,64.0,90.03826347108705,5630.0,benign
0.0,0.0,0.0,0.0,0.0,0.0,0.0,0.0,0.0,0.0,0.0,0.0,0.0,0.0,0.0,0.0,0.0,0.0,0.0,0.0,0.0,0.0,0.0,0.0,0.0,0.0,0.0,0.0,0.0,0.0,benign
0.0,0.0,0.0,0.0,0.0,0.0,0.0,0.0,0.0,0.0,0.0,0.0,0.0,0.0,0.0,0.0,0.0,0.0,0.0,0.0,0.0,0.0,0.0,0.0,0.0,0.0,0.0,0.0,0.0,0.0,benign
1023.0,0.0,1.0,0.0,1.0,0.0,0.0,0.0,2.0,2.0,0.0,54.0,1.0,0.0,9.0,2.0,2.0,1.0,1.0,1.0,0.0,0.0,0.0,24.0,0.024518,0.0,0.012259,64.0,95.5,5642.0,benign
0.0,0.0,0.0,0.0,0.0,0.0,0.0,0.0,0.0,0.0,0.0,0.0,0.0,0.0,0.0,0.0,0.0,0.0,0.0,0.0,0.0,0.0,0.0,0.0,0.0,0.0,0.0,0.0,0.0,0.0,benign
143.0,0.0,1.0,0.0,2.0,0.0,9.0,0.0,2.0,2.0,0.0,54.0,2.0,0.0,11.0227038425243,2.0,2.0,1.0,1.0,2.0,0.0,0.0,0.0,24.0,0.041789,0.0,0.0172697836842272,64.0,95.5,5584.0,benign
915.0,0.0,2.0,0.0,3.0,0.0,1.3333333333333333,0.0,2.0,2.0,0.0,54.0,2.0,0.0,22.93877721239735,2.0,2.0,1.0,1.0,2.0,0.0,0.0,0.0,24.0,0.003651,0.0,0.001522949194819,64.0,95.5,5596.0,benign
0.0,0.0,0.0,0.0,0.0,0.0,0.0,0.0,0.0,0.0,0.0,0.0,0.0,0.0,0.0,0.0,0.0,0.0,0.0,0.0,0.0,0.0,0.0,0.0,0.0,0.0,0.0,0.0,0.0,0.0,benign
0.0,0.0,0.0,0.0,0.0,0.0,0.0,0.0,0.0,0.0,0.0,0.0,0.0,0.0,0.0,0.0,0.0,0.0,0.0,0.0,0.0,0.0,0.0,0.0,0.0,0.0,0.0,0.0,0.0,0.0,benign
0.0,0.0,0.0,0.0,0.0,0.0,0.0,0.0,0.0,0.0,0.0,0.0,0.0,0.0,0.0,0.0,0.0,0.0,0.0,0.0,0.0,0.0,0.0,0.0,0.0,0.0,0.0,0.0,0.0,0.0,benign
0.0,0.0,0.0,0.0,0.0,0.0,0.0,0.0,0.0,0.0,0.0,0.0,0.0,0.0,0.0,0.0,0.0,0.0,0.0,0.0,0.0,0.0,0.0,0.0,0.0,0.0,0.0,0.0,0.0,0.0,benign
17.0,0.0,1.0,0.0,1.0,0.0,0.0,0.0,2.0,2.0,0.0,54.0,1.0,0.0,8.0,2.0,2.0,1.0,1.0,1.0,0.0,0.0,0.0,24.0,0.005036,1e-06,0.0025174999999999,64.0,95.5,5558.0,benign
0.0,0.0,0.0,0.0,0.0,0.0,0.0,0.0,0.0,0.0,0.0,0.0,0.0,0.0,0.0,0.0,0.0,0.0,0.0,0.0,0.0,0.0,0.0,0.0,0.0,0.0,0.0,0.0,0.0,0.0,benign
0.0,0.0,0.0,0.0,0.0,0.0,0.0,0.0,0.0,2.0,0.0,198.0,0.0,0.0,0.0,0.0,0.0,0.0,1.0,0.0,0.0,0.0,0.0,0.0,0.032357,0.032357,0.0,0.0,0.0,0.0,benign
140.0,0.0,1.0,0.0,2.0,0.0,1.0,0.0,2.0,2.0,0.0,54.0,2.0,0.0,11.0227038425243,2.0,2.0,1.0,1.0,2.0,0.0,0.0,0.0,24.0,0.027933,0.000253,0.0117265236216877,64.0,95.5,5554.0,benign
0.0,0.0,0.0,0.0,0.0,0.0,84.0,0.0,2.0,2.0,0.0,60.0,1.0,0.0,0.0,0.0,0.0,1.0,1.0,0.0,0.0,0.0,0.0,0.0,0.005953,0.002683,0.001635,0.0,0.0,0.0,benign
282.0,0.0,1.0,0.0,1.0,0.0,0.0,0.0,2.0,2.0,0.0,54.0,1.0,0.0,11.0,2.0,2.0,1.0,1.0,1.0,0.0,0.0,0.0,24.0,0.042875,0.0,0.0214375,64.0,95.5,5538.0,benign
7.0,0.0,1.0,0.0,1.0,0.0,0.0,0.0,2.0,2.0,0.0,54.0,1.0,0.0,7.5,2.0,2.0,1.0,1.0,1.0,0.0,0.0,0.0,24.0,0.002553,0.000252,0.0011505,64.0,95.5,5594.0,benign
0.0,0.0,0.0,0.0,0.0,0.0,0.0,2.0,1.0,2.0,0.0,230.0,0.0,196.0,0.0,1.0,1.0,0.0,1.0,0.0,0.0,0.0,0.0,0.0,0.019262,0.019262,0.0,64.0,0.0,0.0,benign
0.0,0.0,0.0,0.0,0.0,0.0,0.0,0.0,0.0,0.0,0.0,0.0,0.0,0.0,0.0,0.0,0.0,0.0,0.0,0.0,0.0,0.0,0.0,0.0,0.0,0.0,0.0,0.0,0.0,0.0,benign
0.0,0.0,0.0,0.0,0.0,0.0,0.0,0.0,0.0,0.0,0.0,0.0,0.0,0.0,0.0,0.0,0.0,0.0,0.0,0.0,0.0,0.0,0.0,0.0,0.0,0.0,0.0,0.0,0.0,0.0,benign
917.0,0.0,2.0,0.0,3.0,0.0,2.0,0.0,2.0,2.0,0.0,54.0,2.0,0.0,22.93877721239735,2.0,2.0,1.0,1.0,2.0,0.0,0.0,0.0,24.0,0.007893,0.0,0.0033486982078861,64.0,95.5,5646.0,benign
22.5,0.0,1.0,0.0,7.0,0.0,1.1428571428571428,0.0,2.0,2.0,0.0,54.0,4.0,0.0,35.755899862819845,2.0,2.0,1.0,1.0,4.0,0.0,0.0,0.0,24.0,0.007161,0.0,0.002309894258267,64.0,95.5,5594.0,benign
145.0,0.0,1.0,0.0,2.0,0.0,6.8,0.0,3.0,3.0,0.0,54.0,3.0,0.0,11.0227038425243,2.0,2.0,2.0,2.0,2.0,0.0,0.0,0.0,24.0,0.031858,0.0,0.0114659600472684,64.0,95.5,5576.0,benign
0.0,0.0,0.0,0.0,0.0,0.0,0.0,0.0,0.0,0.0,0.0,0.0,0.0,0.0,0.0,0.0,0.0,0.0,0.0,0.0,0.0,0.0,0.0,0.0,0.0,0.0,0.0,0.0,0.0,0.0,benign
0.0,0.0,0.0,0.0,0.0,0.0,105.0,2.0,3.0,3.0,0.0,60.0,1.0,196.0,0.0,1.0,1.0,1.0,2.0,0.0,0.0,0.0,0.0,0.0,0.042581,0.000456,0.0172573982267187,64.0,0.0,0.0,benign
0.0,0.0,0.0,0.0,0.0,6905.428571428572,0.0849308420286338,0.0,0.8571428571428571,1.0,0.0,60.0,10901.0,328.0,462.1195329183888,0.0,0.0,0.2857142857142857,0.2857142857142857,0.0,0.0,0.0,0.0,0.0,0.001279816,2.6e-08,0.000137259546876,64.0,0.0,0.0,ddos
0.0,0.0,0.0,0.0,0.0,0.0,0.0,0.0,0.0,0.0,0.0,0.0,0.0,0.0,0.0,0.0,0.0,0.0,0.0,0.0,0.0,0.0,0.0,0.0,0.0,0.0,0.0,0.0,0.0,0.0,benign
0.0,0.0,0.0,0.0,0.0,0.0,0.0,0.0,0.0,0.0,0.0,0.0,0.0,0.0,0.0,0.0,0.0,0.0,0.0,0.0,0.0,0.0,0.0,0.0,0.0,0.0,0.0,0.0,0.0,0.0,benign
0.0,0.0,0.0,0.0,0.0,0.0,0.0,0.0,0.0,0.0,0.0,0.0,0.0,0.0,0.0,0.0,0.0,0.0,0.0,0.0,0.0,0.0,0.0,0.0,0.0,0.0,0.0,0.0,0.0,0.0,benign
917.0,0.0,2.0,0.0,3.0,0.0,4.666666666666667,0.0,2.0,2.0,0.0,54.0,2.0,0.0,22.93877721239735,2.0,2.0,1.0,1.0,2.0,0.0,0.0,0.0,24.0,0.018647,0.0,0.0082260117120935,64.0,95.5,5594.0,benign
0.0,0.0,0.0,0.0,0.0,0.0,0.0,0.0,1.0,2.0,0.0,60.0,1.0,0.0,0.0,0.0,0.0,1.0,0.0,0.0,0.0,0.0,0.0,0.0,0.0,0.0,0.0,0.0,0.0,0.0,benign
0.0,0.0,0.0,0.0,0.0,0.0,0.0,0.0,0.0,0.0,0.0,0.0,0.0,0.0,0.0,0.0,0.0,0.0,0.0,0.0,0.0,0.0,0.0,0.0,0.0,0.0,0.0,0.0,0.0,0.0,benign
0.0,0.0,0.0,0.0,0.0,0.0,0.0,0.0,0.0,0.0,0.0,0.0,0.0,0.0,0.0,0.0,0.0,0.0,0.0,0.0,0.0,0.0,0.0,0.0,0.0,0.0,0.0,0.0,0.0,0.0,benign
0.0,0.0,0.0,0.0,0.0,0.0,0.0,0.0,0.0,0.0,0.0,0.0,0.0,0.0,0.0,0.0,0.0,0.0,0.0,0.0,0.0,0.0,0.0,0.0,0.0,0.0,0.0,0.0,0.0,0.0,benign
0.0,0.0,0.0,0.0,0.0,0.0,35.5,0.0,2.0,2.0,0.0,60.0,1.0,0.0,0.0,0.0,0.0,1.0,1.0,0.0,0.0,0.0,0.0,0.0,0.029913,0.002055,0.0127484646918756,0.0,0.0,0.0,benign
0.0,0.0,0.0,0.0,0.0,0.0,0.0,0.0,0.0,0.0,0.0,0.0,0.0,0.0,0.0,0.0,0.0,0.0,0.0,0.0,0.0,0.0,0.0,0.0,0.0,0.0,0.0,0.0,0.0,0.0,benign
12.0,0.0,1.0,0.0,1.0,0.0,0.0,0.0,2.0,2.0,0.0,54.0,1.0,0.0,10.5,2.0,2.0,1.0,1.0,1.0,0.0,0.0,0.0,24.0,0.083306,0.0,0.041653,64.0,95.5,5554.0,benign
80.0,53.39241519167306,1.0,132.71428571428572,8.0,0.0,61.93333333333333,0.0,2.0,2.0,0.0,54.0,8.0,0.0,10.379517088959387,2.0,2.0,1.0,1.0,8.0,0.0,0.0,0.0,24.0,0.105477,0.0,0.0274869075816531,64.0,95.5,5610.0,benign
1.0,0.0,1.0,0.0,1.0,0.0,214.33333333333337,0.0,3.0,3.0,0.0,54.0,2.0,0.0,7.5,2.0,2.0,2.0,2.0,1.0,0.0,0.0,0.0,24.0,0.001316,0.0,0.0005481972728863,64.0,95.5,5638.0,benign
0.0,0.0,0.0,0.0,0.0,0.0,0.0368537432873539,0.0,0.4285714285714285,0.4285714285714285,0.0,60.0,26472.714285714286,0.0,0.0,647.1428571428571,9416.57142857143,0.2857142857142857,0.2857142857142857,0.0,661.4285714285714,0.0,0.0,20.0,0.006168365,2.6e-08,0.0001053168903584,64.0,29.45507963086203,512.0,dos
0.0,9.648939880439018,0.1428571428571428,1004.3333333333334,1.0,0.0,47.78169014084507,0.0,0.4285714285714285,0.4285714285714285,1460.0,60.0,10.285714285714286,0.0,3.299647218838804,9.714285714285714,9.714285714285714,0.1428571428571428,0.2857142857142857,1.0,9.142857142857142,9.285714285714286,0.0,24.0,0.057495628,2.9e-08,0.0057668117400761,37.0,102.4228515056011,1024.0,recon
1023.0,0.0,1.0,0.0,1.0,0.0,0.0,0.0,2.0,2.0,0.0,54.0,1.0,0.0,9.0,2.0,2.0,1.0,1.0,1.0,0.0,0.0,0.0,24.0,0.004621,0.0,0.0023105,64.0,95.5,5618.0,benign
0.0,0.0,0.0,0.0,0.0,0.0,0.0,0.0,0.0,0.0,0.0,0.0,0.0,0.0,0.0,0.0,0.0,0.0,0.0,0.0,0.0,0.0,0.0,0.0,0.0,0.0,0.0,0.0,0.0,0.0,benign
0.0,0.0,0.0,0.0,0.0,0.0,2.0,2.0,2.0,2.0,0.0,66.0,2.0,0.0,1021.7383165468544,2.0,2.0,2.0,2.0,2.0,0.0,0.0,0.0,24.0,0.141594,0.0,0.0609908333481351,61.0,1.5,660.0,benign
0.0,0.0,2.0,0.0,2.0,0.0,1.5,0.0,2.0,2.0,0.0,54.0,2.0,0.0,8.956685895029603,2.0,2.0,1.0,1.0,1.0,0.0,0.0,0.0,24.0,0.002558,0.0,0.001150666280417,64.0,90.03826347108705,5550.0,benign
0.0,0.0,0.0,0.0,0.0,0.0,0.2022303114346796,2.0,1.2857142857142858,1.1428571428571428,1460.0,60.0,2497.5714285714284,0.0,1.05348941533703,1771.571428571429,1770.0,0.2857142857142857,0.4285714285714285,0.0,2447.0,2497.285714285714,0.0,20.0,0.060783034,2.7e-08,0.0011615832259538,64.0,0.9352406034115822,0.0,ddos
0.0,0.0,0.0,0.0,0.0,0.0,0.0,0.0,0.0,0.0,0.0,0.0,0.0,0.0,0.0,0.0,0.0,0.0,0.0,0.0,0.0,0.0,0.0,0.0,0.0,0.0,0.0,0.0,0.0,0.0,benign
0.0,0.0,0.0,0.0,0.0,0.0,0.0,0.0,0.0,0.0,0.0,0.0,0.0,0.0,0.0,0.0,0.0,0.0,0.0,0.0,0.0,0.0,0.0,0.0,0.0,0.0,0.0,0.0,0.0,0.0,benign
-0.7,0.5880476171195662,2.0,0.0,2.0,0.0,1.5,0.0,2.0,2.0,0.0,54.0,2.0,0.0,19.327585352432298,2.0,2.0,1.0,1.0,1.0,0.0,0.0,0.0,24.0,0.042571,0.0,0.020068161854595,64.0,90.03826347108705,5616.0,benign
0.0,0.0,0.0,0.0,0.0,0.0,0.0,0.0,0.0,0.0,0.0,0.0,0.0,0.0,0.0,0.0,0.0,0.0,0.0,0.0,0.0,0.0,0.0,0.0,0.0,0.0,0.0,0.0,0.0,0.0,benign
0.0,0.0,0.0,0.0,0.0,0.0,41.0,2.0,2.0,2.0,0.0,66.0,1.0,0.0,42.92888175679502,2.0,2.0,1.0,2.0,2.0,0.0,0.0,0.0,24.0,0.04264,0.006619,0.0169281454454474,53.0,5.185449728701329,135.0,benign
0.0,0.0,0.0,0.0,0.0,0.0,0.0,0.0,0.0,0.0,0.0,0.0,0.0,0.0,0.0,0.0,0.0,0.0,0.0,0.0,0.0,0.0,0.0,0.0,0.0,0.0,0.0,0.0,0.0,0.0,benign
1023.0,0.0,1.0,0.0,1.0,0.0,407.0,0.0,2.0,3.0,0.0,54.0,2.0,0.0,9.0,2.0,2.0,2.0,1.0,1.0,0.0,0.0,0.0,24.0,0.030109,0.0,0.012514517356521,64.0,95.5,5572.0,benign
0.0,0.0,0.0,0.0,0.0,0.0,15.716666666666669,0.0,22.0,22.0,0.0,54.0,28.0,0.0,475.238406707493,5.0,6.0,4.0,5.0,4.0,0.0,0.0,0.0,24.0,0.040193,0.0,0.0114436481724709,2.0,96.314006017308,660.0,benign
0.0,0.0,0.0,0.0,0.0,0.0,0.0,0.0,0.0,0.0,0.0,0.0,0.0,0.0,0.0,0.0,0.0,0.0,0.0,0.0,0.0,0.0,0.0,0.0,0.0,0.0,0.0,0.0,0.0,0.0,benign
0.0,0.0,0.0,0.0,0.0,0.0,0.0,0.0,1.0,2.0,0.0,214.0,0.0,180.0,0.0,1.0,1.0,0.0,1.0,0.0,0.0,0.0,0.0,0.0,0.046656,0.046656,0.0,255.0,0.0,0.0,benign
0.0,0.0,0.0,0.0,0.0,0.0,0.0,0.0,0.0,0.0,0.0,0.0,0.0,0.0,0.0,0.0,0.0,0.0,0.0,0.0,0.0,0.0,0.0,0.0,0.0,0.0,0.0,0.0,0.0,0.0,benign
0.0,0.0,0.0,0.0,0.0,0.0,0.0,0.0,0.0,0.0,0.0,0.0,0.0,0.0,0.0,0.0,0.0,0.0,0.0,0.0,0.0,0.0,0.0,0.0,0.0,0.0,0.0,0.0,0.0,0.0,benign
0.0,0.0,0.0,0.0,0.0,0.0,20.047619047619047,0.0,12.0,12.0,0.0,54.0,21.0,0.0,251.01831156793168,13.0,13.0,4.0,4.0,18.0,0.0,0.0,0.0,24.0,0.027326,0.0,0.0064923276799746,61.0,90.67992227930397,502.0,benign
0.0,0.0,0.0,0.0,0.0,0.0,0.0,0.0,0.0,0.0,0.0,0.0,0.0,0.0,0.0,0.0,0.0,0.0,0.0,0.0,0.0,0.0,0.0,0.0,0.0,0.0,0.0,0.0,0.0,0.0,benign
0.0,0.0,0.0,0.0,0.0,0.0,0.0,0.0,1.0,2.0,0.0,230.0,0.0,196.0,0.0,1.0,1.0,0.0,1.0,0.0,0.0,0.0,0.0,0.0,0.009077,0.009077,0.0,255.0,0.0,0.0,benign
0.0,0.0,0.0,0.0,0.0,0.0,0.0,0.0,0.0,0.0,0.0,0.0,0.0,0.0,0.0,0.0,0.0,0.0,0.0,0.0,0.0,0.0,0.0,0.0,0.0,0.0,0.0,0.0,0.0,0.0,benign
-0.71,0.5962102537416366,2.0,0.0,2.0,0.0,2.0,0.0,2.0,2.0,0.0,54.0,2.0,0.0,19.327585352432298,2.0,2.0,1.0,1.0,1.0,0.0,0.0,0.0,24.0,0.001852,0.0,0.0008728055657221,64.0,90.03826347108705,5646.0,benign
0.0,0.0,0.0,0.0,0.0,0.0,0.0,0.0,0.0,0.0,0.0,0.0,0.0,0.0,0.0,0.0,0.0,0.0,0.0,0.0,0.0,0.0,0.0,0.0,0.0,0.0,0.0,0.0,0.0,0.0,recon
0.0,0.0,0.0,0.0,0.0,0.0,0.0,0.0,0.0,0.0,0.0,0.0,0.0,0.0,0.0,0.0,0.0,0.0,0.0,0.0,0.0,0.0,0.0,0.0,0.0,0.0,0.0,0.0,0.0,0.0,benign
0.0,0.0,0.0,0.0,0.0,0.0,0.0,0.0,0.0,0.0,0.0,0.0,0.0,0.0,0.0,0.0,0.0,0.0,0.0,0.0,0.0,0.0,0.0,0.0,0.0,0.0,0.0,0.0,0.0,0.0,benign
13.0,0.0,1.0,0.0,1.0,0.0,0.0,0.0,2.0,2.0,0.0,54.0,1.0,0.0,10.5,2.0,2.0,1.0,1.0,1.0,0.0,0.0,0.0,24.0,0.041487,1e-06,0.020743,64.0,95.5,5572.0,benign
0.0,0.0,0.0,0.0,0.0,0.0,0.0,0.0,0.0,0.0,0.0,0.0,0.0,0.0,0.0,0.0,0.0,0.0,0.0,0.0,0.0,0.0,0.0,0.0,0.0,0.0,0.0,0.0,0.0,0.0,benign
4.0,0.0,1.0,0.0,1.0,0.0,0.0,0.0,2.0,2.0,0.0,54.0,1.0,0.0,7.5,2.0,2.0,1.0,1.0,1.0,0.0,0.0,0.0,24.0,0.003847,0.0,0.0019235,64.0,95.5,5568.0,benign
-0.7,0.5921899094791204,2.0,0.0,2.0,0.0,1.5,0.0,2.0,2.0,0.0,54.0,2.0,0.0,19.327585352432298,2.0,2.0,1.0,1.0,1.0,0.0,0.0,0.0,24.0,0.015089,0.0,0.0071130228142158,64.0,90.03826347108705,5582.0,benign
0.0,0.0,0.0,0.0,0.0,0.0,0.0,0.0,0.0,0.0,0.0,0.0,0.0,0.0,0.0,0.0,0.0,0.0,0.0,0.0,0.0,0.0,0.0,0.0,0.0,0.0,0.0,0.0,0.0,0.0,benign
0.0,0.0,0.0,0.0,0.0,0.0,0.0,0.0,0.0,0.0,0.0,0.0,0.0,0.0,0.0,0.0,0.0,0.0,0.0,0.0,0.0,0.0,0.0,0.0,0.0,0.0,0.0,0.0,0.0,0.0,benign
0.0,0.0,0.0,0.0,0.0,0.0,0.0,0.0,0.0,0.0,0.0,0.0,0.0,0.0,0.0,0.0,0.0,0.0,0.0,0.0,0.0,0.0,0.0,0.0,0.0,0.0,0.0,0.0,0.0,0.0,benign
0.0,0.0,0.0,0.0,0.0,0.0,0.0,0.0,0.0,0.0,0.0,0.0,0.0,0.0,0.0,0.0,0.0,0.0,0.0,0.0,0.0,0.0,0.0,0.0,0.0,0.0,0.0,0.0,0.0,0.0,benign
0.0,0.0,0.0,0.0,0.0,0.0,0.0,0.0,0.0,0.0,0.0,0.0,0.0,0.0,0.0,0.0,0.0,0.0,0.0,0.0,0.0,0.0,0.0,0.0,0.0,0.0,0.0,0.0,0.0,0.0,benign
0.0,0.0,0.0,0.0,0.0,0.0,0.0,0.0,0.0,0.0,0.0,0.0,0.0,0.0,0.0,0.0,0.0,0.0,0.0,0.0,0.0,0.0,0.0,0.0,0.0,0.0,0.0,0.0,0.0,0.0,benign
23.2,0.0,0.1428571428571428,0.0,0.7142857142857143,0.0,0.0343354376051522,0.0,0.2857142857142857,0.4285714285714285,1436.0,60.0,29123.85714285714,0.0,516.8496284815715,0.4285714285714285,0.4285714285714285,0.5714285714285714,0.2857142857142857,0.8571428571428571,0.1428571428571428,0.2857142857142857,0.0,24.0,0.000604825,2.6e-08,7.238276903218357e-05,64.0,0.9458807395574824,5250.0,mitm
0.0,0.0,0.0,0.0,0.0,0.0,0.0,0.0,0.0,2.0,0.0,198.0,0.0,0.0,0.0,0.0,0.0,0.0,1.0,0.0,0.0,0.0,0.0,0.0,0.03809,0.03809,0.0,0.0,0.0,0.0,benign
0.0,0.0,0.0,0.0,0.0,0.0,0.0,0.0,0.0,0.0,0.0,0.0,0.0,0.0,0.0,0.0,0.0,0.0,0.0,0.0,0.0,0.0,0.0,0.0,0.0,0.0,0.0,0.0,0.0,0.0,benign
0.0,0.0,0.0,0.0,0.0,0.0,0.0,0.0,0.0,0.0,0.0,0.0,0.0,0.0,0.0,0.0,0.0,0.0,0.0,0.0,0.0,0.0,0.0,0.0,0.0,0.0,0.0,0.0,0.0,0.0,benign
0.0,0.0,0.0,0.0,0.0,0.0,0.0,0.0,0.0,0.0,0.0,0.0,0.0,0.0,0.0,0.0,0.0,0.0,0.0,0.0,0.0,0.0,0.0,0.0,0.0,0.0,0.0,0.0,0.0,0.0,benign
0.0,0.0,0.0,0.0,0.0,0.0,1.1428571428571428,0.0,4.0,4.0,1460.0,66.0,3.0,0.0,150.4185826286101,3.0,3.0,2.0,4.0,1.0,0.0,2.0,0.0,24.0,0.005735,0.0,0.0017753303917862,1.0,20.83529157463365,457.0,benign
-0.7,0.5921899094791204,2.0,0.0,2.0,0.0,1.0,0.0,2.0,2.0,0.0,54.0,2.0,0.0,19.327585352432298,2.0,2.0,1.0,1.0,1.0,0.0,0.0,0.0,24.0,0.005793,1e-06,0.0027303749844216,64.0,90.03826347108705,5636.0,benign
0.0,0.0,0.0,0.0,0.0,0.0,65.0,0.0,2.0,2.0,0.0,60.0,1.0,0.0,0.0,0.0,0.0,1.0,1.0,0.0,0.0,0.0,0.0,0.0,0.039797,0.005271,0.017263,0.0,0.0,0.0,benign
0.0,0.0,0.0,0.0,0.0,0.0,0.0,0.0,0.0,0.0,0.0,0.0,0.0,0.0,0.0,0.0,0.0,0.0,0.0,0.0,0.0,0.0,0.0,0.0,0.0,0.0,0.0,0.0,0.0,0.0,benign
211.0,0.0,1.0,0.0,2.0,0.0,1.0,0.0,2.0,2.0,0.0,54.0,2.0,0.0,10.594810050208546,2.0,2.0,1.0,1.0,2.0,0.0,0.0,0.0,24.0,0.078176,0.0,0.0335331708424658,64.0,95.5,5554.0,benign
1023.0,0.0,1.0,0.0,1.0,0.0,0.0,0.0,2.0,2.0,0.0,54.0,1.0,0.0,9.0,2.0,2.0,1.0,1.0,1.0,0.0,0.0,0.0,24.0,0.012079,0.000259,0.0059099999999999,64.0,95.5,5572.0,benign
0.0,0.0,0.0,0.0,0.0,0.0,0.0,0.0,0.0,0.0,0.0,0.0,0.0,0.0,0.0,0.0,0.0,0.0,0.0,0.0,0.0,0.0,0.0,0.0,0.0,0.0,0.0,0.0,0.0,0.0,benign
0.0,0.0,0.0,0.0,0.0,0.0,36.0,0.0,2.0,2.0,0.0,60.0,1.0,0.0,0.0,0.0,0.0,1.0,1.0,0.0,0.0,0.0,0.0,0.0,0.002283,0.000648,0.0007036689562571,0.0,0.0,0.0,benign
0.0,0.0,0.0,0.0,0.0,0.0,0.0,0.0,0.0,0.0,0.0,0.0,0.0,0.0,0.0,0.0,0.0,0.0,0.0,0.0,0.0,0.0,0.0,0.0,0.0,0.0,0.0,0.0,0.0,0.0,benign
-0.69,0.5841803374529706,2.0,0.0,2.0,0.0,3.0,0.0,2.0,2.0,0.0,54.0,2.0,0.0,19.327585352432298,2.0,2.0,1.0,1.0,1.0,0.0,0.0,0.0,24.0,0.067693,0.0,0.0319107862259073,64.0,90.03826347108705,5584.0,benign
0.0,0.0,0.0,0.0,0.0,0.0,0.0,0.0,0.0,0.0,0.0,0.0,0.0,0.0,0.0,0.0,0.0,0.0,0.0,0.0,0.0,0.0,0.0,0.0,0.0,0.0,0.0,0.0,0.0,0.0,benign
0.0,0.0,0.0,0.0,0.0,0.0,0.0,0.0,0.0,0.0,0.0,0.0,0.0,0.0,0.0,0.0,0.0,0.0,0.0,0.0,0.0,0.0,0.0,0.0,0.0,0.0,0.0,0.0,0.0,0.0,benign
0.0,0.0,0.0,0.0,0.0,0.0,66.0,0.0,6.0,4.0,0.0,54.0,6.0,0.0,677.0865232745368,6.0,6.0,3.0,3.0,6.0,0.0,0.0,0.0,24.0,0.067444,0.0,0.0196311772161019,53.0,86.21189013123421,135.0,benign
2.0,0.0,1.0,0.0,1.0,0.0,0.0,0.0,2.0,2.0,0.0,54.0,1.0,0.0,8.5,2.0,2.0,1.0,1.0,1.0,0.0,0.0,0.0,24.0,0.024769,0.0,0.0123845,64.0,95.5,5556.0,benign
0.0,0.0,0.0,0.0,0.0,0.0,0.0,0.0,0.0,0.0,0.0,0.0,0.0,0.0,0.0,0.0,0.0,0.0,0.0,0.0,0.0,0.0,0.0,0.0,0.0,0.0,0.0,0.0,0.0,0.0,benign
0.0,0.0,0.0,0.0,0.0,0.0,0.0,0.0,0.0,0.0,0.0,0.0,0.0,0.0,0.0,0.0,0.0,0.0,0.0,0.0,0.0,0.0,0.0,0.0,0.0,0.0,0.0,0.0,0.0,0.0,benign
0.0,0.0,0.0,0.0,0.0,0.0,24.84375,0.0,11.0,11.0,0.0,54.0,16.0,0.0,316.91018909503333,12.0,12.0,3.0,2.0,16.0,0.0,0.0,0.0,24.0,0.1127,0.0,0.0313434720042319,61.0,94.55609885690954,660.0,benign
0.0,0.0,0.0,0.0,0.0,0.0,0.0,0.0,0.0,0.0,0.0,0.0,0.0,0.0,0.0,0.0,0.0,0.0,0.0,0.0,0.0,0.0,0.0,0.0,0.0,0.0,0.0,0.0,0.0,0.0,benign
0.0,0.0,0.0,0.0,0.0,0.0,0.0,0.0,0.0,0.0,0.0,0.0,0.0,0.0,0.0,0.0,0.0,0.0,0.0,0.0,0.0,0.0,0.0,0.0,0.0,0.0,0.0,0.0,0.0,0.0,benign
0.0,0.0,2.0,0.0,2.0,0.0,2.0,0.0,2.0,2.0,0.0,54.0,2.0,0.0,8.956685895029603,2.0,2.0,1.0,1.0,1.0,0.0,0.0,0.0,24.0,0.045966,0.0,0.0216685802026805,64.0,90.03826347108705,5636.0,benign
0.0,0.0,0.0,0.0,0.0,0.0,0.0,0.0,0.0,0.0,0.0,0.0,0.0,0.0,0.0,0.0,0.0,0.0,0.0,0.0,0.0,0.0,0.0,0.0,0.0,0.0,0.0,0.0,0.0,0.0,benign
0.0,0.0,0.0,0.0,0.0,0.0,0.0,0.0,0.0,0.0,0.0,0.0,0.0,0.0,0.0,0.0,0.0,0.0,0.0,0.0,0.0,0.0,0.0,0.0,0.0,0.0,0.0,0.0,0.0,0.0,benign
0.0,0.0,0.0,0.0,0.0,0.0,0.0,0.0,0.0,0.0,0.0,0.0,0.0,0.0,0.0,0.0,0.0,0.0,0.0,0.0,0.0,0.0,0.0,0.0,0.0,0.0,0.0,0.0,0.0,0.0,benign
0.0,0.0,0.0,0.0,0.0,0.0,2.0,0.0,2.0,2.0,0.0,60.0,1.0,0.0,0.0,0.0,0.0,1.0,1.0,0.0,0.0,0.0,0.0,0.0,0.027413,0.002635,0.012389,0.0,0.0,0.0,benign
0.0,0.0,0.0,0.0,0.0,0.0,0.0,0.0,0.0,0.0,0.0,0.0,0.0,0.0,0.0,0.0,0.0,0.0,0.0,0.0,0.0,0.0,0.0,0.0,0.0,0.0,0.0,0.0,0.0,0.0,benign
0.0,0.0,0.0,0.0,0.0,0.0,0.0,0.0,0.0,0.0,0.0,0.0,0.0,0.0,0.0,0.0,0.0,0.0,0.0,0.0,0.0,0.0,0.0,0.0,0.0,0.0,0.0,0.0,0.0,0.0,benign
0.0,0.0,0.0,0.0,0.0,0.0,0.0,0.0,0.0,0.0,0.0,0.0,0.0,0.0,0.0,0.0,0.0,0.0,0.0,0.0,0.0,0.0,0.0,0.0,0.0,0.0,0.0,0.0,0.0,0.0,benign
1023.0,0.0,0.2857142857142857,0.0,0.5714285714285714,0.0,3.166253101736973,0.0,0.4285714285714285,0.4285714285714285,1460.0,60.0,155.85714285714286,0.0,2.1628184436900537,113.0,110.0,0.1428571428571428,0.4285714285714285,0.2857142857142857,131.71428571428572,155.57142857142858,0.0,24.0,0.078892232,3.2e-08,0.0032125085584872,37.0,103.20318840294644,1024.0,recon
0.0,0.0,0.0,0.0,0.0,0.0,0.0,0.0,0.0,0.0,0.0,0.0,0.0,0.0,0.0,0.0,0.0,0.0,0.0,0.0,0.0,0.0,0.0,0.0,0.0,0.0,0.0,0.0,0.0,0.0,benign
0.0,0.0,0.0,0.0,0.0,0.0,0.0,0.0,0.0,0.0,0.0,0.0,0.0,0.0,0.0,0.0,0.0,0.0,0.0,0.0,0.0,0.0,0.0,0.0,0.0,0.0,0.0,0.0,0.0,0.0,benign
0.0,0.0,0.0,0.0,0.0,0.0,0.0,0.0,0.0,0.0,0.0,0.0,0.0,0.0,0.0,0.0,0.0,0.0,0.0,0.0,0.0,0.0,0.0,0.0,0.0,0.0,0.0,0.0,0.0,0.0,benign
0.0,0.0,0.0,0.0,0.0,0.0,0.0,0.0,0.0,0.0,0.0,0.0,0.0,0.0,0.0,0.0,0.0,0.0,0.0,0.0,0.0,0.0,0.0,0.0,0.0,0.0,0.0,0.0,0.0,0.0,benign
0.0,0.0,1.0,0.0,1.0,0.0,0.0,0.0,2.0,2.0,0.0,54.0,1.0,0.0,7.5,2.0,2.0,1.0,1.0,1.0,0.0,0.0,0.0,24.0,0.016199,0.0,0.0080995,64.0,95.5,5604.0,benign
0.0,0.0,1.0,0.0,1.0,0.0,35.666666666666664,0.0,3.0,3.0,0.0,54.0,2.0,0.0,7.5,2.0,2.0,2.0,2.0,1.0,0.0,0.0,0.0,24.0,0.034562,0.0,0.0141492570387988,64.0,95.5,5650.0,benign
0.0,0.0,0.0,0.0,0.0,0.0,0.0,0.0,0.0,0.0,0.0,0.0,0.0,0.0,0.0,0.0,0.0,0.0,0.0,0.0,0.0,0.0,0.0,0.0,0.0,0.0,0.0,0.0,0.0,0.0,benign
905.0,0.0,2.0,0.0,3.0,0.0,1.0,0.0,2.0,2.0,0.0,54.0,2.0,0.0,22.93877721239735,2.0,2.0,1.0,1.0,2.0,0.0,0.0,0.0,24.0,0.021872,0.000297,0.0091185915716189,64.0,95.5,5568.0,benign
0.0,0.0,0.0,0.0,0.0,0.0,0.0,0.0,0.0,0.0,0.0,0.0,0.0,0.0,0.0,0.0,0.0,0.0,0.0,0.0,0.0,0.0,0.0,0.0,0.0,0.0,0.0,0.0,0.0,0.0,benign
0.0,0.0,0.0,0.0,0.0,0.0,29.52155172413793,0.0,2.142857142857143,2.142857142857143,0.0,60.0,16.0,0.0,359.76431124037947,2.142857142857143,2.142857142857143,0.5714285714285714,0.5714285714285714,15.714285714285714,0.0,0.0,0.0,24.0,0.144897741,3.4e-08,0.022755302041721,61.0,94.64144598929944,660.0,malware
-0.7,1.1415778554264269,2.0,0.0,2.0,0.0,1.5,0.0,2.0,2.0,0.0,54.0,2.0,0.0,18.856180831641264,2.0,2.0,1.0,1.0,1.0,0.0,0.0,0.0,24.0,0.110477,0.0,0.0520184178216395,64.0,90.03826347108705,5540.0,benign
0.0,0.0,0.0,0.0,0.0,0.0,0.0,0.0,0.0,0.0,0.0,0.0,0.0,0.0,0.0,0.0,0.0,0.0,0.0,0.0,0.0,0.0,0.0,0.0,0.0,0.0,0.0,0.0,0.0,0.0,benign
0.0,0.0,0.0,0.0,0.0,0.0,27.979508196721312,0.0,2.571428571428572,2.2857142857142856,0.0,60.0,16.571428571428573,0.0,298.963273191237,2.4285714285714284,2.4285714285714284,0.5714285714285714,0.5714285714285714,15.714285714285714,0.0,0.0,0.0,24.0,0.21188811,3.3e-08,0.0251229303462071,61.0,94.10138335037888,501.0,mitm
2.0,0.0,1.0,0.0,1.0,0.0,0.0,0.0,2.0,2.0,0.0,54.0,1.0,0.0,8.5,2.0,2.0,1.0,1.0,1.0,0.0,0.0,0.0,24.0,0.025367,0.0,0.0126835,64.0,95.5,5570.0,benign
0.0,0.0,0.0,0.0,0.0,0.0,0.0,0.0,1.0,2.0,0.0,230.0,0.0,196.0,0.0,1.0,1.0,0.0,1.0,0.0,0.0,0.0,0.0,0.0,0.022199,0.022199,0.0,255.0,0.0,0.0,benign
0.0,0.0,0.0,0.0,0.0,0.0,0.0,0.0,0.0,0.0,0.0,0.0,0.0,0.0,0.0,0.0,0.0,0.0,0.0,0.0,0.0,0.0,0.0,0.0,0.0,0.0,0.0,0.0,0.0,0.0,benign
0.0,0.0,0.0,0.0,0.0,0.0,0.0,0.0,0.0,0.0,0.0,0.0,0.0,0.0,0.0,0.0,0.0,0.0,0.0,0.0,0.0,0.0,0.0,0.0,0.0,0.0,0.0,0.0,0.0,0.0,benign
22.3,0.0,1.0,0.0,7.0,0.0,2.0,0.0,2.0,2.0,0.0,54.0,3.0,0.0,49.86788100125727,2.0,2.0,1.0,1.0,3.0,0.0,0.0,0.0,24.0,0.004756,0.0,0.0017358582891468,64.0,95.5,5608.0,benign
0.0,0.0,0.0,0.0,0.0,0.0,0.0,0.0,1.0,2.0,0.0,214.0,0.0,180.0,0.0,1.0,1.0,0.0,1.0,0.0,0.0,0.0,0.0,0.0,0.01378,0.01378,0.0,255.0,0.0,0.0,benign
0.0,0.0,0.0,0.0,0.0,0.0,3.1891274554591136,2.0,0.8571428571428571,1.0,1460.0,66.0,159.85714285714286,0.0,54.37407575436558,38.285714285714285,38.85714285714285,0.2857142857142857,0.2857142857142857,79.71428571428571,38.142857142857146,80.14285714285714,0.0,24.0,0.10606209,2.9e-08,0.0060126178318849,64.0,0.0,502.0,ddos
0.0,0.0,0.0,0.0,0.0,0.0,2.0,0.0,2.0,2.0,0.0,60.0,1.0,0.0,0.0,0.0,0.0,1.0,1.0,0.0,0.0,0.0,0.0,0.0,0.028505,0.002266,0.0131195,0.0,0.0,0.0,benign
0.0,0.0,0.0,0.0,0.0,0.0,0.0,0.0,0.0,0.0,0.0,0.0,0.0,0.0,0.0,0.0,0.0,0.0,0.0,0.0,0.0,0.0,0.0,0.0,0.0,0.0,0.0,0.0,0.0,0.0,benign
0.0,0.0,0.0,0.0,0.0,0.0,0.0,0.0,0.0,0.0,0.0,0.0,0.0,0.0,0.0,0.0,0.0,0.0,0.0,0.0,0.0,0.0,0.0,0.0,0.0,0.0,0.0,0.0,0.0,0.0,benign
0.0,0.0,0.0,0.0,0.0,0.0,23.0,0.0,2.0,2.0,0.0,60.0,1.0,0.0,0.0,0.0,0.0,1.0,1.0,0.0,0.0,0.0,0.0,0.0,0.030214,0.000954,0.0135525897484166,0.0,0.0,0.0,benign
0.0,0.0,0.0,0.0,0.0,0.0,38.0,0.0,2.0,2.0,0.0,70.0,1.0,58.0,0.0,1.0,1.0,1.0,1.0,0.0,0.0,0.0,0.0,0.0,0.001241,0.000294,0.0004735,64.0,95.5,0.0,benign
0.0,0.0,0.0,0.0,0.0,0.0,0.0,0.0,0.0,0.0,0.0,0.0,0.0,0.0,0.0,0.0,0.0,0.0,0.0,0.0,0.0,0.0,0.0,0.0,0.0,0.0,0.0,0.0,0.0,0.0,benign
0.0,0.0,0.0,0.0,0.0,0.0,0.0,0.0,1.0,2.0,0.0,214.0,0.0,180.0,0.0,1.0,1.0,0.0,1.0,0.0,0.0,0.0,0.0,0.0,0.007524,0.007524,0.0,255.0,0.0,0.0,benign
0.0,0.0,1.0,0.0,1.0,0.0,0.0,0.0,2.0,2.0,0.0,54.0,1.0,0.0,7.5,2.0,2.0,1.0,1.0,1.0,0.0,0.0,0.0,24.0,0.016848,1e-06,0.0084234999999999,64.0,95.5,5614.0,benign
0.0,0.0,0.0,0.0,0.0,0.0,0.0,0.0,1.0,2.0,0.0,230.0,0.0,196.0,0.0,1.0,1.0,0.0,1.0,0.0,0.0,0.0,0.0,0.0,0.175149,0.175149,0.0,255.0,0.0,0.0,benign
0.0,0.0,0.0,0.0,0.0,0.0,0.0,0.0,0.0,0.0,0.0,0.0,0.0,0.0,0.0,0.0,0.0,0.0,0.0,0.0,0.0,0.0,0.0,0.0,0.0,0.0,0.0,0.0,0.0,0.0,benign
3.0,0.0,1.0,0.0,1.0,0.0,278.0,0.0,3.0,3.0,0.0,54.0,2.0,0.0,7.5,2.0,2.0,2.0,2.0,1.0,0.0,0.0,0.0,24.0,0.048802,0.0,0.0210221289523088,64.0,95.5,5550.0,benign
116.0,0.0,1.0,0.0,2.0,0.0,3.333333333333333,0.0,2.0,2.0,0.0,54.0,2.0,0.0,11.0227038425243,2.0,2.0,1.0,1.0,2.0,0.0,0.0,0.0,24.0,0.055696,0.0,0.0230610862750977,64.0,95.5,5538.0,benign
0.0,0.0,0.0,0.0,0.0,0.0,0.0,0.0,0.0,0.0,0.0,0.0,0.0,0.0,0.0,0.0,0.0,0.0,0.0,0.0,0.0,0.0,0.0,0.0,0.0,0.0,0.0,0.0,0.0,0.0,benign
0.0,0.0,0.0,0.0,0.0,0.0,58.0,0.0,2.0,2.0,0.0,60.0,1.0,0.0,0.0,0.0,0.0,1.0,1.0,0.0,0.0,0.0,0.0,0.0,0.038521,0.004411,0.0139303659041039,0.0,0.0,0.0,benign
0.0,0.0,0.0,0.0,0.0,0.0,0.0,0.0,0.0,0.0,0.0,0.0,0.0,0.0,0.0,0.0,0.0,0.0,0.0,0.0,0.0,0.0,0.0,0.0,0.0,0.0,0.0,0.0,0.0,0.0,benign
0.0,0.0,0.0,0.0,0.0,0.0,0.0,0.0,0.0,0.0,0.0,0.0,0.0,0.0,0.0,0.0,0.0,0.0,0.0,0.0,0.0,0.0,0.0,0.0,0.0,0.0,0.0,0.0,0.0,0.0,benign
0.0,0.0,0.0,0.0,0.0,0.0,2.0,0.0,2.0,2.0,0.0,60.0,1.0,0.0,0.0,0.0,0.0,1.0,1.0,0.0,0.0,0.0,0.0,0.0,0.011263,0.002227,0.004518,0.0,0.0,0.0,benign
-0.69,0.5841803374529706,2.0,0.0,2.0,0.0,2.0,0.0,2.0,2.0,0.0,54.0,2.0,0.0,19.327585352432298,2.0,2.0,1.0,1.0,1.0,0.0,0.0,0.0,24.0,0.003965,0.0,0.0018688832672659,64.0,90.03826347108705,5556.0,benign
0.0,0.0,0.0,0.0,0.0,0.0,0.0,0.0,0.0,0.0,0.0,0.0,0.0,0.0,0.0,0.0,0.0,0.0,0.0,0.0,0.0,0.0,0.0,0.0,0.0,0.0,0.0,0.0,0.0,0.0,benign
0.0,0.0,0.0,0.0,0.0,0.0,0.0,0.0,0.0,0.0,0.0,0.0,0.0,0.0,0.0,0.0,0.0,0.0,0.0,0.0,0.0,0.0,0.0,0.0,0.0,0.0,0.0,0.0,0.0,0.0,benign
912.0,0.0,2.0,0.0,3.0,0.0,1.0,0.0,2.0,2.0,0.0,54.0,2.0,0.0,22.93877721239735,2.0,2.0,1.0,1.0,2.0,0.0,0.0,0.0,24.0,0.005413,0.0,0.0021321518912826,64.0,95.5,5598.0,benign
0.0,0.0,0.0,0.0,0.0,0.0,0.0,0.0,0.0,0.0,0.0,0.0,0.0,0.0,0.0,0.0,0.0,0.0,0.0,0.0,0.0,0.0,0.0,0.0,0.0,0.0,0.0,0.0,0.0,0.0,benign
0.0,0.0,0.0,0.0,0.0,0.0,0.0,0.0,0.0,0.0,0.0,0.0,0.0,0.0,0.0,0.0,0.0,0.0,0.0,0.0,0.0,0.0,0.0,0.0,0.0,0.0,0.0,0.0,0.0,0.0,benign
0.0,0.0,0.0,0.0,0.0,0.0,0.0,0.0,1.0,2.0,0.0,230.0,0.0,196.0,0.0,1.0,1.0,0.0,1.0,0.0,0.0,0.0,0.0,0.0,0.008289,0.008289,0.0,255.0,0.0,0.0,benign
0.0,0.0,0.0,0.0,0.0,0.0,0.0,0.0,0.0,0.0,0.0,0.0,0.0,0.0,0.0,0.0,0.0,0.0,0.0,0.0,0.0,0.0,0.0,0.0,0.0,0.0,0.0,0.0,0.0,0.0,benign
0.0,0.0,0.0,0.0,0.0,0.0,0.0,0.0,0.0,0.0,0.0,0.0,0.0,0.0,0.0,0.0,0.0,0.0,0.0,0.0,0.0,0.0,0.0,0.0,0.0,0.0,0.0,0.0,0.0,0.0,benign
0.0,0.0,0.0,0.0,0.0,0.0,0.0,0.0,0.0,0.0,0.0,0.0,0.0,0.0,0.0,0.0,0.0,0.0,0.0,0.0,0.0,0.0,0.0,0.0,0.0,0.0,0.0,0.0,0.0,0.0,benign
0.0,0.0,0.0,0.0,0.0,0.0,0.0,0.0,1.0,2.0,0.0,60.0,0.0,0.0,0.0,0.0,0.0,0.0,1.0,0.0,0.0,0.0,0.0,0.0,0.050265,0.050265,0.0,0.0,0.0,0.0,benign
0.0,0.0,0.0,0.0,0.0,0.0,0.0,0.0,0.0,0.0,0.0,0.0,0.0,0.0,0.0,0.0,0.0,0.0,0.0,0.0,0.0,0.0,0.0,0.0,0.0,0.0,0.0,0.0,0.0,0.0,benign
135.0,0.0,1.0,0.0,2.0,0.0,0.6666666666666666,0.0,2.0,2.0,0.0,54.0,2.0,0.0,11.0227038425243,2.0,2.0,1.0,1.0,2.0,0.0,0.0,0.0,24.0,0.001936,0.0,0.0008079568367183,64.0,95.5,5624.0,benign
0.0,0.0,1.0,0.0,1.0,0.0,0.0,0.0,2.0,2.0,0.0,54.0,1.0,0.0,7.5,2.0,2.0,1.0,1.0,1.0,0.0,0.0,0.0,24.0,0.050734,1e-06,0.0253665,64.0,95.5,5570.0,benign
0.0,0.0,0.0,0.0,0.0,0.0,0.0,0.0,1.0,2.0,0.0,60.0,0.0,0.0,0.0,0.0,0.0,0.0,1.0,0.0,0.0,0.0,0.0,0.0,0.001279,0.001279,0.0,0.0,0.0,0.0,benign
0.0,0.0,0.0,0.0,0.0,0.0,0.0,0.0,0.0,0.0,0.0,0.0,0.0,0.0,0.0,0.0,0.0,0.0,0.0,0.0,0.0,0.0,0.0,0.0,0.0,0.0,0.0,0.0,0.0,0.0,benign
140.0,0.0,1.0,0.0,2.0,0.0,1.0,0.0,2.0,2.0,0.0,54.0,2.0,0.0,11.0227038425243,2.0,2.0,1.0,1.0,2.0,0.0,0.0,0.0,24.0,0.009877,0.000298,0.0039540328384448,64.0,95.5,5644.0,benign
0.0,0.0,0.0,0.0,0.0,0.0,0.0,0.0,0.0,0.0,0.0,0.0,0.0,0.0,0.0,0.0,0.0,0.0,0.0,0.0,0.0,0.0,0.0,0.0,0.0,0.0,0.0,0.0,0.0,0.0,benign
1023.0,0.0,1.0,0.0,1.0,0.0,0.0,0.0,2.0,2.0,0.0,54.0,1.0,0.0,9.0,2.0,2.0,1.0,1.0,1.0,0.0,0.0,0.0,24.0,0.009265,0.0,0.0046325,64.0,95.5,5630.0,benign
0.0,0.0,0.0,0.0,0.0,0.0,0.0,0.0,0.0,0.0,0.0,0.0,0.0,0.0,0.0,0.0,0.0,0.0,0.0,0.0,0.0,0.0,0.0,0.0,0.0,0.0,0.0,0.0,0.0,0.0,benign
0.0,0.0,0.0,0.0,0.0,0.0,0.0,0.0,0.0,0.0,0.0,0.0,0.0,0.0,0.0,0.0,0.0,0.0,0.0,0.0,0.0,0.0,0.0,0.0,0.0,0.0,0.0,0.0,0.0,0.0,benign
0.0,0.0,0.0,0.0,0.0,0.0,0.0,0.0,0.0,0.0,0.0,0.0,0.0,0.0,0.0,0.0,0.0,0.0,0.0,0.0,0.0,0.0,0.0,0.0,0.0,0.0,0.0,0.0,0.0,0.0,benign
0.0,0.0,0.0,0.0,0.0,0.0,465.6666666666667,0.0,0.4285714285714285,0.4285714285714285,0.0,60.0,0.1428571428571428,0.0,64.5,0.4285714285714285,0.4285714285714285,0.1428571428571428,0.4285714285714285,0.2857142857142857,0.0,0.0,0.0,24.0,0.021981744,0.000580741,0.0086088520649454,238.0,7.361215932167728,2437.0,recon
0.0,0.0,0.0,0.0,0.0,0.0,0.0,0.0,0.0,0.0,0.0,0.0,0.0,0.0,0.0,0.0,0.0,0.0,0.0,0.0,0.0,0.0,0.0,0.0,0.0,0.0,0.0,0.0,0.0,0.0,benign
0.0,0.0,0.0,0.0,0.0,0.0,0.0,0.0,0.0,0.0,0.0,0.0,0.0,0.0,0.0,0.0,0.0,0.0,0.0,0.0,0.0,0.0,0.0,0.0,0.0,0.0,0.0,0.0,0.0,0.0,benign
0.0,0.0,1.0,0.0,1.0,0.0,0.0,0.0,2.0,2.0,0.0,54.0,1.0,0.0,9.5,2.0,2.0,1.0,1.0,1.0,0.0,0.0,0.0,24.0,0.04503,0.0,0.022515,64.0,95.5,5538.0,benign
0.0,0.0,0.0,0.0,0.0,0.0,0.0,0.0,0.0,0.0,0.0,0.0,0.0,0.0,0.0,0.0,0.0,0.0,0.0,0.0,0.0,0.0,0.0,0.0,0.0,0.0,0.0,0.0,0.0,0.0,benign
0.0,0.0,0.0,0.0,0.0,0.0,0.0,0.0,1.0,2.0,0.0,214.0,0.0,180.0,0.0,1.0,1.0,0.0,1.0,0.0,0.0,0.0,0.0,0.0,0.113515,0.113515,0.0,255.0,0.0,0.0,benign
22.5,0.0,1.0,0.0,7.0,0.0,13.5,0.0,2.0,2.0,0.0,54.0,4.0,0.0,69.83391375402128,2.0,2.0,2.0,1.0,4.0,0.0,0.0,0.0,24.0,0.046915,0.0,0.0161805634346033,64.0,94.52048692733015,5602.0,benign
0.0,0.0,0.0,0.0,0.0,0.0,36.73684210526316,2.0,5.0,4.0,0.0,46.0,4.0,0.0,735.8549024773838,4.0,4.0,3.0,4.0,4.0,0.0,0.0,0.0,24.0,0.182052,0.0,0.0449266734834663,1.0,29.287540012776763,660.0,benign
0.0,0.0,0.0,0.0,0.0,0.0,0.0,0.0,0.0,0.0,0.0,0.0,0.0,0.0,0.0,0.0,0.0,0.0,0.0,0.0,0.0,0.0,0.0,0.0,0.0,0.0,0.0,0.0,0.0,0.0,benign
0.0,0.0,0.0,0.0,0.0,0.0,0.0,0.0,0.0,0.0,0.0,0.0,0.0,0.0,0.0,0.0,0.0,0.0,0.0,0.0,0.0,0.0,0.0,0.0,0.0,0.0,0.0,0.0,0.0,0.0,benign
0.0,0.0,0.0,0.0,0.0,0.0,0.0,0.0,0.0,0.0,0.0,0.0,0.0,0.0,0.0,0.0,0.0,0.0,0.0,0.0,0.0,0.0,0.0,0.0,0.0,0.0,0.0,0.0,0.0,0.0,benign
0.0,0.0,0.0,0.0,0.0,0.0,0.0,0.0,0.0,0.0,0.0,0.0,0.0,0.0,0.0,0.0,0.0,0.0,0.0,0.0,0.0,0.0,0.0,0.0,0.0,0.0,0.0,0.0,0.0,0.0,benign
0.0,0.0,0.0,0.0,0.0,0.0,0.0,0.0,0.0,0.0,0.0,0.0,0.0,0.0,0.0,0.0,0.0,0.0,0.0,0.0,0.0,0.0,0.0,0.0,0.0,0.0,0.0,0.0,0.0,0.0,benign
1023.0,0.0,1.0,0.0,1.0,0.0,0.0,0.0,2.0,2.0,0.0,54.0,1.0,0.0,9.0,2.0,2.0,1.0,1.0,1.0,0.0,0.0,0.0,24.0,0.021981,0.0,0.0109905,64.0,95.5,5552.0,benign
0.0,0.0,0.0,0.0,0.0,0.0,0.0,0.0,0.0,0.0,0.0,0.0,0.0,0.0,0.0,0.0,0.0,0.0,0.0,0.0,0.0,0.0,0.0,0.0,0.0,0.0,0.0,0.0,0.0,0.0,benign
0.0,0.0,0.0,0.0,0.0,0.0,0.0,0.0,0.0,0.0,0.0,0.0,0.0,0.0,0.0,0.0,0.0,0.0,0.0,0.0,0.0,0.0,0.0,0.0,0.0,0.0,0.0,0.0,0.0,0.0,benign
0.0,0.0,0.0,0.0,0.0,0.0,0.0,0.0,0.0,0.0,0.0,0.0,0.0,0.0,0.0,0.0,0.0,0.0,0.0,0.0,0.0,0.0,0.0,0.0,0.0,0.0,0.0,0.0,0.0,0.0,benign
0.0,0.0,0.0,0.0,0.0,0.0,0.0,0.0,0.0,0.0,0.0,0.0,0.0,0.0,0.0,0.0,0.0,0.0,0.0,0.0,0.0,0.0,0.0,0.0,0.0,0.0,0.0,0.0,0.0,0.0,benign
0.0,0.0,0.0,0.0,0.0,0.0,101.0,2.0,3.0,3.0,0.0,66.0,2.0,0.0,918.084131342124,3.0,3.0,2.0,3.0,2.0,0.0,0.0,0.0,24.0,0.096728,0.0,0.03542178883117,2.0,28.546258754675524,660.0,benign
0.0,0.0,0.0,0.0,0.0,0.0,0.0,0.0,0.0,0.0,0.0,0.0,0.0,0.0,0.0,0.0,0.0,0.0,0.0,0.0,0.0,0.0,0.0,0.0,0.0,0.0,0.0,0.0,0.0,0.0,benign
0.0,0.0,0.0,0.0,0.0,0.0,0.0,0.0,0.0,0.0,0.0,0.0,0.0,0.0,0.0,0.0,0.0,0.0,0.0,0.0,0.0,0.0,0.0,0.0,0.0,0.0,0.0,0.0,0.0,0.0,benign
0.0,0.0,0.0,0.0,0.0,0.0,0.0,0.0,0.0,0.0,0.0,0.0,0.0,0.0,0.0,0.0,0.0,0.0,0.0,0.0,0.0,0.0,0.0,0.0,0.0,0.0,0.0,0.0,0.0,0.0,benign
0.0,0.0,0.0,0.0,0.0,0.0,0.0,0.0,0.0,0.0,0.0,0.0,0.0,0.0,0.0,0.0,0.0,0.0,0.0,0.0,0.0,0.0,0.0,0.0,0.0,0.0,0.0,0.0,0.0,0.0,benign
211.0,0.0,1.0,0.0,2.0,0.0,1.6666666666666667,0.0,2.0,2.0,0.0,54.0,2.0,0.0,10.594810050208546,2.0,2.0,1.0,1.0,2.0,0.0,0.0,0.0,24.0,0.033578,0.0,0.0139590660414656,64.0,95.5,5616.0,benign
2.0,0.0,1.0,0.0,1.0,0.0,0.0,0.0,2.0,2.0,0.0,54.0,1.0,0.0,7.5,2.0,2.0,1.0,1.0,1.0,0.0,0.0,0.0,24.0,0.029933,0.0,0.0149665,64.0,95.5,5644.0,benign
0.0,0.0,0.0,0.0,0.0,0.0,0.0,0.0,0.0,0.0,0.0,0.0,0.0,0.0,0.0,0.0,0.0,0.0,0.0,0.0,0.0,0.0,0.0,0.0,0.0,0.0,0.0,0.0,0.0,0.0,benign
0.0,0.0,0.0,0.0,0.0,0.0,0.0,0.0,0.0,0.0,0.0,0.0,0.0,0.0,0.0,0.0,0.0,0.0,0.0,0.0,0.0,0.0,0.0,0.0,0.0,0.0,0.0,0.0,0.0,0.0,benign
0.0,0.0,0.0,0.0,0.0,0.0,0.0,0.0,1.0,2.0,0.0,230.0,0.0,196.0,0.0,1.0,1.0,0.0,1.0,0.0,0.0,0.0,0.0,0.0,0.083871,0.083871,0.0,255.0,0.0,0.0,benign
0.0,0.0,0.0,0.0,0.0,0.0,0.0373488704634461,0.0,0.2857142857142857,0.2857142857142857,0.0,60.0,26095.0,0.0,0.0,659.8571428571429,9416.57142857143,0.2857142857142857,0.2857142857142857,26094.85714285714,679.4285714285714,0.0,0.0,24.0,0.024164266,2.6e-08,0.0001267983521829,64.0,30.037572946735025,512.0,dos
0.0,0.0,0.0,0.0,0.0,0.0,0.0,0.0,0.0,0.0,0.0,0.0,0.0,0.0,0.0,0.0,0.0,0.0,0.0,0.0,0.0,0.0,0.0,0.0,0.0,0.0,0.0,0.0,0.0,0.0,benign
0.0,0.0,0.0,0.0,0.0,0.0,3.1915673693858846,0.0,31.285714285714285,6.142857142857143,1460.0,60.0,101.28571428571428,0.0,175.1849461596949,106.71428571428572,106.85714285714286,0.8571428571428571,0.8571428571428571,37.71428571428572,55.285714285714285,58.71428571428572,0.0,24.0,0.021021093,2.9e-08,0.002007150652329,61.0,57.0660227814758,0.0,malware
0.0,0.0,0.0,0.0,0.0,0.0,14.5,0.0,3.0,3.0,0.0,60.0,1.0,180.0,0.0,1.0,1.0,1.0,2.0,0.0,0.0,0.0,0.0,0.0,0.017426,0.001585,0.0066285091502958,255.0,0.0,0.0,benign
212.0,0.0,1.0,0.0,2.0,0.0,1.0,0.0,2.0,2.0,0.0,54.0,2.0,0.0,10.594810050208546,2.0,2.0,1.0,1.0,2.0,0.0,0.0,0.0,24.0,0.0694,0.0,0.0298655550791794,64.0,95.5,5564.0,benign
0.0,0.0,0.0,0.0,0.0,0.0,0.0,0.0,0.0,0.0,0.0,0.0,0.0,0.0,0.0,0.0,0.0,0.0,0.0,0.0,0.0,0.0,0.0,0.0,0.0,0.0,0.0,0.0,0.0,0.0,benign
0.0,0.0,0.0,0.0,0.0,0.0,0.0,0.0,0.0,0.0,0.0,0.0,0.0,0.0,0.0,0.0,0.0,0.0,0.0,0.0,0.0,0.0,0.0,0.0,0.0,0.0,0.0,0.0,0.0,0.0,benign
127.0,0.0,1.0,0.0,2.0,0.0,1.0,0.0,2.0,2.0,0.0,54.0,2.0,0.0,11.0227038425243,2.0,2.0,1.0,1.0,2.0,0.0,0.0,0.0,24.0,0.015279,0.0,0.0063192479180674,64.0,95.5,5540.0,benign
0.0,0.0,0.0,0.0,0.0,0.0,0.0,0.0,0.0,0.0,0.0,0.0,0.0,0.0,0.0,0.0,0.0,0.0,0.0,0.0,0.0,0.0,0.0,0.0,0.0,0.0,0.0,0.0,0.0,0.0,benign
0.0,0.0,0.0,0.0,0.0,0.0,0.0,0.0,0.0,0.0,0.0,0.0,0.0,0.0,0.0,0.0,0.0,0.0,0.0,0.0,0.0,0.0,0.0,0.0,0.0,0.0,0.0,0.0,0.0,0.0,benign
0.0,0.0,0.0,0.0,0.0,0.0,59.0,0.0,8.0,5.0,0.0,54.0,6.0,0.0,795.4408829995523,8.0,8.0,4.0,4.0,6.0,0.0,0.0,0.0,24.0,0.06574,0.0,0.0207419599952916,51.0,93.52588363170332,660.0,benign
0.0,0.0,0.0,0.0,0.0,0.0,45.4,2.0,4.0,2.0,0.0,50.0,3.0,16.0,50.0,2.0,2.0,1.0,1.0,0.0,0.0,0.0,0.0,0.0,0.021113,0.0,0.0076685475084196,47.0,7.760297817881864,0.0,benign
0.0,0.0,0.0,0.0,0.0,0.0,0.0,0.0,0.0,0.0,0.0,0.0,0.0,0.0,0.0,0.0,0.0,0.0,0.0,0.0,0.0,0.0,0.0,0.0,0.0,0.0,0.0,0.0,0.0,0.0,benign
0.0,0.0,0.0,0.0,0.0,0.0,0.0,0.0,0.0,0.0,0.0,0.0,0.0,0.0,0.0,0.0,0.0,0.0,0.0,0.0,0.0,0.0,0.0,0.0,0.0,0.0,0.0,0.0,0.0,0.0,benign
118.0,0.0,1.0,0.0,2.0,0.0,1.6666666666666667,0.0,2.0,2.0,0.0,54.0,2.0,0.0,11.0227038425243,2.0,2.0,1.0,1.0,2.0,0.0,0.0,0.0,24.0,0.003817,0.0,0.0017240832890263,64.0,95.5,5612.0,benign
0.0,0.0,0.0,0.0,0.0,0.0,0.0,0.0,0.0,0.0,0.0,0.0,0.0,0.0,0.0,0.0,0.0,0.0,0.0,0.0,0.0,0.0,0.0,0.0,0.0,0.0,0.0,0.0,0.0,0.0,benign
0.0,0.0,0.0,0.0,0.0,0.0,0.0,0.0,0.0,0.0,0.0,0.0,0.0,0.0,0.0,0.0,0.0,0.0,0.0,0.0,0.0,0.0,0.0,0.0,0.0,0.0,0.0,0.0,0.0,0.0,benign
0.0,0.0,0.0,0.0,0.0,0.0,0.0,0.0,1.0,2.0,0.0,60.0,1.0,0.0,0.0,0.0,0.0,1.0,0.0,0.0,0.0,0.0,0.0,0.0,0.004568,0.004568,0.0,0.0,0.0,0.0,benign
0.0,0.0,0.0,0.0,0.0,0.0,0.0,0.0,0.0,0.0,0.0,0.0,0.0,0.0,0.0,0.0,0.0,0.0,0.0,0.0,0.0,0.0,0.0,0.0,0.0,0.0,0.0,0.0,0.0,0.0,benign
0.0,0.0,0.0,0.0,0.0,0.0,0.0,0.0,0.0,0.0,0.0,0.0,0.0,0.0,0.0,0.0,0.0,0.0,0.0,0.0,0.0,0.0,0.0,0.0,0.0,0.0,0.0,0.0,0.0,0.0,benign
0.0,0.0,0.0,0.0,0.0,0.0,0.0,0.0,0.0,0.0,0.0,0.0,0.0,0.0,0.0,0.0,0.0,0.0,0.0,0.0,0.0,0.0,0.0,0.0,0.0,0.0,0.0,0.0,0.0,0.0,benign
0.0,0.0,0.0,0.0,0.0,0.0,0.0,0.0,0.0,0.0,0.0,0.0,0.0,0.0,0.0,0.0,0.0,0.0,0.0,0.0,0.0,0.0,0.0,0.0,0.0,0.0,0.0,0.0,0.0,0.0,benign
916.0,0.0,2.0,0.0,3.0,0.0,1.0,0.0,2.0,2.0,0.0,54.0,2.0,0.0,22.93877721239735,2.0,2.0,1.0,1.0,2.0,0.0,0.0,0.0,24.0,0.109651,0.0,0.0471285879025406,64.0,95.5,5574.0,benign
0.0,0.0,0.0,0.0,0.0,0.0,0.0373989560348558,0.0,0.5714285714285714,0.5714285714285714,0.0,60.0,26024.571428571428,0.0,0.1826053980963921,697.7142857142857,9416.57142857143,0.2857142857142857,0.2857142857142857,26024.0,713.7142857142857,0.0,0.0,24.0,0.013657207,2.6e-08,0.000120228075852,64.0,30.78927400047128,512.0,dos
0.0,0.0,0.0,0.0,0.0,0.0,0.0,0.0,0.0,0.0,0.0,0.0,0.0,0.0,0.0,0.0,0.0,0.0,0.0,0.0,0.0,0.0,0.0,0.0,0.0,0.0,0.0,0.0,0.0,0.0,benign
211.0,0.0,1.0,0.0,2.0,0.0,1.0,0.0,2.0,2.0,0.0,54.0,2.0,0.0,10.594810050208546,2.0,2.0,1.0,1.0,2.0,0.0,0.0,0.0,24.0,0.069301,0.000297,0.0297871063496859,64.0,95.5,5610.0,benign
0.0,0.0,0.0,0.0,0.0,0.0,17.5,0.0,2.0,2.0,0.0,60.0,1.0,0.0,0.0,0.0,0.0,1.0,1.0,0.0,0.0,0.0,0.0,0.0,0.035225,0.00181,0.0145655586077416,0.0,0.0,0.0,benign
0.0,0.0,0.0,0.0,0.0,0.0,28.5,0.0,7.0,4.0,0.0,54.0,8.0,0.0,537.5368266453936,7.0,7.0,3.0,3.0,8.0,0.0,0.0,0.0,24.0,0.047167,0.0,0.0123908401139264,48.0,74.59889781729724,660.0,benign
0.0,0.0,0.0,0.0,0.0,0.0,0.0,0.0,0.0,0.0,0.0,0.0,0.0,0.0,0.0,0.0,0.0,0.0,0.0,0.0,0.0,0.0,0.0,0.0,0.0,0.0,0.0,0.0,0.0,0.0,benign
-0.7,0.588179866669674,2.0,0.0,2.0,0.0,1.0,0.0,2.0,2.0,0.0,54.0,2.0,0.0,19.327585352432298,2.0,2.0,1.0,1.0,1.0,0.0,0.0,0.0,24.0,0.029206,0.0,0.0137678404342228,64.0,90.03826347108705,5588.0,benign
0.0,0.0,0.0,0.0,0.0,0.0,0.0,0.0,0.0,0.0,0.0,0.0,0.0,0.0,0.0,0.0,0.0,0.0,0.0,0.0,0.0,0.0,0.0,0.0,0.0,0.0,0.0,0.0,0.0,0.0,benign
0.0,0.0,0.0,0.0,0.0,0.0,19.0,0.0,17.0,15.0,0.0,60.0,17.0,0.0,827.246973736112,4.0,4.0,4.0,4.0,2.0,0.0,0.0,0.0,24.0,0.153563,0.0,0.0272904972262476,51.0,4.496912521077324,660.0,benign
0.0,0.0,0.0,0.0,0.0,0.0,331.0,0.0,2.0,2.0,0.0,60.0,0.0,196.0,0.0,1.0,1.0,0.0,2.0,0.0,0.0,0.0,0.0,0.0,0.011814,0.004849,0.0034824999999999,255.0,0.0,0.0,benign
0.0,0.0,0.0,0.0,0.0,0.0,14.01923076923077,0.0,13.0,13.0,0.0,54.0,25.0,0.0,238.37703143038664,14.0,14.0,3.0,2.0,25.0,0.0,0.0,0.0,24.0,0.206994,0.0,0.0319357532633295,61.0,94.764184283924,660.0,benign
0.0,0.0,0.0,0.0,0.0,0.0,0.0,0.0,0.0,0.0,0.0,0.0,0.0,0.0,0.0,0.0,0.0,0.0,0.0,0.0,0.0,0.0,0.0,0.0,0.0,0.0,0.0,0.0,0.0,0.0,benign
13.0,0.0,1.0,0.0,1.0,0.0,69.33333333333333,0.0,3.0,3.0,0.0,54.0,2.0,0.0,10.5,2.0,2.0,2.0,2.0,1.0,0.0,0.0,0.0,24.0,0.013212,0.000304,0.0055641928435308,64.0,95.5,5566.0,benign
0.0,0.0,0.0,0.0,0.0,0.0,0.0,0.0,0.0,0.0,0.0,0.0,0.0,0.0,0.0,0.0,0.0,0.0,0.0,0.0,0.0,0.0,0.0,0.0,0.0,0.0,0.0,0.0,0.0,0.0,benign
0.0,0.0,0.0,0.0,0.0,0.0,0.0,0.0,0.0,0.0,0.0,0.0,0.0,0.0,0.0,0.0,0.0,0.0,0.0,0.0,0.0,0.0,0.0,0.0,0.0,0.0,0.0,0.0,0.0,0.0,benign
12.0,0.0,1.0,0.0,1.0,0.0,0.0,0.0,2.0,2.0,0.0,54.0,1.0,0.0,10.5,2.0,2.0,1.0,1.0,1.0,0.0,0.0,0.0,24.0,0.008403,0.0,0.0042015,64.0,95.5,5618.0,benign
2.0,0.0,1.0,0.0,1.0,0.0,0.0,0.0,2.0,2.0,0.0,54.0,1.0,0.0,8.5,2.0,2.0,1.0,1.0,1.0,0.0,0.0,0.0,24.0,0.03777,0.0,0.018885,64.0,95.5,5564.0,benign
0.0,0.0,0.0,0.0,0.0,0.0,0.0,0.0,1.0,2.0,0.0,214.0,0.0,180.0,0.0,1.0,1.0,0.0,1.0,0.0,0.0,0.0,0.0,0.0,0.041088,0.041088,0.0,255.0,0.0,0.0,benign
0.0,0.0,0.0,0.0,0.0,0.0,0.0,0.0,0.0,0.0,0.0,0.0,0.0,0.0,0.0,0.0,0.0,0.0,0.0,0.0,0.0,0.0,0.0,0.0,0.0,0.0,0.0,0.0,0.0,0.0,benign
0.0,0.0,0.0,0.0,0.0,0.0,0.0,0.0,0.0,0.0,0.0,0.0,0.0,0.0,0.0,0.0,0.0,0.0,0.0,0.0,0.0,0.0,0.0,0.0,0.0,0.0,0.0,0.0,0.0,0.0,benign
0.0,0.0,0.0,0.0,0.0,0.0,0.0,0.0,0.0,0.0,0.0,0.0,0.0,0.0,0.0,0.0,0.0,0.0,0.0,0.0,0.0,0.0,0.0,0.0,0.0,0.0,0.0,0.0,0.0,0.0,benign
0.0,0.0,0.0,0.0,0.0,0.0,100.0,0.0,2.0,3.0,0.0,60.0,1.0,0.0,0.0,0.0,0.0,1.0,2.0,0.0,0.0,0.0,0.0,0.0,0.029167,0.000296,0.0119952841011235,0.0,0.0,0.0,benign
280.0,0.0,1.0,0.0,1.0,0.0,0.0,0.0,2.0,2.0,0.0,54.0,1.0,0.0,11.0,2.0,2.0,1.0,1.0,1.0,0.0,0.0,0.0,24.0,0.022606,1e-06,0.0113025,64.0,95.5,5548.0,benign
0.0,0.0,0.0,0.0,0.0,0.0,0.0,0.0,1.0,2.0,0.0,971.0,0.0,937.0,0.0,1.0,1.0,0.0,1.0,0.0,0.0,0.0,0.0,0.0,0.031671,0.031671,0.0,64.0,0.0,0.0,benign
8.0,0.0,1.0,0.0,1.0,0.0,0.0,0.0,2.0,2.0,0.0,54.0,1.0,0.0,8.5,2.0,2.0,1.0,1.0,1.0,0.0,0.0,0.0,24.0,0.000899,0.000571,0.000164,64.0,95.5,5576.0,benign
0.0,0.0,0.0,0.0,0.0,0.0,1.6666666666666667,2.0,2.0,2.0,0.0,66.0,2.0,0.0,991.1368472617694,2.0,2.0,2.0,2.0,2.0,0.0,0.0,0.0,24.0,0.056016,1e-06,0.0235558388409328,61.0,1.5,660.0,benign
0.0,0.0,0.0,0.0,0.0,0.0,0.0,0.0,0.0,0.0,0.0,0.0,0.0,0.0,0.0,0.0,0.0,0.0,0.0,0.0,0.0,0.0,0.0,0.0,0.0,0.0,0.0,0.0,0.0,0.0,benign
0.0,0.0,0.0,0.0,0.0,0.0,64.0,0.0,6.0,4.0,0.0,54.0,6.0,0.0,646.1779940542699,6.0,6.0,3.0,3.0,6.0,0.0,0.0,0.0,24.0,0.046696,0.0,0.0153280561977049,61.0,90.29086332514493,27.0,benign
0.0,0.0,0.0,0.0,0.0,0.0,0.0,0.0,0.0,0.0,0.0,0.0,0.0,0.0,0.0,0.0,0.0,0.0,0.0,0.0,0.0,0.0,0.0,0.0,0.0,0.0,0.0,0.0,0.0,0.0,benign
0.0,0.0,0.0,0.0,0.0,0.0,0.0376956133076285,0.0,0.4285714285714285,0.4285714285714285,0.0,60.0,23731.714285714286,0.0,0.2809386309522786,2550.5714285714284,9416.57142857143,0.2857142857142857,0.2857142857142857,23731.714285714286,2795.8571428571427,0.0,0.0,24.0,0.001278969,2.6e-08,0.0001151646859894,53.0,0.0625254047296353,0.0,dos
0.0,0.0,0.0,0.0,0.0,0.0,21.23809523809524,0.0,12.0,12.0,0.0,54.0,21.0,0.0,347.67975719526027,13.0,13.0,4.0,4.0,20.0,0.0,0.0,0.0,24.0,0.025395,0.0,0.0069814294774741,61.0,94.91876986818627,660.0,benign
0.0,0.0,0.0,0.0,0.0,0.0,0.0,0.0,0.0,0.0,0.0,0.0,0.0,0.0,0.0,0.0,0.0,0.0,0.0,0.0,0.0,0.0,0.0,0.0,0.0,0.0,0.0,0.0,0.0,0.0,benign
203.0,0.0,1.0,0.0,2.0,0.0,4.666666666666667,0.0,2.0,2.0,0.0,54.0,2.0,0.0,10.594810050208546,2.0,2.0,1.0,1.0,2.0,0.0,0.0,0.0,24.0,0.01409,1e-06,0.0065453903770134,64.0,95.5,5556.0,benign
13.0,0.0,1.0,0.0,1.0,0.0,32.666666666666664,0.0,3.0,3.0,0.0,54.0,2.0,0.0,10.5,2.0,2.0,2.0,2.0,1.0,0.0,0.0,0.0,24.0,0.030986,0.0,0.0127071966100906,64.0,95.5,5646.0,benign
1.0,0.0,1.0,0.0,1.0,0.0,0.0,0.0,2.0,2.0,0.0,54.0,1.0,0.0,9.5,2.0,2.0,1.0,1.0,1.0,0.0,0.0,0.0,24.0,0.230018,0.0,0.115009,64.0,95.5,5558.0,benign
212.0,0.0,1.0,0.0,2.0,0.0,4.333333333333333,0.0,2.0,2.0,0.0,54.0,2.0,0.0,10.594810050208546,2.0,2.0,1.0,1.0,2.0,0.0,0.0,0.0,24.0,0.007602,0.0,0.0032064164869055,64.0,95.5,5632.0,benign
0.0,0.0,0.0,0.0,0.0,0.0,0.0,0.0,0.0,0.0,0.0,0.0,0.0,0.0,0.0,0.0,0.0,0.0,0.0,0.0,0.0,0.0,0.0,0.0,0.0,0.0,0.0,0.0,0.0,0.0,benign
0.0,0.0,0.0,0.0,0.0,0.0,497.0,0.0,2.0,3.0,0.0,60.0,1.0,180.0,0.0,1.0,1.0,1.0,1.0,0.0,0.0,0.0,0.0,0.0,0.018838,0.0,0.009419,255.0,0.0,0.0,benign
0.0,0.0,0.0,0.0,0.0,0.0,3.0,0.0,2.0,2.0,0.0,60.0,1.0,0.0,0.0,0.0,0.0,1.0,1.0,0.0,0.0,0.0,0.0,0.0,0.003336,0.002836,0.0002499999999999,0.0,0.0,0.0,benign
0.0,0.0,0.0,0.0,0.0,0.0,0.0,0.0,0.0,0.0,0.0,0.0,0.0,0.0,0.0,0.0,0.0,0.0,0.0,0.0,0.0,0.0,0.0,0.0,0.0,0.0,0.0,0.0,0.0,0.0,benign
0.0,0.0,0.0,0.0,0.0,0.0,0.0,0.0,0.0,0.0,0.0,0.0,0.0,0.0,0.0,0.0,0.0,0.0,0.0,0.0,0.0,0.0,0.0,0.0,0.0,0.0,0.0,0.0,0.0,0.0,benign
0.0,0.0,0.1428571428571428,0.0,0.1428571428571428,0.0,4.631159420289855,0.0,0.5714285714285714,0.5714285714285714,1460.0,60.0,98.71428571428572,0.0,0.4037863203757197,99.14285714285714,99.0,0.2857142857142857,0.4285714285714285,0.1428571428571428,98.28571428571428,98.42857142857144,0.0,24.0,0.078061083,3.2e-08,0.0038417727269568,37.0,103.61596228584736,1024.0,recon
0.0,0.0,0.0,0.0,0.0,0.0,0.0,0.0,0.0,0.0,0.0,0.0,0.0,0.0,0.0,0.0,0.0,0.0,0.0,0.0,0.0,0.0,0.0,0.0,0.0,0.0,0.0,0.0,0.0,0.0,benign
211.0,0.0,1.0,0.0,2.0,0.0,1.3333333333333333,0.0,2.0,2.0,0.0,54.0,2.0,0.0,10.594810050208546,2.0,2.0,1.0,1.0,2.0,0.0,0.0,0.0,24.0,0.020168,0.0003,0.0082930477057593,64.0,95.5,5576.0,benign
0.0,0.0,0.0,0.0,0.0,0.0,0.0,0.0,0.0,0.0,0.0,0.0,0.0,0.0,0.0,0.0,0.0,0.0,0.0,0.0,0.0,0.0,0.0,0.0,0.0,0.0,0.0,0.0,0.0,0.0,benign
0.0,0.0,0.0,0.0,0.0,0.0,0.0,0.0,0.0,0.0,0.0,0.0,0.0,0.0,0.0,0.0,0.0,0.0,0.0,0.0,0.0,0.0,0.0,0.0,0.0,0.0,0.0,0.0,0.0,0.0,benign
1023.0,0.0,1.0,0.0,1.0,0.0,0.0,0.0,2.0,2.0,0.0,54.0,1.0,0.0,9.0,2.0,2.0,1.0,1.0,1.0,0.0,0.0,0.0,24.0,0.069496,0.0,0.034748,64.0,95.5,5636.0,benign
0.0,0.0,0.0,0.0,0.0,0.0,0.0,0.0,0.0,0.0,0.0,0.0,0.0,0.0,0.0,0.0,0.0,0.0,0.0,0.0,0.0,0.0,0.0,0.0,0.0,0.0,0.0,0.0,0.0,0.0,benign
0.0,0.0,0.0,0.0,0.0,0.0,0.0,0.0,0.0,0.0,0.0,0.0,0.0,0.0,0.0,0.0,0.0,0.0,0.0,0.0,0.0,0.0,0.0,0.0,0.0,0.0,0.0,0.0,0.0,0.0,benign
0.0,0.0,0.0,0.0,0.0,0.0,0.0,0.0,0.0,0.0,0.0,0.0,0.0,0.0,0.0,0.0,0.0,0.0,0.0,0.0,0.0,0.0,0.0,0.0,0.0,0.0,0.0,0.0,0.0,0.0,benign
144.0,11.24444307202451,1.0,132.71428571428572,8.0,0.0,54.588235294117645,0.0,3.0,3.0,0.0,54.0,9.0,0.0,10.5,2.0,2.0,2.0,2.0,8.0,0.0,0.0,0.0,24.0,0.096474,0.0,0.0259094006004041,64.0,95.5,5612.0,benign
0.0,0.0,0.0,0.0,0.0,0.0,0.0,0.0,0.0,0.0,0.0,0.0,0.0,0.0,0.0,0.0,0.0,0.0,0.0,0.0,0.0,0.0,0.0,0.0,0.0,0.0,0.0,0.0,0.0,0.0,benign
-0.7,0.5880476171195662,2.0,0.0,2.0,0.0,1.0,0.0,2.0,2.0,0.0,54.0,2.0,0.0,19.327585352432298,2.0,2.0,1.0,1.0,1.0,0.0,0.0,0.0,24.0,0.115074,0.0,0.0542464038255071,64.0,90.03826347108705,5574.0,benign
0.0,0.0,0.0,0.0,0.0,0.0,0.0,0.0,1.0,2.0,0.0,214.0,0.0,180.0,0.0,1.0,1.0,0.0,1.0,0.0,0.0,0.0,0.0,0.0,0.004316,0.004316,0.0,255.0,0.0,0.0,benign
0.0,0.0,0.0,0.0,0.0,0.0,0.0,0.0,0.0,2.0,0.0,198.0,0.0,0.0,0.0,0.0,0.0,0.0,1.0,0.0,0.0,0.0,0.0,0.0,0.020106,0.020106,0.0,0.0,0.0,0.0,benign
4.0,0.0,1.0,0.0,1.0,0.0,0.0,0.0,2.0,2.0,0.0,54.0,1.0,0.0,7.5,2.0,2.0,1.0,1.0,1.0,0.0,0.0,0.0,24.0,0.013306,1e-06,0.0066525,64.0,95.5,5550.0,benign
0.0,0.0,0.0,0.0,0.0,0.0,0.0136080272160544,0.0,2.0,2.142857142857143,0.0,60.0,36762.142857142855,0.0,40.14785058191229,1.5714285714285714,1.5714285714285714,0.5714285714285714,0.5714285714285714,10.571428571428571,0.0,0.0,0.0,24.0,0.001086778,2.5e-08,6.480214832830391e-05,64.0,2.2900909599135484,5114.0,mitm
0.0,0.0,0.0,0.0,0.0,0.0,0.0,0.0,2.0,2.0,0.0,60.0,1.0,0.0,0.0,0.0,0.0,1.0,1.0,0.0,0.0,0.0,0.0,0.0,0.02254,0.000297,0.0111215,0.0,0.0,0.0,benign
0.0,0.0,0.0,0.0,0.0,0.0,0.0,0.0,1.0,2.0,0.0,214.0,0.0,180.0,0.0,1.0,1.0,0.0,1.0,0.0,0.0,0.0,0.0,0.0,0.020515,0.020515,0.0,255.0,0.0,0.0,benign
0.0,0.0,0.0,0.0,0.0,0.0,0.0,0.0,0.0,0.0,0.0,0.0,0.0,0.0,0.0,0.0,0.0,0.0,0.0,0.0,0.0,0.0,0.0,0.0,0.0,0.0,0.0,0.0,0.0,0.0,benign
0.0,0.0,0.0,0.0,0.0,0.0,0.0,0.0,1.0,2.0,0.0,60.0,0.0,0.0,0.0,0.0,0.0,0.0,1.0,0.0,0.0,0.0,0.0,0.0,0.008621,0.008621,0.0,0.0,0.0,0.0,benign
0.0,0.0,0.0,0.0,0.0,0.0,0.0,0.0,0.0,0.0,0.0,0.0,0.0,0.0,0.0,0.0,0.0,0.0,0.0,0.0,0.0,0.0,0.0,0.0,0.0,0.0,0.0,0.0,0.0,0.0,benign
0.0,0.0,0.0,0.0,0.0,0.0,0.0,0.0,0.0,0.0,0.0,0.0,0.0,0.0,0.0,0.0,0.0,0.0,0.0,0.0,0.0,0.0,0.0,0.0,0.0,0.0,0.0,0.0,0.0,0.0,benign
0.0,0.0,0.0,0.0,0.0,0.0,0.0,0.0,0.0,0.0,0.0,0.0,0.0,0.0,0.0,0.0,0.0,0.0,0.0,0.0,0.0,0.0,0.0,0.0,0.0,0.0,0.0,0.0,0.0,0.0,benign
0.0,0.0,0.0,0.0,0.0,0.0,0.0,0.0,0.0,0.0,0.0,0.0,0.0,0.0,0.0,0.0,0.0,0.0,0.0,0.0,0.0,0.0,0.0,0.0,0.0,0.0,0.0,0.0,0.0,0.0,benign
0.0,0.0,0.0,0.0,0.0,0.0,0.0,0.0,0.0,0.0,0.0,0.0,0.0,0.0,0.0,0.0,0.0,0.0,0.0,0.0,0.0,0.0,0.0,0.0,0.0,0.0,0.0,0.0,0.0,0.0,benign
0.0,0.0,0.0,0.0,0.0,0.0,0.0,0.0,0.0,2.0,0.0,198.0,0.0,0.0,0.0,0.0,0.0,0.0,1.0,0.0,0.0,0.0,0.0,0.0,0.050177,0.050177,0.0,0.0,0.0,0.0,benign
0.0,0.0,0.0,0.0,0.0,0.0,0.6180997876857749,0.0,0.2857142857142857,0.2857142857142857,1460.0,60.0,802.1428571428571,0.0,0.0,143.71428571428572,143.71428571428572,0.1428571428571428,0.2857142857142857,0.0,812.1428571428571,802.1428571428571,0.0,20.0,0.10684752,2.6e-08,0.0021522252164462,37.0,9.23561261949405,0.0,recon
0.0,0.0,0.0,0.0,0.0,0.0,0.0,0.0,1.0,2.0,0.0,60.0,0.0,0.0,0.0,0.0,0.0,0.0,1.0,0.0,0.0,0.0,0.0,0.0,0.039584,0.039584,0.0,0.0,0.0,0.0,benign
0.0,0.0,0.0,0.0,0.0,0.0,0.0,0.0,0.0,0.0,0.0,0.0,0.0,0.0,0.0,0.0,0.0,0.0,0.0,0.0,0.0,0.0,0.0,0.0,0.0,0.0,0.0,0.0,0.0,0.0,benign
0.0,0.0,0.0,0.0,0.0,0.0,2.0,0.0,2.0,2.0,0.0,60.0,1.0,0.0,0.0,0.0,0.0,1.0,1.0,0.0,0.0,0.0,0.0,0.0,0.01144,0.0,0.00572,0.0,0.0,0.0,benign
0.0,0.0,0.0,0.0,0.0,0.0,0.0,0.0,0.0,0.0,0.0,0.0,0.0,0.0,0.0,0.0,0.0,0.0,0.0,0.0,0.0,0.0,0.0,0.0,0.0,0.0,0.0,0.0,0.0,0.0,benign
2.0,0.0,1.0,0.0,1.0,0.0,0.0,0.0,2.0,2.0,0.0,54.0,1.0,0.0,8.5,2.0,2.0,1.0,1.0,1.0,0.0,0.0,0.0,24.0,0.005187,0.0,0.0025935,64.0,95.5,5624.0,benign
0.0,0.0,0.0,0.0,0.0,0.0,0.0,0.0,0.0,0.0,0.0,0.0,0.0,0.0,0.0,0.0,0.0,0.0,0.0,0.0,0.0,0.0,0.0,0.0,0.0,0.0,0.0,0.0,0.0,0.0,benign
0.0,0.0,0.0,0.0,0.0,0.0,2.0,0.0,2.0,2.0,0.0,60.0,1.0,0.0,0.0,0.0,0.0,1.0,1.0,0.0,0.0,0.0,0.0,0.0,0.028458,0.002813,0.0128225,0.0,0.0,0.0,benign
0.0,0.0,0.0,0.0,0.0,0.0,0.0,0.0,0.0,0.0,0.0,0.0,0.0,0.0,0.0,0.0,0.0,0.0,0.0,0.0,0.0,0.0,0.0,0.0,0.0,0.0,0.0,0.0,0.0,0.0,benign
0.0,0.0,0.0,0.0,0.0,0.0,0.0,0.0,0.0,0.0,0.0,0.0,0.0,0.0,0.0,0.0,0.0,0.0,0.0,0.0,0.0,0.0,0.0,0.0,0.0,0.0,0.0,0.0,0.0,0.0,benign
1023.0,0.0,1.0,0.0,1.0,0.0,0.0,0.0,2.0,2.0,0.0,54.0,1.0,0.0,9.0,2.0,2.0,1.0,1.0,1.0,0.0,0.0,0.0,24.0,0.008991,0.0,0.0044955,64.0,95.5,5616.0,benign
0.0,0.0,0.0,0.0,0.0,0.0,0.0,0.0,0.0,0.0,0.0,0.0,0.0,0.0,0.0,0.0,0.0,0.0,0.0,0.0,0.0,0.0,0.0,0.0,0.0,0.0,0.0,0.0,0.0,0.0,benign
919.0,0.0,2.0,0.0,3.0,0.0,154.0,0.0,3.0,3.0,0.0,54.0,3.0,0.0,22.93877721239735,2.0,2.0,2.0,2.0,2.0,0.0,0.0,0.0,24.0,0.026994,0.0,0.0100859334512643,64.0,95.5,5550.0,benign
209.0,0.0,1.0,0.0,2.0,0.0,1.0,0.0,2.0,2.0,0.0,54.0,2.0,0.0,10.594810050208546,2.0,2.0,1.0,1.0,2.0,0.0,0.0,0.0,24.0,0.009928,0.0,0.0039884744890747,64.0,95.5,5590.0,benign
0.0,0.0,0.0,0.0,0.0,0.0,0.0,0.0,0.0,0.0,0.0,0.0,0.0,0.0,0.0,0.0,0.0,0.0,0.0,0.0,0.0,0.0,0.0,0.0,0.0,0.0,0.0,0.0,0.0,0.0,benign
0.0,0.0,0.0,0.0,0.0,0.0,0.0,0.0,0.0,0.0,0.0,0.0,0.0,0.0,0.0,0.0,0.0,0.0,0.0,0.0,0.0,0.0,0.0,0.0,0.0,0.0,0.0,0.0,0.0,0.0,benign
0.0,0.0,0.0,0.0,0.0,0.0,0.0,0.0,0.0,0.0,0.0,0.0,0.0,0.0,0.0,0.0,0.0,0.0,0.0,0.0,0.0,0.0,0.0,0.0,0.0,0.0,0.0,0.0,0.0,0.0,benign
0.0,0.0,0.0,0.0,0.0,0.0,0.0,0.0,0.0,0.0,0.0,0.0,0.0,0.0,0.0,0.0,0.0,0.0,0.0,0.0,0.0,0.0,0.0,0.0,0.0,0.0,0.0,0.0,0.0,0.0,benign
0.0,0.0,0.0,0.0,0.0,6777.571428571428,0.0793066334334107,0.0,3.4285714285714284,4.428571428571429,0.0,60.0,11768.57142857143,0.0,447.4821113393967,796.5714285714286,4316.571428571428,1.0,0.4285714285714285,0.2857142857142857,837.1428571428571,0.0,0.0,24.0,0.004199817,2.6e-08,0.0001457867146565,61.0,0.6432702891268106,0.0,dos
14.0,0.0,1.0,0.0,1.0,0.0,4.0,0.0,3.0,3.0,0.0,54.0,2.0,0.0,8.0,2.0,2.0,2.0,2.0,1.0,0.0,0.0,0.0,24.0,0.009611,0.0,0.0040242180917539,64.0,95.5,5582.0,benign
0.0,0.0,1.0,0.0,1.0,0.0,0.0,0.0,2.0,2.0,0.0,54.0,1.0,0.0,7.5,2.0,2.0,1.0,1.0,1.0,0.0,0.0,0.0,24.0,0.112833,1e-06,0.056416,64.0,95.5,5550.0,benign
0.0,0.0,0.0,0.0,0.0,0.0,0.0,0.0,0.0,0.0,0.0,0.0,0.0,0.0,0.0,0.0,0.0,0.0,0.0,0.0,0.0,0.0,0.0,0.0,0.0,0.0,0.0,0.0,0.0,0.0,benign
0.0,0.0,0.0,0.0,0.0,0.0,0.0,0.0,0.0,0.0,0.0,0.0,0.0,0.0,0.0,0.0,0.0,0.0,0.0,0.0,0.0,0.0,0.0,0.0,0.0,0.0,0.0,0.0,0.0,0.0,benign
0.0,0.0,0.0,0.0,0.0,0.0,0.0,0.0,0.0,0.0,0.0,0.0,0.0,0.0,0.0,0.0,0.0,0.0,0.0,0.0,0.0,0.0,0.0,0.0,0.0,0.0,0.0,0.0,0.0,0.0,benign
911.0,0.0,2.0,0.0,3.0,0.0,56.0,0.0,3.0,3.0,0.0,54.0,3.0,0.0,22.93877721239735,2.0,2.0,2.0,2.0,2.0,0.0,0.0,0.0,24.0,0.026392,0.0,0.0104540381737818,64.0,95.5,5602.0,benign
0.0,0.0,0.0,0.0,0.0,0.0,18.27083333333333,0.0,13.0,13.0,0.0,54.0,24.0,0.0,387.67259477865775,14.0,14.0,4.0,3.0,23.0,0.0,0.0,0.0,24.0,0.074526,0.0,0.0211562051552398,61.0,95.07464842533231,660.0,benign
0.0,0.0,0.0,0.0,0.0,0.0,0.0,0.0,0.0,0.0,0.0,0.0,0.0,0.0,0.0,0.0,0.0,0.0,0.0,0.0,0.0,0.0,0.0,0.0,0.0,0.0,0.0,0.0,0.0,0.0,benign
0.0,0.0,0.0,0.0,0.0,0.0,0.0,0.0,1.0,2.0,0.0,214.0,0.0,180.0,0.0,1.0,1.0,0.0,1.0,0.0,0.0,0.0,0.0,0.0,0.006235,0.006235,0.0,255.0,0.0,0.0,benign
0.0,0.0,0.0,0.0,0.0,0.0,25.0625,0.0,11.0,11.0,0.0,54.0,16.0,0.0,388.3918883719999,12.0,12.0,3.0,2.0,16.0,0.0,0.0,0.0,24.0,0.15067,0.0,0.029274139550473,61.0,94.55609885690954,660.0,benign
0.0,0.0,0.0,0.0,0.0,0.0,0.0,0.0,0.0,0.0,0.0,0.0,0.0,0.0,0.0,0.0,0.0,0.0,0.0,0.0,0.0,0.0,0.0,0.0,0.0,0.0,0.0,0.0,0.0,0.0,benign
1023.0,0.0,1.0,0.0,1.0,0.0,49.2,0.0,2.0,2.0,0.0,54.0,3.0,0.0,6.472162612982533,2.0,2.0,2.0,2.0,3.0,0.0,0.0,0.0,24.0,0.031779,0.0,0.0114610934142428,64.0,95.5,5558.0,benign
1023.0,0.0,1.0,0.0,1.0,0.0,0.0,0.0,2.0,2.0,0.0,54.0,1.0,0.0,9.0,2.0,2.0,1.0,1.0,1.0,0.0,0.0,0.0,24.0,0.086668,0.0,0.043334,64.0,95.5,5610.0,benign
0.0,0.0,0.0,0.0,0.0,0.0,64.4,2.0,4.0,3.0,0.0,66.0,3.0,0.0,805.3621166213921,4.0,4.0,3.0,3.0,2.0,0.0,0.0,0.0,24.0,0.086872,0.0,0.0315243814724765,54.0,3.4359213546813545,660.0,benign
0.0,0.0,0.0,0.0,0.0,0.0,594.875,0.0,0.2857142857142857,0.7142857142857143,0.0,60.0,1.1428571428571428,180.0,0.0,0.1428571428571428,0.1428571428571428,0.1428571428571428,0.1428571428571428,0.0,0.0,0.0,0.0,0.0,1.7235e-05,3.3e-08,5.680667194773672e-06,255.0,0.0,0.0,ddos
0.0,0.0,0.0,0.0,0.0,0.0,0.0,0.0,0.0,0.0,0.0,0.0,0.0,0.0,0.0,0.0,0.0,0.0,0.0,0.0,0.0,0.0,0.0,0.0,0.0,0.0,0.0,0.0,0.0,0.0,benign
0.0,0.0,0.0,0.0,0.0,0.0,0.0,0.0,0.0,0.0,0.0,0.0,0.0,0.0,0.0,0.0,0.0,0.0,0.0,0.0,0.0,0.0,0.0,0.0,0.0,0.0,0.0,0.0,0.0,0.0,benign
911.0,0.0,2.0,0.0,3.0,0.0,1.0,0.0,2.0,2.0,0.0,54.0,2.0,0.0,22.93877721239735,2.0,2.0,1.0,1.0,2.0,0.0,0.0,0.0,24.0,0.001586,0.000305,0.0006253379086541,64.0,95.5,5602.0,benign
0.0,0.0,0.0,0.0,0.0,0.0,0.0,0.0,0.0,0.0,0.0,0.0,0.0,0.0,0.0,0.0,0.0,0.0,0.0,0.0,0.0,0.0,0.0,0.0,0.0,0.0,0.0,0.0,0.0,0.0,benign
11.0,0.0,1.0,0.0,1.0,0.0,0.0,0.0,2.0,2.0,0.0,54.0,1.0,0.0,10.5,2.0,2.0,1.0,1.0,1.0,0.0,0.0,0.0,24.0,0.013275,0.0,0.0066375,64.0,95.5,5630.0,benign
0.0,0.0,0.0,0.0,0.0,0.0,22.666666666666668,2.0,4.0,3.0,1460.0,66.0,8.0,0.0,551.3211263637554,5.0,4.0,3.0,4.0,5.0,0.0,2.0,0.0,24.0,0.037037,0.0,0.0090175406758075,61.0,0.9921567416492216,453.0,benign
0.0,0.0,0.0,0.0,0.0,0.0,0.0,0.0,0.0,0.0,0.0,0.0,0.0,0.0,0.0,0.0,0.0,0.0,0.0,0.0,0.0,0.0,0.0,0.0,0.0,0.0,0.0,0.0,0.0,0.0,benign
0.0,0.0,1.0,0.0,1.0,0.0,0.0,0.0,2.0,2.0,0.0,54.0,1.0,0.0,7.5,2.0,2.0,1.0,1.0,1.0,0.0,0.0,0.0,24.0,0.040237,1e-06,0.020118,64.0,95.5,5606.0,benign
0.0,0.0,0.0,0.0,0.0,0.0,0.0,0.0,0.0,0.0,0.0,0.0,0.0,0.0,0.0,0.0,0.0,0.0,0.0,0.0,0.0,0.0,0.0,0.0,0.0,0.0,0.0,0.0,0.0,0.0,benign
0.0,0.0,0.0,0.0,0.0,0.0,0.0,0.0,1.0,2.0,0.0,60.0,0.0,0.0,0.0,0.0,0.0,0.0,1.0,0.0,0.0,0.0,0.0,0.0,0.010663,0.010663,0.0,0.0,0.0,0.0,benign
0.0,0.0,0.0,0.0,0.0,0.0,0.0,0.0,0.1428571428571428,0.2857142857142857,0.0,214.0,0.0,180.0,0.0,0.1428571428571428,0.1428571428571428,0.0,0.1428571428571428,0.0,0.0,0.0,0.0,0.0,0.001506008,0.001506008,0.0,255.0,0.0,0.0,recon
0.0,0.0,0.0,0.0,0.0,6900.571428571428,0.0848238088313702,0.0,0.1428571428571428,0.8571428571428571,0.0,362.0,11789.285714285714,328.0,488.2832924212775,567.0,546.0,1.0,0.0,0.0,0.0,0.0,0.0,0.0,0.001709896,2.3e-08,0.0001346489595732,64.0,0.0,0.0,ddos
0.0,0.0,1.0,0.0,1.0,0.0,43.66666666666666,0.0,3.0,3.0,0.0,54.0,2.0,0.0,8.0,2.0,2.0,2.0,2.0,1.0,0.0,0.0,0.0,24.0,0.024908,0.0,0.0109829086994293,64.0,95.5,5546.0,benign
0.0,0.0,0.0,0.0,0.0,0.0,0.0,0.0,0.0,0.0,0.0,0.0,0.0,0.0,0.0,0.0,0.0,0.0,0.0,0.0,0.0,0.0,0.0,0.0,0.0,0.0,0.0,0.0,0.0,0.0,benign
0.0,0.0,0.0,0.0,0.0,0.0,0.0,0.0,0.0,0.0,0.0,0.0,0.0,0.0,0.0,0.0,0.0,0.0,0.0,0.0,0.0,0.0,0.0,0.0,0.0,0.0,0.0,0.0,0.0,0.0,benign
1023.0,0.0,1.0,0.0,1.0,0.0,0.0,0.0,2.0,2.0,0.0,54.0,1.0,0.0,9.0,2.0,2.0,1.0,1.0,1.0,0.0,0.0,0.0,24.0,0.049434,0.0,0.024717,64.0,95.5,5620.0,benign
0.0,0.0,0.0,0.0,0.0,0.0,0.0,0.0,0.0,0.0,0.0,0.0,0.0,0.0,0.0,0.0,0.0,0.0,0.0,0.0,0.0,0.0,0.0,0.0,0.0,0.0,0.0,0.0,0.0,0.0,benign
0.0,0.0,0.0,0.0,0.0,0.0,0.0,0.0,0.0,2.0,0.0,198.0,0.0,0.0,0.0,0.0,0.0,0.0,1.0,0.0,0.0,0.0,0.0,0.0,0.042522,0.042522,0.0,0.0,0.0,0.0,benign
0.0,0.0,0.0,0.0,0.0,6701.142857142857,0.0807251424222155,0.0,0.1428571428571428,0.2857142857142857,0.0,362.0,12387.857142857143,328.0,330.1098597049174,0.0,0.0,0.1428571428571428,0.0,0.0,0.0,0.0,0.0,0.0,0.001275021,2.6e-08,0.0001595872030012,64.0,0.0,0.0,dos
3.0,0.0,1.0,0.0,1.0,0.0,0.0,0.0,2.0,2.0,0.0,54.0,1.0,0.0,8.5,2.0,2.0,1.0,1.0,1.0,0.0,0.0,0.0,24.0,0.017347,0.0,0.0086735,64.0,95.5,5584.0,benign
0.0,0.0,0.0,0.0,0.0,0.0,2.0,0.0,2.0,2.0,0.0,60.0,1.0,0.0,0.0,0.0,0.0,1.0,1.0,0.0,0.0,0.0,0.0,0.0,0.03001,0.001896,0.014057,0.0,0.0,0.0,benign
0.0,0.0,0.0,0.0,0.0,0.0,15.160714285714286,0.0,14.0,14.0,0.0,54.0,28.0,0.0,400.9085895688475,15.0,15.0,4.0,3.0,27.0,0.0,0.0,0.0,24.0,0.113779,0.0,0.0234120560196668,61.0,95.20574328116454,660.0,benign
0.0,0.0,0.0,0.0,0.0,0.0,0.0,0.0,1.0,2.0,0.0,54.0,0.0,0.0,0.0,1.0,1.0,0.0,1.0,0.0,0.0,0.0,0.0,16.0,0.007237,0.007237,0.0,255.0,0.0,5574.0,benign
-0.7,0.588179866669674,2.0,0.0,2.0,0.0,1.0,0.0,2.0,2.0,0.0,54.0,2.0,0.0,19.327585352432298,2.0,2.0,1.0,1.0,1.0,0.0,0.0,0.0,24.0,0.067538,0.0,0.0318377185251846,64.0,90.03826347108705,5548.0,benign
0.0,0.0,0.0,0.0,0.0,0.0,0.0,0.0,0.0,0.0,0.0,0.0,0.0,0.0,0.0,0.0,0.0,0.0,0.0,0.0,0.0,0.0,0.0,0.0,0.0,0.0,0.0,0.0,0.0,0.0,benign
1023.0,0.0,0.2857142857142857,0.0,0.5714285714285714,0.0,2.360402443406396,0.0,0.5714285714285714,0.5714285714285714,1460.0,60.0,218.42857142857144,0.0,1.8428659339038784,144.14285714285714,143.85714285714286,0.2857142857142857,0.4285714285714285,0.2857142857142857,178.28571428571428,217.7142857142857,0.0,24.0,0.080023103,2.9e-08,0.0025031084721781,37.0,103.19621693210055,1024.0,recon
0.0,0.0,0.0,0.0,0.0,0.0,0.0,0.0,0.0,0.0,0.0,0.0,0.0,0.0,0.0,0.0,0.0,0.0,0.0,0.0,0.0,0.0,0.0,0.0,0.0,0.0,0.0,0.0,0.0,0.0,benign
0.0,0.0,0.0,0.0,0.0,0.0,0.0,0.0,0.0,0.0,0.0,0.0,0.0,0.0,0.0,0.0,0.0,0.0,0.0,0.0,0.0,0.0,0.0,0.0,0.0,0.0,0.0,0.0,0.0,0.0,benign
0.0,0.0,0.0,0.0,0.0,0.0,0.0,0.0,1.0,2.0,0.0,54.0,0.0,0.0,0.0,1.0,1.0,0.0,1.0,0.0,0.0,0.0,0.0,16.0,0.069264,0.069264,0.0,255.0,0.0,5576.0,benign
0.0,0.0,0.0,0.0,0.0,0.0,0.0,0.0,0.0,0.0,0.0,0.0,0.0,0.0,0.0,0.0,0.0,0.0,0.0,0.0,0.0,0.0,0.0,0.0,0.0,0.0,0.0,0.0,0.0,0.0,benign
0.0,0.0,0.0,0.0,0.0,0.0,0.0,0.0,0.0,0.0,0.0,0.0,0.0,0.0,0.0,0.0,0.0,0.0,0.0,0.0,0.0,0.0,0.0,0.0,0.0,0.0,0.0,0.0,0.0,0.0,benign
-0.69,0.5840281576164704,2.0,0.0,2.0,0.0,2.0,0.0,2.0,2.0,0.0,54.0,2.0,0.0,19.327585352432298,2.0,2.0,1.0,1.0,1.0,0.0,0.0,0.0,24.0,0.006481,0.0,0.0030549370242645,64.0,90.03826347108705,5564.0,benign
0.0,0.0,0.0,0.0,0.0,0.0,0.0,0.0,1.0,2.0,0.0,230.0,0.0,196.0,0.0,1.0,1.0,0.0,1.0,0.0,0.0,0.0,0.0,0.0,0.110634,0.110634,0.0,255.0,0.0,0.0,benign
0.0,0.0,0.0,0.0,0.0,0.0,0.0,0.0,0.0,2.0,0.0,198.0,0.0,0.0,0.0,0.0,0.0,0.0,1.0,0.0,0.0,0.0,0.0,0.0,0.001179,0.001179,0.0,0.0,0.0,0.0,benign
117.0,0.0,1.0,0.0,2.0,0.0,0.6666666666666666,0.0,2.0,2.0,0.0,54.0,2.0,0.0,11.0227038425243,2.0,2.0,1.0,1.0,2.0,0.0,0.0,0.0,24.0,0.024953,0.0,0.0106175541527933,64.0,95.5,5620.0,benign
0.0,0.0,0.0,0.0,0.0,0.0,0.0,0.0,0.0,0.0,0.0,0.0,0.0,0.0,0.0,0.0,0.0,0.0,0.0,0.0,0.0,0.0,0.0,0.0,0.0,0.0,0.0,0.0,0.0,0.0,benign
0.0,0.0,0.0,0.0,0.0,0.0,0.0,0.0,0.0,0.0,0.0,0.0,0.0,0.0,0.0,0.0,0.0,0.0,0.0,0.0,0.0,0.0,0.0,0.0,0.0,0.0,0.0,0.0,0.0,0.0,benign
22.3,0.0,1.0,0.0,7.0,0.0,1.2,0.0,2.0,2.0,0.0,54.0,3.0,0.0,61.98498922230196,2.0,2.0,1.0,1.0,3.0,0.0,0.0,0.0,24.0,0.004038,0.0,0.0015741163041176,64.0,95.5,5608.0,benign
0.0,0.0,0.0,0.0,0.0,0.0,0.0,0.0,1.0,2.0,0.0,230.0,0.0,196.0,0.0,1.0,1.0,0.0,1.0,0.0,0.0,0.0,0.0,0.0,0.011707,0.011707,0.0,255.0,0.0,0.0,benign
12.0,0.0,1.0,0.0,1.0,0.0,0.0,0.0,2.0,2.0,0.0,54.0,1.0,0.0,10.5,2.0,2.0,1.0,1.0,1.0,0.0,0.0,0.0,24.0,0.016813,0.0,0.0084065,64.0,95.5,5566.0,benign
0.0,0.0,0.0,0.0,0.0,0.0,0.0,0.0,0.0,2.0,0.0,198.0,0.0,0.0,0.0,0.0,0.0,0.0,1.0,0.0,0.0,0.0,0.0,0.0,0.135309,0.135309,0.0,0.0,0.0,0.0,benign
0.0,0.0,0.0,0.0,0.0,0.0,53.0,0.0,2.0,2.0,0.0,60.0,1.0,0.0,0.0,0.0,0.0,1.0,1.0,0.0,0.0,0.0,0.0,0.0,0.028716,0.000906,0.0139049999999999,0.0,0.0,0.0,benign
0.0,0.0,1.0,0.0,1.0,0.0,0.0,0.0,2.0,2.0,0.0,54.0,1.0,0.0,8.5,2.0,2.0,1.0,1.0,1.0,0.0,0.0,0.0,24.0,0.11951,0.0,0.059755,64.0,95.5,5578.0,benign
0.0,0.0,0.0,0.0,0.0,0.0,0.0,0.0,0.0,0.0,0.0,0.0,0.0,0.0,0.0,0.0,0.0,0.0,0.0,0.0,0.0,0.0,0.0,0.0,0.0,0.0,0.0,0.0,0.0,0.0,benign
0.0,0.0,0.0,0.0,0.0,0.0,0.0,0.0,0.0,0.0,0.0,0.0,0.0,0.0,0.0,0.0,0.0,0.0,0.0,0.0,0.0,0.0,0.0,0.0,0.0,0.0,0.0,0.0,0.0,0.0,benign
0.0,0.0,0.0,0.0,0.0,0.0,2.0,2.0,2.0,2.0,0.0,66.0,2.0,0.0,1125.2373916200972,2.0,2.0,2.0,2.0,2.0,0.0,0.0,0.0,24.0,0.005454,0.000302,0.0025041482084732,61.0,1.5,660.0,benign
0.0,0.0,0.0,0.0,0.0,0.0,0.0,0.0,0.0,0.0,0.0,0.0,0.0,0.0,0.0,0.0,0.0,0.0,0.0,0.0,0.0,0.0,0.0,0.0,0.0,0.0,0.0,0.0,0.0,0.0,benign
0.0,0.0,0.0,0.0,0.0,0.0,0.0,0.0,0.0,0.0,0.0,0.0,0.0,0.0,0.0,0.0,0.0,0.0,0.0,0.0,0.0,0.0,0.0,0.0,0.0,0.0,0.0,0.0,0.0,0.0,benign
-0.7,0.5880476171195662,2.0,0.0,2.0,0.0,1.5,0.0,2.0,2.0,0.0,54.0,2.0,0.0,19.327585352432298,2.0,2.0,1.0,1.0,1.0,0.0,0.0,0.0,24.0,0.011349,0.0,0.0053499699064574,64.0,90.03826347108705,5618.0,benign
0.0,0.0,0.0,0.0,0.0,0.0,0.0,0.0,1.0,2.0,0.0,230.0,0.0,196.0,0.0,1.0,1.0,0.0,1.0,0.0,0.0,0.0,0.0,0.0,0.0,0.0,0.0,255.0,0.0,0.0,benign
0.0,0.0,0.0,0.0,0.0,0.0,0.0,0.0,1.0,2.0,0.0,214.0,0.0,180.0,0.0,1.0,1.0,0.0,1.0,0.0,0.0,0.0,0.0,0.0,0.114485,0.114485,0.0,255.0,0.0,0.0,benign
0.0,0.0,0.0,0.0,0.0,0.0,0.0,0.0,0.0,0.0,0.0,0.0,0.0,0.0,0.0,0.0,0.0,0.0,0.0,0.0,0.0,0.0,0.0,0.0,0.0,0.0,0.0,0.0,0.0,0.0,benign
0.0,0.0,0.0,0.0,0.0,0.0,0.0,0.0,1.0,2.0,0.0,971.0,0.0,937.0,0.0,1.0,1.0,0.0,1.0,0.0,0.0,0.0,0.0,0.0,0.066247,0.066247,0.0,64.0,0.0,0.0,benign
0.0,0.0,0.0,0.0,0.0,0.0,0.0,0.0,0.0,0.0,0.0,0.0,0.0,0.0,0.0,0.0,0.0,0.0,0.0,0.0,0.0,0.0,0.0,0.0,0.0,0.0,0.0,0.0,0.0,0.0,benign
0.0,0.0,0.0,0.0,0.0,0.0,0.0,0.0,1.0,2.0,0.0,60.0,1.0,0.0,0.0,0.0,0.0,1.0,0.0,0.0,0.0,0.0,0.0,0.0,0.034191,0.034191,0.0,0.0,0.0,0.0,benign
0.0,0.0,0.0,0.0,0.0,0.0,0.0,0.0,0.0,0.0,0.0,0.0,0.0,0.0,0.0,0.0,0.0,0.0,0.0,0.0,0.0,0.0,0.0,0.0,0.0,0.0,0.0,0.0,0.0,0.0,benign
0.0,0.0,0.0,0.0,0.0,0.0,0.0,0.0,0.0,0.0,0.0,0.0,0.0,0.0,0.0,0.0,0.0,0.0,0.0,0.0,0.0,0.0,0.0,0.0,0.0,0.0,0.0,0.0,0.0,0.0,benign
1023.0,0.0,1.0,0.0,1.0,0.0,0.0,0.0,2.0,2.0,0.0,54.0,1.0,0.0,9.0,2.0,2.0,1.0,1.0,1.0,0.0,0.0,0.0,24.0,0.052838,0.0,0.026419,64.0,95.5,5594.0,benign
0.0,0.0,0.0,0.0,0.0,0.0,0.0,0.0,0.0,0.0,0.0,0.0,0.0,0.0,0.0,0.0,0.0,0.0,0.0,0.0,0.0,0.0,0.0,0.0,0.0,0.0,0.0,0.0,0.0,0.0,benign
0.0,0.0,0.0,0.0,0.0,0.0,77.0,0.0,2.0,2.0,0.0,60.0,1.0,0.0,0.0,0.0,0.0,1.0,1.0,0.0,0.0,0.0,0.0,0.0,0.030082,0.000501,0.0147905,0.0,0.0,0.0,benign
0.0,0.0,0.0,0.0,0.0,0.0,4.0,0.0,2.0,2.0,0.0,60.0,1.0,0.0,0.0,0.0,0.0,1.0,1.0,0.0,0.0,0.0,0.0,0.0,0.00379,0.000509,0.0016405,0.0,0.0,0.0,benign
0.0,0.0,0.0,0.0,0.0,0.0,0.0,0.0,0.0,0.0,0.0,0.0,0.0,0.0,0.0,0.0,0.0,0.0,0.0,0.0,0.0,0.0,0.0,0.0,0.0,0.0,0.0,0.0,0.0,0.0,benign
0.0,0.0,0.0,0.0,0.0,0.0,0.0,0.0,0.0,0.0,0.0,0.0,0.0,0.0,0.0,0.0,0.0,0.0,0.0,0.0,0.0,0.0,0.0,0.0,0.0,0.0,0.0,0.0,0.0,0.0,benign
0.0,0.0,0.0,0.0,0.0,0.0,0.0,0.0,0.0,0.0,0.0,0.0,0.0,0.0,0.0,0.0,0.0,0.0,0.0,0.0,0.0,0.0,0.0,0.0,0.0,0.0,0.0,0.0,0.0,0.0,benign
-0.7,0.5880476171195662,2.0,0.0,2.0,0.0,2.0,0.0,2.0,2.0,0.0,54.0,2.0,0.0,19.327585352432298,2.0,2.0,1.0,1.0,1.0,0.0,0.0,0.0,24.0,0.068449,0.0,0.0322671680436253,64.0,90.03826347108705,5614.0,benign
0.0,0.0,0.0,0.0,0.0,0.0,0.0,0.0,0.0,0.0,0.0,0.0,0.0,0.0,0.0,0.0,0.0,0.0,0.0,0.0,0.0,0.0,0.0,0.0,0.0,0.0,0.0,0.0,0.0,0.0,benign
0.0,0.0,0.0,0.0,0.0,0.0,0.0,0.0,0.0,0.0,0.0,0.0,0.0,0.0,0.0,0.0,0.0,0.0,0.0,0.0,0.0,0.0,0.0,0.0,0.0,0.0,0.0,0.0,0.0,0.0,benign
0.0,0.0,0.0,0.0,0.0,0.0,2.0,0.0,2.0,2.0,0.0,60.0,1.0,0.0,0.0,0.0,0.0,1.0,1.0,0.0,0.0,0.0,0.0,0.0,0.01066,0.002312,0.004174,0.0,0.0,0.0,benign
0.0,0.0,0.0,0.0,0.0,0.0,0.0,0.0,0.0,2.0,0.0,198.0,0.0,0.0,0.0,0.0,0.0,0.0,1.0,0.0,0.0,0.0,0.0,0.0,0.007351,0.007351,0.0,0.0,0.0,0.0,benign
0.0,0.0,0.0,0.0,0.0,0.0,0.0,0.0,0.0,0.0,0.0,0.0,0.0,0.0,0.0,0.0,0.0,0.0,0.0,0.0,0.0,0.0,0.0,0.0,0.0,0.0,0.0,0.0,0.0,0.0,benign
0.0,0.0,0.0,0.0,0.0,0.0,0.0,0.0,1.0,2.0,0.0,214.0,0.0,180.0,0.0,1.0,1.0,0.0,1.0,0.0,0.0,0.0,0.0,0.0,0.033145,0.033145,0.0,255.0,0.0,0.0,benign
0.0,0.0,0.0,0.0,0.0,0.0,15.428571428571429,2.0,3.0,5.0,1460.0,66.0,7.0,0.0,123.66215625197908,4.0,4.0,3.0,4.0,2.0,0.0,2.0,0.0,24.0,0.047172,0.0,0.0123385976393861,1.0,16.787569365667572,453.0,benign
0.0,0.0,0.0,0.0,0.0,0.0,0.0067480134960269,0.0,0.1428571428571428,1.1428571428571428,0.0,60.0,148141.2857142857,0.0,0.0,0.1428571428571428,9416.57142857143,0.2857142857142857,0.1428571428571428,0.0,148141.0,0.0,0.0,5.0,0.000494806,-3.8e-08,4.054304204889487e-05,64.0,0.0,512.0,ddos
910.0,0.0,2.0,0.0,3.0,0.0,0.6666666666666666,0.0,2.0,2.0,0.0,54.0,2.0,0.0,22.93877721239735,2.0,2.0,1.0,1.0,2.0,0.0,0.0,0.0,24.0,0.041315,1e-06,0.017604034139935,64.0,95.5,5564.0,benign
0.0,0.0,0.0,0.0,0.0,0.0,0.0,0.0,1.0,2.0,0.0,54.0,0.0,0.0,0.0,1.0,1.0,0.0,1.0,0.0,0.0,0.0,0.0,16.0,0.035509,0.035509,0.0,255.0,0.0,3690.0,benign
1023.0,0.0,1.0,0.0,1.0,0.0,1.0,0.0,2.0,2.0,0.0,54.0,1.0,0.0,9.0,2.0,2.0,1.0,1.0,1.0,0.0,0.0,0.0,24.0,0.057011,0.000288,0.0283615,64.0,95.5,5636.0,benign
0.0,0.0,0.0,0.0,0.0,0.0,125.6,0.0,4.0,3.0,0.0,54.0,3.0,0.0,881.2095380782031,4.0,4.0,2.0,2.0,3.0,0.0,0.0,0.0,24.0,0.049984,0.0,0.0181734089323445,61.0,86.88578070598714,660.0,benign
0.0,0.0,0.0,0.0,0.0,0.0,30.714285714285715,0.0,8.571428571428571,6.857142857142857,1460.0,60.0,15.571428571428571,0.0,512.6930816002031,6.285714285714286,6.428571428571429,0.8571428571428571,1.0,3.2857142857142856,1.2857142857142858,0.8571428571428571,0.0,24.0,0.028181258,3.3e-08,0.0047339820330481,2.0,43.83739774070352,0.0,malware
0.0,0.0,0.0,0.0,0.0,0.0,0.0,0.0,0.0,0.0,0.0,0.0,0.0,0.0,0.0,0.0,0.0,0.0,0.0,0.0,0.0,0.0,0.0,0.0,0.0,0.0,0.0,0.0,0.0,0.0,benign
0.0,0.0,0.0,0.0,0.0,0.0,0.0,0.0,0.0,0.0,0.0,0.0,0.0,0.0,0.0,0.0,0.0,0.0,0.0,0.0,0.0,0.0,0.0,0.0,0.0,0.0,0.0,0.0,0.0,0.0,benign
0.0,0.0,0.0,0.0,0.0,0.0,0.0,0.0,0.0,0.0,0.0,0.0,0.0,0.0,0.0,0.0,0.0,0.0,0.0,0.0,0.0,0.0,0.0,0.0,0.0,0.0,0.0,0.0,0.0,0.0,benign
0.0,0.0,0.0,0.0,0.0,0.0,0.038137578590653,0.0,2.4285714285714284,2.4285714285714284,0.0,60.0,26204.571428571428,0.0,1.2609679123950328,2.142857142857143,9416.57142857143,0.4285714285714285,0.4285714285714285,14.857142857142858,0.0,0.0,0.0,24.0,0.001477305,2.6e-08,0.0001150621245053,64.0,4.545277602826645,512.0,dos
914.0,0.0,2.0,0.0,3.0,0.0,0.0,0.0,2.0,2.0,0.0,54.0,1.0,0.0,28.0,2.0,2.0,1.0,1.0,1.0,0.0,0.0,0.0,24.0,0.007499,0.0,0.0037495,64.0,95.5,5636.0,benign
0.0,0.0,0.0,0.0,0.0,0.0,0.0,0.0,0.0,0.0,0.0,0.0,0.0,0.0,0.0,0.0,0.0,0.0,0.0,0.0,0.0,0.0,0.0,0.0,0.0,0.0,0.0,0.0,0.0,0.0,benign
0.0,0.0,0.0,0.0,0.0,0.0,0.0,0.0,0.0,0.0,0.0,0.0,0.0,0.0,0.0,0.0,0.0,0.0,0.0,0.0,0.0,0.0,0.0,0.0,0.0,0.0,0.0,0.0,0.0,0.0,benign
0.0,0.0,0.0,0.0,0.0,0.0,0.0,0.0,0.0,0.0,0.0,0.0,0.0,0.0,0.0,0.0,0.0,0.0,0.0,0.0,0.0,0.0,0.0,0.0,0.0,0.0,0.0,0.0,0.0,0.0,benign
1023.0,0.0,1.0,0.0,1.0,0.0,0.0,0.0,2.0,2.0,0.0,54.0,1.0,0.0,9.0,2.0,2.0,1.0,1.0,1.0,0.0,0.0,0.0,24.0,0.001575,1e-06,0.000787,64.0,95.5,5564.0,benign
0.0,0.0,0.0,0.0,0.0,4825.142857142857,0.1144894573935051,0.0,0.2857142857142857,0.4285714285714285,0.0,214.0,8353.857142857143,180.0,310.76472765839145,39.42857142857143,39.285714285714285,0.1428571428571428,0.1428571428571428,0.0,0.0,0.0,0.0,0.0,0.05332598,2.5e-08,0.0002736159390934,64.0,0.7898295871121918,0.0,dos
0.0,0.0,0.0,0.0,0.0,0.0,0.0,0.0,0.0,0.0,0.0,0.0,0.0,0.0,0.0,0.0,0.0,0.0,0.0,0.0,0.0,0.0,0.0,0.0,0.0,0.0,0.0,0.0,0.0,0.0,benign
0.0,0.0,0.0,0.0,0.0,0.0,0.0,0.0,0.0,0.0,0.0,0.0,0.0,0.0,0.0,0.0,0.0,0.0,0.0,0.0,0.0,0.0,0.0,0.0,0.0,0.0,0.0,0.0,0.0,0.0,benign
0.0,0.0,0.1428571428571428,0.0,0.1428571428571428,0.0,21.32398753894081,0.0,0.5714285714285714,0.5714285714285714,1460.0,60.0,23.0,0.0,0.8930285549745876,22.428571428571427,22.428571428571427,0.2857142857142857,0.4285714285714285,0.1428571428571428,22.714285714285715,22.714285714285715,0.0,24.0,0.018071088,3.3e-08,0.0013933745530017,37.0,103.63662178496556,1024.0,recon
0.0,0.0,0.0,0.0,0.0,0.0,0.3394133596253389,0.0,0.2857142857142857,0.2857142857142857,1460.0,60.0,1443.0,0.0,0.0,144.42857142857142,144.42857142857142,0.1428571428571428,0.2857142857142857,0.0,1453.428571428571,1443.0,0.0,20.0,0.047143636,2.7e-08,0.0008229219971746,37.0,9.2900943248297,0.0,recon
22.3,0.0,1.0,0.0,7.0,0.0,1.0,0.0,2.0,2.0,0.0,54.0,3.0,0.0,61.98498922230196,2.0,2.0,1.0,1.0,3.0,0.0,0.0,0.0,24.0,0.024228,0.0,0.0087293106575236,64.0,95.5,5628.0,benign
0.0,0.0,0.0,0.0,0.0,0.0,0.0,0.0,0.0,0.0,0.0,0.0,0.0,0.0,0.0,0.0,0.0,0.0,0.0,0.0,0.0,0.0,0.0,0.0,0.0,0.0,0.0,0.0,0.0,0.0,benign
0.0,0.0,0.0,0.0,0.0,0.0,0.0,0.0,0.0,0.0,0.0,0.0,0.0,0.0,0.0,0.0,0.0,0.0,0.0,0.0,0.0,0.0,0.0,0.0,0.0,0.0,0.0,0.0,0.0,0.0,benign
0.0,0.0,0.0,0.0,0.0,0.0,0.0,0.0,0.0,0.0,0.0,0.0,0.0,0.0,0.0,0.0,0.0,0.0,0.0,0.0,0.0,0.0,0.0,0.0,0.0,0.0,0.0,0.0,0.0,0.0,benign
0.0,0.0,0.0,0.0,0.0,0.0,0.0,0.0,0.0,0.0,0.0,0.0,0.0,0.0,0.0,0.0,0.0,0.0,0.0,0.0,0.0,0.0,0.0,0.0,0.0,0.0,0.0,0.0,0.0,0.0,benign
0.0,0.0,0.0,0.0,0.0,0.0,0.0,0.0,0.0,0.0,0.0,0.0,0.0,0.0,0.0,0.0,0.0,0.0,0.0,0.0,0.0,0.0,0.0,0.0,0.0,0.0,0.0,0.0,0.0,0.0,benign
0.0,0.0,0.0,0.0,0.0,0.0,0.0,0.0,0.0,0.0,0.0,0.0,0.0,0.0,0.0,0.0,0.0,0.0,0.0,0.0,0.0,0.0,0.0,0.0,0.0,0.0,0.0,0.0,0.0,0.0,benign
0.0,0.0,0.0,0.0,0.0,0.0,0.0,0.0,0.0,0.0,0.0,0.0,0.0,0.0,0.0,0.0,0.0,0.0,0.0,0.0,0.0,0.0,0.0,0.0,0.0,0.0,0.0,0.0,0.0,0.0,benign
0.0,0.0,0.0,0.0,0.0,0.0,0.0,0.0,0.0,0.0,0.0,0.0,0.0,0.0,0.0,0.0,0.0,0.0,0.0,0.0,0.0,0.0,0.0,0.0,0.0,0.0,0.0,0.0,0.0,0.0,benign
0.0,0.0,0.0,0.0,0.0,0.0,0.0,0.0,1.0,2.0,0.0,230.0,0.0,196.0,0.0,1.0,1.0,0.0,1.0,0.0,0.0,0.0,0.0,0.0,0.025866,0.025866,0.0,255.0,0.0,0.0,benign
0.0,0.0,0.0,0.0,0.0,0.0,0.0,0.0,0.0,0.0,0.0,0.0,0.0,0.0,0.0,0.0,0.0,0.0,0.0,0.0,0.0,0.0,0.0,0.0,0.0,0.0,0.0,0.0,0.0,0.0,benign
0.0,0.0,0.0,0.0,0.0,0.0,0.0,0.0,0.0,0.0,0.0,0.0,0.0,0.0,0.0,0.0,0.0,0.0,0.0,0.0,0.0,0.0,0.0,0.0,0.0,0.0,0.0,0.0,0.0,0.0,benign
0.0,0.0,0.0,0.0,0.0,0.0,0.0,0.0,0.0,0.0,0.0,0.0,0.0,0.0,0.0,0.0,0.0,0.0,0.0,0.0,0.0,0.0,0.0,0.0,0.0,0.0,0.0,0.0,0.0,0.0,benign
2.0,0.0,1.0,0.0,1.0,0.0,0.0,0.0,2.0,2.0,0.0,54.0,1.0,0.0,7.5,2.0,2.0,1.0,1.0,1.0,0.0,0.0,0.0,24.0,0.037321,0.0,0.0186605,64.0,95.5,5544.0,benign
0.0,0.0,0.0,0.0,0.0,0.0,0.0,0.0,0.0,0.0,0.0,0.0,0.0,0.0,0.0,0.0,0.0,0.0,0.0,0.0,0.0,0.0,0.0,0.0,0.0,0.0,0.0,0.0,0.0,0.0,benign
0.0,0.0,0.0,0.0,0.0,0.0,0.0,0.0,0.0,0.0,0.0,0.0,0.0,0.0,0.0,0.0,0.0,0.0,0.0,0.0,0.0,0.0,0.0,0.0,0.0,0.0,0.0,0.0,0.0,0.0,benign
0.0,0.0,0.0,0.0,0.0,0.0,0.0,0.0,0.0,0.0,0.0,0.0,0.0,0.0,0.0,0.0,0.0,0.0,0.0,0.0,0.0,0.0,0.0,0.0,0.0,0.0,0.0,0.0,0.0,0.0,benign
0.0,0.0,0.0,0.0,0.0,0.0,0.0,0.0,0.0,0.0,0.0,0.0,0.0,0.0,0.0,0.0,0.0,0.0,0.0,0.0,0.0,0.0,0.0,0.0,0.0,0.0,0.0,0.0,0.0,0.0,benign
0.0,0.0,0.0,0.0,0.0,0.0,0.0,0.0,1.0,2.0,0.0,54.0,0.0,0.0,0.0,1.0,1.0,0.0,1.0,0.0,0.0,0.0,0.0,16.0,0.046446,0.046446,0.0,255.0,0.0,2575.0,benign
0.0,0.0,0.0,0.0,0.0,0.0,0.0,0.0,1.0,2.0,0.0,60.0,0.0,0.0,0.0,0.0,0.0,0.0,1.0,0.0,0.0,0.0,0.0,0.0,0.027445,0.027445,0.0,0.0,0.0,0.0,benign
0.0,0.0,0.0,0.0,0.0,0.0,0.0,0.0,1.0,2.0,0.0,60.0,0.0,0.0,0.0,0.0,0.0,0.0,1.0,0.0,0.0,0.0,0.0,0.0,0.000578,0.000578,0.0,0.0,0.0,0.0,benign
0.0,0.0,0.0,0.0,0.0,0.0,16.083333333333332,2.0,6.0,4.0,0.0,60.0,7.0,0.0,805.9497041502246,4.0,4.0,4.0,4.0,6.0,0.0,0.0,0.0,24.0,0.023226,0.0,0.0068758325722875,53.0,4.697458430095926,152.0,benign
-0.69,0.5840281576164704,2.0,0.0,2.0,0.0,4.5,0.0,2.0,2.0,0.0,54.0,2.0,0.0,19.327585352432298,2.0,2.0,1.0,1.0,1.0,0.0,0.0,0.0,24.0,0.002661,0.0,0.0012541717940094,64.0,90.03826347108705,5586.0,benign
0.0,0.0,0.0,0.0,0.0,0.0,0.0,0.0,1.0,2.0,0.0,60.0,0.0,0.0,0.0,0.0,0.0,0.0,1.0,0.0,0.0,0.0,0.0,0.0,0.017659,0.017659,0.0,0.0,0.0,0.0,benign
0.0,0.0,0.0,0.0,0.0,0.0,0.0,0.0,1.0,2.0,0.0,60.0,0.0,0.0,0.0,0.0,0.0,0.0,1.0,0.0,0.0,0.0,0.0,0.0,0.004383,0.004383,0.0,0.0,0.0,0.0,benign
0.0,0.0,0.0,0.0,0.0,0.0,0.0,0.0,0.0,0.0,0.0,0.0,0.0,0.0,0.0,0.0,0.0,0.0,0.0,0.0,0.0,0.0,0.0,0.0,0.0,0.0,0.0,0.0,0.0,0.0,benign
0.0,0.0,0.0,0.0,0.0,0.0,3.1322277005826984,2.0,0.2857142857142857,0.2857142857142857,1460.0,66.0,189.42857142857144,0.0,531.1090607952615,31.857142857142858,31.857142857142858,0.1428571428571428,0.2857142857142857,31.571428571428573,0.0,63.142857142857146,0.0,24.0,0.031713,0.0,0.0052005838912769,63.0,0.4910680406597415,499.0,web
0.0,0.0,0.0,0.0,0.0,0.0,0.0,0.0,0.0,0.0,0.0,0.0,0.0,0.0,0.0,0.0,0.0,0.0,0.0,0.0,0.0,0.0,0.0,0.0,0.0,0.0,0.0,0.0,0.0,0.0,benign
0.0,0.0,0.0,0.0,0.0,0.0,4.183563287342532,0.0,28.714285714285715,5.0,1460.0,60.0,100.0,0.0,350.4674618849139,11.714285714285714,11.714285714285714,0.5714285714285714,0.7142857142857143,86.57142857142857,10.428571428571429,12.142857142857142,0.0,24.0,0.066683113,3.3e-08,0.005583399591172,63.0,34.32500493650947,0.0,malware
0.0,0.0,0.0,0.0,0.0,0.0,1.6666666666666667,2.0,2.0,2.0,0.0,66.0,2.0,0.0,1026.4801508066291,2.0,2.0,2.0,2.0,2.0,0.0,0.0,0.0,24.0,0.005554,0.0,0.0023381676987547,61.0,1.5,660.0,benign
0.0,0.0,0.0,0.0,0.0,0.0,0.0,0.0,0.0,0.0,0.0,0.0,0.0,0.0,0.0,0.0,0.0,0.0,0.0,0.0,0.0,0.0,0.0,0.0,0.0,0.0,0.0,0.0,0.0,0.0,benign
0.0,0.0,0.0,0.0,0.0,0.0,0.0,0.0,0.0,2.0,0.0,198.0,0.0,0.0,0.0,0.0,0.0,0.0,1.0,0.0,0.0,0.0,0.0,0.0,0.018616,0.018616,0.0,0.0,0.0,0.0,benign
0.0,0.0,0.0,0.0,0.0,0.0,0.0,0.0,0.0,0.0,0.0,0.0,0.0,0.0,0.0,0.0,0.0,0.0,0.0,0.0,0.0,0.0,0.0,0.0,0.0,0.0,0.0,0.0,0.0,0.0,benign
0.0,0.0,0.0,0.0,0.0,0.0,0.0,0.0,1.0,2.0,0.0,230.0,0.0,196.0,0.0,1.0,1.0,0.0,1.0,0.0,0.0,0.0,0.0,0.0,0.055592,0.055592,0.0,255.0,0.0,0.0,benign
0.0,0.0,0.0,0.0,0.0,0.0,0.0,0.0,0.0,0.0,0.0,0.0,0.0,0.0,0.0,0.0,0.0,0.0,0.0,0.0,0.0,0.0,0.0,0.0,0.0,0.0,0.0,0.0,0.0,0.0,benign
0.0,0.0,0.0,0.0,0.0,0.0,0.0,0.0,0.0,0.0,0.0,0.0,0.0,0.0,0.0,0.0,0.0,0.0,0.0,0.0,0.0,0.0,0.0,0.0,0.0,0.0,0.0,0.0,0.0,0.0,benign
0.0,0.0,0.0,0.0,0.0,0.0,0.0,0.0,0.0,0.0,0.0,0.0,0.0,0.0,0.0,0.0,0.0,0.0,0.0,0.0,0.0,0.0,0.0,0.0,0.0,0.0,0.0,0.0,0.0,0.0,benign
11.0,0.3499271061118892,0.1428571428571428,1005.5,1.0,0.0,325.1578947368421,0.0,0.4285714285714285,0.4285714285714285,0.0,60.0,1.4285714285714286,0.0,10.078243282155922,0.2857142857142857,0.2857142857142857,0.4285714285714285,0.4285714285714285,1.2857142857142858,0.0,0.0,0.0,24.0,0.04926842,3.5e-08,0.0119306764652238,64.0,95.5,4872.0,recon
0.0,0.0,0.0,0.0,0.0,0.0,0.0,0.0,0.0,2.0,0.0,198.0,0.0,0.0,0.0,0.0,0.0,0.0,1.0,0.0,0.0,0.0,0.0,0.0,0.111606,0.111606,0.0,0.0,0.0,0.0,benign
0.0,0.0,0.0,0.0,0.0,0.0,0.0,0.0,0.0,0.0,0.0,0.0,0.0,0.0,0.0,0.0,0.0,0.0,0.0,0.0,0.0,0.0,0.0,0.0,0.0,0.0,0.0,0.0,0.0,0.0,benign
0.0,0.0,0.0,0.0,0.0,0.0,0.0,0.0,0.0,0.0,0.0,0.0,0.0,0.0,0.0,0.0,0.0,0.0,0.0,0.0,0.0,0.0,0.0,0.0,0.0,0.0,0.0,0.0,0.0,0.0,benign
13.0,0.0,1.0,0.0,1.0,0.0,61.66666666666666,0.0,2.0,2.0,0.0,54.0,2.0,0.0,10.5,2.0,2.0,2.0,2.0,1.0,0.0,0.0,0.0,24.0,0.074526,0.0,0.0305616019653338,64.0,95.5,5612.0,benign
1023.0,0.0,1.0,0.0,1.0,0.0,0.0,0.0,2.0,2.0,0.0,54.0,1.0,0.0,9.0,2.0,2.0,1.0,1.0,1.0,0.0,0.0,0.0,24.0,0.038013,1e-06,0.019006,64.0,95.5,5546.0,benign
0.0,0.0,0.0,0.0,0.0,0.0,0.0,0.0,0.0,0.0,0.0,0.0,0.0,0.0,0.0,0.0,0.0,0.0,0.0,0.0,0.0,0.0,0.0,0.0,0.0,0.0,0.0,0.0,0.0,0.0,benign
0.0,6.161102472242236,0.1428571428571428,1003.5,1.0,0.0,7.412087912087912,0.0,0.5714285714285714,0.5714285714285714,1460.0,60.0,71.42857142857143,0.0,1.3501322275846113,57.85714285714285,57.85714285714285,0.2857142857142857,0.4285714285714285,1.0,57.42857142857143,70.28571428571429,0.0,24.0,0.073517905,3.1e-08,0.004829924745403,37.0,103.19445378023562,1024.0,recon
2.0,0.0,1.0,0.0,1.0,0.0,0.0,0.0,2.0,2.0,0.0,54.0,1.0,0.0,8.5,2.0,2.0,1.0,1.0,1.0,0.0,0.0,0.0,24.0,0.000589,0.0,0.0002945,64.0,95.5,5638.0,benign
0.0,0.0,0.0,0.0,0.0,0.0,0.0,0.0,1.0,2.0,0.0,60.0,0.0,0.0,0.0,0.0,0.0,0.0,1.0,0.0,0.0,0.0,0.0,0.0,0.023062,0.023062,0.0,0.0,0.0,0.0,benign
0.0,0.0,0.0,0.0,0.0,0.0,40.0,0.0,3.0,3.0,0.0,60.0,1.0,180.0,0.0,1.0,1.0,1.0,2.0,0.0,0.0,0.0,0.0,0.0,0.029707,0.0,0.0120287067571705,255.0,0.0,0.0,benign
0.0,0.0,0.0,0.0,0.0,0.0,0.0,0.0,0.0,0.0,0.0,0.0,0.0,0.0,0.0,0.0,0.0,0.0,0.0,0.0,0.0,0.0,0.0,0.0,0.0,0.0,0.0,0.0,0.0,0.0,benign
1.0,0.0,1.0,302.5,3.0,0.0,86.57142857142857,0.0,3.0,3.0,0.0,54.0,4.0,0.0,8.0,2.0,2.0,2.0,2.0,3.0,0.0,0.0,0.0,24.0,0.005403,0.0,0.0023269707104946,64.0,95.5,5648.0,benign
0.0,0.0,1.0,0.0,1.0,0.0,0.0,0.0,2.0,2.0,0.0,54.0,1.0,0.0,8.0,2.0,2.0,1.0,1.0,1.0,0.0,0.0,0.0,24.0,0.001175,0.0,0.0005875,64.0,95.5,5608.0,benign
0.0,0.0,0.0,0.0,0.0,0.0,0.0,0.0,1.0,2.0,0.0,214.0,0.0,180.0,0.0,1.0,1.0,0.0,1.0,0.0,0.0,0.0,0.0,0.0,0.086544,0.086544,0.0,255.0,0.0,0.0,benign
22.5,0.0,1.0,0.0,7.0,0.0,1.0,0.0,2.0,2.0,0.0,54.0,4.0,0.0,43.15940656450225,2.0,2.0,1.0,1.0,4.0,0.0,0.0,0.0,24.0,0.050333,0.0,0.0163725539757088,64.0,95.5,5596.0,benign
0.0,0.0,0.0,0.0,0.0,0.0,0.0,0.0,0.0,0.0,0.0,0.0,0.0,0.0,0.0,0.0,0.0,0.0,0.0,0.0,0.0,0.0,0.0,0.0,0.0,0.0,0.0,0.0,0.0,0.0,benign
0.0,0.0,0.0,0.0,0.0,0.0,0.0,0.0,0.0,0.0,0.0,0.0,0.0,0.0,0.0,0.0,0.0,0.0,0.0,0.0,0.0,0.0,0.0,0.0,0.0,0.0,0.0,0.0,0.0,0.0,benign
0.0,0.0,1.0,0.0,1.0,0.0,0.0,0.0,2.0,2.0,0.0,54.0,1.0,0.0,7.5,2.0,2.0,1.0,1.0,1.0,0.0,0.0,0.0,24.0,0.053556,0.0,0.026778,64.0,95.5,5548.0,benign
0.0,0.0,0.0,0.0,0.0,0.0,0.0,0.0,0.0,0.0,0.0,0.0,0.0,0.0,0.0,0.0,0.0,0.0,0.0,0.0,0.0,0.0,0.0,0.0,0.0,0.0,0.0,0.0,0.0,0.0,benign
0.0,0.0,0.0,0.0,0.0,0.0,0.0,0.0,1.0,2.0,0.0,60.0,0.0,0.0,0.0,0.0,0.0,0.0,1.0,0.0,0.0,0.0,0.0,0.0,0.006623,0.006623,0.0,0.0,0.0,0.0,benign
915.0,0.0,2.0,0.0,3.0,0.0,40.8,0.0,2.0,2.0,0.0,54.0,3.0,0.0,22.93877721239735,2.0,2.0,2.0,2.0,2.0,0.0,0.0,0.0,24.0,0.021401,0.0,0.0075282063693079,64.0,95.5,5644.0,benign
0.0,0.0,0.0,0.0,0.0,0.0,0.0,0.0,0.0,0.0,0.0,0.0,0.0,0.0,0.0,0.0,0.0,0.0,0.0,0.0,0.0,0.0,0.0,0.0,0.0,0.0,0.0,0.0,0.0,0.0,benign
1023.0,0.0,1.0,0.0,1.0,0.0,55.66666666666666,0.0,2.0,2.0,0.0,54.0,2.0,0.0,9.0,2.0,2.0,2.0,2.0,1.0,0.0,0.0,0.0,24.0,0.051821,0.0,0.0222553983605663,64.0,95.5,5644.0,benign
0.0,0.0,0.0,0.0,0.0,0.0,14.5,2.0,2.0,2.0,0.0,66.0,1.0,0.0,85.73343701393419,2.0,2.0,1.0,2.0,2.0,0.0,0.0,0.0,24.0,0.026074,0.002135,0.0106051952782062,51.0,6.128258770283395,166.0,benign
0.0,0.0,0.0,0.0,0.0,0.0,0.0,0.0,2.0,2.0,0.0,60.0,1.0,0.0,0.0,0.0,0.0,1.0,1.0,0.0,0.0,0.0,0.0,0.0,0.050237,1e-06,0.0251179999999999,0.0,0.0,0.0,benign
909.0,0.0,2.0,0.0,3.0,0.0,1.0,0.0,2.0,2.0,0.0,54.0,2.0,0.0,22.93877721239735,2.0,2.0,1.0,1.0,2.0,0.0,0.0,0.0,24.0,0.004604,0.0,0.0020979522605388,64.0,95.5,5618.0,benign
0.0,0.0,0.0,0.0,0.0,0.0,0.0,0.0,0.0,0.0,0.0,0.0,0.0,0.0,0.0,0.0,0.0,0.0,0.0,0.0,0.0,0.0,0.0,0.0,0.0,0.0,0.0,0.0,0.0,0.0,benign
0.0,0.0,0.0,0.0,0.0,0.0,0.0,0.0,0.0,0.0,0.0,0.0,0.0,0.0,0.0,0.0,0.0,0.0,0.0,0.0,0.0,0.0,0.0,0.0,0.0,0.0,0.0,0.0,0.0,0.0,benign
0.0,0.0,0.0,0.0,0.0,0.0,0.0,0.0,0.0,0.0,0.0,0.0,0.0,0.0,0.0,0.0,0.0,0.0,0.0,0.0,0.0,0.0,0.0,0.0,0.0,0.0,0.0,0.0,0.0,0.0,benign
0.0,0.0,0.0,0.0,0.0,0.0,19.5,0.0,2.0,3.0,0.0,60.0,1.0,0.0,0.0,0.0,0.0,1.0,2.0,0.0,0.0,0.0,0.0,0.0,0.024407,1e-06,0.0106201949239278,0.0,0.0,0.0,benign
11.0,0.0,1.0,0.0,1.0,0.0,0.0,0.0,2.0,2.0,0.0,54.0,1.0,0.0,10.5,2.0,2.0,1.0,1.0,1.0,0.0,0.0,0.0,24.0,0.01462,0.0,0.00731,64.0,95.5,5622.0,benign
1023.0,0.0,1.0,0.0,1.0,0.0,31.33333333333333,0.0,2.0,2.0,0.0,54.0,2.0,0.0,9.0,2.0,2.0,2.0,2.0,1.0,0.0,0.0,0.0,24.0,0.001087,1e-06,0.0003968339545704,64.0,95.5,5596.0,benign
0.0,0.0,0.0,0.0,0.0,0.0,0.0,0.0,0.0,0.0,0.0,0.0,0.0,0.0,0.0,0.0,0.0,0.0,0.0,0.0,0.0,0.0,0.0,0.0,0.0,0.0,0.0,0.0,0.0,0.0,benign
0.0,0.0,0.0,0.0,0.0,0.0,0.0,0.0,1.0,2.0,0.0,60.0,0.0,0.0,0.0,0.0,0.0,0.0,1.0,0.0,0.0,0.0,0.0,0.0,0.015059,0.015059,0.0,0.0,0.0,0.0,benign
0.0,0.0,0.0,0.0,0.0,0.0,0.0,0.0,0.0,0.0,0.0,0.0,0.0,0.0,0.0,0.0,0.0,0.0,0.0,0.0,0.0,0.0,0.0,0.0,0.0,0.0,0.0,0.0,0.0,0.0,benign
0.0,0.0,0.0,0.0,0.0,0.0,0.0,0.0,0.0,2.0,0.0,198.0,0.0,0.0,0.0,0.0,0.0,0.0,1.0,0.0,0.0,0.0,0.0,0.0,0.011029,0.011029,0.0,0.0,0.0,0.0,benign
0.0,0.0,0.0,0.0,0.0,0.0,0.0,0.0,0.0,0.0,0.0,0.0,0.0,0.0,0.0,0.0,0.0,0.0,0.0,0.0,0.0,0.0,0.0,0.0,0.0,0.0,0.0,0.0,0.0,0.0,benign
0.0,0.0,0.0,0.0,0.0,0.0,0.0,0.0,0.0,0.0,0.0,0.0,0.0,0.0,0.0,0.0,0.0,0.0,0.0,0.0,0.0,0.0,0.0,0.0,0.0,0.0,0.0,0.0,0.0,0.0,benign
0.0,0.0,0.0,0.0,0.0,0.0,0.0,0.0,0.0,0.0,0.0,0.0,0.0,0.0,0.0,0.0,0.0,0.0,0.0,0.0,0.0,0.0,0.0,0.0,0.0,0.0,0.0,0.0,0.0,0.0,benign
280.0,0.0,1.0,0.0,1.0,0.0,62.333333333333336,0.0,3.0,3.0,0.0,54.0,2.0,0.0,11.0,2.0,2.0,2.0,2.0,1.0,0.0,0.0,0.0,24.0,0.009576,0.000301,0.0034311326846975,64.0,95.5,5546.0,benign
12.0,0.0,1.0,0.0,1.0,0.0,79.66666666666667,0.0,2.0,2.0,0.0,54.0,2.0,0.0,10.5,2.0,2.0,2.0,2.0,1.0,0.0,0.0,0.0,24.0,0.058111,0.0,0.0238454203621995,64.0,95.5,5584.0,benign
0.0,0.0,0.0,0.0,0.0,0.0,70.5,0.0,2.0,2.0,0.0,60.0,1.0,0.0,0.0,0.0,0.0,1.0,1.0,0.0,0.0,0.0,0.0,0.0,0.030015,0.000526,0.0131804750125158,0.0,0.0,0.0,benign
0.0,0.0,0.0,0.0,0.0,0.0,0.0,0.0,0.0,0.0,0.0,0.0,0.0,0.0,0.0,0.0,0.0,0.0,0.0,0.0,0.0,0.0,0.0,0.0,0.0,0.0,0.0,0.0,0.0,0.0,benign
0.0,0.0,0.0,0.0,0.0,0.0,0.0,0.0,0.0,0.0,0.0,0.0,0.0,0.0,0.0,0.0,0.0,0.0,0.0,0.0,0.0,0.0,0.0,0.0,0.0,0.0,0.0,0.0,0.0,0.0,benign
0.0,0.0,0.0,0.0,0.0,0.0,0.0,0.0,0.0,0.0,0.0,0.0,0.0,0.0,0.0,0.0,0.0,0.0,0.0,0.0,0.0,0.0,0.0,0.0,0.0,0.0,0.0,0.0,0.0,0.0,benign
0.0,0.0,0.0,0.0,0.0,0.0,0.0,0.0,0.0,0.0,0.0,0.0,0.0,0.0,0.0,0.0,0.0,0.0,0.0,0.0,0.0,0.0,0.0,0.0,0.0,0.0,0.0,0.0,0.0,0.0,benign
211.0,0.0,1.0,0.0,2.0,0.0,0.6666666666666666,0.0,2.0,2.0,0.0,54.0,2.0,0.0,10.594810050208546,2.0,2.0,1.0,1.0,2.0,0.0,0.0,0.0,24.0,0.033893,1e-06,0.0143697280310902,64.0,95.5,5640.0,benign
0.0,0.0,0.0,0.0,0.0,0.0,2.604998135024245,2.0,0.5714285714285714,0.7142857142857143,1460.0,60.0,191.0,0.0,0.0,369.1428571428572,369.1428571428572,0.1428571428571428,0.2857142857142857,0.0,191.14285714285717,191.0,0.0,20.0,0.021052589,3.3e-08,0.0015869632448942,64.0,0.0,0.0,malware
0.0,0.0,0.0,0.0,0.0,0.0,0.0,0.0,0.0,0.0,0.0,0.0,0.0,0.0,0.0,0.0,0.0,0.0,0.0,0.0,0.0,0.0,0.0,0.0,0.0,0.0,0.0,0.0,0.0,0.0,benign
0.0,0.0,0.0,0.0,0.0,0.0,0.0,0.0,1.0,2.0,0.0,214.0,0.0,180.0,0.0,1.0,1.0,0.0,1.0,0.0,0.0,0.0,0.0,0.0,0.019843,0.019843,0.0,255.0,0.0,0.0,benign
0.0,0.0,0.0,0.0,0.0,0.0,0.0,0.0,0.0,0.0,0.0,0.0,0.0,0.0,0.0,0.0,0.0,0.0,0.0,0.0,0.0,0.0,0.0,0.0,0.0,0.0,0.0,0.0,0.0,0.0,benign
0.0,0.0,0.0,0.0,0.0,0.0,0.0,0.0,0.0,0.0,0.0,0.0,0.0,0.0,0.0,0.0,0.0,0.0,0.0,0.0,0.0,0.0,0.0,0.0,0.0,0.0,0.0,0.0,0.0,0.0,benign
13.0,122.74230513310296,0.1428571428571428,1019.3333333333334,1.0,0.0,19.179063360881543,0.0,0.5714285714285714,0.5714285714285714,1460.0,60.0,26.0,0.0,2.9908593692776475,25.142857142857142,25.142857142857142,0.2857142857142857,0.4285714285714285,1.0,24.857142857142858,24.857142857142858,0.0,24.0,0.040156711,3.3e-08,0.0129118785978436,37.0,103.73437069565917,1024.0,recon
0.0,0.0,0.0,0.0,0.0,0.0,28.5,0.0,2.0,2.0,0.0,60.0,1.0,0.0,0.0,0.0,0.0,1.0,1.0,0.0,0.0,0.0,0.0,0.0,0.014562,0.001781,0.0054923558394068,0.0,0.0,0.0,benign
0.0,0.0,0.0,0.0,0.0,0.0,0.0,0.0,0.0,0.0,0.0,0.0,0.0,0.0,0.0,0.0,0.0,0.0,0.0,0.0,0.0,0.0,0.0,0.0,0.0,0.0,0.0,0.0,0.0,0.0,benign
0.0,0.0,0.0,0.0,0.0,0.0,0.0,0.0,0.0,0.0,0.0,0.0,0.0,0.0,0.0,0.0,0.0,0.0,0.0,0.0,0.0,0.0,0.0,0.0,0.0,0.0,0.0,0.0,0.0,0.0,benign
212.0,0.0,1.0,0.0,2.0,0.0,1.3333333333333333,0.0,2.0,2.0,0.0,54.0,2.0,0.0,10.594810050208546,2.0,2.0,1.0,1.0,2.0,0.0,0.0,0.0,24.0,0.015634,0.0,0.0063934670709639,64.0,95.5,5618.0,benign
0.0,0.0,0.0,0.0,0.0,0.0,0.0,0.0,0.0,0.0,0.0,0.0,0.0,0.0,0.0,0.0,0.0,0.0,0.0,0.0,0.0,0.0,0.0,0.0,0.0,0.0,0.0,0.0,0.0,0.0,benign
0.0,0.0,0.0,0.0,0.0,0.0,0.0,0.0,0.0,0.0,0.0,0.0,0.0,0.0,0.0,0.0,0.0,0.0,0.0,0.0,0.0,0.0,0.0,0.0,0.0,0.0,0.0,0.0,0.0,0.0,benign
0.0,0.0,0.0,0.0,0.0,0.0,51.0,0.0,2.0,2.0,0.0,60.0,1.0,0.0,0.0,0.0,0.0,1.0,1.0,0.0,0.0,0.0,0.0,0.0,0.030043,0.00026,0.0148915,0.0,0.0,0.0,benign
0.0,0.0,0.0,0.0,0.0,0.0,0.0,0.0,0.0,0.0,0.0,0.0,0.0,0.0,0.0,0.0,0.0,0.0,0.0,0.0,0.0,0.0,0.0,0.0,0.0,0.0,0.0,0.0,0.0,0.0,benign
0.0,0.0,0.0,0.0,0.0,0.0,27.516129032258064,0.0,11.0,11.0,0.0,54.0,16.0,0.0,395.3370582786763,12.0,12.0,3.0,2.0,15.0,0.0,0.0,0.0,24.0,0.033369,0.0,0.0077521957363301,61.0,94.91896214666488,660.0,benign
0.0,0.0,0.0,0.0,0.0,0.0,0.0,0.0,0.0,0.0,0.0,0.0,0.0,0.0,0.0,0.0,0.0,0.0,0.0,0.0,0.0,0.0,0.0,0.0,0.0,0.0,0.0,0.0,0.0,0.0,benign
126.0,34.09889111100242,1.0,132.71428571428572,8.0,0.0,61.93333333333333,0.0,2.0,2.0,0.0,54.0,8.0,0.0,10.5,2.0,2.0,1.0,1.0,8.0,0.0,0.0,0.0,24.0,0.132061,0.0,0.0318368530065296,64.0,95.5,5624.0,benign
212.0,0.0,1.0,0.0,2.0,0.0,1.0,0.0,2.0,2.0,0.0,54.0,2.0,0.0,10.594810050208546,2.0,2.0,1.0,1.0,2.0,0.0,0.0,0.0,24.0,0.028607,0.0,0.0120867592715127,64.0,95.5,5576.0,benign
73.0,86.73181747931557,1.0,155.16666666666666,7.0,0.0,71.61538461538461,0.0,2.0,2.0,0.0,54.0,7.0,0.0,10.431506436302104,2.0,2.0,1.0,1.0,7.0,0.0,0.0,0.0,24.0,0.019093,0.0,0.0054754187166324,64.0,95.5,5622.0,benign
0.0,0.0,0.0,0.0,0.0,0.0,0.0,0.0,0.0,0.0,0.0,0.0,0.0,0.0,0.0,0.0,0.0,0.0,0.0,0.0,0.0,0.0,0.0,0.0,0.0,0.0,0.0,0.0,0.0,0.0,benign
0.0,0.0,0.0,0.0,0.0,0.0,119.5,0.0,3.0,3.0,0.0,60.0,1.0,196.0,0.0,1.0,1.0,1.0,2.0,0.0,0.0,0.0,0.0,0.0,0.012835,0.002162,0.0049623270302908,255.0,0.0,0.0,benign
0.0,0.0,0.0,0.0,0.0,0.0,12.5,0.0,2.0,2.0,0.0,60.0,1.0,0.0,0.0,0.0,0.0,1.0,1.0,0.0,0.0,0.0,0.0,0.0,0.020832,0.003145,0.0082086984081251,0.0,0.0,0.0,benign
22.2,0.0,1.0,0.0,7.0,0.0,1.2,0.0,2.0,2.0,0.0,54.0,3.0,0.0,45.87089370056887,2.0,2.0,1.0,1.0,3.0,0.0,0.0,0.0,24.0,0.031372,0.0,0.0113299957291352,64.0,95.5,5648.0,benign
0.0,0.0,0.0,0.0,0.0,0.0,0.0,0.0,0.0,0.0,0.0,0.0,0.0,0.0,0.0,0.0,0.0,0.0,0.0,0.0,0.0,0.0,0.0,0.0,0.0,0.0,0.0,0.0,0.0,0.0,benign
0.0,0.0,0.0,0.0,0.0,0.0,0.0,0.0,0.0,0.0,0.0,0.0,0.0,0.0,0.0,0.0,0.0,0.0,0.0,0.0,0.0,0.0,0.0,0.0,0.0,0.0,0.0,0.0,0.0,0.0,benign
0.0,0.0,0.0,0.0,0.0,0.0,0.0,0.0,0.0,0.0,0.0,0.0,0.0,0.0,0.0,0.0,0.0,0.0,0.0,0.0,0.0,0.0,0.0,0.0,0.0,0.0,0.0,0.0,0.0,0.0,benign
208.0,0.0,1.0,0.0,2.0,0.0,0.6666666666666666,0.0,2.0,2.0,0.0,54.0,2.0,0.0,10.594810050208546,2.0,2.0,1.0,1.0,2.0,0.0,0.0,0.0,24.0,0.008507,0.0,0.0034770645935185,64.0,95.5,5606.0,benign
0.0,0.0,0.0,0.0,0.0,0.0,0.0,0.0,0.0,0.0,0.0,0.0,0.0,0.0,0.0,0.0,0.0,0.0,0.0,0.0,0.0,0.0,0.0,0.0,0.0,0.0,0.0,0.0,0.0,0.0,benign
22.4,0.0,1.0,0.0,7.0,0.0,105.14285714285714,0.0,3.0,3.0,0.0,54.0,4.0,0.0,84.81560882290476,2.0,2.0,2.0,2.0,2.0,0.0,0.0,0.0,24.0,0.040029,0.0,0.0161378398415029,64.0,95.5,5590.0,benign
0.0,0.0,0.0,0.0,0.0,0.0,0.0,0.0,0.0,0.0,0.0,0.0,0.0,0.0,0.0,0.0,0.0,0.0,0.0,0.0,0.0,0.0,0.0,0.0,0.0,0.0,0.0,0.0,0.0,0.0,benign
0.0,0.0,0.0,0.0,0.0,0.0,23.5,0.0,11.0,11.0,0.0,54.0,16.0,0.0,406.7881541877928,12.0,12.0,3.0,2.0,16.0,0.0,0.0,0.0,24.0,0.204406,0.0,0.0435680363947557,61.0,94.55609885690954,660.0,benign
0.0,0.0,0.0,0.0,0.0,0.0,31.18,0.0,0.4285714285714285,0.4285714285714285,1460.0,60.0,10.571428571428571,0.0,15.949899337892038,10.857142857142858,11.0,0.1428571428571428,0.4285714285714285,0.0,10.714285714285714,10.571428571428571,0.0,20.0,0.016088653,3.2e-08,0.0019645982683886,37.0,102.84925344081664,1024.0,recon
917.0,0.0,2.0,0.0,3.0,0.0,1.0,0.0,2.0,2.0,0.0,54.0,2.0,0.0,22.93877721239735,2.0,2.0,1.0,1.0,2.0,0.0,0.0,0.0,24.0,0.103593,1e-06,0.0444703687379304,64.0,95.5,5636.0,benign
1023.0,0.0,1.0,0.0,1.0,0.0,0.0,0.0,2.0,2.0,0.0,54.0,1.0,0.0,9.0,2.0,2.0,1.0,1.0,1.0,0.0,0.0,0.0,24.0,0.050052,0.0,0.025026,64.0,95.5,5598.0,benign
0.0,0.0,0.0,0.0,0.0,0.0,0.0,0.0,0.0,0.0,0.0,0.0,0.0,0.0,0.0,0.0,0.0,0.0,0.0,0.0,0.0,0.0,0.0,0.0,0.0,0.0,0.0,0.0,0.0,0.0,benign
0.0,0.0,0.0,0.0,0.0,0.0,50.25,0.0,6.0,4.0,0.0,66.0,5.0,0.0,744.6545474659565,6.0,6.0,3.0,3.0,6.0,0.0,0.0,0.0,24.0,0.077125,0.0,0.0259922025990606,53.0,77.05697747626607,660.0,benign
-0.7,0.5921899094791204,2.0,0.0,2.0,0.0,1.0,0.0,2.0,2.0,0.0,54.0,2.0,0.0,19.327585352432298,2.0,2.0,1.0,1.0,1.0,0.0,0.0,0.0,24.0,0.02311,0.0,0.0108941584754807,64.0,90.03826347108705,5606.0,benign
0.0,0.0,0.0,0.0,0.0,0.0,38.0,0.0,3.0,3.0,0.0,60.0,1.0,180.0,0.0,1.0,1.0,1.0,2.0,0.0,0.0,0.0,0.0,0.0,0.02067,0.004229,0.0074769125089616,255.0,0.0,0.0,benign
1023.0,0.0,1.0,0.0,1.0,0.0,2.0,0.0,2.0,2.0,0.0,54.0,2.0,0.0,9.0,2.0,2.0,2.0,2.0,1.0,0.0,0.0,0.0,24.0,0.132021,0.000299,0.0563864203837014,64.0,95.5,5646.0,benign
0.0,0.0,0.0,0.0,0.0,0.0,58.07865168539326,0.0,0.8571428571428571,0.5714285714285714,1460.0,60.0,5.857142857142857,0.0,100.4055001621421,2.4285714285714284,2.4285714285714284,0.5714285714285714,0.7142857142857143,0.7142857142857143,0.0,1.4285714285714286,0.0,24.0,0.031758708,3.3e-08,0.0062085796271183,64.0,16.948314112019197,501.0,bruteforce
5.0,0.0,1.0,0.0,1.0,0.0,0.0,0.0,2.0,2.0,0.0,54.0,1.0,0.0,7.5,2.0,2.0,1.0,1.0,1.0,0.0,0.0,0.0,24.0,0.006489,0.000296,0.0030965,64.0,95.5,5548.0,benign
0.0,0.0,0.0,0.0,0.0,6695.571428571428,0.0821885640483738,0.0,0.1428571428571428,0.4285714285714285,0.0,60.0,12167.285714285714,340.0,228.86236900155484,0.1428571428571428,4733.571428571428,1.5714285714285714,0.0,0.0,0.0,0.0,0.0,16.0,0.000984608,2.6e-08,0.0001466332715388,64.0,0.0,512.0,dos
0.0,0.0,0.0,0.0,0.0,0.0,0.0,0.0,0.0,0.0,0.0,0.0,0.0,0.0,0.0,0.0,0.0,0.0,0.0,0.0,0.0,0.0,0.0,0.0,0.0,0.0,0.0,0.0,0.0,0.0,benign
22.5,0.0,1.0,0.0,7.0,0.0,0.6666666666666666,0.0,2.0,2.0,0.0,54.0,2.0,0.0,84.81560882290476,2.0,2.0,1.0,1.0,2.0,0.0,0.0,0.0,24.0,0.034248,0.0,0.0145304551266469,64.0,95.5,5594.0,benign
0.0,0.0,0.0,0.0,0.0,0.0,0.0,0.0,0.0,0.0,0.0,0.0,0.0,0.0,0.0,0.0,0.0,0.0,0.0,0.0,0.0,0.0,0.0,0.0,0.0,0.0,0.0,0.0,0.0,0.0,benign
0.0,0.0,0.0,0.0,0.0,0.0,0.0,0.0,2.0,2.0,0.0,60.0,1.0,0.0,0.0,0.0,0.0,1.0,1.0,0.0,0.0,0.0,0.0,0.0,0.006218,0.0,0.003109,0.0,0.0,0.0,benign
0.0,0.0,0.0,0.0,0.0,0.0,0.0,0.0,0.0,0.0,0.0,0.0,0.0,0.0,0.0,0.0,0.0,0.0,0.0,0.0,0.0,0.0,0.0,0.0,0.0,0.0,0.0,0.0,0.0,0.0,benign
0.0,0.0,0.0,0.0,0.0,0.0,28.0,0.0,2.0,2.0,0.0,60.0,1.0,0.0,0.0,0.0,0.0,1.0,1.0,0.0,0.0,0.0,0.0,0.0,0.050316,0.00057,0.024873,0.0,0.0,0.0,benign
2.0,0.0,1.0,0.0,1.0,0.0,0.0,0.0,2.0,2.0,0.0,54.0,1.0,0.0,8.5,2.0,2.0,1.0,1.0,1.0,0.0,0.0,0.0,24.0,0.03449,0.0,0.017245,64.0,95.5,5602.0,benign
0.0,0.0,0.0,0.0,0.0,0.0,0.0,0.0,0.0,0.0,0.0,0.0,0.0,0.0,0.0,0.0,0.0,0.0,0.0,0.0,0.0,0.0,0.0,0.0,0.0,0.0,0.0,0.0,0.0,0.0,benign
13.0,0.0,1.0,0.0,1.0,0.0,0.0,0.0,2.0,2.0,0.0,54.0,1.0,0.0,10.5,2.0,2.0,1.0,1.0,1.0,0.0,0.0,0.0,24.0,0.094216,0.0,0.047108,64.0,95.5,5576.0,benign
0.0,0.0,0.0,0.0,0.0,0.0,0.0,0.0,0.0,0.0,0.0,0.0,0.0,0.0,0.0,0.0,0.0,0.0,0.0,0.0,0.0,0.0,0.0,0.0,0.0,0.0,0.0,0.0,0.0,0.0,benign
0.0,0.0,0.0,0.0,0.0,0.0,23.5,0.0,2.0,2.0,0.0,60.0,1.0,0.0,0.0,0.0,0.0,1.0,1.0,0.0,0.0,0.0,0.0,0.0,0.02652,0.002309,0.01098800049549,0.0,0.0,0.0,benign
0.0,0.0,0.0,0.0,0.0,0.0,713.0,0.0,2.0,3.0,0.0,60.0,0.0,0.0,0.0,0.0,0.0,0.0,1.0,0.0,0.0,0.0,0.0,0.0,0.008532,0.000733,0.0038994999999999,0.0,0.0,0.0,benign
0.0,0.0,0.0,0.0,0.0,0.0,0.0,0.0,0.0,0.0,0.0,0.0,0.0,0.0,0.0,0.0,0.0,0.0,0.0,0.0,0.0,0.0,0.0,0.0,0.0,0.0,0.0,0.0,0.0,0.0,benign
3.0,0.0,1.0,0.0,1.0,0.0,0.0,0.0,2.0,2.0,0.0,54.0,1.0,0.0,7.5,2.0,2.0,1.0,1.0,1.0,0.0,0.0,0.0,24.0,0.000509,1e-06,0.0002539999999999,64.0,95.5,5650.0,benign
0.0,0.0,0.0,0.0,0.0,0.0,0.0,0.0,0.0,0.0,0.0,0.0,0.0,0.0,0.0,0.0,0.0,0.0,0.0,0.0,0.0,0.0,0.0,0.0,0.0,0.0,0.0,0.0,0.0,0.0,benign
0.0,0.0,0.0,0.0,0.0,0.0,0.0,0.0,0.0,0.0,0.0,0.0,0.0,0.0,0.0,0.0,0.0,0.0,0.0,0.0,0.0,0.0,0.0,0.0,0.0,0.0,0.0,0.0,0.0,0.0,benign
0.0,0.0,0.0,0.0,0.0,0.0,0.0,0.0,0.0,0.0,0.0,0.0,0.0,0.0,0.0,0.0,0.0,0.0,0.0,0.0,0.0,0.0,0.0,0.0,0.0,0.0,0.0,0.0,0.0,0.0,benign
22.5,0.0,1.0,0.0,7.0,0.0,35.45454545454545,0.0,3.0,3.0,0.0,54.0,6.0,0.0,35.755899862819845,2.0,2.0,2.0,2.0,4.0,0.0,0.0,0.0,24.0,0.050206,0.0,0.0153847193344565,64.0,95.5,5604.0,benign
0.0,0.0,0.0,0.0,0.0,0.0,0.0,0.0,0.0,2.0,0.0,198.0,0.0,0.0,0.0,0.0,0.0,0.0,1.0,0.0,0.0,0.0,0.0,0.0,0.1095,0.1095,0.0,0.0,0.0,0.0,benign
0.0,0.0,0.0,0.0,0.0,0.0,0.0,0.0,0.0,0.0,0.0,0.0,0.0,0.0,0.0,0.0,0.0,0.0,0.0,0.0,0.0,0.0,0.0,0.0,0.0,0.0,0.0,0.0,0.0,0.0,benign
0.0,0.0,0.0,0.0,0.0,0.0,0.0,0.0,0.0,0.0,0.0,0.0,0.0,0.0,0.0,0.0,0.0,0.0,0.0,0.0,0.0,0.0,0.0,0.0,0.0,0.0,0.0,0.0,0.0,0.0,benign
0.0,0.0,0.0,0.0,0.0,0.0,97.5,0.0,3.0,3.0,0.0,60.0,1.0,196.0,0.0,1.0,1.0,1.0,2.0,0.0,0.0,0.0,0.0,0.0,0.018809,0.004362,0.0060988887694581,255.0,0.0,0.0,benign
0.0,0.0,0.0,0.0,0.0,0.0,489.0,0.0,2.0,3.0,0.0,60.0,1.0,0.0,0.0,0.0,0.0,1.0,1.0,0.0,0.0,0.0,0.0,0.0,0.02294,0.000707,0.00913120482497,0.0,0.0,0.0,benign
0.0,0.0,0.0,0.0,0.0,0.0,0.0,0.0,0.0,0.0,0.0,0.0,0.0,0.0,0.0,0.0,0.0,0.0,0.0,0.0,0.0,0.0,0.0,0.0,0.0,0.0,0.0,0.0,0.0,0.0,benign
0.0,0.0,1.0,0.0,1.0,0.0,0.0,0.0,2.0,2.0,0.0,54.0,1.0,0.0,9.5,2.0,2.0,1.0,1.0,1.0,0.0,0.0,0.0,24.0,0.003004,0.0,0.001502,64.0,95.5,5638.0,benign
0.0,0.0,0.0,0.0,0.0,0.0,153.0,0.0,3.0,3.0,0.0,60.0,1.0,196.0,0.0,1.0,1.0,1.0,2.0,0.0,0.0,0.0,0.0,0.0,0.029187,0.002278,0.0121223573706693,255.0,0.0,0.0,benign
0.0,0.0,0.0,0.0,0.0,0.0,0.0,0.0,0.0,0.0,0.0,0.0,0.0,0.0,0.0,0.0,0.0,0.0,0.0,0.0,0.0,0.0,0.0,0.0,0.0,0.0,0.0,0.0,0.0,0.0,benign
211.0,0.0,1.0,0.0,2.0,0.0,0.6666666666666666,0.0,2.0,2.0,0.0,54.0,2.0,0.0,10.594810050208546,2.0,2.0,1.0,1.0,2.0,0.0,0.0,0.0,24.0,0.051493,0.000249,0.0220760121554482,64.0,95.5,5542.0,benign
0.0,0.0,0.0,0.0,0.0,0.0,0.0,0.0,0.0,0.0,0.0,0.0,0.0,0.0,0.0,0.0,0.0,0.0,0.0,0.0,0.0,0.0,0.0,0.0,0.0,0.0,0.0,0.0,0.0,0.0,benign
0.0,0.0,0.0,0.0,0.0,0.0,0.0,0.0,0.0,2.0,0.0,198.0,0.0,0.0,0.0,0.0,0.0,0.0,1.0,0.0,0.0,0.0,0.0,0.0,0.017325,0.017325,0.0,0.0,0.0,0.0,benign
22.3,0.0,1.0,0.0,7.0,0.0,0.8,0.0,2.0,2.0,0.0,54.0,3.0,0.0,49.86788100125727,2.0,2.0,1.0,1.0,3.0,0.0,0.0,0.0,24.0,0.005414,0.0,0.0019460185350835,64.0,95.5,5616.0,benign
0.0,0.0,0.0,0.0,0.0,0.0,0.0,0.0,0.0,0.0,0.0,0.0,0.0,0.0,0.0,0.0,0.0,0.0,0.0,0.0,0.0,0.0,0.0,0.0,0.0,0.0,0.0,0.0,0.0,0.0,benign
0.0,0.0,0.0,0.0,0.0,0.0,0.0,0.0,1.0,2.0,0.0,214.0,0.0,180.0,0.0,1.0,1.0,0.0,1.0,0.0,0.0,0.0,0.0,0.0,0.051968,0.051968,0.0,255.0,0.0,0.0,benign
0.0,0.0,0.0,0.0,0.0,0.0,27.3,0.0,11.0,11.0,0.0,54.0,15.0,0.0,399.8176743676204,12.0,12.0,3.0,3.0,15.0,0.0,0.0,0.0,24.0,0.081725,0.0,0.0162794850847423,61.0,94.41683653804677,660.0,benign
0.0,0.0,0.0,0.0,0.0,0.0,0.0,0.0,0.0,0.0,0.0,0.0,0.0,0.0,0.0,0.0,0.0,0.0,0.0,0.0,0.0,0.0,0.0,0.0,0.0,0.0,0.0,0.0,0.0,0.0,benign
0.0,0.0,0.0,0.0,0.0,0.0,0.0,0.0,0.0,0.0,0.0,0.0,0.0,0.0,0.0,0.0,0.0,0.0,0.0,0.0,0.0,0.0,0.0,0.0,0.0,0.0,0.0,0.0,0.0,0.0,benign
0.0,0.0,0.0,0.0,0.0,0.0,0.0,0.0,0.0,0.0,0.0,0.0,0.0,0.0,0.0,0.0,0.0,0.0,0.0,0.0,0.0,0.0,0.0,0.0,0.0,0.0,0.0,0.0,0.0,0.0,benign
0.0,0.0,0.0,0.0,0.0,0.0,0.0,0.0,0.0,0.0,0.0,0.0,0.0,0.0,0.0,0.0,0.0,0.0,0.0,0.0,0.0,0.0,0.0,0.0,0.0,0.0,0.0,0.0,0.0,0.0,benign
0.0,0.0,0.0,0.0,0.0,0.0,0.0,0.0,0.1428571428571428,0.2857142857142857,0.0,214.0,0.0,180.0,0.0,0.1428571428571428,0.1428571428571428,0.0,0.1428571428571428,0.0,0.0,0.0,0.0,0.0,0.000976735,0.000976735,0.0,255.0,0.0,0.0,recon
0.0,0.0,0.0,0.0,0.0,0.0,0.0,0.0,0.0,0.0,0.0,0.0,0.0,0.0,0.0,0.0,0.0,0.0,0.0,0.0,0.0,0.0,0.0,0.0,0.0,0.0,0.0,0.0,0.0,0.0,benign
-0.69,0.5841803374529706,2.0,0.0,2.0,0.0,84.83333333333333,0.0,2.0,2.0,0.0,54.0,4.0,0.0,14.140692475033513,2.0,2.0,2.0,2.0,3.0,0.0,0.0,0.0,24.0,0.059963,0.0,0.0207116061596942,64.0,94.52048692733015,5590.0,benign
0.0,0.0,0.0,0.0,0.0,0.0,0.0,0.0,1.0,2.0,0.0,60.0,1.0,0.0,0.0,0.0,0.0,1.0,0.0,0.0,0.0,0.0,0.0,0.0,0.015104,0.015104,0.0,0.0,0.0,0.0,benign
0.0,0.0,1.0,0.0,1.0,0.0,0.0,0.0,2.0,2.0,0.0,54.0,1.0,0.0,7.5,2.0,2.0,1.0,1.0,1.0,0.0,0.0,0.0,24.0,0.008283,0.0,0.0041415,64.0,95.5,5536.0,benign
0.0,0.0,0.0,0.0,0.0,0.0,0.0,0.0,0.0,0.0,0.0,0.0,0.0,0.0,0.0,0.0,0.0,0.0,0.0,0.0,0.0,0.0,0.0,0.0,0.0,0.0,0.0,0.0,0.0,0.0,benign
0.0,0.0,0.0,0.0,0.0,0.0,0.0,0.0,1.0,2.0,0.0,60.0,0.0,0.0,0.0,0.0,0.0,0.0,1.0,0.0,0.0,0.0,0.0,0.0,0.038912,0.038912,0.0,0.0,0.0,0.0,benign
0.0,0.0,0.0,0.0,0.0,0.0,34.5,0.0,2.0,2.0,0.0,60.0,1.0,0.0,0.0,0.0,0.0,1.0,1.0,0.0,0.0,0.0,0.0,0.0,0.020232,0.001961,0.0080807909816359,0.0,0.0,0.0,benign
0.0,0.0,0.0,0.0,0.0,0.0,0.0,0.0,0.0,0.0,0.0,0.0,0.0,0.0,0.0,0.0,0.0,0.0,0.0,0.0,0.0,0.0,0.0,0.0,0.0,0.0,0.0,0.0,0.0,0.0,benign
3.0,0.0,1.0,0.0,1.0,0.0,0.0,0.0,2.0,2.0,0.0,54.0,1.0,0.0,7.5,2.0,2.0,1.0,1.0,1.0,0.0,0.0,0.0,24.0,0.003943,0.0,0.0019715,64.0,95.5,5620.0,benign
0.0,0.0,0.0,0.0,0.0,0.0,0.0,0.0,0.0,0.0,0.0,0.0,0.0,0.0,0.0,0.0,0.0,0.0,0.0,0.0,0.0,0.0,0.0,0.0,0.0,0.0,0.0,0.0,0.0,0.0,benign
0.0,0.0,0.0,0.0,0.0,0.0,48.5,0.0,2.0,2.0,0.0,60.0,1.0,0.0,0.0,0.0,0.0,1.0,1.0,0.0,0.0,0.0,0.0,0.0,0.012452,0.004281,0.003355106787504,0.0,0.0,0.0,benign
0.0,0.0,0.0,0.0,0.0,0.0,0.0,0.0,0.0,0.0,0.0,0.0,0.0,0.0,0.0,0.0,0.0,0.0,0.0,0.0,0.0,0.0,0.0,0.0,0.0,0.0,0.0,0.0,0.0,0.0,benign
0.0,0.0,0.0,0.0,0.0,0.0,19.97674418604652,0.0,14.0,14.0,0.0,54.0,22.0,0.0,336.85627390606163,15.0,15.0,4.0,2.0,21.0,0.0,0.0,0.0,24.0,0.083785,0.0,0.0168165997542588,61.0,94.97835567956152,660.0,benign
0.0,0.0,0.0,0.0,0.0,0.0,0.0,0.0,0.0,0.0,0.0,0.0,0.0,0.0,0.0,0.0,0.0,0.0,0.0,0.0,0.0,0.0,0.0,0.0,0.0,0.0,0.0,0.0,0.0,0.0,benign
12.0,0.0,1.0,0.0,1.0,0.0,0.0,0.0,2.0,2.0,0.0,54.0,1.0,0.0,10.5,2.0,2.0,1.0,1.0,1.0,0.0,0.0,0.0,24.0,0.026702,0.0,0.013351,64.0,95.5,5584.0,benign
0.0,0.0,0.0,0.0,0.0,0.0,0.0,0.0,1.0,2.0,0.0,214.0,0.0,180.0,0.0,1.0,1.0,0.0,1.0,0.0,0.0,0.0,0.0,0.0,0.004721,0.004721,0.0,255.0,0.0,0.0,benign
0.0,0.0,0.0,0.0,0.0,0.0,0.0,0.0,1.0,2.0,0.0,214.0,0.0,180.0,0.0,1.0,1.0,0.0,1.0,0.0,0.0,0.0,0.0,0.0,0.0124,0.0124,0.0,255.0,0.0,0.0,benign
1023.0,0.0,2.0,0.0,4.0,0.0,0.6666666666666666,0.0,2.0,2.0,0.0,54.0,2.0,0.0,37.57658845611187,2.0,2.0,1.0,1.0,2.0,0.0,0.0,0.0,24.0,0.051074,0.0,0.0217965429254274,64.0,95.5,5534.0,benign
0.0,0.0,0.0,0.0,0.0,0.0,0.0,0.0,0.0,0.0,0.0,0.0,0.0,0.0,0.0,0.0,0.0,0.0,0.0,0.0,0.0,0.0,0.0,0.0,0.0,0.0,0.0,0.0,0.0,0.0,benign
0.0,0.0,0.0,0.0,0.0,0.0,0.0,0.0,0.0,0.0,0.0,0.0,0.0,0.0,0.0,0.0,0.0,0.0,0.0,0.0,0.0,0.0,0.0,0.0,0.0,0.0,0.0,0.0,0.0,0.0,benign
0.0,0.0,0.0,0.0,0.0,0.0,0.0,0.0,0.0,0.0,0.0,0.0,0.0,0.0,0.0,0.0,0.0,0.0,0.0,0.0,0.0,0.0,0.0,0.0,0.0,0.0,0.0,0.0,0.0,0.0,benign
0.0,0.0,0.0,0.0,0.0,0.0,0.1164404223227752,0.0,3.0,2.857142857142857,1460.0,60.0,5602.142857142857,0.0,647.0658605753049,538.5714285714286,594.7142857142857,0.5714285714285714,0.7142857142857143,3841.714285714286,1074.7142857142858,1236.2857142857142,0.0,25.0,0.199045521,2.6e-08,0.0010123814617476,61.0,7.16198793031069,0.0,ddos
0.0,0.0,0.0,0.0,0.0,0.0,0.0,0.0,0.0,0.0,0.0,0.0,0.0,0.0,0.0,0.0,0.0,0.0,0.0,0.0,0.0,0.0,0.0,0.0,0.0,0.0,0.0,0.0,0.0,0.0,benign
0.0,0.0,0.0,0.0,0.0,0.0,0.0,0.0,0.0,0.0,0.0,0.0,0.0,0.0,0.0,0.0,0.0,0.0,0.0,0.0,0.0,0.0,0.0,0.0,0.0,0.0,0.0,0.0,0.0,0.0,benign
0.0,0.0,0.0,0.0,0.0,0.0,0.0,0.0,0.0,0.0,0.0,0.0,0.0,0.0,0.0,0.0,0.0,0.0,0.0,0.0,0.0,0.0,0.0,0.0,0.0,0.0,0.0,0.0,0.0,0.0,benign
2.0,0.0,1.0,0.0,1.0,0.0,0.0,0.0,2.0,2.0,0.0,54.0,1.0,0.0,8.5,2.0,2.0,1.0,1.0,1.0,0.0,0.0,0.0,24.0,0.009012,0.0,0.004506,64.0,95.5,5558.0,benign
0.0,0.0,0.0,0.0,0.0,0.0,0.0,0.0,0.0,0.0,0.0,0.0,0.0,0.0,0.0,0.0,0.0,0.0,0.0,0.0,0.0,0.0,0.0,0.0,0.0,0.0,0.0,0.0,0.0,0.0,benign
0.0,0.0,0.0,0.0,0.0,0.0,0.0,0.0,0.0,0.0,0.0,0.0,0.0,0.0,0.0,0.0,0.0,0.0,0.0,0.0,0.0,0.0,0.0,0.0,0.0,0.0,0.0,0.0,0.0,0.0,benign
-0.7,0.5880476171195662,2.0,0.0,2.0,0.0,1.5,0.0,2.0,2.0,0.0,54.0,2.0,0.0,19.327585352432298,2.0,2.0,1.0,1.0,1.0,0.0,0.0,0.0,24.0,0.033649,0.000222,0.0157496311561749,64.0,90.03826347108705,5570.0,benign
0.0,0.0,0.0,0.0,0.0,0.0,0.0,0.0,0.0,0.0,0.0,0.0,0.0,0.0,0.0,0.0,0.0,0.0,0.0,0.0,0.0,0.0,0.0,0.0,0.0,0.0,0.0,0.0,0.0,0.0,benign
0.0,0.0,0.0,0.0,0.0,0.0,1.0,0.0,2.0,2.0,0.0,360.0,1.0,326.0,0.0,1.0,1.0,1.0,1.0,0.0,0.0,0.0,0.0,0.0,0.001219,0.000268,0.0004754999999999,64.0,0.0,0.0,benign
0.0,0.0,0.0,0.0,0.0,0.0,0.0,0.0,0.0,0.0,0.0,0.0,0.0,0.0,0.0,0.0,0.0,0.0,0.0,0.0,0.0,0.0,0.0,0.0,0.0,0.0,0.0,0.0,0.0,0.0,benign
0.0,0.0,0.0,0.0,0.0,0.0,0.0,0.0,0.0,0.0,0.0,0.0,0.0,0.0,0.0,0.0,0.0,0.0,0.0,0.0,0.0,0.0,0.0,0.0,0.0,0.0,0.0,0.0,0.0,0.0,benign
1023.0,0.0,1.0,0.0,1.0,0.0,0.0,0.0,2.0,2.0,0.0,54.0,1.0,0.0,9.0,2.0,2.0,1.0,1.0,1.0,0.0,0.0,0.0,24.0,0.005323,0.0,0.0026615,64.0,95.5,5594.0,benign
0.0,0.0,0.0,0.0,0.0,0.0,0.0,0.0,0.0,0.0,0.0,0.0,0.0,0.0,0.0,0.0,0.0,0.0,0.0,0.0,0.0,0.0,0.0,0.0,0.0,0.0,0.0,0.0,0.0,0.0,benign
0.0,0.0,0.0,0.0,0.0,0.0,0.0,0.0,0.0,0.0,0.0,0.0,0.0,0.0,0.0,0.0,0.0,0.0,0.0,0.0,0.0,0.0,0.0,0.0,0.0,0.0,0.0,0.0,0.0,0.0,benign
0.0,0.0,0.0,0.0,0.0,0.0,10.545454545454543,0.0,3.0,2.0,1240.0,66.0,33.0,0.0,629.2551821048727,3.0,3.0,3.0,3.0,3.0,0.0,2.0,0.0,24.0,0.071022,0.0,0.009168386427168,48.0,15.14579035478676,83.0,benign
0.0,0.0,0.0,0.0,0.0,0.0,0.0,0.0,1.0,2.0,0.0,230.0,0.0,196.0,0.0,1.0,1.0,0.0,1.0,0.0,0.0,0.0,0.0,0.0,0.000972,0.000972,0.0,255.0,0.0,0.0,benign
1023.0,0.0,1.0,0.0,1.0,0.0,0.0,0.0,2.0,2.0,0.0,54.0,1.0,0.0,9.0,2.0,2.0,1.0,1.0,1.0,0.0,0.0,0.0,24.0,0.029566,0.000321,0.0146225,64.0,95.5,5652.0,benign
0.0,0.0,0.0,0.0,0.0,0.0,0.0636595125500181,0.0,0.2857142857142857,0.4285714285714285,0.0,60.0,15707.57142857143,0.0,0.0,0.0,0.0,0.2857142857142857,0.2857142857142857,0.0,0.0,0.0,0.0,0.0,0.000894537,2.5e-08,6.96791912768271e-05,64.0,0.0,0.0,mitm
0.0,0.0,0.0,0.0,0.0,0.0,49.0,0.0,2.0,2.0,0.0,60.0,1.0,0.0,0.0,0.0,0.0,1.0,1.0,0.0,0.0,0.0,0.0,0.0,0.014637,0.002124,0.0056373690277961,0.0,0.0,0.0,benign
0.0,0.0,0.0,0.0,0.0,0.0,0.0,0.0,0.0,0.0,0.0,0.0,0.0,0.0,0.0,0.0,0.0,0.0,0.0,0.0,0.0,0.0,0.0,0.0,0.0,0.0,0.0,0.0,0.0,0.0,benign
0.0,0.0,0.0,0.0,0.0,0.0,0.0,0.0,0.0,0.0,0.0,0.0,0.0,0.0,0.0,0.0,0.0,0.0,0.0,0.0,0.0,0.0,0.0,0.0,0.0,0.0,0.0,0.0,0.0,0.0,benign
0.0,0.0,0.0,0.0,0.0,0.0,0.0,0.0,0.0,0.0,0.0,0.0,0.0,0.0,0.0,0.0,0.0,0.0,0.0,0.0,0.0,0.0,0.0,0.0,0.0,0.0,0.0,0.0,0.0,0.0,benign
0.0,0.0,0.0,0.0,0.0,0.0,0.0,0.0,0.0,0.0,0.0,0.0,0.0,0.0,0.0,0.0,0.0,0.0,0.0,0.0,0.0,0.0,0.0,0.0,0.0,0.0,0.0,0.0,0.0,0.0,benign
0.0,0.0,0.0,0.0,0.0,0.0,0.0,0.0,0.0,0.0,0.0,0.0,0.0,0.0,0.0,0.0,0.0,0.0,0.0,0.0,0.0,0.0,0.0,0.0,0.0,0.0,0.0,0.0,0.0,0.0,benign
0.0,0.0,0.0,0.0,0.0,0.0,0.0,0.0,0.0,0.0,0.0,0.0,0.0,0.0,0.0,0.0,0.0,0.0,0.0,0.0,0.0,0.0,0.0,0.0,0.0,0.0,0.0,0.0,0.0,0.0,benign
0.0,0.0,0.0,0.0,0.0,0.0,0.0,0.0,0.0,0.0,0.0,0.0,0.0,0.0,0.0,0.0,0.0,0.0,0.0,0.0,0.0,0.0,0.0,0.0,0.0,0.0,0.0,0.0,0.0,0.0,benign
3.0,0.0,1.0,0.0,1.0,0.0,0.0,0.0,2.0,2.0,0.0,54.0,1.0,0.0,7.5,2.0,2.0,1.0,1.0,1.0,0.0,0.0,0.0,24.0,0.011444,0.0,0.005722,64.0,95.5,5546.0,benign
-0.71,1.1484993659775322,0.2857142857142857,1014.0,2.0,0.0,22.366559485530548,0.0,0.4285714285714285,0.4285714285714285,1460.0,60.0,22.857142857142858,0.0,6.0910546648573884,21.142857142857142,21.0,0.2857142857142857,0.4285714285714285,1.0,20.571428571428573,20.714285714285715,0.0,24.0,0.016577582,3.3e-08,0.0012705515331261,37.0,102.82356285425875,1024.0,recon
0.0,0.0,0.0,0.0,0.0,0.0,0.0,0.0,0.0,0.0,0.0,0.0,0.0,0.0,0.0,0.0,0.0,0.0,0.0,0.0,0.0,0.0,0.0,0.0,0.0,0.0,0.0,0.0,0.0,0.0,benign
866.0,2.179449471770337,0.1428571428571428,1003.0,0.5714285714285714,0.0,11.713091922005573,0.0,0.5714285714285714,0.5714285714285714,1460.0,60.0,25.285714285714285,0.0,1.7918442228538944,23.142857142857142,24.0,0.2857142857142857,0.4285714285714285,0.5714285714285714,25.285714285714285,24.428571428571427,0.0,24.0,0.093843798,3.3e-08,0.0090825216870198,37.0,102.9988801291186,1024.0,recon
0.0,0.0,0.0,0.0,0.0,0.0,104.75,2.0,6.0,3.0,0.0,50.0,5.0,0.0,720.9458293720055,4.0,4.0,3.0,3.0,2.0,0.0,0.0,0.0,24.0,0.038372,0.0,0.013073939448053,47.0,6.073622386096199,660.0,benign
0.0,0.0,0.0,0.0,0.0,0.0,0.0370860927152317,0.0,0.4285714285714285,0.5714285714285714,0.0,60.0,26442.85714285714,0.0,0.3084325239365166,514.1428571428571,9416.57142857143,0.2857142857142857,0.1428571428571428,0.1428571428571428,521.4285714285714,0.0,0.0,24.0,0.001393403,2.6e-08,0.0001133415995394,64.0,26.30597237207267,512.0,dos
0.0,0.0,0.0,0.0,0.0,0.0,0.0,0.0,1.0,2.0,0.0,60.0,0.0,0.0,0.0,0.0,0.0,0.0,1.0,0.0,0.0,0.0,0.0,0.0,0.047731,0.047731,0.0,0.0,0.0,0.0,benign
0.0,0.0,0.0,0.0,0.0,0.0,0.0,0.0,1.0,2.0,0.0,214.0,0.0,180.0,0.0,1.0,1.0,0.0,1.0,0.0,0.0,0.0,0.0,0.0,0.078624,0.078624,0.0,255.0,0.0,0.0,benign
18.0,0.0,1.0,0.0,1.0,0.0,0.0,0.0,2.0,2.0,0.0,54.0,1.0,0.0,8.0,2.0,2.0,1.0,1.0,1.0,0.0,0.0,0.0,24.0,0.046359,0.0,0.0231795,64.0,95.5,5536.0,benign
0.0,0.0,0.0,0.0,0.0,0.0,0.0,0.0,0.0,0.0,0.0,0.0,0.0,0.0,0.0,0.0,0.0,0.0,0.0,0.0,0.0,0.0,0.0,0.0,0.0,0.0,0.0,0.0,0.0,0.0,benign
0.0,0.0,0.0,0.0,0.0,0.0,0.0,0.0,0.0,0.0,0.0,0.0,0.0,0.0,0.0,0.0,0.0,0.0,0.0,0.0,0.0,0.0,0.0,0.0,0.0,0.0,0.0,0.0,0.0,0.0,benign
0.0,0.0,0.0,0.0,0.0,0.0,0.0,0.0,0.0,0.0,0.0,0.0,0.0,0.0,0.0,0.0,0.0,0.0,0.0,0.0,0.0,0.0,0.0,0.0,0.0,0.0,0.0,0.0,0.0,0.0,benign
0.0,0.0,0.0,0.0,0.0,0.0,0.0,0.0,1.0,2.0,0.0,230.0,0.0,196.0,0.0,1.0,1.0,0.0,1.0,0.0,0.0,0.0,0.0,0.0,0.045522,0.045522,0.0,255.0,0.0,0.0,benign
-0.7,0.5880476171195662,2.0,0.0,2.0,0.0,3.0,0.0,2.0,2.0,0.0,54.0,2.0,0.0,19.327585352432298,2.0,2.0,1.0,1.0,1.0,0.0,0.0,0.0,24.0,0.000635,0.0,0.0002993418707023,64.0,90.03826347108705,5636.0,benign
0.0,0.0,0.0,0.0,0.0,0.0,0.0,0.0,0.0,0.0,0.0,0.0,0.0,0.0,0.0,0.0,0.0,0.0,0.0,0.0,0.0,0.0,0.0,0.0,0.0,0.0,0.0,0.0,0.0,0.0,benign
0.0,0.0,0.0,0.0,0.0,0.0,0.0,0.0,0.0,0.0,0.0,0.0,0.0,0.0,0.0,0.0,0.0,0.0,0.0,0.0,0.0,0.0,0.0,0.0,0.0,0.0,0.0,0.0,0.0,0.0,benign
0.0,0.0,0.0,0.0,0.0,0.0,0.0,0.0,0.0,0.0,0.0,0.0,0.0,0.0,0.0,0.0,0.0,0.0,0.0,0.0,0.0,0.0,0.0,0.0,0.0,0.0,0.0,0.0,0.0,0.0,benign
0.0,0.0,1.0,0.0,1.0,0.0,0.0,0.0,2.0,2.0,0.0,54.0,1.0,0.0,8.0,2.0,2.0,1.0,1.0,1.0,0.0,0.0,0.0,24.0,0.06869,0.0,0.034345,64.0,95.5,5574.0,benign
0.0,0.0,1.0,0.0,1.0,0.0,0.0,0.0,2.0,2.0,0.0,54.0,1.0,0.0,7.5,2.0,2.0,1.0,1.0,1.0,0.0,0.0,0.0,24.0,0.027867,0.0,0.0139335,64.0,95.5,5570.0,benign
0.0,0.0,0.0,0.0,0.0,0.0,0.0,0.0,0.0,0.0,0.0,0.0,0.0,0.0,0.0,0.0,0.0,0.0,0.0,0.0,0.0,0.0,0.0,0.0,0.0,0.0,0.0,0.0,0.0,0.0,benign
3.0,0.0,1.0,0.0,1.0,0.0,0.0,0.0,2.0,2.0,0.0,54.0,1.0,0.0,9.5,2.0,2.0,1.0,1.0,1.0,0.0,0.0,0.0,24.0,0.083356,1e-06,0.0416775,64.0,95.5,5602.0,benign
0.0,0.0,0.0,0.0,0.0,0.0,73.0,0.0,2.0,2.0,0.0,60.0,1.0,0.0,0.0,0.0,0.0,1.0,1.0,0.0,0.0,0.0,0.0,0.0,0.225036,0.072187,0.0764244999999999,0.0,0.0,0.0,benign
0.0,0.0,0.0,0.0,0.0,0.0,0.0,0.0,1.0,2.0,0.0,214.0,0.0,180.0,0.0,1.0,1.0,0.0,1.0,0.0,0.0,0.0,0.0,0.0,0.03885,0.03885,0.0,255.0,0.0,0.0,benign
198.0,0.0,1.0,0.0,2.0,0.0,1.0,0.0,2.0,2.0,0.0,54.0,2.0,0.0,10.594810050208546,2.0,2.0,1.0,1.0,2.0,0.0,0.0,0.0,24.0,0.032518,0.0,0.0137704664295549,64.0,95.5,5640.0,benign
212.0,0.0,1.0,0.0,2.0,0.0,1.3333333333333333,0.0,2.0,2.0,0.0,54.0,2.0,0.0,10.594810050208546,2.0,2.0,1.0,1.0,2.0,0.0,0.0,0.0,24.0,0.004048,0.0,0.0016617920297076,64.0,95.5,5584.0,benign
0.0,0.0,0.0,0.0,0.0,0.0,0.0,0.0,0.0,0.0,0.0,0.0,0.0,0.0,0.0,0.0,0.0,0.0,0.0,0.0,0.0,0.0,0.0,0.0,0.0,0.0,0.0,0.0,0.0,0.0,benign
0.0,0.0,0.0,0.0,0.0,0.0,505.0,0.0,2.0,2.0,0.0,54.0,1.0,0.0,34.5,2.0,2.0,1.0,1.0,1.0,0.0,0.0,0.0,24.0,0.082369,0.068825,0.006772,238.0,8.5,2023.0,benign
0.0,0.0,0.0,0.0,0.0,0.0,0.0,0.0,0.0,0.0,0.0,0.0,0.0,0.0,0.0,0.0,0.0,0.0,0.0,0.0,0.0,0.0,0.0,0.0,0.0,0.0,0.0,0.0,0.0,0.0,benign
2.0,0.0,1.0,0.0,1.0,0.0,0.0,0.0,2.0,2.0,0.0,54.0,1.0,0.0,8.5,2.0,2.0,1.0,1.0,1.0,0.0,0.0,0.0,24.0,0.002669,0.0,0.0013345,64.0,95.5,5588.0,benign
0.0,0.0,0.0,0.0,0.0,0.0,0.0,0.0,1.0,2.0,0.0,214.0,0.0,180.0,0.0,1.0,1.0,0.0,1.0,0.0,0.0,0.0,0.0,0.0,0.009094,0.009094,0.0,255.0,0.0,0.0,benign
0.0,0.0,0.0,0.0,0.0,0.0,0.0,0.0,0.0,0.0,0.0,0.0,0.0,0.0,0.0,0.0,0.0,0.0,0.0,0.0,0.0,0.0,0.0,0.0,0.0,0.0,0.0,0.0,0.0,0.0,benign
0.0,0.0,0.0,0.0,0.0,0.0,0.0,0.0,0.0,0.0,0.0,0.0,0.0,0.0,0.0,0.0,0.0,0.0,0.0,0.0,0.0,0.0,0.0,0.0,0.0,0.0,0.0,0.0,0.0,0.0,benign
0.0,0.0,0.0,0.0,0.0,0.0,143.5,0.0,2.0,3.0,0.0,60.0,1.0,0.0,0.0,0.0,0.0,1.0,1.0,0.0,0.0,0.0,0.0,0.0,0.025155,0.003751,0.0092797933525842,0.0,0.0,0.0,benign
140.0,0.0,1.0,0.0,2.0,0.0,0.0,0.0,2.0,2.0,0.0,54.0,2.0,0.0,11.0227038425243,2.0,2.0,1.0,1.0,2.0,0.0,0.0,0.0,24.0,0.05405,0.0,0.0234043365372744,64.0,95.5,5570.0,benign
0.0,0.0,1.0,0.0,1.0,0.0,0.0,0.0,2.0,2.0,0.0,54.0,1.0,0.0,8.0,2.0,2.0,1.0,1.0,1.0,0.0,0.0,0.0,24.0,0.011298,0.0,0.005649,64.0,95.5,5638.0,benign
0.0,0.0,0.0,0.0,0.0,0.0,0.0,0.0,0.0,2.0,0.0,198.0,0.0,0.0,0.0,0.0,0.0,0.0,1.0,0.0,0.0,0.0,0.0,0.0,0.01465,0.01465,0.0,0.0,0.0,0.0,benign
0.0,0.0,0.0,0.0,0.0,0.0,16.857487922705314,0.0,0.5714285714285714,0.5714285714285714,1460.0,60.0,29.714285714285715,0.0,10.717533248991712,29.857142857142858,29.714285714285715,0.2857142857142857,0.4285714285714285,0.2857142857142857,29.142857142857142,29.571428571428573,0.0,24.0,0.011941618,3.3e-08,0.0011246715159499,37.0,103.4825889355452,0.0,recon
1023.0,0.0,1.0,0.0,1.0,0.0,0.0,0.0,2.0,2.0,0.0,54.0,1.0,0.0,9.0,2.0,2.0,1.0,1.0,1.0,0.0,0.0,0.0,24.0,0.066927,1e-06,0.033463,64.0,95.5,5546.0,benign
0.0,0.0,0.0,0.0,0.0,0.0,0.0,0.0,1.0,2.0,0.0,971.0,0.0,937.0,0.0,1.0,1.0,0.0,1.0,0.0,0.0,0.0,0.0,0.0,0.014856,0.014856,0.0,64.0,0.0,0.0,benign
0.0,0.0,0.0,0.0,0.0,0.0,0.0,0.0,0.0,0.0,0.0,0.0,0.0,0.0,0.0,0.0,0.0,0.0,0.0,0.0,0.0,0.0,0.0,0.0,0.0,0.0,0.0,0.0,0.0,0.0,benign
0.0,0.0,0.0,0.0,0.0,0.0,0.030050083472454,2.0,0.2857142857142857,0.2857142857142857,0.0,66.0,42.85714285714285,0.0,5.393797878633899,43.0,43.0,0.1428571428571428,0.1428571428571428,42.85714285714285,0.0,0.0,0.0,24.0,0.033106935,3.2e-08,0.0013535760488444,64.0,0.0,502.0,dos
6.0,0.0,1.0,0.0,1.0,0.0,0.0,0.0,2.0,2.0,0.0,54.0,1.0,0.0,8.5,2.0,2.0,1.0,1.0,1.0,0.0,0.0,0.0,24.0,0.022789,1e-06,0.011394,64.0,95.5,5558.0,benign
1.0,0.0,1.0,303.5,3.0,0.0,121.4,0.0,2.0,2.0,0.0,54.0,3.0,0.0,8.0,2.0,2.0,1.0,1.0,3.0,0.0,0.0,0.0,24.0,0.065996,0.0,0.0244725027763587,64.0,95.5,5568.0,benign
0.0,0.0,0.0,0.0,0.0,0.0,2.0,0.0,2.0,2.0,0.0,60.0,1.0,0.0,0.0,0.0,0.0,1.0,1.0,0.0,0.0,0.0,0.0,0.0,0.030114,0.002253,0.0139304999999999,0.0,0.0,0.0,benign
123.0,0.0,1.0,0.0,2.0,0.0,1.0,0.0,2.0,2.0,0.0,54.0,2.0,0.0,11.0227038425243,2.0,2.0,1.0,1.0,2.0,0.0,0.0,0.0,24.0,0.131024,0.0,0.0563749668979947,64.0,95.5,5608.0,benign
0.0,0.0,0.0,0.0,0.0,0.0,0.2141573172999442,0.0,2.2857142857142856,2.2857142857142856,1460.0,60.0,2304.428571428572,0.0,18.604170327869127,147.14285714285714,147.14285714285714,0.5714285714285714,0.4285714285714285,15.285714285714286,2285.714285714286,2288.0,0.0,24.0,0.139389975,2.7e-08,0.0017948658160929,37.0,14.346302832346536,0.0,recon
0.0,0.0,0.0,0.0,0.0,0.0,0.0,0.0,0.0,2.0,0.0,198.0,0.0,0.0,0.0,0.0,0.0,0.0,1.0,0.0,0.0,0.0,0.0,0.0,0.132505,0.132505,0.0,0.0,0.0,0.0,benign
0.0,0.0,0.0,0.0,0.0,0.0,0.0,0.0,0.0,0.0,0.0,0.0,0.0,0.0,0.0,0.0,0.0,0.0,0.0,0.0,0.0,0.0,0.0,0.0,0.0,0.0,0.0,0.0,0.0,0.0,benign
0.0,0.0,0.0,0.0,0.0,0.0,0.0,0.0,0.0,0.0,0.0,0.0,0.0,0.0,0.0,0.0,0.0,0.0,0.0,0.0,0.0,0.0,0.0,0.0,0.0,0.0,0.0,0.0,0.0,0.0,benign
0.0,0.0,0.0,0.0,0.0,0.0,0.0,0.0,0.0,0.0,0.0,0.0,0.0,0.0,0.0,0.0,0.0,0.0,0.0,0.0,0.0,0.0,0.0,0.0,0.0,0.0,0.0,0.0,0.0,0.0,benign
0.0,0.0,0.0,0.0,0.0,0.0,10.0,0.0,1.0,2.0,0.0,60.0,0.0,0.0,0.0,0.0,0.0,0.0,1.0,0.0,0.0,0.0,0.0,0.0,0.010626,0.002187,0.0042195,0.0,0.0,0.0,benign
0.0,0.0,0.0,0.0,0.0,0.0,0.0,0.0,1.0,2.0,0.0,230.0,0.0,196.0,0.0,1.0,1.0,0.0,1.0,0.0,0.0,0.0,0.0,0.0,0.087418,0.087418,0.0,255.0,0.0,0.0,benign
13.0,0.0,1.0,0.0,1.0,0.0,55.66666666666666,0.0,2.0,2.0,0.0,54.0,2.0,0.0,10.5,2.0,2.0,2.0,2.0,1.0,0.0,0.0,0.0,24.0,0.059542,0.0,0.025443345705459,64.0,95.5,5630.0,benign
0.0,0.0,0.0,0.0,0.0,0.0,0.0,0.0,0.0,0.0,0.0,0.0,0.0,0.0,0.0,0.0,0.0,0.0,0.0,0.0,0.0,0.0,0.0,0.0,0.0,0.0,0.0,0.0,0.0,0.0,benign
0.0,0.0,0.0,0.0,0.0,0.0,0.0,0.0,0.0,0.0,0.0,0.0,0.0,0.0,0.0,0.0,0.0,0.0,0.0,0.0,0.0,0.0,0.0,0.0,0.0,0.0,0.0,0.0,0.0,0.0,benign
0.0,0.0,0.0,0.0,0.0,0.0,0.0,0.0,0.0,0.0,0.0,0.0,0.0,0.0,0.0,0.0,0.0,0.0,0.0,0.0,0.0,0.0,0.0,0.0,0.0,0.0,0.0,0.0,0.0,0.0,benign
0.0,0.0,0.0,0.0,0.0,0.0,1.8,0.0,4.0,3.0,0.0,66.0,3.0,0.0,928.441839858588,2.0,2.0,3.0,3.0,2.0,0.0,0.0,0.0,24.0,0.012402,0.0,0.0043436656434654,61.0,1.4142135623730951,660.0,benign
2.0,0.0,1.0,0.0,1.0,0.0,0.0,0.0,2.0,2.0,0.0,54.0,1.0,0.0,7.5,2.0,2.0,1.0,1.0,1.0,0.0,0.0,0.0,24.0,0.051891,1e-06,0.0259449999999999,64.0,95.5,5548.0,benign
138.0,0.0,1.0,0.0,2.0,0.0,1.6666666666666667,0.0,2.0,2.0,0.0,54.0,2.0,0.0,11.0227038425243,2.0,2.0,1.0,1.0,2.0,0.0,0.0,0.0,24.0,0.042692,0.0,0.017848413998168,64.0,95.5,5644.0,benign
0.0,0.0,0.0,0.0,0.0,0.0,0.0,0.0,0.0,0.0,0.0,0.0,0.0,0.0,0.0,0.0,0.0,0.0,0.0,0.0,0.0,0.0,0.0,0.0,0.0,0.0,0.0,0.0,0.0,0.0,benign
0.0,0.0,0.0,0.0,0.0,0.0,0.0,0.0,0.0,2.0,0.0,198.0,0.0,0.0,0.0,0.0,0.0,0.0,1.0,0.0,0.0,0.0,0.0,0.0,0.022716,0.022716,0.0,0.0,0.0,0.0,benign
0.0,0.0,0.0,0.0,0.0,0.0,0.0,0.0,0.0,0.0,0.0,0.0,0.0,0.0,0.0,0.0,0.0,0.0,0.0,0.0,0.0,0.0,0.0,0.0,0.0,0.0,0.0,0.0,0.0,0.0,benign
0.0,0.0,0.0,0.0,0.0,0.0,0.0,0.0,1.0,2.0,0.0,214.0,0.0,180.0,0.0,1.0,1.0,0.0,1.0,0.0,0.0,0.0,0.0,0.0,0.035129,0.035129,0.0,255.0,0.0,0.0,benign
0.0,0.0,0.0,0.0,0.0,0.0,0.0,0.0,0.0,0.0,0.0,0.0,0.0,0.0,0.0,0.0,0.0,0.0,0.0,0.0,0.0,0.0,0.0,0.0,0.0,0.0,0.0,0.0,0.0,0.0,benign
0.0,0.0,0.1428571428571428,0.0,0.1428571428571428,0.0,39.70285714285714,0.0,0.4285714285714285,0.4285714285714285,1460.0,60.0,12.571428571428571,0.0,1.2026142323020863,12.857142857142858,13.0,0.1428571428571428,0.2857142857142857,0.1428571428571428,12.428571428571429,12.428571428571429,0.0,24.0,0.080432664,3.4e-08,0.0219771236757822,37.0,103.32681479650738,1024.0,recon
0.0,0.0,0.0,0.0,0.0,0.0,1.6666666666666667,2.0,2.0,2.0,0.0,66.0,2.0,0.0,964.1966539560278,2.0,2.0,2.0,2.0,2.0,0.0,0.0,0.0,24.0,0.020546,0.0,0.008598060838788,61.0,1.5,660.0,benign
0.0,0.0,0.0,0.0,0.0,0.0,0.0,0.0,1.0,2.0,0.0,60.0,1.0,0.0,0.0,0.0,0.0,1.0,0.0,0.0,0.0,0.0,0.0,0.0,0.008054,0.008054,0.0,0.0,0.0,0.0,benign
0.0,0.0,0.0,0.0,0.0,0.0,0.0,0.0,0.0,0.0,0.0,0.0,0.0,0.0,0.0,0.0,0.0,0.0,0.0,0.0,0.0,0.0,0.0,0.0,0.0,0.0,0.0,0.0,0.0,0.0,benign
13.0,0.0,1.0,0.0,1.0,0.0,0.0,0.0,2.0,2.0,0.0,54.0,1.0,0.0,10.5,2.0,2.0,1.0,1.0,1.0,0.0,0.0,0.0,24.0,0.148301,1e-06,0.07415,64.0,95.5,5580.0,benign
0.0,0.0,0.0,0.0,0.0,4988.0,0.0851681260650233,0.0,0.8571428571428571,1.0,0.0,60.0,8463.42857142857,328.0,436.06471602191095,0.0,0.0,0.2857142857142857,0.1428571428571428,0.0,0.0,0.0,0.0,0.0,0.033854527,2.6e-08,0.0002135399010031,64.0,0.0,0.0,ddos
22.3,0.0,1.0,0.0,7.0,0.0,1.4,0.0,2.0,2.0,0.0,54.0,3.0,0.0,49.86788100125727,2.0,2.0,1.0,1.0,3.0,0.0,0.0,0.0,24.0,0.056289,0.0,0.0207786122224004,64.0,95.5,5632.0,benign
4.0,0.0,1.0,0.0,1.0,0.0,0.0,0.0,2.0,2.0,0.0,54.0,1.0,0.0,8.5,2.0,2.0,1.0,1.0,1.0,0.0,0.0,0.0,24.0,0.0487,0.0,0.02435,64.0,95.5,5580.0,benign
0.0,0.0,0.0,0.0,0.0,0.0,0.0,0.0,0.0,0.0,0.0,0.0,0.0,0.0,0.0,0.0,0.0,0.0,0.0,0.0,0.0,0.0,0.0,0.0,0.0,0.0,0.0,0.0,0.0,0.0,benign
0.0,0.0,0.0,0.0,0.0,0.0,0.0,0.0,0.0,0.0,0.0,0.0,0.0,0.0,0.0,0.0,0.0,0.0,0.0,0.0,0.0,0.0,0.0,0.0,0.0,0.0,0.0,0.0,0.0,0.0,benign
0.0,0.0,0.0,0.0,0.0,0.0,462.0,0.0,3.0,3.0,0.0,60.0,1.0,196.0,0.0,1.0,1.0,1.0,2.0,0.0,0.0,0.0,0.0,0.0,0.005057,0.00051,0.0020550845886889,255.0,0.0,0.0,benign
0.0,0.0,0.0,0.0,0.0,0.0,0.0,0.0,0.0,0.0,0.0,0.0,0.0,0.0,0.0,0.0,0.0,0.0,0.0,0.0,0.0,0.0,0.0,0.0,0.0,0.0,0.0,0.0,0.0,0.0,benign
0.0,0.0,0.0,0.0,0.0,0.0,0.0,0.0,0.0,0.0,0.0,0.0,0.0,0.0,0.0,0.0,0.0,0.0,0.0,0.0,0.0,0.0,0.0,0.0,0.0,0.0,0.0,0.0,0.0,0.0,benign
3.0,0.0,1.0,0.0,1.0,0.0,0.0,0.0,2.0,2.0,0.0,54.0,1.0,0.0,8.5,2.0,2.0,1.0,1.0,1.0,0.0,0.0,0.0,24.0,0.009259,0.0,0.0046295,64.0,95.5,5602.0,benign
0.0,0.0,0.0,0.0,0.0,0.0,0.0,0.0,0.0,0.0,0.0,0.0,0.0,0.0,0.0,0.0,0.0,0.0,0.0,0.0,0.0,0.0,0.0,0.0,0.0,0.0,0.0,0.0,0.0,0.0,benign
0.0,0.0,0.0,0.0,0.0,0.0,327.0,0.0,2.0,2.0,0.0,60.0,0.0,196.0,0.0,1.0,1.0,0.0,2.0,0.0,0.0,0.0,0.0,0.0,0.099012,0.009618,0.0446969999999999,255.0,0.0,0.0,benign
1.0,0.0,1.0,302.6666666666667,4.0,0.0,129.71428571428572,0.0,2.0,2.0,0.0,54.0,4.0,0.0,8.0,2.0,2.0,1.0,1.0,4.0,0.0,0.0,0.0,24.0,0.035538,0.0,0.0123493063867722,64.0,95.5,5570.0,benign
0.0,0.0,0.0,0.0,0.0,0.0,0.0,0.0,0.0,0.0,0.0,0.0,0.0,0.0,0.0,0.0,0.0,0.0,0.0,0.0,0.0,0.0,0.0,0.0,0.0,0.0,0.0,0.0,0.0,0.0,benign
113.0,9.848857801796104,0.1428571428571428,901.0,1.7142857142857142,0.0,116.1025641025641,0.0,0.4285714285714285,0.4285714285714285,1460.0,60.0,2.857142857142857,0.0,28.173746644704533,2.2857142857142856,2.2857142857142856,0.1428571428571428,0.2857142857142857,1.1428571428571428,1.7142857142857142,1.7142857142857142,0.0,24.0,0.046127322,3.3e-08,0.0087409596199958,38.0,100.59493028975167,1024.0,recon
122.0,0.0,1.0,0.0,2.0,0.0,0.6666666666666666,0.0,2.0,2.0,0.0,54.0,2.0,0.0,11.0227038425243,2.0,2.0,1.0,1.0,2.0,0.0,0.0,0.0,24.0,0.005641,0.0,0.002317183689309,64.0,95.5,5568.0,benign
1023.0,0.0,1.0,0.0,1.0,0.0,0.0,0.0,2.0,2.0,0.0,54.0,1.0,0.0,9.0,2.0,2.0,1.0,1.0,1.0,0.0,0.0,0.0,24.0,0.073521,0.0,0.0367605,64.0,95.5,5644.0,benign
2.0,0.0,1.0,0.0,1.0,0.0,0.0,0.0,2.0,2.0,0.0,54.0,1.0,0.0,8.5,2.0,2.0,1.0,1.0,1.0,0.0,0.0,0.0,24.0,0.002087,0.0,0.0010435,64.0,95.5,5624.0,benign
0.0,0.0,0.0,0.0,0.0,0.0,21.61111111111111,0.0,13.0,13.0,0.0,54.0,18.0,0.0,425.7150955578496,14.0,14.0,3.0,2.0,18.0,0.0,0.0,0.0,24.0,0.107306,0.0,0.0322618480221489,61.0,94.76786447592092,660.0,benign
0.0,0.0,0.0,0.0,0.0,0.0,0.0,0.0,0.0,0.0,0.0,0.0,0.0,0.0,0.0,0.0,0.0,0.0,0.0,0.0,0.0,0.0,0.0,0.0,0.0,0.0,0.0,0.0,0.0,0.0,benign
0.0,0.0,0.0,0.0,0.0,0.0,0.0,0.0,0.0,0.0,0.0,0.0,0.0,0.0,0.0,0.0,0.0,0.0,0.0,0.0,0.0,0.0,0.0,0.0,0.0,0.0,0.0,0.0,0.0,0.0,benign
1023.0,0.0,1.0,0.0,1.0,0.0,0.0,0.0,2.0,2.0,0.0,54.0,1.0,0.0,9.0,2.0,2.0,1.0,1.0,1.0,0.0,0.0,0.0,24.0,0.081659,0.0,0.0408295,64.0,95.5,5614.0,benign
0.0,0.0,0.0,0.0,0.0,0.0,10.0,0.0,0.0,2.0,0.0,94.0,0.0,40.0,10.5,1.0,1.0,0.0,1.0,0.0,0.0,0.0,0.0,0.0,0.013204,0.0,0.006602,0.0,0.0,0.0,benign
0.0,0.0,0.0,0.0,0.0,0.0,28.33333333333333,0.0,12.0,12.0,0.0,54.0,16.0,0.0,385.6932460822485,12.0,12.0,3.0,3.0,16.0,0.0,0.0,0.0,24.0,0.102903,0.0,0.0237797395697148,61.0,94.55609885690954,660.0,benign
0.0,0.0,0.0,0.0,0.0,0.0,853.3333333333334,0.0,0.4285714285714285,0.4285714285714285,0.0,60.0,0.1428571428571428,180.0,0.0,0.1428571428571428,0.1428571428571428,0.1428571428571428,0.2857142857142857,0.0,0.0,0.0,0.0,0.0,0.022423368,0.001371113,0.0084671744712872,255.0,0.0,0.0,recon
0.0,0.0,0.0,0.0,0.0,0.0,0.0,0.0,0.0,0.0,0.0,0.0,0.0,0.0,0.0,0.0,0.0,0.0,0.0,0.0,0.0,0.0,0.0,0.0,0.0,0.0,0.0,0.0,0.0,0.0,benign
0.0,0.0,0.0,0.0,0.0,0.0,0.0,0.0,0.0,0.0,0.0,0.0,0.0,0.0,0.0,0.0,0.0,0.0,0.0,0.0,0.0,0.0,0.0,0.0,0.0,0.0,0.0,0.0,0.0,0.0,benign
0.0,0.0,0.0,0.0,0.0,0.0,0.0,0.0,1.0,2.0,0.0,60.0,0.0,0.0,0.0,0.0,0.0,0.0,1.0,0.0,0.0,0.0,0.0,0.0,0.057362,0.057362,0.0,0.0,0.0,0.0,benign
0.0,0.0,0.0,0.0,0.0,0.0,0.0,0.0,0.0,0.0,0.0,0.0,0.0,0.0,0.0,0.0,0.0,0.0,0.0,0.0,0.0,0.0,0.0,0.0,0.0,0.0,0.0,0.0,0.0,0.0,benign
13.0,0.0,1.0,0.0,1.0,0.0,0.0,0.0,2.0,2.0,0.0,54.0,1.0,0.0,10.5,2.0,2.0,1.0,1.0,1.0,0.0,0.0,0.0,24.0,0.008855,0.0,0.0044275,64.0,95.5,5628.0,benign
1023.0,0.0,0.2857142857142857,0.0,0.5714285714285714,0.0,38.28888888888889,0.0,0.5714285714285714,0.5714285714285714,1460.0,60.0,13.0,0.0,5.546757422038752,12.857142857142858,12.714285714285714,0.2857142857142857,0.4285714285714285,0.4285714285714285,12.285714285714286,12.428571428571429,0.0,24.0,0.080369154,3.4e-08,0.0220133371784846,37.0,103.71595751835846,1024.0,recon
918.0,0.0,2.0,0.0,3.0,0.0,0.6666666666666666,0.0,2.0,2.0,0.0,54.0,2.0,0.0,22.93877721239735,2.0,2.0,1.0,1.0,2.0,0.0,0.0,0.0,24.0,0.019907,0.0,0.008336882372176,64.0,95.5,5588.0,benign
0.0,0.0,0.0,0.0,0.0,0.0,0.0,0.0,1.0,2.0,0.0,230.0,0.0,196.0,0.0,1.0,1.0,0.0,1.0,0.0,0.0,0.0,0.0,0.0,0.032945,0.032945,0.0,255.0,0.0,0.0,benign
0.0,0.0,0.0,0.0,0.0,0.0,0.0,0.0,0.0,2.0,0.0,198.0,0.0,0.0,0.0,0.0,0.0,0.0,1.0,0.0,0.0,0.0,0.0,0.0,0.121248,0.121248,0.0,0.0,0.0,0.0,benign
0.0,0.0,0.0,0.0,0.0,0.0,45.5,2.0,4.0,3.0,0.0,66.0,4.0,0.0,559.6397893981012,4.0,4.0,3.0,3.0,2.0,0.0,0.0,0.0,24.0,0.161369,0.0,0.0553225121458023,50.0,4.65985898008574,660.0,benign
0.0,0.0,0.0,0.0,0.0,0.0,0.0,0.0,0.0,0.0,0.0,0.0,0.0,0.0,0.0,0.0,0.0,0.0,0.0,0.0,0.0,0.0,0.0,0.0,0.0,0.0,0.0,0.0,0.0,0.0,benign
0.0,0.0,0.0,0.0,0.0,0.0,0.0,0.0,1.0,2.0,0.0,214.0,0.0,180.0,0.0,1.0,1.0,0.0,1.0,0.0,0.0,0.0,0.0,0.0,0.070689,0.070689,0.0,255.0,0.0,0.0,benign
2.0,0.0,1.0,0.0,1.0,0.0,0.0,0.0,2.0,2.0,0.0,54.0,1.0,0.0,8.5,2.0,2.0,1.0,1.0,1.0,0.0,0.0,0.0,24.0,0.018758,0.0,0.009379,64.0,95.5,5620.0,benign
0.0,0.0,0.0,0.0,0.0,0.0,0.0,0.0,0.0,0.0,0.0,0.0,0.0,0.0,0.0,0.0,0.0,0.0,0.0,0.0,0.0,0.0,0.0,0.0,0.0,0.0,0.0,0.0,0.0,0.0,benign
210.0,0.0,1.0,0.0,2.0,0.0,0.6666666666666666,0.0,2.0,2.0,0.0,54.0,2.0,0.0,10.594810050208546,2.0,2.0,1.0,1.0,2.0,0.0,0.0,0.0,24.0,0.069409,0.0,0.029721824400388,64.0,95.5,5582.0,benign
0.0,0.0,0.0,0.0,0.0,0.0,0.0,0.0,0.0,2.0,0.0,198.0,0.0,0.0,0.0,0.0,0.0,0.0,1.0,0.0,0.0,0.0,0.0,0.0,0.125495,0.125495,0.0,0.0,0.0,0.0,benign
0.0,0.0,0.0,0.0,0.0,0.0,0.0,0.0,0.0,0.0,0.0,0.0,0.0,0.0,0.0,0.0,0.0,0.0,0.0,0.0,0.0,0.0,0.0,0.0,0.0,0.0,0.0,0.0,0.0,0.0,benign
0.0,0.0,0.0,0.0,0.0,0.0,0.0,0.0,1.0,2.0,0.0,214.0,0.0,180.0,0.0,1.0,1.0,0.0,1.0,0.0,0.0,0.0,0.0,0.0,0.013519,0.013519,0.0,255.0,0.0,0.0,benign
0.0,0.0,0.0,0.0,0.0,0.0,0.0,0.0,0.0,0.0,0.0,0.0,0.0,0.0,0.0,0.0,0.0,0.0,0.0,0.0,0.0,0.0,0.0,0.0,0.0,0.0,0.0,0.0,0.0,0.0,benign
0.0,0.0,0.0,0.0,0.0,0.0,0.0091900183800367,0.0,0.5714285714285714,1.2857142857142858,0.0,60.0,107206.85714285714,0.0,0.0,0.1428571428571428,9416.57142857143,0.2857142857142857,0.4285714285714285,0.0,0.0,0.0,0.0,0.0,0.000592945,-3.5e-08,5.0832324696450056e-05,1.0,0.1028477195074731,512.0,ddos
0.0,0.0,0.0,0.0,0.0,0.0,0.0,0.0,0.0,0.0,0.0,0.0,0.0,0.0,0.0,0.0,0.0,0.0,0.0,0.0,0.0,0.0,0.0,0.0,0.0,0.0,0.0,0.0,0.0,0.0,benign
0.0,0.0,0.0,0.0,0.0,0.0,0.0,0.0,1.0,2.0,0.0,60.0,1.0,0.0,0.0,0.0,0.0,1.0,0.0,0.0,0.0,0.0,0.0,0.0,0.002752,0.002752,0.0,0.0,0.0,0.0,benign
0.0,0.0,0.0,0.0,0.0,0.0,0.0,0.0,0.0,0.0,0.0,0.0,0.0,0.0,0.0,0.0,0.0,0.0,0.0,0.0,0.0,0.0,0.0,0.0,0.0,0.0,0.0,0.0,0.0,0.0,benign
0.0,0.0,0.0,0.0,0.0,0.0,0.0,0.0,1.0,2.0,0.0,230.0,0.0,196.0,0.0,1.0,1.0,0.0,1.0,0.0,0.0,0.0,0.0,0.0,0.224069,0.224069,0.0,255.0,0.0,0.0,benign
916.0,0.0,2.0,0.0,3.0,0.0,1.0,0.0,2.0,2.0,0.0,54.0,2.0,0.0,22.93877721239735,2.0,2.0,1.0,1.0,2.0,0.0,0.0,0.0,24.0,0.0742,0.0,0.0317321306988279,64.0,95.5,5560.0,benign
0.0,0.0,0.0,0.0,0.0,0.0,0.0,0.0,1.0,2.0,0.0,60.0,0.0,0.0,0.0,0.0,0.0,0.0,1.0,0.0,0.0,0.0,0.0,0.0,0.006949,0.006949,0.0,0.0,0.0,0.0,benign
0.0,0.0,0.0,0.0,0.0,0.0,1.6666666666666667,2.0,2.0,2.0,0.0,66.0,2.0,0.0,959.6828577712536,2.0,2.0,2.0,2.0,2.0,0.0,0.0,0.0,24.0,0.005795,0.0,0.0024452346896565,61.0,1.5,660.0,benign
22.5,0.0,1.0,0.0,7.0,0.0,1.4,0.0,2.0,2.0,0.0,54.0,3.0,0.0,49.86788100125727,2.0,2.0,1.0,1.0,3.0,0.0,0.0,0.0,24.0,0.012244,0.0,0.0044014790569635,64.0,95.5,5594.0,benign
0.0,0.0,0.0,0.0,0.0,0.0,0.0,0.0,0.0,0.0,0.0,0.0,0.0,0.0,0.0,0.0,0.0,0.0,0.0,0.0,0.0,0.0,0.0,0.0,0.0,0.0,0.0,0.0,0.0,0.0,benign
0.0,0.0,0.0,0.0,0.0,0.0,0.0,0.0,0.0,0.0,0.0,0.0,0.0,0.0,0.0,0.0,0.0,0.0,0.0,0.0,0.0,0.0,0.0,0.0,0.0,0.0,0.0,0.0,0.0,0.0,benign
0.0,0.0,0.0,0.0,0.0,0.0,0.0,0.0,0.0,0.0,0.0,0.0,0.0,0.0,0.0,0.0,0.0,0.0,0.0,0.0,0.0,0.0,0.0,0.0,0.0,0.0,0.0,0.0,0.0,0.0,benign
0.0,0.0,0.0,0.0,0.0,0.0,0.0,0.0,0.0,0.0,0.0,0.0,0.0,0.0,0.0,0.0,0.0,0.0,0.0,0.0,0.0,0.0,0.0,0.0,0.0,0.0,0.0,0.0,0.0,0.0,benign
42.0,0.0,1.0,0.0,2.0,0.0,2.6666666666666665,0.0,2.0,2.0,0.0,54.0,2.0,0.0,10.80219885023415,2.0,2.0,1.0,1.0,2.0,0.0,0.0,0.0,24.0,0.193973,0.0,0.0828122229093477,64.0,95.5,5602.0,benign
64.0,0.0,1.0,0.0,2.0,0.0,10.75,0.0,2.0,2.0,0.0,54.0,3.0,0.0,16.823792675850473,2.0,2.0,2.0,1.0,3.0,0.0,0.0,0.0,24.0,0.0402,0.0,0.0161649893857063,64.0,93.5705081743174,5580.0,benign
0.0,0.0,0.0,0.0,0.0,0.0,0.0,0.0,0.0,0.0,0.0,0.0,0.0,0.0,0.0,0.0,0.0,0.0,0.0,0.0,0.0,0.0,0.0,0.0,0.0,0.0,0.0,0.0,0.0,0.0,benign
0.0,0.0,0.0,0.0,0.0,0.0,0.0,0.0,0.0,0.0,0.0,0.0,0.0,0.0,0.0,0.0,0.0,0.0,0.0,0.0,0.0,0.0,0.0,0.0,0.0,0.0,0.0,0.0,0.0,0.0,benign
0.0,0.0,0.0,0.0,0.0,0.0,0.0,0.0,0.0,0.0,0.0,0.0,0.0,0.0,0.0,0.0,0.0,0.0,0.0,0.0,0.0,0.0,0.0,0.0,0.0,0.0,0.0,0.0,0.0,0.0,benign
0.0,0.0,0.0,0.0,0.0,0.0,96.1029411764706,0.0,2.857142857142857,1.1428571428571428,0.0,60.0,4.714285714285714,0.0,275.7689466165867,3.571428571428572,3.571428571428572,0.7142857142857143,0.8571428571428571,3.7142857142857135,0.0,0.0,0.0,24.0,0.072857126,3.4e-08,0.0149099198314332,46.0,46.21107153162205,49.0,recon
0.0,0.0,0.0,0.0,0.0,0.0,0.0,0.0,0.0,0.0,0.0,0.0,0.0,0.0,0.0,0.0,0.0,0.0,0.0,0.0,0.0,0.0,0.0,0.0,0.0,0.0,0.0,0.0,0.0,0.0,benign
284.0,0.7637626158259734,0.1428571428571428,1020.8,0.8571428571428571,0.0,365.4285714285714,0.0,0.4285714285714285,0.4285714285714285,0.0,60.0,1.1428571428571428,0.0,11.0,0.2857142857142857,0.2857142857142857,0.2857142857142857,0.2857142857142857,0.8571428571428571,0.0,0.0,0.0,24.0,0.10718484,8.7e-08,0.0293062428442061,64.0,95.5,4386.0,mitm
0.0,0.0,0.0,0.0,0.0,0.0,0.0,0.0,0.0,0.0,0.0,0.0,0.0,0.0,0.0,0.0,0.0,0.0,0.0,0.0,0.0,0.0,0.0,0.0,0.0,0.0,0.0,0.0,0.0,0.0,benign
0.0,0.0,0.0,0.0,0.0,0.0,0.0,0.0,0.0,0.0,0.0,0.0,0.0,0.0,0.0,0.0,0.0,0.0,0.0,0.0,0.0,0.0,0.0,0.0,0.0,0.0,0.0,0.0,0.0,0.0,benign
0.0,0.0,0.0,0.0,0.0,0.0,0.0,0.0,0.0,0.0,0.0,0.0,0.0,0.0,0.0,0.0,0.0,0.0,0.0,0.0,0.0,0.0,0.0,0.0,0.0,0.0,0.0,0.0,0.0,0.0,benign
0.0,0.0,0.0,0.0,0.0,0.0,0.0,0.0,0.0,0.0,0.0,0.0,0.0,0.0,0.0,0.0,0.0,0.0,0.0,0.0,0.0,0.0,0.0,0.0,0.0,0.0,0.0,0.0,0.0,0.0,benign
4.0,0.0,1.0,0.0,1.0,0.0,0.0,0.0,2.0,2.0,0.0,54.0,1.0,0.0,8.5,2.0,2.0,1.0,1.0,1.0,0.0,0.0,0.0,24.0,0.003582,0.0,0.001791,64.0,95.5,5558.0,benign
0.0,0.0,0.0,0.0,0.0,0.0,17.425925925925927,0.0,13.0,12.0,0.0,54.0,27.0,0.0,350.4101782009593,13.0,13.0,4.0,4.0,26.0,0.0,0.0,0.0,24.0,0.08396,0.0,0.0193372189097169,61.0,95.17872491287795,660.0,benign
0.0,0.0,0.0,0.0,0.0,0.0,0.0,0.0,0.0,0.0,0.0,0.0,0.0,0.0,0.0,0.0,0.0,0.0,0.0,0.0,0.0,0.0,0.0,0.0,0.0,0.0,0.0,0.0,0.0,0.0,benign
0.0,0.0,0.0,0.0,0.0,0.0,0.0,0.0,0.0,0.0,0.0,0.0,0.0,0.0,0.0,0.0,0.0,0.0,0.0,0.0,0.0,0.0,0.0,0.0,0.0,0.0,0.0,0.0,0.0,0.0,benign
0.0,0.0,0.0,0.0,0.0,0.0,0.0,0.0,0.0,0.0,0.0,0.0,0.0,0.0,0.0,0.0,0.0,0.0,0.0,0.0,0.0,0.0,0.0,0.0,0.0,0.0,0.0,0.0,0.0,0.0,benign
0.0,0.0,0.0,0.0,0.0,0.0,18.294117647058822,0.0,11.0,11.0,0.0,54.0,17.0,0.0,438.516817330563,12.0,12.0,4.0,3.0,16.0,0.0,0.0,0.0,24.0,0.257592,0.0,0.0472174539891376,61.0,94.55609885690954,660.0,benign
-0.7,0.5880476171195662,2.0,0.0,2.0,0.0,2.0,0.0,2.0,2.0,0.0,54.0,2.0,0.0,19.327585352432298,2.0,2.0,1.0,1.0,1.0,0.0,0.0,0.0,24.0,0.002367,0.0,0.0011158145007123,64.0,90.03826347108705,5574.0,benign
0.0,0.0,0.0,0.0,0.0,0.0,0.0,0.0,0.0,0.0,0.0,0.0,0.0,0.0,0.0,0.0,0.0,0.0,0.0,0.0,0.0,0.0,0.0,0.0,0.0,0.0,0.0,0.0,0.0,0.0,benign
0.0,0.0,0.0,0.0,0.0,0.0,0.0,0.0,0.0,0.0,0.0,0.0,0.0,0.0,0.0,0.0,0.0,0.0,0.0,0.0,0.0,0.0,0.0,0.0,0.0,0.0,0.0,0.0,0.0,0.0,benign
0.0,0.0,0.0,0.0,0.0,0.0,21.473684210526315,0.0,12.0,12.0,0.0,54.0,19.0,0.0,405.7043712087448,13.0,13.0,3.0,2.0,19.0,0.0,0.0,0.0,24.0,0.156264,0.0,0.0314325068645859,61.0,94.84935285501489,660.0,benign
0.0,0.0,0.0,0.0,0.0,0.0,0.0,0.0,0.0,0.0,0.0,0.0,0.0,0.0,0.0,0.0,0.0,0.0,0.0,0.0,0.0,0.0,0.0,0.0,0.0,0.0,0.0,0.0,0.0,0.0,benign
0.0,0.0,0.0,0.0,0.0,0.0,0.0,0.0,0.0,0.0,0.0,0.0,0.0,0.0,0.0,0.0,0.0,0.0,0.0,0.0,0.0,0.0,0.0,0.0,0.0,0.0,0.0,0.0,0.0,0.0,benign
0.0,0.0,0.0,0.0,0.0,0.0,0.0,0.0,0.0,2.0,0.0,198.0,0.0,0.0,0.0,0.0,0.0,0.0,1.0,0.0,0.0,0.0,0.0,0.0,0.008813,0.008813,0.0,0.0,0.0,0.0,benign
212.0,0.0,1.0,0.0,2.0,0.0,0.6666666666666666,0.0,2.0,2.0,0.0,54.0,2.0,0.0,10.594810050208546,2.0,2.0,1.0,1.0,2.0,0.0,0.0,0.0,24.0,0.024851,0.0,0.0104586917770579,64.0,95.5,5632.0,benign
-0.7,0.5880476171195662,2.0,0.0,2.0,0.0,1.0,0.0,2.0,2.0,0.0,54.0,2.0,0.0,19.327585352432298,2.0,2.0,1.0,1.0,1.0,0.0,0.0,0.0,24.0,0.104245,0.0,0.0491415642698611,64.0,90.03826347108705,5562.0,benign
212.0,0.0,1.0,0.0,2.0,0.0,1.3333333333333333,0.0,2.0,2.0,0.0,54.0,2.0,0.0,10.594810050208546,2.0,2.0,1.0,1.0,2.0,0.0,0.0,0.0,24.0,0.022904,0.0,0.0094740101593781,64.0,95.5,5590.0,benign
0.0,0.0,0.0,0.0,0.0,0.0,8.024691358024691,0.0,14.0,14.0,0.0,54.0,41.0,0.0,257.2871160630565,14.0,14.0,4.0,4.0,38.0,0.0,0.0,0.0,24.0,0.12189,0.0,0.0209761245003381,61.0,77.16542166746505,502.0,benign
0.0,0.0,0.0,0.0,0.0,0.0,0.0,0.0,1.0,2.0,0.0,214.0,0.0,180.0,0.0,1.0,1.0,0.0,1.0,0.0,0.0,0.0,0.0,0.0,0.009386,0.009386,0.0,255.0,0.0,0.0,benign
0.0,0.0,0.0,0.0,0.0,0.0,136.5,0.0,2.0,2.0,0.0,60.0,1.0,0.0,0.0,0.0,0.0,1.0,1.0,0.0,0.0,0.0,0.0,0.0,0.075603,0.001908,0.0313011493399204,0.0,0.0,0.0,benign
0.0,0.0,0.0,0.0,0.0,0.0,0.0,0.0,0.0,0.0,0.0,0.0,0.0,0.0,0.0,0.0,0.0,0.0,0.0,0.0,0.0,0.0,0.0,0.0,0.0,0.0,0.0,0.0,0.0,0.0,benign
12.0,0.0,1.0,0.0,1.0,0.0,0.0,0.0,2.0,2.0,0.0,54.0,1.0,0.0,10.5,2.0,2.0,1.0,1.0,1.0,0.0,0.0,0.0,24.0,0.055169,0.0,0.0275845,64.0,95.5,5560.0,benign
0.0,0.0,0.0,0.0,0.0,0.0,0.0100420200840401,0.0,0.8571428571428571,1.0,0.0,60.0,99739.42857142857,0.0,0.0,670.2857142857143,9416.57142857143,0.2857142857142857,0.2857142857142857,0.0,699.4285714285714,0.0,0.0,20.0,0.001317147,2.5e-08,5.413740611762224e-05,64.0,15.88319815326868,512.0,ddos
119.0,1.8070158058105847,0.1428571428571428,1006.6666666666666,2.0,0.0,2.444043321299639,0.0,0.4285714285714285,0.5714285714285714,1460.0,60.0,208.57142857142856,0.0,1.873739650134908,144.0,144.0,0.1428571428571428,0.4285714285714285,1.7142857142857142,185.14285714285717,206.8571428571429,0.0,24.0,0.052285226,2.8e-08,0.0035534540781505,37.0,103.49169807549929,1024.0,recon
0.0,0.0,0.0,0.0,0.0,0.0,0.0,0.0,0.0,0.0,0.0,0.0,0.0,0.0,0.0,0.0,0.0,0.0,0.0,0.0,0.0,0.0,0.0,0.0,0.0,0.0,0.0,0.0,0.0,0.0,benign
0.0,0.0,0.0,0.0,0.0,0.0,0.0,0.0,0.0,0.0,0.0,0.0,0.0,0.0,0.0,0.0,0.0,0.0,0.0,0.0,0.0,0.0,0.0,0.0,0.0,0.0,0.0,0.0,0.0,0.0,benign
22.5,0.0,1.0,0.0,7.0,0.0,1.0,0.0,2.0,2.0,0.0,54.0,4.0,0.0,35.755899862819845,2.0,2.0,1.0,1.0,4.0,0.0,0.0,0.0,24.0,0.097058,0.0,0.0318333777376435,64.0,95.5,5548.0,benign
0.0,0.0,0.0,0.0,0.0,0.0,0.0,0.0,1.0,2.0,0.0,230.0,0.0,196.0,0.0,1.0,1.0,0.0,1.0,0.0,0.0,0.0,0.0,0.0,0.046284,0.046284,0.0,255.0,0.0,0.0,benign
3.0,0.0,1.0,0.0,1.0,0.0,0.0,0.0,2.0,2.0,0.0,54.0,1.0,0.0,8.5,2.0,2.0,1.0,1.0,1.0,0.0,0.0,0.0,24.0,0.001102,0.0,0.000551,64.0,95.5,5582.0,benign
0.0,0.0,0.0,0.0,0.0,0.0,0.0,0.0,0.0,0.0,0.0,0.0,0.0,0.0,0.0,0.0,0.0,0.0,0.0,0.0,0.0,0.0,0.0,0.0,0.0,0.0,0.0,0.0,0.0,0.0,benign
0.0,0.0,0.0,0.0,0.0,0.0,0.0,0.0,0.0,0.0,0.0,0.0,0.0,0.0,0.0,0.0,0.0,0.0,0.0,0.0,0.0,0.0,0.0,0.0,0.0,0.0,0.0,0.0,0.0,0.0,benign
0.0,0.0,0.0,0.0,0.0,0.0,0.0,0.0,0.0,0.0,0.0,0.0,0.0,0.0,0.0,0.0,0.0,0.0,0.0,0.0,0.0,0.0,0.0,0.0,0.0,0.0,0.0,0.0,0.0,0.0,benign
0.0,0.0,0.0,0.0,0.0,0.0,0.0,0.0,1.0,2.0,0.0,214.0,0.0,180.0,0.0,1.0,1.0,0.0,1.0,0.0,0.0,0.0,0.0,0.0,0.000519,0.000519,0.0,255.0,0.0,0.0,benign
0.0,0.0,0.0,0.0,0.0,0.0,37.53888888888889,0.0,0.4285714285714285,0.5714285714285714,1460.0,60.0,19.714285714285715,0.0,256.5938377101334,1.0,15.285714285714286,0.4285714285714285,0.2857142857142857,2.571428571428572,1.7142857142857142,16.285714285714285,0.0,24.0,0.241098345,3.3e-08,0.0242134620122848,64.0,80.42027926308721,0.0,dos
917.0,0.0,2.0,0.0,3.0,0.0,3.2,0.0,2.0,2.0,0.0,54.0,3.0,0.0,22.93877721239735,2.0,2.0,2.0,2.0,2.0,0.0,0.0,0.0,24.0,0.069859,0.0,0.0250612477409512,64.0,95.5,5560.0,benign
0.0,0.0,0.0,0.0,0.0,0.0,18.12,0.0,12.0,12.0,0.0,54.0,25.0,0.0,373.14193406410544,13.0,13.0,4.0,3.0,24.0,0.0,0.0,0.0,24.0,0.106228,0.0,0.0285750207702998,61.0,95.11382952247614,660.0,benign
210.0,0.0,1.0,0.0,2.0,0.0,0.6666666666666666,0.0,2.0,2.0,0.0,54.0,2.0,0.0,10.594810050208546,2.0,2.0,1.0,1.0,2.0,0.0,0.0,0.0,24.0,0.002676,0.0,0.0012617752375126,64.0,95.5,5608.0,benign
0.0,0.0,0.0,0.0,0.0,0.0,0.0,0.0,0.0,0.0,0.0,0.0,0.0,0.0,0.0,0.0,0.0,0.0,0.0,0.0,0.0,0.0,0.0,0.0,0.0,0.0,0.0,0.0,0.0,0.0,benign
0.0,0.0,1.0,0.0,1.0,0.0,0.0,0.0,2.0,2.0,0.0,54.0,1.0,0.0,8.0,2.0,2.0,1.0,1.0,1.0,0.0,0.0,0.0,24.0,0.052764,0.0,0.026382,64.0,95.5,5588.0,benign
4.0,0.0,1.0,0.0,1.0,0.0,0.0,0.0,2.0,2.0,0.0,54.0,1.0,0.0,7.5,2.0,2.0,1.0,1.0,1.0,0.0,0.0,0.0,24.0,0.041158,0.0,0.020579,64.0,95.5,5626.0,benign
0.0,0.0,0.0,0.0,0.0,0.0,0.0,0.0,0.0,0.0,0.0,0.0,0.0,0.0,0.0,0.0,0.0,0.0,0.0,0.0,0.0,0.0,0.0,0.0,0.0,0.0,0.0,0.0,0.0,0.0,benign
0.0,0.0,0.0,0.0,0.0,0.0,0.0258125419453806,0.0,0.5714285714285714,0.7142857142857143,0.0,60.0,38273.57142857143,0.0,99.17943335187998,0.2857142857142857,0.2857142857142857,0.4285714285714285,0.4285714285714285,0.2857142857142857,0.0,0.0,0.0,24.0,0.002195001,2.6e-08,8.924060282433002e-05,64.0,20.850019750703183,5088.0,ddos
0.0,0.0,0.0,0.0,0.0,0.0,21.795454545454547,0.0,13.0,13.0,0.0,54.0,22.0,0.0,381.79359687831845,14.0,14.0,3.0,2.0,22.0,0.0,0.0,0.0,24.0,0.101145,0.0,0.030362020535604,61.0,95.0298562571096,660.0,benign
0.0,0.0,0.0,0.0,0.0,0.0,57.5,0.0,2.0,2.0,0.0,60.0,1.0,0.0,0.0,0.0,0.0,1.0,1.0,0.0,0.0,0.0,0.0,0.0,0.029926,0.001651,0.0127742584998982,0.0,0.0,0.0,benign
0.0,0.0,0.0,0.0,0.0,0.0,0.0,0.0,1.0,2.0,0.0,230.0,0.0,196.0,0.0,1.0,1.0,0.0,1.0,0.0,0.0,0.0,0.0,0.0,0.028612,0.028612,0.0,255.0,0.0,0.0,benign
12.0,0.0,1.0,0.0,1.0,0.0,0.0,0.0,2.0,2.0,0.0,54.0,1.0,0.0,10.5,2.0,2.0,1.0,1.0,1.0,0.0,0.0,0.0,24.0,0.0029,0.0,0.00145,64.0,95.5,5592.0,benign
212.0,0.0,1.0,0.0,2.0,0.0,0.6666666666666666,0.0,2.0,2.0,0.0,54.0,2.0,0.0,10.594810050208546,2.0,2.0,1.0,1.0,2.0,0.0,0.0,0.0,24.0,0.039651,0.000262,0.0168035054527321,64.0,95.5,5648.0,benign
141.0,0.0,1.0,0.0,2.0,0.0,9.0,0.0,2.0,2.0,0.0,54.0,2.0,0.0,11.0227038425243,2.0,2.0,1.0,1.0,2.0,0.0,0.0,0.0,24.0,0.001193,0.0,0.0005165841533574,64.0,95.5,5590.0,benign
0.0,0.0,0.0,0.0,0.0,0.0,81.84615384615384,0.0,0.5714285714285714,0.4285714285714285,1460.0,66.0,2.857142857142857,0.0,450.1685795343784,1.0,1.5714285714285714,0.4285714285714285,0.5714285714285714,0.5714285714285714,0.0,0.5714285714285714,0.0,24.0,0.178336,0.0,0.0281373037507038,63.0,18.26661914531531,501.0,web
0.0,0.0,0.0,0.0,0.0,0.0,0.006754013508027,0.0,0.1428571428571428,1.0,0.0,60.0,147923.57142857142,0.0,0.0,0.1428571428571428,9416.57142857143,0.2857142857142857,0.0,0.0,147923.42857142858,0.0,0.0,5.0,0.001158984,2.6e-08,4.114929813072751e-05,64.0,0.0,512.0,ddos
0.0,0.0,0.0,0.0,0.0,0.0,0.0,0.0,0.0,0.0,0.0,0.0,0.0,0.0,0.0,0.0,0.0,0.0,0.0,0.0,0.0,0.0,0.0,0.0,0.0,0.0,0.0,0.0,0.0,0.0,benign
0.0,0.0,0.0,0.0,0.0,0.0,0.0,0.0,0.0,0.0,0.0,0.0,0.0,0.0,0.0,0.0,0.0,0.0,0.0,0.0,0.0,0.0,0.0,0.0,0.0,0.0,0.0,0.0,0.0,0.0,benign
0.0,0.0,0.0,0.0,0.0,0.0,22.146341463414632,0.0,13.0,13.0,0.0,54.0,20.0,0.0,271.5051564887857,13.0,13.0,4.0,3.0,19.0,0.0,0.0,0.0,24.0,0.094853,0.0,0.0196201173368796,61.0,94.5506444980678,660.0,benign
0.0,0.0,0.0,0.0,0.0,0.0,0.0,0.0,0.0,0.0,0.0,0.0,0.0,0.0,0.0,0.0,0.0,0.0,0.0,0.0,0.0,0.0,0.0,0.0,0.0,0.0,0.0,0.0,0.0,0.0,benign
0.0,0.0,0.0,0.0,0.0,0.0,0.0,0.0,0.0,0.0,0.0,0.0,0.0,0.0,0.0,0.0,0.0,0.0,0.0,0.0,0.0,0.0,0.0,0.0,0.0,0.0,0.0,0.0,0.0,0.0,benign
0.0,0.0,0.0,0.0,0.0,0.0,0.0,0.0,1.0,2.0,0.0,214.0,0.0,180.0,0.0,1.0,1.0,0.0,1.0,0.0,0.0,0.0,0.0,0.0,0.000655,0.000655,0.0,255.0,0.0,0.0,benign
0.0,0.0,0.0,0.0,0.0,0.0,0.0,0.0,0.0,0.0,0.0,0.0,0.0,0.0,0.0,0.0,0.0,0.0,0.0,0.0,0.0,0.0,0.0,0.0,0.0,0.0,0.0,0.0,0.0,0.0,benign
12.0,0.0,1.0,0.0,1.0,0.0,0.0,0.0,2.0,2.0,0.0,54.0,1.0,0.0,10.5,2.0,2.0,1.0,1.0,1.0,0.0,0.0,0.0,24.0,0.000519,0.0,0.0002595,64.0,95.5,5598.0,benign
0.0,0.0,0.0,0.0,0.0,0.0,0.0,0.0,1.0,2.0,0.0,214.0,0.0,180.0,0.0,1.0,1.0,0.0,1.0,0.0,0.0,0.0,0.0,0.0,0.082215,0.082215,0.0,255.0,0.0,0.0,benign
0.0,0.0,0.0,0.0,0.0,0.0,0.0,0.0,0.0,0.0,0.0,0.0,0.0,0.0,0.0,0.0,0.0,0.0,0.0,0.0,0.0,0.0,0.0,0.0,0.0,0.0,0.0,0.0,0.0,0.0,benign
1.0,0.0,1.0,302.5,3.0,0.0,121.0,0.0,2.0,2.0,0.0,54.0,3.0,0.0,8.0,2.0,2.0,1.0,1.0,3.0,0.0,0.0,0.0,24.0,0.009747,0.0,0.003830819393057,64.0,95.5,5604.0,benign
0.0,0.0,0.0,0.0,0.0,0.0,0.0,0.0,1.0,2.0,0.0,214.0,0.0,180.0,0.0,1.0,1.0,0.0,1.0,0.0,0.0,0.0,0.0,0.0,0.020967,0.020967,0.0,255.0,0.0,0.0,benign
0.0,0.0,0.0,0.0,0.0,0.0,0.0,0.0,0.0,0.0,0.0,0.0,0.0,0.0,0.0,0.0,0.0,0.0,0.0,0.0,0.0,0.0,0.0,0.0,0.0,0.0,0.0,0.0,0.0,0.0,benign
0.0,0.0,0.0,0.0,0.0,0.0,21.0,0.0,2.0,2.0,0.0,60.0,1.0,0.0,0.0,0.0,0.0,1.0,1.0,0.0,0.0,0.0,0.0,0.0,0.035093,0.003264,0.0147559177356822,0.0,0.0,0.0,benign
0.0,0.0,0.0,0.0,0.0,0.0,23.83333333333333,0.0,11.0,11.0,0.0,54.0,15.0,0.0,400.068329231533,12.0,12.0,3.0,2.0,15.0,0.0,0.0,0.0,24.0,0.078756,0.0,0.0221311592860951,61.0,94.41683653804677,660.0,benign
0.0,0.0,1.0,0.0,1.0,0.0,133.66666666666666,0.0,3.0,3.0,0.0,54.0,2.0,0.0,7.5,2.0,2.0,2.0,2.0,1.0,0.0,0.0,0.0,24.0,0.024209,0.000462,0.0092020121305071,64.0,95.5,5562.0,benign
0.0,0.0,0.0,0.0,0.0,0.0,0.0,0.0,1.0,2.0,0.0,230.0,0.0,196.0,0.0,1.0,1.0,0.0,1.0,0.0,0.0,0.0,0.0,0.0,0.027357,0.027357,0.0,255.0,0.0,0.0,benign
2.0,0.0,1.0,0.0,1.0,0.0,0.0,0.0,2.0,2.0,0.0,54.0,1.0,0.0,8.5,2.0,2.0,1.0,1.0,1.0,0.0,0.0,0.0,24.0,0.075547,0.000296,0.0376255,64.0,95.5,5566.0,benign
0.0,0.0,0.0,0.0,0.0,0.0,0.0,0.0,0.0,0.0,0.0,0.0,0.0,0.0,0.0,0.0,0.0,0.0,0.0,0.0,0.0,0.0,0.0,0.0,0.0,0.0,0.0,0.0,0.0,0.0,benign
0.0,0.0,0.0,0.0,0.0,0.0,0.0,0.0,1.0,2.0,0.0,214.0,0.0,180.0,0.0,1.0,1.0,0.0,1.0,0.0,0.0,0.0,0.0,0.0,0.03926,0.03926,0.0,255.0,0.0,0.0,benign
0.0,0.0,0.0,0.0,0.0,0.0,0.0,0.0,0.0,0.0,0.0,0.0,0.0,0.0,0.0,0.0,0.0,0.0,0.0,0.0,0.0,0.0,0.0,0.0,0.0,0.0,0.0,0.0,0.0,0.0,benign
0.0,0.0,0.0,0.0,0.0,0.0,0.0,0.0,0.0,0.0,0.0,0.0,0.0,0.0,0.0,0.0,0.0,0.0,0.0,0.0,0.0,0.0,0.0,0.0,0.0,0.0,0.0,0.0,0.0,0.0,benign
0.0,0.0,0.0,0.0,0.0,0.0,0.0,0.0,0.0,0.0,0.0,0.0,0.0,0.0,0.0,0.0,0.0,0.0,0.0,0.0,0.0,0.0,0.0,0.0,0.0,0.0,0.0,0.0,0.0,0.0,benign
0.0,0.0,0.0,0.0,0.0,0.0,0.0,0.0,0.0,0.0,0.0,0.0,0.0,0.0,0.0,0.0,0.0,0.0,0.0,0.0,0.0,0.0,0.0,0.0,0.0,0.0,0.0,0.0,0.0,0.0,benign
0.0,0.0,0.0,0.0,0.0,0.0,0.0,0.0,1.0,2.0,0.0,230.0,0.0,196.0,0.0,1.0,1.0,0.0,1.0,0.0,0.0,0.0,0.0,0.0,0.003014,0.003014,0.0,255.0,0.0,0.0,benign
0.0,0.0,0.0,0.0,0.0,0.0,0.0,0.0,0.0,0.0,0.0,0.0,0.0,0.0,0.0,0.0,0.0,0.0,0.0,0.0,0.0,0.0,0.0,0.0,0.0,0.0,0.0,0.0,0.0,0.0,benign
0.0,0.0,0.0,0.0,0.0,0.0,0.0,0.0,0.0,0.0,0.0,0.0,0.0,0.0,0.0,0.0,0.0,0.0,0.0,0.0,0.0,0.0,0.0,0.0,0.0,0.0,0.0,0.0,0.0,0.0,benign
0.0,0.0,0.0,0.0,0.0,0.0,62.23076923076923,2.0,3.0,4.0,0.0,66.0,2.0,0.0,507.7608709233278,3.0,4.0,2.0,3.0,2.0,0.0,0.0,0.0,24.0,0.100326,0.0,0.0302499553871318,2.0,29.117317558768733,660.0,benign
0.0,0.0,0.0,0.0,0.0,0.0,0.0,0.0,0.0,0.0,0.0,0.0,0.0,0.0,0.0,0.0,0.0,0.0,0.0,0.0,0.0,0.0,0.0,0.0,0.0,0.0,0.0,0.0,0.0,0.0,benign
0.0,0.0,0.0,0.0,0.0,0.0,0.0,0.0,0.0,0.0,0.0,0.0,0.0,0.0,0.0,0.0,0.0,0.0,0.0,0.0,0.0,0.0,0.0,0.0,0.0,0.0,0.0,0.0,0.0,0.0,benign
0.0,0.0,0.0,0.0,0.0,0.0,0.0300825551262822,0.0,2.142857142857143,2.142857142857143,0.0,60.0,16620.285714285714,0.0,7.377743487347827,9416.57142857143,9416.57142857143,0.5714285714285714,0.5714285714285714,14.857142857142858,16605.285714285714,0.0,0.0,24.0,0.175736841,0.0,0.0006158557730313,61.0,3.918926220669245,0.0,dos
18.0,0.0,1.0,0.0,1.0,0.0,0.0,0.0,2.0,2.0,0.0,54.0,1.0,0.0,8.0,2.0,2.0,1.0,1.0,1.0,0.0,0.0,0.0,24.0,0.047645,1e-06,0.0238219999999999,64.0,95.5,5582.0,benign
2.0,0.0,1.0,0.0,1.0,0.0,0.0,0.0,2.0,2.0,0.0,54.0,1.0,0.0,8.5,2.0,2.0,1.0,1.0,1.0,0.0,0.0,0.0,24.0,0.013612,0.0,0.006806,64.0,95.5,5646.0,benign
0.0,0.0,0.0,0.0,0.0,0.0,0.0,0.0,0.0,0.0,0.0,0.0,0.0,0.0,0.0,0.0,0.0,0.0,0.0,0.0,0.0,0.0,0.0,0.0,0.0,0.0,0.0,0.0,0.0,0.0,benign
0.0,0.0,0.0,0.0,0.0,0.0,0.0,0.0,0.0,0.0,0.0,0.0,0.0,0.0,0.0,0.0,0.0,0.0,0.0,0.0,0.0,0.0,0.0,0.0,0.0,0.0,0.0,0.0,0.0,0.0,benign
0.0,0.0,0.0,0.0,0.0,0.0,0.0,0.0,0.0,0.0,0.0,0.0,0.0,0.0,0.0,0.0,0.0,0.0,0.0,0.0,0.0,0.0,0.0,0.0,0.0,0.0,0.0,0.0,0.0,0.0,benign
0.0,0.0,0.0,0.0,0.0,0.0,76.33333333333333,2.0,3.0,2.0,0.0,50.0,2.0,16.0,50.0,2.0,2.0,1.0,1.0,0.0,0.0,0.0,0.0,0.0,0.01929,0.0,0.0077997116292847,48.0,7.327175444876422,0.0,benign
0.0,0.0,0.0,0.0,0.0,0.0,0.0,0.0,0.0,0.0,0.0,0.0,0.0,0.0,0.0,0.0,0.0,0.0,0.0,0.0,0.0,0.0,0.0,0.0,0.0,0.0,0.0,0.0,0.0,0.0,benign
0.0,0.0,0.0,0.0,0.0,0.0,0.0067280134560269,0.0,1.1428571428571428,0.8571428571428571,0.0,60.0,148607.2857142857,16.0,0.1386563850296188,264.85714285714283,260.0,0.5714285714285714,0.4285714285714285,0.0,0.0,0.0,0.0,0.0,0.001304276,2.3e-08,4.007413610234664e-05,48.0,0.0202124679859733,0.0,ddos
0.0,0.0,0.0,0.0,0.0,0.0,0.0,0.0,0.0,0.0,0.0,0.0,0.0,0.0,0.0,0.0,0.0,0.0,0.0,0.0,0.0,0.0,0.0,0.0,0.0,0.0,0.0,0.0,0.0,0.0,benign
0.0,0.0,0.0,0.0,0.0,0.0,0.0,0.0,0.0,0.0,0.0,0.0,0.0,0.0,0.0,0.0,0.0,0.0,0.0,0.0,0.0,0.0,0.0,0.0,0.0,0.0,0.0,0.0,0.0,0.0,benign
0.0,0.0,0.0,0.0,0.0,0.0,0.0,0.0,0.0,0.0,0.0,0.0,0.0,0.0,0.0,0.0,0.0,0.0,0.0,0.0,0.0,0.0,0.0,0.0,0.0,0.0,0.0,0.0,0.0,0.0,benign
0.0,0.0,0.0,0.0,0.0,0.0,0.0,0.0,0.0,0.0,0.0,0.0,0.0,0.0,0.0,0.0,0.0,0.0,0.0,0.0,0.0,0.0,0.0,0.0,0.0,0.0,0.0,0.0,0.0,0.0,benign
-0.69,0.5840281576164704,2.0,0.0,2.0,0.0,8.0,0.0,2.0,2.0,0.0,54.0,2.0,0.0,19.327585352432298,2.0,2.0,1.0,1.0,1.0,0.0,0.0,0.0,24.0,0.084505,0.0,0.0397659858533507,64.0,90.03826347108705,5568.0,benign
0.0,0.0,0.0,0.0,0.0,0.0,0.0,0.0,0.0,0.0,0.0,0.0,0.0,0.0,0.0,0.0,0.0,0.0,0.0,0.0,0.0,0.0,0.0,0.0,0.0,0.0,0.0,0.0,0.0,0.0,benign
0.0,0.0,0.0,0.0,0.0,0.0,0.0,0.0,1.0,2.0,0.0,230.0,0.0,196.0,0.0,1.0,1.0,0.0,1.0,0.0,0.0,0.0,0.0,0.0,0.034479,0.034479,0.0,255.0,0.0,0.0,benign
213.0,0.0,1.0,0.0,2.0,0.0,1.0,0.0,2.0,2.0,0.0,54.0,2.0,0.0,10.594810050208546,2.0,2.0,1.0,1.0,2.0,0.0,0.0,0.0,24.0,0.020798,0.0,0.0087071942488668,64.0,95.5,5632.0,benign
212.0,0.0,1.0,0.0,2.0,0.0,1.6666666666666667,0.0,2.0,2.0,0.0,54.0,2.0,0.0,10.594810050208546,2.0,2.0,1.0,1.0,2.0,0.0,0.0,0.0,24.0,0.1211,0.0,0.0517625485413923,64.0,95.5,5576.0,benign
0.0,0.0,0.0,0.0,0.0,0.0,3.0,0.0,2.0,2.0,0.0,60.0,1.0,0.0,0.0,0.0,0.0,1.0,1.0,0.0,0.0,0.0,0.0,0.0,0.006704,0.002601,0.0020514999999999,0.0,0.0,0.0,benign
0.0,0.0,0.0,0.0,0.0,0.0,0.0,0.0,0.0,0.0,0.0,0.0,0.0,0.0,0.0,0.0,0.0,0.0,0.0,0.0,0.0,0.0,0.0,0.0,0.0,0.0,0.0,0.0,0.0,0.0,benign
119.0,0.0,1.0,0.0,2.0,0.0,0.6666666666666666,0.0,2.0,2.0,0.0,54.0,2.0,0.0,11.0227038425243,2.0,2.0,1.0,1.0,2.0,0.0,0.0,0.0,24.0,0.01218,0.0,0.0050192512078496,64.0,95.5,5568.0,benign
0.0,0.0,0.0,0.0,0.0,0.0,0.0,0.0,0.0,0.0,0.0,0.0,0.0,0.0,0.0,0.0,0.0,0.0,0.0,0.0,0.0,0.0,0.0,0.0,0.0,0.0,0.0,0.0,0.0,0.0,benign
22.3,0.0,1.0,0.0,7.0,0.0,1.0,0.0,2.0,2.0,0.0,54.0,4.0,0.0,35.755899862819845,2.0,2.0,1.0,1.0,4.0,0.0,0.0,0.0,24.0,0.004187,0.0,0.0014575577175535,64.0,95.5,5644.0,benign
-0.7,0.5880476171195662,1.0,0.0,1.0,0.0,3.0,0.0,2.0,2.0,0.0,54.0,2.0,0.0,19.327585352432298,2.0,2.0,1.0,1.0,1.0,0.0,0.0,0.0,24.0,0.007431,0.0,0.0035030069939981,64.0,90.03826347108705,5646.0,benign
0.0,0.0,0.0,0.0,0.0,0.0,0.0,0.0,0.0,0.0,0.0,0.0,0.0,0.0,0.0,0.0,0.0,0.0,0.0,0.0,0.0,0.0,0.0,0.0,0.0,0.0,0.0,0.0,0.0,0.0,benign
0.0,0.0,0.0,0.0,0.0,0.0,0.0,0.0,0.0,0.0,0.0,0.0,0.0,0.0,0.0,0.0,0.0,0.0,0.0,0.0,0.0,0.0,0.0,0.0,0.0,0.0,0.0,0.0,0.0,0.0,benign
0.0,0.0,0.0,0.0,0.0,0.0,0.0,0.0,0.0,0.0,0.0,0.0,0.0,0.0,0.0,0.0,0.0,0.0,0.0,0.0,0.0,0.0,0.0,0.0,0.0,0.0,0.0,0.0,0.0,0.0,benign
210.0,0.0,1.0,0.0,2.0,0.0,1.0,0.0,2.0,2.0,0.0,54.0,2.0,0.0,10.594810050208546,2.0,2.0,1.0,1.0,2.0,0.0,0.0,0.0,24.0,0.037415,0.0,0.015890366775188,64.0,95.5,5632.0,benign
0.0,0.0,0.0,0.0,0.0,0.0,0.0,0.0,0.0,0.0,0.0,0.0,0.0,0.0,0.0,0.0,0.0,0.0,0.0,0.0,0.0,0.0,0.0,0.0,0.0,0.0,0.0,0.0,0.0,0.0,benign
0.0,0.0,0.0,0.0,0.0,0.0,0.0,0.0,0.0,0.0,0.0,0.0,0.0,0.0,0.0,0.0,0.0,0.0,0.0,0.0,0.0,0.0,0.0,0.0,0.0,0.0,0.0,0.0,0.0,0.0,benign
0.0,0.0,0.0,0.0,0.0,0.0,85.0,0.0,2.0,2.0,0.0,60.0,1.0,0.0,0.0,0.0,0.0,1.0,1.0,0.0,0.0,0.0,0.0,0.0,0.009269,0.000678,0.0042954999999999,0.0,0.0,0.0,benign
0.0,0.0,0.0,0.0,0.0,0.0,0.0,0.0,0.0,0.0,0.0,0.0,0.0,0.0,0.0,0.0,0.0,0.0,0.0,0.0,0.0,0.0,0.0,0.0,0.0,0.0,0.0,0.0,0.0,0.0,benign
-0.7,0.5923399924592857,2.0,0.0,2.0,0.0,1.5,0.0,2.0,2.0,0.0,54.0,2.0,0.0,19.327585352432298,2.0,2.0,1.0,1.0,1.0,0.0,0.0,0.0,24.0,0.010697,0.0,0.0050426141589016,64.0,90.03826347108705,5572.0,benign
0.0,0.0,0.0,0.0,0.0,0.0,0.0,0.0,0.0,0.0,0.0,0.0,0.0,0.0,0.0,0.0,0.0,0.0,0.0,0.0,0.0,0.0,0.0,0.0,0.0,0.0,0.0,0.0,0.0,0.0,benign
207.0,0.0,1.0,0.0,2.0,0.0,39.833333333333336,0.0,3.0,4.0,0.0,54.0,3.0,0.0,10.594810050208546,2.0,2.0,2.0,2.0,2.0,0.0,0.0,0.0,24.0,0.022114,0.0,0.0087322642597461,64.0,95.5,5588.0,benign
0.0,0.0,0.0,0.0,0.0,0.0,0.0,0.0,0.0,0.0,0.0,0.0,0.0,0.0,0.0,0.0,0.0,0.0,0.0,0.0,0.0,0.0,0.0,0.0,0.0,0.0,0.0,0.0,0.0,0.0,benign
112.0,0.0,1.0,0.0,2.0,0.0,1.0,0.0,2.0,2.0,0.0,54.0,2.0,0.0,11.0227038425243,2.0,2.0,1.0,1.0,2.0,0.0,0.0,0.0,24.0,0.028621,0.000295,0.0120241951289888,64.0,95.5,5598.0,benign
0.0,0.0,0.0,0.0,0.0,0.0,20.33333333333333,0.0,2.0,2.0,0.0,54.0,2.0,0.0,1.0,2.0,2.0,2.0,2.0,2.0,0.0,0.0,0.0,24.0,0.026738,0.0,0.0108202182596979,64.0,95.5,5624.0,benign
73.0,0.0,1.0,0.0,2.0,0.0,45.6,0.0,2.0,2.0,0.0,54.0,3.0,0.0,15.752424857427156,2.0,2.0,2.0,2.0,3.0,0.0,0.0,0.0,24.0,0.022902,0.000293,0.0101393289335252,64.0,95.5,5620.0,benign
0.0,0.0,0.1428571428571428,0.0,0.1428571428571428,0.0,6.468085106382978,0.0,0.4285714285714285,0.4285714285714285,265.0,60.0,77.28571428571429,0.0,13.566321661369305,66.57142857142857,61.42857142857143,0.2857142857142857,0.7142857142857143,0.2857142857142857,69.85714285714286,76.42857142857143,0.1428571428571428,41.0,0.077530238,3.3e-08,0.0069143351390043,37.0,103.64885775252829,1024.0,recon
0.0,0.0,0.0,0.0,0.0,0.0,77.0,0.0,2.0,2.0,0.0,60.0,1.0,0.0,0.0,0.0,0.0,1.0,1.0,0.0,0.0,0.0,0.0,0.0,0.029586,0.0,0.014793,0.0,0.0,0.0,benign
0.0,0.0,0.0,0.0,0.0,0.0,0.0,0.0,0.0,0.0,0.0,0.0,0.0,0.0,0.0,0.0,0.0,0.0,0.0,0.0,0.0,0.0,0.0,0.0,0.0,0.0,0.0,0.0,0.0,0.0,benign
0.0,0.0,0.0,0.0,0.0,0.0,0.0,0.0,0.0,0.0,0.0,0.0,0.0,0.0,0.0,0.0,0.0,0.0,0.0,0.0,0.0,0.0,0.0,0.0,0.0,0.0,0.0,0.0,0.0,0.0,benign
0.0,0.0,0.0,0.0,0.0,0.0,0.0,0.0,0.0,0.0,0.0,0.0,0.0,0.0,0.0,0.0,0.0,0.0,0.0,0.0,0.0,0.0,0.0,0.0,0.0,0.0,0.0,0.0,0.0,0.0,benign
0.0,0.0,0.0,0.0,0.0,0.0,0.0,0.0,0.0,0.0,0.0,0.0,0.0,0.0,0.0,0.0,0.0,0.0,0.0,0.0,0.0,0.0,0.0,0.0,0.0,0.0,0.0,0.0,0.0,0.0,benign
2.0,0.0,1.0,0.0,1.0,0.0,114.33333333333331,0.0,3.0,3.0,0.0,54.0,2.0,0.0,8.5,2.0,2.0,2.0,2.0,1.0,0.0,0.0,0.0,24.0,0.030148,1e-06,0.0128233426317009,64.0,95.5,5534.0,benign
3.0,0.0,1.0,0.0,1.0,0.0,0.0,0.0,2.0,2.0,0.0,54.0,1.0,0.0,8.5,2.0,2.0,1.0,1.0,1.0,0.0,0.0,0.0,24.0,0.005438,0.0,0.002719,64.0,95.5,5630.0,benign
0.0,0.0,2.0,0.0,4.0,0.0,23.6,0.0,3.0,3.0,0.0,54.0,3.0,0.0,38.05587996617606,2.0,2.0,2.0,2.0,2.0,0.0,0.0,0.0,24.0,0.014754,0.0,0.0050992429421761,64.0,95.5,5606.0,benign
0.0,0.0,0.0,0.0,0.0,0.0,0.0,0.0,0.0,0.0,0.0,0.0,0.0,0.0,0.0,0.0,0.0,0.0,0.0,0.0,0.0,0.0,0.0,0.0,0.0,0.0,0.0,0.0,0.0,0.0,benign
0.0,0.0,0.0,0.0,0.0,0.0,0.0,0.0,0.0,0.0,0.0,0.0,0.0,0.0,0.0,0.0,0.0,0.0,0.0,0.0,0.0,0.0,0.0,0.0,0.0,0.0,0.0,0.0,0.0,0.0,benign
0.0,0.0,0.0,0.0,0.0,0.0,0.0,0.0,0.0,0.0,0.0,0.0,0.0,0.0,0.0,0.0,0.0,0.0,0.0,0.0,0.0,0.0,0.0,0.0,0.0,0.0,0.0,0.0,0.0,0.0,benign
1.0,0.0,1.0,0.0,1.0,0.0,123.5,0.0,2.0,3.0,0.0,54.0,1.0,0.0,7.5,2.0,2.0,1.0,2.0,1.0,0.0,0.0,0.0,24.0,0.018798,0.0,0.0085765407686056,64.0,95.5,5536.0,benign
909.0,0.0,2.0,0.0,3.0,0.0,1.3333333333333333,0.0,2.0,2.0,0.0,54.0,2.0,0.0,22.93877721239735,2.0,2.0,1.0,1.0,2.0,0.0,0.0,0.0,24.0,0.027005,1e-06,0.0111941311716229,64.0,95.5,5576.0,benign
0.0,0.0,0.0,0.0,0.0,0.0,0.0,0.0,0.0,0.0,0.0,0.0,0.0,0.0,0.0,0.0,0.0,0.0,0.0,0.0,0.0,0.0,0.0,0.0,0.0,0.0,0.0,0.0,0.0,0.0,benign
0.0,0.0,0.0,0.0,0.0,0.0,0.0689057762727881,2.0,1.0,1.1428571428571428,1460.0,60.0,7599.285714285715,0.0,959.3880688214646,308.0,339.42857142857144,0.5714285714285714,0.7142857142857143,4866.428571428572,411.0,863.5714285714286,0.0,25.0,0.003109812,-3.5e-08,0.0001669918395457,64.0,0.0,0.0,ddos
0.0,0.0,0.0,0.0,0.0,0.0,26.42248062015504,0.0,2.2857142857142856,2.0,0.0,60.0,16.571428571428573,0.0,316.63105581158186,2.2857142857142856,4.428571428571429,0.5714285714285714,0.5714285714285714,16.0,0.0,0.0,0.0,24.0,0.350251197,3.4e-08,0.0421126134392502,61.0,93.31543878021584,660.0,bruteforce
0.0,0.0,0.0,0.0,0.0,0.0,0.0,0.0,0.0,0.0,0.0,0.0,0.0,0.0,0.0,0.0,0.0,0.0,0.0,0.0,0.0,0.0,0.0,0.0,0.0,0.0,0.0,0.0,0.0,0.0,benign
0.0,0.0,0.0,0.0,0.0,0.0,0.0,0.0,0.0,0.0,0.0,0.0,0.0,0.0,0.0,0.0,0.0,0.0,0.0,0.0,0.0,0.0,0.0,0.0,0.0,0.0,0.0,0.0,0.0,0.0,benign
0.0,0.0,0.0,0.0,0.0,0.0,28.558823529411764,0.0,12.0,12.0,0.0,54.0,17.0,0.0,403.2207741621467,12.0,12.0,4.0,3.0,15.0,0.0,0.0,0.0,24.0,0.257455,0.0,0.0508295653126631,61.0,94.41683653804677,660.0,benign
909.0,0.0,2.0,0.0,3.0,0.0,1.0,0.0,2.0,2.0,0.0,54.0,2.0,0.0,22.93877721239735,2.0,2.0,1.0,1.0,2.0,0.0,0.0,0.0,24.0,0.039414,0.0,0.0166250640299518,64.0,95.5,5608.0,benign
0.0,0.0,0.0,0.0,0.0,0.0,19.72340425531915,0.0,12.0,12.0,0.0,54.0,23.0,0.0,268.80659287859737,13.0,13.0,3.0,2.0,23.0,0.0,0.0,0.0,24.0,0.103515,0.0,0.0255130109869073,61.0,94.86303860698328,660.0,benign
0.0,0.0,0.0,0.0,0.0,0.0,0.0,0.0,1.0,2.0,0.0,60.0,0.0,0.0,0.0,0.0,0.0,0.0,1.0,0.0,0.0,0.0,0.0,0.0,0.021615,0.021615,0.0,0.0,0.0,0.0,benign
0.0,0.0,0.0,0.0,0.0,0.0,0.0,0.0,0.0,0.0,0.0,0.0,0.0,0.0,0.0,0.0,0.0,0.0,0.0,0.0,0.0,0.0,0.0,0.0,0.0,0.0,0.0,0.0,0.0,0.0,benign
0.0,0.0,0.0,0.0,0.0,0.0,0.0372380040429832,0.0,0.4285714285714285,0.4285714285714285,0.0,60.0,26185.571428571428,0.0,0.189185204485231,652.1428571428571,9416.57142857143,0.4285714285714285,0.2857142857142857,0.0,668.7142857142857,26185.0,0.0,20.0,0.001490224,2.5e-08,0.0001148814917471,64.0,29.762769552343467,512.0,dos
0.0,0.0,0.0,0.0,0.0,0.0,0.0,0.0,0.0,0.0,0.0,0.0,0.0,0.0,0.0,0.0,0.0,0.0,0.0,0.0,0.0,0.0,0.0,0.0,0.0,0.0,0.0,0.0,0.0,0.0,benign
0.0,0.0,0.0,0.0,0.0,0.0,0.0,0.0,0.0,0.0,0.0,0.0,0.0,0.0,0.0,0.0,0.0,0.0,0.0,0.0,0.0,0.0,0.0,0.0,0.0,0.0,0.0,0.0,0.0,0.0,benign
0.0,0.0,0.0,0.0,0.0,0.0,0.0,0.0,0.0,0.0,0.0,0.0,0.0,0.0,0.0,0.0,0.0,0.0,0.0,0.0,0.0,0.0,0.0,0.0,0.0,0.0,0.0,0.0,0.0,0.0,benign
0.0,0.0,0.0,0.0,0.0,0.0,0.0,0.0,0.0,0.0,0.0,0.0,0.0,0.0,0.0,0.0,0.0,0.0,0.0,0.0,0.0,0.0,0.0,0.0,0.0,0.0,0.0,0.0,0.0,0.0,benign
0.0,0.0,0.0,0.0,0.0,0.0,0.0,0.0,0.0,0.0,0.0,0.0,0.0,0.0,0.0,0.0,0.0,0.0,0.0,0.0,0.0,0.0,0.0,0.0,0.0,0.0,0.0,0.0,0.0,0.0,benign
0.0,0.0,0.0,0.0,0.0,0.0,0.0,0.0,0.0,0.0,0.0,0.0,0.0,0.0,0.0,0.0,0.0,0.0,0.0,0.0,0.0,0.0,0.0,0.0,0.0,0.0,0.0,0.0,0.0,0.0,benign
0.0,0.0,0.0,0.0,0.0,0.0,0.0,0.0,0.0,2.0,0.0,198.0,0.0,0.0,0.0,0.0,0.0,0.0,1.0,0.0,0.0,0.0,0.0,0.0,0.045251,0.045251,0.0,0.0,0.0,0.0,benign
1023.0,0.0,1.0,0.0,1.0,0.0,0.0,0.0,2.0,2.0,0.0,54.0,1.0,0.0,9.0,2.0,2.0,1.0,1.0,1.0,0.0,0.0,0.0,24.0,0.021045,0.0,0.0105225,64.0,95.5,5632.0,benign
0.0,0.0,0.0,0.0,0.0,0.0,0.0467299078085675,0.0,0.4285714285714285,0.4285714285714285,1460.0,60.0,21387.714285714286,0.0,0.0,9416.57142857143,11.857142857142858,0.2857142857142857,0.2857142857142857,0.0,11.714285714285714,21361.42857142857,0.0,20.0,0.000636547,2.6e-08,5.445221555900026e-05,64.0,4.4676436766379775,5744.0,dos
22.5,0.0,1.0,0.0,7.0,0.0,1.0,0.0,2.0,2.0,0.0,54.0,2.0,0.0,84.81560882290476,2.0,2.0,1.0,1.0,2.0,0.0,0.0,0.0,24.0,0.02884,0.0,0.0121609591726968,64.0,95.5,5570.0,benign
916.0,0.0,2.0,0.0,3.0,0.0,1.0,0.0,2.0,2.0,0.0,54.0,2.0,0.0,22.93877721239735,2.0,2.0,1.0,1.0,2.0,0.0,0.0,0.0,24.0,0.084779,0.0,0.0363669217352802,64.0,95.5,5584.0,benign
0.0,0.0,0.0,0.0,0.0,0.0,0.0,0.0,0.0,0.0,0.0,0.0,0.0,0.0,0.0,0.0,0.0,0.0,0.0,0.0,0.0,0.0,0.0,0.0,0.0,0.0,0.0,0.0,0.0,0.0,benign
0.0,0.0,0.0,0.0,0.0,0.0,68.5,2.0,0.4285714285714285,0.2857142857142857,0.0,60.0,0.2857142857142857,0.0,82.49983164965988,0.2857142857142857,0.2857142857142857,0.2857142857142857,0.4285714285714285,0.2857142857142857,0.0,0.0,0.0,24.0,0.010895308,0.000796332,0.0043702798099905,55.0,4.242640687119285,282.0,ddos
0.0,0.0,0.0,0.0,0.0,0.0,0.0,0.0,0.0,0.0,0.0,0.0,0.0,0.0,0.0,0.0,0.0,0.0,0.0,0.0,0.0,0.0,0.0,0.0,0.0,0.0,0.0,0.0,0.0,0.0,benign
0.0,0.0,0.0,0.0,0.0,0.0,0.0,0.0,0.0,0.0,0.0,0.0,0.0,0.0,0.0,0.0,0.0,0.0,0.0,0.0,0.0,0.0,0.0,0.0,0.0,0.0,0.0,0.0,0.0,0.0,benign
-0.69,0.5841803374529706,2.0,0.0,2.0,0.0,1.0,0.0,2.0,2.0,0.0,54.0,2.0,0.0,19.327585352432298,2.0,2.0,1.0,1.0,1.0,0.0,0.0,0.0,24.0,1e-06,0.0,4.714045207910317e-07,64.0,90.03826347108705,5650.0,benign
0.0,0.0,0.0,0.0,0.0,0.0,0.0,0.0,0.0,0.0,0.0,0.0,0.0,0.0,0.0,0.0,0.0,0.0,0.0,0.0,0.0,0.0,0.0,0.0,0.0,0.0,0.0,0.0,0.0,0.0,benign
0.0,0.0,0.0,0.0,0.0,0.0,0.0,0.0,0.0,0.0,0.0,0.0,0.0,0.0,0.0,0.0,0.0,0.0,0.0,0.0,0.0,0.0,0.0,0.0,0.0,0.0,0.0,0.0,0.0,0.0,benign
22.3,0.0,1.0,0.0,7.0,0.0,0.8571428571428571,0.0,2.0,2.0,0.0,54.0,4.0,0.0,43.15940656450225,2.0,2.0,1.0,1.0,4.0,0.0,0.0,0.0,24.0,0.002877,0.0,0.0011313943830512,64.0,95.5,5624.0,benign
211.0,0.0,1.0,0.0,2.0,0.0,1.6666666666666667,0.0,2.0,2.0,0.0,54.0,2.0,0.0,10.594810050208546,2.0,2.0,1.0,1.0,2.0,0.0,0.0,0.0,24.0,0.020507,0.000291,0.0083096951621283,64.0,95.5,5616.0,benign
13.0,0.0,1.0,0.0,1.0,0.0,0.0,0.0,2.0,2.0,0.0,54.0,1.0,0.0,10.5,2.0,2.0,1.0,1.0,1.0,0.0,0.0,0.0,24.0,0.011371,0.0,0.0056855,64.0,95.5,5590.0,benign
0.0,0.0,0.0,0.0,0.0,0.0,0.0,0.0,0.0,0.0,0.0,0.0,0.0,0.0,0.0,0.0,0.0,0.0,0.0,0.0,0.0,0.0,0.0,0.0,0.0,0.0,0.0,0.0,0.0,0.0,benign
0.0,0.0,0.0,0.0,0.0,0.0,0.0,0.0,0.0,0.0,0.0,0.0,0.0,0.0,0.0,0.0,0.0,0.0,0.0,0.0,0.0,0.0,0.0,0.0,0.0,0.0,0.0,0.0,0.0,0.0,benign
0.0,0.0,0.0,0.0,0.0,0.0,0.0096460192920385,0.0,1.0,1.1428571428571428,0.0,60.0,74195.14285714286,0.0,0.0,2203.0,9416.57142857143,0.2857142857142857,0.2857142857142857,74194.71428571429,2657.714285714286,0.0,0.0,24.0,0.043349203,2.6e-08,7.901158865083301e-05,64.0,0.0,0.0,ddos
13.0,0.0,1.0,0.0,1.0,0.0,0.0,0.0,2.0,2.0,0.0,54.0,1.0,0.0,10.5,2.0,2.0,1.0,1.0,1.0,0.0,0.0,0.0,24.0,0.046213,0.0,0.0231065,64.0,95.5,5570.0,benign
0.0,0.0,0.0,0.0,0.0,0.0,0.0,0.0,0.0,0.0,0.0,0.0,0.0,0.0,0.0,0.0,0.0,0.0,0.0,0.0,0.0,0.0,0.0,0.0,0.0,0.0,0.0,0.0,0.0,0.0,benign
0.0,0.0,0.0,0.0,0.0,0.0,0.0,0.0,1.0,2.0,0.0,214.0,0.0,180.0,0.0,1.0,1.0,0.0,1.0,0.0,0.0,0.0,0.0,0.0,0.002242,0.002242,0.0,255.0,0.0,0.0,benign
0.0,0.0,0.0,0.0,0.0,0.0,0.0,0.0,0.0,0.0,0.0,0.0,0.0,0.0,0.0,0.0,0.0,0.0,0.0,0.0,0.0,0.0,0.0,0.0,0.0,0.0,0.0,0.0,0.0,0.0,benign
22.5,0.0,1.0,0.0,7.0,0.0,1.0,0.0,2.0,2.0,0.0,54.0,2.0,0.0,84.81560882290476,2.0,2.0,1.0,1.0,2.0,0.0,0.0,0.0,24.0,0.010334,0.0,0.0042433895281366,64.0,95.5,5540.0,benign
0.0,0.0,0.0,0.0,0.0,0.0,0.0,0.0,0.0,0.0,0.0,0.0,0.0,0.0,0.0,0.0,0.0,0.0,0.0,0.0,0.0,0.0,0.0,0.0,0.0,0.0,0.0,0.0,0.0,0.0,benign
0.0,0.0,0.0,0.0,0.0,0.0,0.0,0.0,1.0,2.0,0.0,230.0,0.0,196.0,0.0,1.0,1.0,0.0,1.0,0.0,0.0,0.0,0.0,0.0,0.018917,0.018917,0.0,255.0,0.0,0.0,benign
0.0,0.0,0.0,0.0,0.0,0.0,0.0,0.0,0.0,0.0,0.0,0.0,0.0,0.0,0.0,0.0,0.0,0.0,0.0,0.0,0.0,0.0,0.0,0.0,0.0,0.0,0.0,0.0,0.0,0.0,benign
0.0,0.0,0.0,0.0,0.0,0.0,82.0,0.0,2.0,2.0,0.0,123.0,1.0,69.0,0.0,2.0,2.0,1.0,1.0,2.0,0.0,0.0,0.0,24.0,0.056724,0.008414,0.0241549999999999,238.0,8.5,3138.0,benign
0.0,0.0,0.0,0.0,0.0,0.0,0.0,0.0,0.0,0.0,0.0,0.0,0.0,0.0,0.0,0.0,0.0,0.0,0.0,0.0,0.0,0.0,0.0,0.0,0.0,0.0,0.0,0.0,0.0,0.0,benign
0.0,0.0,0.0,0.0,0.0,0.0,26.0,0.0,2.0,2.0,0.0,60.0,1.0,0.0,0.0,0.0,0.0,1.0,1.0,0.0,0.0,0.0,0.0,0.0,0.027275,0.000916,0.0131794999999999,0.0,0.0,0.0,benign
0.0,0.0,0.0,0.0,0.0,0.0,0.0,0.0,0.0,0.0,0.0,0.0,0.0,0.0,0.0,0.0,0.0,0.0,0.0,0.0,0.0,0.0,0.0,0.0,0.0,0.0,0.0,0.0,0.0,0.0,benign
0.0,0.0,0.0,0.0,0.0,0.0,0.0,0.0,0.0,2.0,0.0,198.0,0.0,0.0,0.0,0.0,0.0,0.0,1.0,0.0,0.0,0.0,0.0,0.0,0.031262,0.031262,0.0,0.0,0.0,0.0,benign
0.0,0.0,0.0,0.0,0.0,0.0,0.0,0.0,0.0,0.0,0.0,0.0,0.0,0.0,0.0,0.0,0.0,0.0,0.0,0.0,0.0,0.0,0.0,0.0,0.0,0.0,0.0,0.0,0.0,0.0,benign
0.0,0.0,0.0,0.0,0.0,0.0,68.0,0.0,2.0,2.0,0.0,60.0,1.0,0.0,0.0,0.0,0.0,1.0,1.0,0.0,0.0,0.0,0.0,0.0,0.029497,0.00169,0.0139035,0.0,0.0,0.0,benign
0.0,0.0,0.0,0.0,0.0,0.0,0.0,0.0,1.0,2.0,0.0,971.0,0.0,937.0,0.0,1.0,1.0,0.0,1.0,0.0,0.0,0.0,0.0,0.0,0.001255,0.001255,0.0,64.0,0.0,0.0,benign
0.0,0.0,1.0,0.0,1.0,0.0,0.0,0.0,2.0,2.0,0.0,54.0,1.0,0.0,7.5,2.0,2.0,1.0,1.0,1.0,0.0,0.0,0.0,24.0,0.002643,0.000301,0.001171,64.0,95.5,5550.0,benign
0.0,0.0,0.0,0.0,0.0,0.0,0.0,0.0,0.0,0.0,0.0,0.0,0.0,0.0,0.0,0.0,0.0,0.0,0.0,0.0,0.0,0.0,0.0,0.0,0.0,0.0,0.0,0.0,0.0,0.0,benign
0.0,0.0,0.0,0.0,0.0,0.0,0.0,0.0,0.0,2.0,0.0,198.0,0.0,0.0,0.0,0.0,0.0,0.0,1.0,0.0,0.0,0.0,0.0,0.0,0.029782,0.029782,0.0,0.0,0.0,0.0,benign
0.0,0.0,0.0,0.0,0.0,0.0,0.0067360134720269,0.0,0.2857142857142857,1.0,0.0,60.0,148552.7142857143,0.0,0.9188610819467098,0.2857142857142857,9416.57142857143,0.1428571428571428,0.1428571428571428,0.0,148552.7142857143,0.0,0.0,5.0,0.001155141,2.5e-08,4.065005761629095e-05,64.0,0.0,512.0,ddos
0.0,0.0,0.0,0.0,0.0,0.0,0.0,0.0,0.0,0.0,0.0,0.0,0.0,0.0,0.0,0.0,0.0,0.0,0.0,0.0,0.0,0.0,0.0,0.0,0.0,0.0,0.0,0.0,0.0,0.0,benign
0.0,0.0,0.0,0.0,0.0,0.0,0.0,0.0,0.0,0.0,0.0,0.0,0.0,0.0,0.0,0.0,0.0,0.0,0.0,0.0,0.0,0.0,0.0,0.0,0.0,0.0,0.0,0.0,0.0,0.0,benign
0.0,0.0,0.0,0.0,0.0,0.0,0.0,0.0,0.0,0.0,0.0,0.0,0.0,0.0,0.0,0.0,0.0,0.0,0.0,0.0,0.0,0.0,0.0,0.0,0.0,0.0,0.0,0.0,0.0,0.0,benign
0.0,0.0,0.0,0.0,0.0,0.0,0.0,0.0,0.0,0.0,0.0,0.0,0.0,0.0,0.0,0.0,0.0,0.0,0.0,0.0,0.0,0.0,0.0,0.0,0.0,0.0,0.0,0.0,0.0,0.0,benign
0.0,0.0,0.0,0.0,0.0,0.0,0.0,0.0,0.0,0.0,0.0,0.0,0.0,0.0,0.0,0.0,0.0,0.0,0.0,0.0,0.0,0.0,0.0,0.0,0.0,0.0,0.0,0.0,0.0,0.0,benign
0.0,0.0,0.0,0.0,0.0,0.0,0.0,0.0,0.0,0.0,0.0,0.0,0.0,0.0,0.0,0.0,0.0,0.0,0.0,0.0,0.0,0.0,0.0,0.0,0.0,0.0,0.0,0.0,0.0,0.0,benign
0.0,0.0,0.0,0.0,0.0,0.0,0.0,0.0,0.0,0.0,0.0,0.0,0.0,0.0,0.0,0.0,0.0,0.0,0.0,0.0,0.0,0.0,0.0,0.0,0.0,0.0,0.0,0.0,0.0,0.0,benign
0.0,0.0,0.0,0.0,0.0,0.0,0.0,0.0,0.0,0.0,0.0,0.0,0.0,0.0,0.0,0.0,0.0,0.0,0.0,0.0,0.0,0.0,0.0,0.0,0.0,0.0,0.0,0.0,0.0,0.0,benign
0.0,0.0,0.0,0.0,0.0,0.0,0.0,0.0,0.0,0.0,0.0,0.0,0.0,0.0,0.0,0.0,0.0,0.0,0.0,0.0,0.0,0.0,0.0,0.0,0.0,0.0,0.0,0.0,0.0,0.0,benign
0.0,0.0,0.0,0.0,0.0,0.0,0.0,0.0,0.0,0.0,0.0,0.0,0.0,0.0,0.0,0.0,0.0,0.0,0.0,0.0,0.0,0.0,0.0,0.0,0.0,0.0,0.0,0.0,0.0,0.0,benign
0.0,0.0,0.0,0.0,0.0,0.0,0.0,0.0,0.0,0.0,0.0,0.0,0.0,0.0,0.0,0.0,0.0,0.0,0.0,0.0,0.0,0.0,0.0,0.0,0.0,0.0,0.0,0.0,0.0,0.0,benign
0.0,0.0,0.0,0.0,0.0,0.0,0.0,0.0,0.0,0.0,0.0,0.0,0.0,0.0,0.0,0.0,0.0,0.0,0.0,0.0,0.0,0.0,0.0,0.0,0.0,0.0,0.0,0.0,0.0,0.0,benign
13.0,0.0,1.0,0.0,1.0,0.0,0.0,0.0,2.0,2.0,0.0,54.0,1.0,0.0,10.5,2.0,2.0,1.0,1.0,1.0,0.0,0.0,0.0,24.0,0.005634,0.00031,0.002662,64.0,95.5,5630.0,benign
0.0,0.0,0.0,0.0,0.0,0.0,0.0,0.0,0.0,0.0,0.0,0.0,0.0,0.0,0.0,0.0,0.0,0.0,0.0,0.0,0.0,0.0,0.0,0.0,0.0,0.0,0.0,0.0,0.0,0.0,benign
282.0,0.0,1.0,0.0,1.0,0.0,0.0,0.0,2.0,2.0,0.0,54.0,1.0,0.0,11.0,2.0,2.0,1.0,1.0,1.0,0.0,0.0,0.0,24.0,0.001027,0.0,0.0005135,64.0,95.5,5534.0,benign
