Montant,Ecart_Montant_Habituel,Nouveau_Destinataire,Heure_Transaction,Frequence_Transactions_24h,Delai_Depuis_Derniere_Min,Nb_Destinataires_Distincts_7j,Changement_Appareil,Fraude
15646.0,1.183127343777115,0,8.0,0,943.7,3,0,0
15841.0,1.3071770159935587,0,8.0,0,103.0,0,0,0
18163.0,1.0167169127111937,1,23.0,1,593.5,2,0,0
47822.0,0.8767858340740284,0,13.0,1,238.3,1,0,0
35396.0,1.1303521812283834,0,10.0,0,144.5,1,0,0
7562.0,1.3968928766895103,0,17.0,2,488.8,0,0,0
20282.0,1.6361916931880245,0,2.0,0,532.8,1,0,0
18112.0,0.5627353941821024,0,13.0,2,269.3,1,0,0
8237.0,1.3644203873727874,0,18.0,2,978.1,2,0,0
7977.0,0.7982044087583655,0,18.0,1,77.6,2,0,0
7638.0,0.9996488480794212,1,13.0,1,265.1,3,0,0
13884.0,1.0341710338860752,0,19.0,0,281.4,1,0,0
15782.0,1.1566694706129865,0,22.0,1,91.5,2,0,0
15699.0,0.9376221199154776,1,8.0,4,40.1,1,0,1
6226.0,0.9874207926818224,0,14.0,1,620.4,3,0,1
2964.0,0.9584698560426319,0,10.0,1,91.9,1,0,0
37082.0,7.526702320668281,1,5.0,8,13.8,8,0,1
3550.0,1.5889224596855271,0,19.0,2,233.8,5,0,0
9554.0,1.0033803565317165,0,11.0,1,1698.2,3,0,0
17762.0,1.143482653841607,0,14.0,0,99.0,3,0,0
8981.0,1.196662167496412,0,14.0,2,819.7,2,0,0
9618.0,0.9654550650317759,0,17.0,0,595.8,3,0,0
3676.0,0.9330909172301846,0,17.0,4,184.8,2,0,1
41021.0,5.248126456907923,0,1.0,2,50.6,7,1,1
5067.0,0.8560272457425169,0,11.0,0,124.0,4,0,0
17693.0,0.7017400604386417,0,18.0,3,445.3,2,0,0
26130.0,4.669340237360326,1,0.0,7,13.2,10,1,1
3047.0,0.788039982305568,0,13.0,0,594.4,3,0,0
5676.0,1.1251720628708048,0,14.0,2,30.7,2,0,0
13713.0,0.64139477524811,0,9.0,2,1143.3,0,0,0
13158.0,1.0732109399845169,0,8.0,3,859.2,0,0,0
65386.0,2.2263690786143147,1,3.0,3,7.3,5,1,1
12248.0,1.1485370116014837,0,14.0,3,260.7,2,0,0
4935.0,1.277281672412112,0,12.0,0,817.2,1,0,0
14156.0,0.6312432621402552,0,11.0,1,516.7,2,0,0
7236.0,1.0000854722695685,0,13.0,3,606.7,1,0,0
19830.0,1.2014478990772135,1,10.0,1,1051.0,3,0,0
16054.0,1.1523964203531651,1,17.0,2,180.2,1,0,0
10621.0,0.9564812586563349,0,13.0,5,589.5,0,0,0
4263.0,1.351541513773079,0,15.0,4,182.8,2,0,0
2720.0,1.5052255001152446,0,15.0,1,267.4,3,0,0
11376.0,1.0729653008900513,0,17.0,0,299.5,2,0,0
28695.0,1.053122804233496,0,9.0,1,612.8,6,0,0
4004.0,0.9033595732833376,0,14.0,2,278.9,3,0,0
12683.0,0.7714926609132922,0,20.0,0,521.9,1,0,0
9557.0,1.4451820932794774,0,14.0,0,137.9,2,0,0
6335.0,1.3157561441952559,0,12.0,1,1634.8,3,0,0
13382.0,0.9442637909302212,0,20.0,4,1001.1,5,0,0
19872.0,1.04438529963676,0,13.0,4,247.1,2,0,0
16151.0,1.4150151832190776,0,14.0,1,329.3,2,0,0
29949.0,1.2168501110946255,0,14.0,2,422.6,0,0,0
9594.0,0.8254149253569172,0,14.0,3,219.9,4,0,0
7059.0,0.8447670954616718,0,19.0,2,526.0,1,0,0
10818.0,1.3336628179195011,0,3.0,1,534.1,2,1,0
7643.0,0.49819296555236026,0,13.0,2,1357.2,1,0,0
32953.0,3.5160874637625774,1,0.0,4,4.9,6,0,1
16560.0,0.9271730283633309,1,15.0,1,429.0,3,0,0
15466.0,1.0324477298473926,0,15.0,1,206.0,0,0,0
13789.0,4.707140190496578,1,4.0,10,9.1,8,1,1
35152.0,0.8049808973212442,0,10.0,3,156.1,0,0,0
17857.0,1.109308635966293,1,19.0,4,41.7,4,0,0
12549.0,1.0651500757637904,0,15.0,3,227.6,1,1,0
11656.0,1.4382712119291072,0,22.0,1,8.1,0,0,0
4463.0,1.489357500479498,0,16.0,2,15.9,1,0,0
7849.0,0.5536845494435867,0,11.0,4,11.9,4,0,0
38134.0,5.6360639031556925,1,5.0,8,6.5,9,1,1
47217.0,0.7856169026904177,0,23.0,0,27.1,3,0,0
5397.0,0.8183382901751635,0,16.0,1,154.6,2,0,0
20154.0,1.4745228711293805,0,16.0,2,313.2,0,1,0
19436.0,0.8846768621488114,0,9.0,1,96.7,1,0,0
10839.0,1.2301454395679055,1,11.0,3,947.7,0,0,0
32434.0,0.7767584044965368,0,10.0,0,1008.2,1,0,0
2954.0,0.958314615119164,0,12.0,2,491.1,2,0,0
4124.0,1.315759577281647,0,23.0,1,668.5,5,0,0
59094.0,5.6384251154492055,1,3.0,6,31.5,7,0,1
16164.0,0.8765776072003606,0,22.0,1,165.6,0,0,0
19142.0,0.8300559049010585,0,14.0,1,372.2,2,0,0
16423.0,1.1325394773728903,0,18.0,2,451.9,6,0,0
20108.0,1.4525403735483562,0,13.0,1,732.1,6,0,0
3427.0,1.180177432500847,0,9.0,1,123.2,2,0,0
61978.0,1.0989272108171515,1,14.0,0,274.7,0,0,0
20867.0,1.2260132168351283,1,15.0,1,29.7,2,0,0
24364.0,0.9332476152270415,0,16.0,3,733.4,3,0,0
7960.0,1.031886502395873,0,14.0,1,145.3,3,0,0
6725.0,0.5647712790608143,1,14.0,0,333.2,1,0,0
6800.0,0.5550394148798257,0,15.0,1,33.4,3,0,0
6957.0,1.1288006284009757,0,13.0,3,305.0,0,0,0
7668.0,1.0605222721365852,0,14.0,3,347.3,3,0,0
3014.0,0.6764581624299884,0,20.0,1,14.2,3,0,0
5429.0,1.1910750303828794,0,13.0,1,166.3,2,0,0
27800.0,1.2122973240787402,0,12.0,2,215.0,2,0,0
12609.0,0.8755660470267207,0,15.0,1,48.7,2,0,0
8590.0,1.119660916165446,0,16.0,1,398.8,2,0,0
22504.0,0.9203241829006319,0,19.0,1,152.6,2,0,0
14043.0,0.9170537861000051,0,18.0,2,493.0,6,0,0
18699.0,0.9726901646882508,0,13.0,0,14.1,1,0,0
22483.0,1.2086048105687872,1,9.0,3,533.8,4,0,0
6478.0,0.989562573124661,0,19.0,1,414.4,4,0,0
11336.0,1.1624867277559336,0,14.0,0,511.3,0,0,0
8201.0,1.1004987200459784,0,20.0,3,183.5,2,0,0
7069.0,1.2884515325621417,1,10.0,2,228.5,1,0,0
29719.0,1.2177651460286827,0,19.0,0,697.9,0,0,0
5637.0,1.2912721968318472,0,11.0,1,416.0,1,0,0
109560.0,2.5868942597579596,1,23.0,5,0.6,8,0,1
1739.0,1.0731112500197564,0,18.0,3,80.2,0,0,0
31209.0,0.7242598750692341,0,11.0,0,191.6,5,0,0
16057.0,1.4880164675117775,0,12.0,2,34.8,1,0,0
38193.0,0.9394737923143305,0,17.0,2,414.0,2,0,0
22471.0,1.075021443986675,0,9.0,1,104.4,3,0,0
11086.0,1.178365690243802,0,16.0,0,672.5,8,0,0
26926.0,0.818865641495501,0,18.0,2,104.4,2,0,0
15948.0,1.3804472433089274,0,16.0,3,285.3,0,0,0
28684.0,1.1047236426187994,1,18.0,4,484.1,2,0,0
16847.0,0.8185347870360613,0,8.0,2,37.1,3,0,0
19535.0,0.8268950197050522,0,16.0,0,128.1,1,0,0
8966.0,0.9511503989364802,0,16.0,3,118.0,3,0,0
34110.0,2.882943962483262,1,22.0,6,14.8,5,0,1
12376.0,0.7839016950859781,0,16.0,1,407.8,2,0,0
24059.0,1.0996526408671028,0,15.0,0,557.7,1,0,0
34492.0,1.1676044881929832,1,8.0,2,447.3,2,0,1
24800.0,1.1238970639082293,1,17.0,2,165.6,5,0,0
7635.0,1.3827035066489068,0,19.0,1,750.2,1,0,0
16696.0,1.259326400000902,0,12.0,1,195.3,3,0,0
16051.0,1.2245329632525856,0,13.0,1,42.0,1,0,0
37235.0,1.3831234928647538,0,6.0,1,434.9,2,0,0
15805.0,1.1925793642886444,0,10.0,2,260.2,0,0,0
4253.0,0.669377869462267,0,13.0,2,1426.8,1,0,0
27058.0,4.42460522738309,1,4.0,2,14.3,7,0,1
12038.0,1.0228001204445687,0,18.0,2,272.6,2,0,0
5228.0,0.8268936121450078,0,15.0,2,646.2,4,0,0
9101.0,0.9464326421244923,0,13.0,2,274.1,1,0,0
6979.0,0.778845135587165,0,16.0,2,84.6,3,1,0
8763.0,0.9343033750595594,0,12.0,0,264.0,4,0,0
33096.0,0.7441216869560203,0,11.0,2,492.1,1,0,0
18177.0,0.511043543520866,0,10.0,1,420.8,1,0,0
3710.0,1.1951316212281264,0,10.0,4,318.0,2,0,0
24774.0,1.204183478849615,0,14.0,2,438.2,1,0,0
34151.0,0.9276062115299799,0,15.0,1,31.9,1,0,0
7629.0,0.962481609512533,0,14.0,1,109.9,1,0,0
26870.0,1.3273765760831941,0,16.0,1,306.9,2,0,0
19911.0,0.5426883344920885,0,18.0,1,744.8,1,1,0
16924.0,1.0953433910843873,0,16.0,1,122.1,3,0,0
15544.0,1.10107749041604,0,15.0,0,407.9,0,0,0
20156.0,1.1127716598450796,0,16.0,2,162.9,2,0,0
18068.0,1.1144743449038856,0,16.0,5,9.2,3,1,0
9222.0,1.2371819839537421,0,15.0,1,346.5,0,0,0
1741.0,0.8420942200145123,1,13.0,3,15.2,5,0,0
3838.0,1.5055982046867697,0,14.0,1,851.7,2,0,0
29959.0,0.6195337063715864,0,13.0,2,253.3,4,0,0
15082.0,0.46056427857239923,0,20.0,2,24.1,3,0,0
11507.0,0.884144637812675,1,10.0,2,199.8,0,1,0
10043.0,0.7906186261318163,0,5.0,1,199.5,1,0,0
13110.0,1.1187689343671723,0,11.0,2,59.9,3,0,0
3777.0,0.8427172372645017,0,18.0,1,163.6,1,0,1
24696.0,0.8743895745105292,0,14.0,1,7.1,1,0,0
5424.0,0.8718537173680982,0,22.0,1,631.9,3,0,0
5385.0,0.908651790979191,0,14.0,1,1256.6,2,0,0
12215.0,0.8295637408660933,0,12.0,4,14.1,1,0,0
1217.0,0.6202354312697664,1,12.0,0,2084.3,2,0,0
11473.0,0.7891899188531123,0,16.0,2,66.0,1,0,0
12230.0,0.9436009095806546,0,17.0,0,823.5,1,0,0
33692.0,4.89832458335856,0,22.0,6,3.0,9,0,1
21646.0,0.8194361710460017,1,8.0,2,778.8,3,0,0
3544.0,1.0243713282474283,0,20.0,1,14.1,2,0,0
5933.0,0.4905783084243187,1,12.0,5,269.1,3,0,0
4763.0,1.2315372308615167,1,13.0,1,306.0,1,0,0
12336.0,1.372029234142334,1,16.0,3,171.1,2,0,0
14545.0,1.50237790779755,0,10.0,1,247.6,3,0,0
50674.0,1.674069256389196,1,23.0,4,43.2,7,1,1
4820.0,1.259192696760251,0,15.0,2,2601.3,2,0,0
21288.0,0.9427909558738876,0,10.0,3,1031.4,0,0,0
14127.0,1.203803514246897,0,8.0,1,503.5,0,0,1
21028.0,0.9100626954530997,0,11.0,2,1612.8,1,0,0
11290.0,1.0682664639939443,0,12.0,2,159.5,2,0,0
33666.0,1.106607038531499,0,9.0,2,211.6,1,0,0
3143.0,0.9436459832706605,0,15.0,1,222.4,4,0,0
58653.0,4.856147992802795,1,1.0,6,37.2,5,0,1
9079.0,0.8210350311349033,1,13.0,1,436.4,1,0,0
19863.0,1.0214305688103213,0,12.0,0,75.6,1,0,0
14082.0,1.1988057617112744,0,8.0,0,276.8,1,0,0
7219.0,0.6952332756362292,0,14.0,0,174.7,4,0,0
9269.0,0.8407517754946985,0,16.0,3,701.3,0,0,0
6695.0,1.1395228881809105,0,19.0,1,117.7,0,0,0
34727.0,4.985703805057116,1,0.0,8,1.6,12,1,1
5239.0,1.423288772316784,0,17.0,1,191.8,1,0,0
14821.0,0.9036721836426446,0,12.0,1,269.8,1,1,0
27076.0,0.7458561245012685,0,11.0,0,419.3,3,0,0
27623.0,1.0701794262468662,0,21.0,2,190.5,3,0,1
17027.0,0.9356761931276847,0,10.0,3,210.6,4,0,0
18188.0,0.5902332805261084,0,12.0,3,12.2,1,0,1
15860.0,0.9579988954877681,0,10.0,2,1306.5,2,0,1
18581.0,0.7350609864279167,0,19.0,1,431.2,0,0,0
8916.0,1.2335172230414755,0,9.0,2,5.9,2,0,0
12243.0,0.5963251784928001,0,19.0,1,262.3,4,0,0
8822.0,0.9876877630971586,0,12.0,3,102.1,2,0,0
6664.0,0.744665612011465,0,20.0,1,297.0,1,0,0
5748.0,0.8443579371860018,0,12.0,3,263.2,0,0,0
14301.0,0.5481288108706459,0,15.0,0,2333.5,4,0,0
5964.0,1.1583015999715305,0,10.0,1,11.6,0,0,0
35507.0,5.366790979845811,0,1.0,5,89.6,11,0,1
17882.0,0.8208660052926154,0,12.0,0,1257.3,3,1,0
19803.0,0.8760956719862554,0,17.0,3,1709.5,0,0,0
18545.0,1.3207296835517157,1,14.0,0,187.5,4,0,0
21641.0,0.8245159193419269,0,14.0,1,1039.7,2,0,0
5583.0,1.1406379654768366,1,16.0,0,395.4,2,0,0
8251.0,0.8236676268231261,0,10.0,0,2096.4,2,0,0
4512.0,1.0245488342007012,0,9.0,0,610.6,3,0,0
66462.0,1.6675706836144344,1,23.0,10,6.2,6,1,0
41490.0,4.158136121631613,1,22.0,4,7.0,4,1,1
20805.0,0.955586317620096,1,6.0,3,431.3,3,0,0
2020.0,1.0051745475656064,1,13.0,1,41.8,0,0,0
4661.0,1.5003070133774767,0,16.0,0,59.7,3,0,0
16834.0,0.6635475755693767,0,17.0,0,78.2,4,0,0
38079.0,0.5373147631398164,0,9.0,1,70.6,0,1,0
1390.0,0.6845652273630773,0,14.0,1,150.6,3,0,1
37851.0,0.7739665529324458,0,15.0,1,235.5,1,0,0
8778.0,1.025068636450638,0,20.0,1,472.5,1,0,0
22262.0,1.3136306194066574,0,13.0,0,15.3,2,0,0
7724.0,1.2611041597189345,1,18.0,1,232.3,1,0,0
39850.0,1.278352335466793,1,19.0,4,102.6,4,0,0
14653.0,0.8564602259784068,0,11.0,3,136.6,2,0,0
23819.0,0.7072053609425668,0,19.0,1,107.5,3,0,0
1197.0,0.90582540302196,0,10.0,1,628.6,2,0,0
15999.0,4.783101207024461,1,5.0,3,14.1,9,0,1
14902.0,1.0174533953770128,1,11.0,0,406.9,1,0,0
11173.0,0.7221864365753083,0,19.0,2,195.0,2,0,0
73198.0,4.601597828322387,1,2.0,7,42.2,6,1,0
24389.0,1.1364304988142444,0,13.0,0,702.8,3,0,0
9502.0,0.9937458192953709,0,17.0,3,428.1,1,0,0
14778.0,0.3075290953788581,0,19.0,1,450.0,3,1,0
10446.0,0.9672473913616526,0,18.0,1,45.4,2,0,0
112972.0,4.569994017769867,0,5.0,6,20.2,14,1,1
38138.0,1.023726186543323,0,20.0,1,45.3,3,0,0
15640.0,1.2045477262681978,0,14.0,5,144.9,2,0,0
12727.0,0.7300306091682937,0,10.0,3,38.4,2,0,0
31398.0,1.0375573203685882,0,7.0,1,1400.1,2,0,0
22810.0,1.1279557619549503,0,6.0,1,1355.9,1,0,0
3479.0,0.9185400007809,0,17.0,0,33.1,1,0,0
14908.0,0.6823193502514966,0,11.0,0,109.5,0,0,0
8036.0,1.0485858661204266,0,14.0,0,406.5,2,0,0
116991.0,4.074038248079583,1,2.0,5,7.6,8,1,1
17867.0,0.686059065816677,0,15.0,0,69.5,4,0,0
2381.0,1.6038615404525978,1,9.0,2,150.2,4,0,0
77139.0,5.249029964996606,1,23.0,3,57.6,5,1,1
8151.0,1.036979834977287,0,6.0,4,94.0,1,0,0
13515.0,1.2045814287722547,1,11.0,0,294.6,1,0,0
5363.0,0.8268583716801675,0,13.0,4,302.8,6,0,0
3287.0,0.7304813827796619,0,14.0,3,554.6,2,0,0
128979.0,5.531631695310959,1,22.0,6,19.4,7,1,1
9312.0,0.9728000845186563,0,12.0,2,13.2,0,0,0
15878.0,0.5852910058345344,0,12.0,2,254.4,1,0,0
18682.0,1.4002155740629392,0,19.0,2,566.2,0,0,0
8092.0,0.3626558073998424,0,12.0,2,939.1,3,0,0
2231.0,1.5552566991187797,0,7.0,1,583.6,2,0,0
8146.0,0.607084022056728,0,17.0,0,124.3,2,0,0
20048.0,0.6488108649252193,1,18.0,1,497.3,2,0,0
6888.0,0.8684911473642215,0,18.0,1,46.5,1,1,0
9390.0,0.9278513345784875,0,9.0,1,291.1,2,0,0
36519.0,4.798935163543143,0,23.0,11,74.6,8,1,0
47123.0,4.919494172986707,1,3.0,12,2.9,10,0,1
11192.0,1.36196130504507,1,17.0,1,500.8,2,0,0
18962.0,1.0440714542977731,0,16.0,1,9.3,5,0,0
22795.0,0.9369991811338672,0,15.0,2,323.2,1,0,1
7867.0,1.253073933292295,0,17.0,3,39.9,4,0,0
20428.0,10.130437109282553,1,4.0,3,10.9,4,0,1
9732.0,1.346577486295449,1,13.0,3,513.6,1,0,0
3120.0,4.530406949990022,1,0.0,2,18.3,12,0,1
6616.0,0.9277781644744214,0,15.0,3,1317.8,0,0,0
9754.0,0.9719494786083199,0,13.0,3,158.2,3,0,0
18030.0,0.9403562091441835,0,15.0,1,155.2,2,0,0
15599.0,6.411515837316053,1,0.0,3,3.2,11,1,1
18649.0,1.1483189276818693,0,8.0,0,336.4,0,0,0
35822.0,1.0204818137825773,0,23.0,1,122.3,2,0,0
20132.0,0.8973891522497615,1,11.0,0,609.3,0,0,0
29162.0,1.3032812319839193,0,15.0,0,649.6,0,0,0
5296.0,1.050774579897145,0,16.0,1,383.1,2,0,0
24068.0,1.412121722120818,0,11.0,0,14.0,5,0,0
11868.0,0.7250999280300231,0,10.0,2,118.2,3,0,1
7125.0,0.41396060397706214,1,14.0,3,758.3,1,1,0
21831.0,0.9924373528805313,0,14.0,0,120.5,1,0,0
42152.0,1.1850685768728877,1,10.0,3,57.7,4,0,0
1953.0,1.0360735366795053,0,23.0,0,441.0,1,0,0
17688.0,0.7879540539914398,0,13.0,1,826.0,2,0,0
3277.0,1.4057635596708884,1,15.0,1,21.4,0,0,0
47621.0,3.359006967216713,1,3.0,6,18.8,5,0,1
26501.0,0.9745698692127909,0,16.0,1,602.3,1,0,0
7594.0,0.9131690314951084,0,14.0,2,407.2,5,1,0
18613.0,1.1676535214471073,0,8.0,4,416.7,2,0,0
10868.0,1.3697414335912879,0,16.0,1,401.7,2,0,0
2842.0,0.941934060490284,1,13.0,5,267.0,2,0,0
49621.0,4.441226598661355,1,21.0,7,20.5,9,1,1
10755.0,0.36336676566785453,0,18.0,1,24.7,2,0,0
19607.0,1.3674323347984252,0,21.0,1,1310.7,3,0,0
53131.0,3.873294833411797,1,21.0,5,7.9,5,1,0
37824.0,0.7002499912632953,0,17.0,1,234.4,3,0,0
5505.0,0.7968274904744089,0,11.0,3,128.7,2,0,0
12693.0,0.9826142493667298,0,8.0,4,278.5,1,0,0
22869.0,0.921729006373389,1,7.0,1,234.5,2,0,0
15045.0,0.9976753497770464,1,15.0,1,878.2,3,0,0
6323.0,0.8110265866519406,0,9.0,0,106.4,2,0,0
18496.0,1.3067096117773476,0,15.0,1,199.3,4,0,0
29565.0,1.2165682279866281,0,17.0,4,23.2,4,0,0
16776.0,0.8245450416977824,0,7.0,2,604.6,1,0,0
11477.0,1.5755150183575193,0,23.0,5,428.7,1,0,0
7860.0,1.255446617539254,0,14.0,1,1255.9,2,0,0
9969.0,1.089374807986988,0,14.0,0,640.0,2,0,0
9494.0,1.30154292550871,0,20.0,2,269.0,4,0,1
21740.0,0.8615097324414285,0,14.0,2,128.3,4,0,0
18815.0,1.336477812183035,1,12.0,2,67.1,1,0,0
11285.0,0.844625241144422,1,13.0,1,349.6,1,0,0
12638.0,0.7257668037845357,0,12.0,0,1823.3,3,0,0
22979.0,1.1108544296964495,0,10.0,0,130.1,2,0,0
15440.0,0.8940729129123314,0,14.0,1,547.7,1,0,0
80123.0,3.5228232118151075,0,0.0,5,24.3,7,1,1
3481.0,0.9735812790566976,0,19.0,1,60.8,6,0,0
46320.0,0.8299890429562774,0,10.0,1,74.8,1,0,0
2193.0,1.3584532833184904,0,8.0,2,109.9,3,0,0
16723.0,0.9464722444056887,0,17.0,1,704.9,1,0,0
9570.0,1.207425153932539,0,13.0,0,595.7,2,0,0
9935.0,1.0550020764325208,0,15.0,3,249.0,1,0,0
69973.0,1.1102173366120083,0,5.0,2,303.7,2,0,0
8519.0,1.007702670437298,0,16.0,3,109.0,3,0,0
40970.0,5.822928498469211,1,0.0,8,11.0,9,0,1
4822.0,0.7482995917889689,0,9.0,1,43.3,0,0,0
14229.0,0.500763434957083,0,14.0,4,109.8,0,0,0
15762.0,0.7176959788241415,0,14.0,4,32.4,2,0,0
26092.0,3.845645807193118,1,23.0,5,2.0,12,1,1
4607.0,0.7799504295814959,1,9.0,2,295.2,1,0,0
21160.0,5.2674679984989075,1,4.0,4,67.6,12,0,1
80261.0,3.467117852238514,0,1.0,7,13.6,8,0,1
19411.0,2.4693195601803786,1,5.0,4,12.6,8,1,1
2346.0,0.46764527334039474,0,14.0,2,119.8,0,0,0
15044.0,1.0875845560181328,1,11.0,1,210.1,1,0,1
5483.0,0.9926463862621061,0,13.0,1,3453.2,1,0,0
7047.0,0.8724461741596744,0,20.0,0,1312.7,7,0,0
10661.0,0.674290271728111,0,10.0,1,602.4,4,0,0
16734.0,0.9896943869509195,0,15.0,0,478.6,0,0,0
22791.0,1.2003773854333273,0,15.0,1,248.4,4,0,0
23306.0,1.2228017481365456,0,16.0,2,1350.3,2,0,0
62883.0,1.2523434222451626,1,4.0,12,20.3,6,1,1
10151.0,1.0937645012127142,0,9.0,1,957.9,1,0,0
14897.0,0.9898239122657894,1,19.0,2,502.0,1,0,0
14648.0,0.7778048422268566,0,17.0,2,580.9,2,0,0
10539.0,0.8791930179676181,0,9.0,2,899.3,3,0,0
23490.0,1.046682602425157,0,9.0,2,527.8,4,1,0
12952.0,1.3716408134966225,1,11.0,1,267.5,2,0,0
33844.0,0.7231228488577981,0,15.0,1,154.6,1,0,0
132885.0,6.290520364133521,1,23.0,4,8.8,5,0,1
36528.0,4.777117846405632,1,2.0,5,56.5,8,1,1
22631.0,0.8869895259091813,0,13.0,1,138.5,1,0,0
16389.0,0.8347935227276723,0,11.0,0,381.6,0,0,0
20483.0,0.9555335566092549,0,11.0,0,394.1,0,0,0
38174.0,2.930232959603442,1,3.0,7,18.6,6,0,1
13100.0,0.8170267610134634,0,18.0,1,346.1,1,0,0
3826.0,1.2364692721786554,0,15.0,1,518.6,6,0,0
3586.0,1.2921222327071171,0,9.0,0,182.8,3,0,0
7576.0,0.7364651527273551,1,17.0,2,417.6,0,0,0
10508.0,0.5309737188909861,0,9.0,0,13.5,1,0,1
17103.0,0.9086420356503333,0,13.0,2,45.6,2,0,0
7791.0,2.1678304063667464,1,22.0,6,15.3,4,1,1
15443.0,1.0937487884019288,1,13.0,0,123.1,4,0,0
18173.0,0.797864619515333,1,16.0,1,24.5,1,0,0
19259.0,1.2070548499214064,0,11.0,1,874.1,2,0,0
49518.0,3.2325024012371752,1,0.0,6,5.4,8,1,1
8536.0,0.49435990496529514,0,11.0,2,501.8,1,0,0
43635.0,0.5916717834319815,0,11.0,4,504.2,2,0,0
20895.0,0.738461092878705,0,11.0,0,162.8,2,0,0
7417.0,0.6234248586973211,0,22.0,1,155.3,4,0,0
16100.0,1.515459559625287,1,14.0,1,0.5,2,0,0
38309.0,5.570990394196629,1,22.0,6,12.3,4,1,1
5105.0,1.2265193933440424,0,11.0,4,497.6,2,0,0
14497.0,0.9191944977532749,0,18.0,1,164.1,3,0,0
10380.0,1.1089381108960197,0,15.0,4,97.6,5,0,0
8263.0,1.1778859197309444,0,9.0,4,1047.5,2,0,0
7429.0,0.6017996428645871,0,14.0,1,170.6,1,0,0
13788.0,1.341118962911625,0,10.0,0,196.9,1,0,0
22326.0,0.8173103892618587,1,17.0,1,777.2,2,0,0
23292.0,1.5433715842233438,0,16.0,2,521.4,1,0,0
9583.0,1.2015044320266863,0,14.0,1,47.9,4,0,0
131691.0,4.5104199141953485,1,4.0,9,2.3,10,0,1
17786.0,0.9459879278895056,0,16.0,2,347.1,2,1,0
15077.0,1.127855641931467,0,15.0,0,97.8,2,0,0
9522.0,1.0018236016612494,0,10.0,2,183.4,2,1,0
13778.0,0.9049898056241951,0,15.0,0,781.1,2,0,0
11158.0,0.8846627931771651,1,14.0,3,570.0,3,1,0
12254.0,1.2373168139318658,0,18.0,3,35.4,3,0,0
19674.0,1.0393592275881585,0,9.0,1,185.0,1,0,0
28051.0,0.6680205773463537,0,11.0,0,95.7,2,0,0
24983.0,0.9555014297799985,1,13.0,2,61.2,1,0,0
36186.0,0.7633442187701045,0,20.0,0,388.1,2,1,0
7975.0,1.0390051172075851,0,10.0,0,270.7,2,0,0
3360.0,1.1923711008866664,0,20.0,1,81.8,2,0,0
16624.0,0.9724397546408635,0,16.0,1,247.6,2,0,0
11129.0,1.0359439170659301,0,13.0,1,719.1,1,0,0
34403.0,1.2550971828204947,0,17.0,1,104.9,3,0,0
10766.0,0.6841089855920394,1,12.0,1,92.2,1,0,0
22593.0,1.261053368303605,0,9.0,3,151.8,1,1,1
5114.0,0.8710764657478368,0,15.0,1,164.0,2,0,0
41768.0,0.8521545427510566,1,3.0,4,7.4,3,1,1
7150.0,1.4445274348438872,0,14.0,2,18.9,0,0,0
13967.0,0.9230778086402593,0,15.0,2,146.1,3,0,0
17618.0,0.9105304721889479,0,10.0,0,209.4,3,1,0
27824.0,0.7335883163858781,1,7.0,0,888.1,2,0,0
6950.0,1.9772043482471937,1,5.0,6,30.4,7,1,1
16720.0,1.2642430662952338,0,18.0,0,135.2,2,0,0
20024.0,1.0051739960615902,0,17.0,2,324.7,1,0,0
24592.0,0.8535529457981745,0,18.0,1,371.4,5,0,0
16198.0,0.9237339855112641,0,9.0,0,211.1,3,0,0
24835.0,0.785237252914124,0,4.0,1,1767.7,2,0,0
24302.0,1.1485468885230705,1,13.0,0,5.1,1,0,0
1518.0,1.478284968033901,1,7.0,0,114.2,0,0,0
9584.0,1.162265470139723,0,11.0,3,755.5,2,0,0
24731.0,5.150066663691795,1,0.0,3,18.3,4,1,1
33821.0,0.7112529160773794,1,17.0,1,337.6,2,0,0
5282.0,0.756131757183123,0,15.0,0,784.9,1,0,0
35137.0,5.060078336534328,1,23.0,9,23.3,4,0,0
1864.0,0.519868994386476,0,14.0,0,251.0,0,0,0
19359.0,0.41188785000805717,0,14.0,2,152.3,2,0,0
2159.0,0.6675943883019919,0,15.0,1,28.0,0,0,0
35381.0,2.5919004019519734,1,22.0,3,1.6,9,1,1
23952.0,0.9025580426307113,0,11.0,1,729.6,2,0,0
38455.0,1.505559804600337,0,16.0,2,698.8,2,0,0
7702.0,1.0692047384230576,0,23.0,1,2223.8,2,0,0
33122.0,0.6477678937830135,0,11.0,3,360.0,3,0,0
25290.0,6.949379567298113,1,5.0,8,14.7,5,1,1
7412.0,0.9709273787481772,0,17.0,0,689.2,3,0,0
6221.0,0.7588198586896509,1,12.0,3,177.2,1,0,0
12842.0,1.3917557520016448,0,11.0,0,1067.3,3,0,0
15507.0,0.7568347005763248,0,10.0,1,434.7,1,0,0
8729.0,4.836174144194766,1,23.0,3,12.4,9,1,1
46984.0,1.0611176515922267,0,12.0,0,502.1,5,0,0
4802.0,1.4339059089118535,0,7.0,2,46.9,3,0,0
9843.0,0.8548256181469129,1,12.0,1,79.9,4,0,0
21979.0,1.0015479941106666,1,15.0,2,380.0,2,0,0
3236.0,0.7122525228157572,0,14.0,2,149.4,2,0,0
37097.0,0.9199918278635414,0,17.0,2,239.2,1,0,0
6886.0,0.9726269243917733,0,9.0,1,985.7,1,0,0
20162.0,0.9130694412670061,0,12.0,2,781.8,3,0,0
1690.0,0.4708714368843212,0,8.0,1,664.3,1,0,0
8379.0,1.031457320957752,1,16.0,1,863.6,1,0,0
22235.0,0.6108376364402621,0,15.0,2,393.9,1,0,0
20839.0,0.8116002283822683,0,17.0,0,89.0,3,1,0
25837.0,3.839283318157871,1,21.0,4,8.7,4,1,1
12956.0,0.9282180925211329,0,13.0,0,355.9,2,0,0
8540.0,1.0610876017791127,0,16.0,0,857.8,0,0,0
10185.0,0.6376500395478435,0,12.0,2,642.2,1,0,0
4493.0,0.6550660802427964,0,17.0,2,437.7,2,0,0
11712.0,1.2015806065072154,0,18.0,1,1042.2,2,0,0
2282.0,0.8803561855632929,0,16.0,0,56.5,2,0,0
26106.0,6.698733996936625,1,5.0,5,1.8,5,0,1
64158.0,1.8489002278331008,0,5.0,3,44.0,8,0,1
29901.0,1.1843354838982354,0,10.0,5,53.8,0,0,0
5271.0,0.9499533205654558,0,19.0,2,213.6,2,0,0
10687.0,1.088458256031475,0,17.0,1,182.0,3,0,0
6219.0,0.9493718661642956,0,9.0,1,157.3,1,0,0
31575.0,5.163393672719733,1,1.0,9,2.8,9,1,1
31855.0,0.9489944864743961,0,14.0,2,115.9,1,0,0
30982.0,5.891893718265601,1,2.0,3,1.1,7,0,1
18944.0,1.1556366006372654,0,11.0,4,193.1,3,0,0
13844.0,1.1854832316225616,0,23.0,1,447.0,2,0,0
12952.0,0.6991220914482499,0,19.0,0,71.0,1,1,0
4008.0,1.3124421738141976,0,21.0,3,697.3,0,0,0
10452.0,1.0408088546793397,0,10.0,1,834.2,1,0,0
37524.0,1.1881805508717795,0,14.0,4,189.0,4,0,0
5643.0,0.9562187154828194,0,16.0,0,646.5,2,0,0
19343.0,0.3887591687400086,1,9.0,1,355.8,1,0,0
12751.0,1.1713477139932713,0,12.0,1,413.1,3,0,0
16706.0,1.1699232756618851,0,12.0,3,455.2,5,0,0
8222.0,1.4927332825929582,0,18.0,0,67.2,1,0,0
38246.0,3.92955372238922,0,1.0,7,30.5,4,1,0
16294.0,1.048040458482181,0,16.0,3,333.9,1,0,0
82369.0,1.2326946860811656,0,11.0,1,150.2,3,0,0
6887.0,0.7193837437909711,0,19.0,3,87.0,1,0,0
34775.0,1.4247848607324893,0,17.0,1,966.9,2,0,0
17168.0,1.2192672743753046,0,16.0,0,13.3,2,0,0
21037.0,0.8244595742269437,1,14.0,0,60.6,3,0,0
34255.0,0.8735503110547651,0,23.0,3,458.7,1,0,0
13162.0,0.7845463217558933,0,8.0,2,387.5,2,0,0
25982.0,0.6733560333563586,0,15.0,0,370.1,4,0,0
15482.0,0.6110378282944497,0,9.0,1,497.9,2,0,0
5212.0,1.0620792098888996,1,11.0,3,67.0,3,0,0
5976.0,0.8940931253519628,0,7.0,0,328.3,4,0,0
14035.0,1.0012999512618452,0,14.0,0,187.4,3,0,0
4688.0,1.0840385724901618,0,12.0,3,369.9,2,0,1
6605.0,4.240995716385644,1,2.0,3,14.4,6,0,1
14845.0,1.1313193016244727,0,17.0,0,153.9,4,0,0
19854.0,1.0042780071117616,0,18.0,2,86.6,2,0,0
6307.0,3.5909135659679,1,23.0,1,0.9,4,1,1
8617.0,0.8029750884993588,0,13.0,0,634.5,5,0,0
4306.0,1.1519971945429024,0,12.0,1,48.5,4,0,0
11034.0,0.9413319523795345,1,12.0,0,1249.1,2,0,0
15387.0,1.1101854009156906,0,16.0,4,1017.1,2,0,0
9195.0,0.6041409242762139,0,19.0,2,955.5,4,0,0
89037.0,5.614834287183206,1,5.0,11,0.2,4,1,1
10628.0,0.8078603414744747,0,13.0,1,590.9,1,0,0
4370.0,1.3665180712190597,0,22.0,1,1496.1,2,0,0
22182.0,0.9687001394711003,0,16.0,1,43.3,2,0,0
12246.0,0.6726294262251535,1,16.0,2,514.3,2,0,0
5365.0,0.48833673055082716,0,11.0,1,306.0,1,0,0
15517.0,0.6417385031840398,0,15.0,1,943.8,3,0,0
9008.0,1.0945929595249393,0,15.0,1,321.4,0,0,0
18571.0,0.7783185917918392,0,20.0,2,1882.7,1,0,0
3813.0,0.9769828138202289,0,11.0,1,659.9,2,0,0
17187.0,1.3481651621188906,0,17.0,0,278.5,2,0,0
22331.0,1.309089229519326,0,11.0,1,31.8,2,0,0
10394.0,1.0464565508126202,1,15.0,1,799.0,0,0,0
11173.0,1.1015006729141008,0,22.0,4,92.3,1,0,0
7548.0,0.6776683921919057,0,4.0,0,35.5,1,0,0
8937.0,1.1068657689542167,0,19.0,4,559.2,1,0,0
6427.0,1.2539750506951035,1,11.0,2,44.6,3,0,0
2732.0,0.7587570854780832,0,15.0,1,112.0,1,0,0
5939.0,0.7014015518643573,0,13.0,0,569.9,2,0,0
5161.0,0.740023391331136,0,18.0,1,146.2,3,0,0
6552.0,1.1194952409605552,0,21.0,2,419.7,4,0,0
10618.0,0.8246081313076261,0,15.0,2,930.2,1,0,0
12780.0,0.9108024115901151,0,9.0,1,189.9,1,0,0
8183.0,1.4969398093140733,0,6.0,2,148.6,3,0,0
17691.0,1.2522127100675315,0,15.0,1,641.5,0,0,0
20342.0,0.8902364146468842,0,9.0,1,900.2,2,0,1
9044.0,0.7375245319522659,0,18.0,1,172.1,2,0,0
16061.0,0.8377301718639217,0,14.0,2,1.4,1,0,0
9116.0,1.1329720298004498,0,13.0,2,60.1,2,0,0
3334.0,0.7319200713702606,0,18.0,2,56.5,1,0,0
5191.0,0.9820839861907938,0,17.0,1,1636.1,4,0,0
41399.0,1.3312460884135482,0,18.0,0,375.7,0,0,0
5385.0,0.9619280190093931,0,13.0,5,370.9,1,0,0
8866.0,1.0567974070352155,1,4.0,0,268.4,3,0,0
95937.0,2.238960781033403,1,22.0,5,48.8,6,0,1
12053.0,0.9005345508297902,0,13.0,1,1132.9,1,0,0
6771.0,0.9806306963641123,0,15.0,1,149.1,3,0,0
13213.0,1.1242016422976433,0,11.0,1,238.7,2,0,0
4483.0,3.9281039931566797,1,0.0,7,18.2,5,0,1
8501.0,0.7782911326592262,0,19.0,0,361.8,2,0,0
5953.0,0.994961186243042,0,10.0,3,155.4,4,0,0
34399.0,7.394569628439419,1,21.0,4,7.0,6,1,1
50152.0,1.0768318341502625,0,8.0,1,288.1,2,0,0
11984.0,1.1485940213924652,0,14.0,0,57.6,1,0,0
15514.0,0.9917702855095827,0,15.0,2,1069.4,1,0,0
26831.0,3.940551168493821,0,0.0,7,39.4,7,1,1
20498.0,1.0708837761756578,0,22.0,2,82.1,1,0,0
4005.0,0.8809483253564123,0,11.0,1,17.1,1,0,0
6292.0,0.4901350300349886,0,20.0,2,277.9,4,0,0
7807.0,1.008009377577974,0,18.0,1,354.2,1,0,0
30739.0,0.612168325150142,0,7.0,0,129.5,0,0,0
87312.0,3.7204639497215215,1,0.0,7,3.2,6,1,1
47031.0,0.9850003446466656,0,17.0,3,54.9,1,0,0
11670.0,0.9098955356643481,1,20.0,0,801.4,0,0,0
11976.0,1.6214930286480131,0,17.0,1,566.2,3,0,0
9538.0,1.004230563320769,0,14.0,0,384.7,1,0,0
26942.0,1.095262021849874,0,15.0,1,522.1,2,0,0
4670.0,1.1361498871804123,0,14.0,0,332.2,2,0,0
9650.0,0.9120605088278546,0,18.0,0,129.3,2,0,0
43128.0,2.6372286466311223,1,22.0,5,12.0,11,0,1
3449.0,1.3369063753284385,0,19.0,1,218.9,2,0,0
471.0,0.5955961627910462,1,12.0,0,346.2,1,0,0
1389.0,1.1643399944431096,0,10.0,0,22.1,3,0,0
14598.0,1.184526060969064,0,18.0,1,92.8,2,0,0
118580.0,1.1937094386981058,0,16.0,5,1172.8,1,0,0
29952.0,1.329758616541528,0,16.0,0,399.2,1,0,0
11117.0,0.9947926497110378,0,18.0,2,8.3,2,0,0
51430.0,6.71516906543646,1,1.0,10,34.9,9,1,1
10302.0,0.6838269250750053,1,9.0,5,81.9,2,0,0
1869.0,0.9664795999659073,0,14.0,2,162.6,2,0,0
62240.0,5.249808056827192,1,2.0,5,26.9,8,1,1
24432.0,4.217741327521894,1,5.0,5,52.8,9,1,1
13200.0,1.8855893376694057,1,21.0,4,37.2,5,1,0
34342.0,1.370517259449104,1,8.0,1,64.7,3,0,0
14371.0,1.0898581054748544,0,18.0,0,963.5,1,0,0
21293.0,0.9941056344612365,0,13.0,0,250.0,1,0,0
21409.0,0.6555939405478224,0,8.0,0,37.6,2,0,0
23883.0,1.1335122348759903,0,17.0,1,276.1,5,0,0
13646.0,1.2105082378435519,0,15.0,2,602.9,0,0,0
1162.0,0.5997638073182441,0,6.0,1,614.1,1,0,0
19895.0,0.5741332793499325,0,19.0,3,1121.5,4,1,0
16401.0,6.017979814379489,0,22.0,9,34.0,9,1,1
22873.0,0.7499478441495501,0,12.0,0,252.1,2,0,0
24404.0,1.2397283231137937,0,18.0,0,344.7,1,0,0
25952.0,0.7291615104743401,0,16.0,3,117.6,5,0,0
8153.0,1.3287640678641566,0,14.0,1,602.2,2,0,0
19334.0,1.3699984247743806,0,6.0,2,222.3,1,0,0
19005.0,1.1768899381364966,0,16.0,2,153.0,1,0,0
547.0,0.6843977343741752,0,15.0,3,65.9,5,0,0
5235.0,1.2965337787414775,0,13.0,1,927.4,0,0,0
2223.0,0.7736245252868914,0,14.0,2,76.2,0,0,0
24127.0,0.9649923385115576,0,11.0,2,155.4,0,0,0
17581.0,2.3622249369768595,1,1.0,7,8.2,6,0,1
16855.0,1.1610569811357132,0,14.0,2,137.2,4,0,0
4508.0,1.0345135950652924,0,13.0,1,498.9,0,0,0
24556.0,1.4929829629923501,0,14.0,0,527.3,4,0,0
6764.0,0.9607928141851878,0,16.0,1,865.8,3,0,0
13920.0,1.164551994512916,1,16.0,0,114.3,2,0,0
53193.0,1.20806701087697,0,15.0,0,136.3,8,0,0
15104.0,0.48163341083532707,0,5.0,1,81.3,3,0,0
5811.0,1.1815117333225524,1,12.0,1,620.4,3,0,0
9796.0,0.7400579627321275,0,9.0,1,1123.5,2,0,0
1853.0,1.0657558303913977,0,15.0,3,17.4,1,0,0
26442.0,0.8089628607696704,0,19.0,3,1052.1,2,0,0
7250.0,4.829310188531203,1,23.0,8,6.0,8,0,1
21963.0,0.3111819903995624,1,10.0,2,4.9,0,0,0
9352.0,0.7867551780019616,0,21.0,3,435.1,4,0,0
8431.0,0.8940460392419378,0,9.0,0,379.1,5,0,0
2846.0,1.0489987783167347,0,15.0,2,531.7,0,0,0
15311.0,0.7310371278338637,1,21.0,1,122.9,2,0,0
24678.0,0.7136859670821535,0,12.0,7,591.3,2,0,0
31955.0,3.633346275948118,0,23.0,6,21.4,4,1,1
38821.0,1.3254981711852805,0,11.0,0,60.9,2,0,0
6521.0,0.6931652255485117,0,18.0,0,172.6,3,0,0
27822.0,1.009692832589008,0,10.0,1,55.2,1,0,0
25350.0,1.3671069409199632,1,15.0,1,487.5,2,1,0
11824.0,1.0058963584708542,1,11.0,2,207.7,2,0,0
47564.0,3.3800142314673414,1,21.0,6,9.2,8,1,1
52100.0,5.039331942302804,1,0.0,3,29.5,7,1,1
11867.0,0.7228184664269277,1,16.0,2,311.7,3,0,0
12025.0,1.1049025649458426,0,12.0,2,59.5,3,0,0
18022.0,1.10230335230504,0,20.0,3,263.9,1,0,0
44203.0,4.221732566980949,0,0.0,6,90.5,6,1,1
7478.0,0.8440811126518505,0,9.0,2,154.7,3,0,0
8586.0,1.1464054964747328,0,17.0,3,43.3,4,0,1
44449.0,0.9876976342656562,0,16.0,1,86.3,3,0,0
15266.0,0.6529466658636657,0,16.0,2,57.4,3,0,0
5013.0,1.2456807987773808,0,13.0,1,2043.1,0,0,0
11824.0,0.6464505476537565,0,17.0,0,0.4,1,0,0
2488.0,0.7132352407818852,0,12.0,2,465.8,3,0,0
21293.0,5.018768302800374,1,5.0,8,3.7,11,0,1
55196.0,1.176415638682684,0,14.0,2,190.9,1,0,0
12532.0,1.0341781071858898,0,5.0,4,636.6,0,0,0
4404.0,1.0866020317172504,0,13.0,2,383.4,3,0,0
8176.0,1.2639345859048834,0,9.0,1,821.8,4,0,0
361.0,1.117564451483636,0,9.0,3,601.2,4,0,0
6748.0,1.2403271923292531,0,17.0,2,3.8,0,1,0
19874.0,0.8397228249473947,0,13.0,1,405.1,3,0,0
5215.0,0.8149994725066967,0,8.0,3,975.5,2,0,0
6517.0,0.8653001668376878,0,22.0,1,462.3,2,1,0
37021.0,1.2468264235199011,0,11.0,1,359.4,1,0,0
7812.0,1.0175608151771283,0,17.0,2,1583.0,0,0,0
15135.0,0.7933967642783994,0,14.0,1,660.4,3,1,0
13466.0,1.278928925449593,0,9.0,3,507.5,3,0,0
3395.0,1.1819521362185375,0,23.0,3,24.5,2,0,0
5961.0,0.8787959943754136,0,15.0,0,693.7,1,0,0
16008.0,1.191454374065375,0,8.0,2,639.9,2,0,0
21414.0,0.6473809315097621,0,20.0,2,674.6,3,0,1
37195.0,0.7998592668137906,0,18.0,1,1105.5,3,1,0
24048.0,1.3073924344199235,0,13.0,0,400.6,2,0,0
2465.0,1.0378266350024339,0,10.0,2,94.2,1,0,0
17934.0,1.1763773703208846,0,12.0,2,87.1,5,0,0
12432.0,1.2594024528554164,1,7.0,0,717.3,3,0,0
10103.0,1.0037017545575657,0,16.0,2,330.8,1,0,0
10224.0,0.5800018081531007,0,15.0,1,647.8,3,0,0
6722.0,0.9068963613518781,0,19.0,4,1295.3,1,0,0
2836.0,1.0454081153820878,0,21.0,2,694.7,4,0,0
29239.0,4.376317699783481,1,21.0,4,80.5,7,0,1
18088.0,1.3634781259468645,0,13.0,4,859.6,3,0,0
62445.0,6.641402046699972,1,0.0,4,5.3,7,1,1
2809.0,1.0953415094527197,0,16.0,2,317.4,3,0,0
13260.0,0.7867882718748131,0,15.0,0,131.9,1,0,0
31056.0,1.207260766255472,0,16.0,6,165.9,1,0,0
35515.0,1.383882787148492,0,14.0,0,610.3,1,0,0
2597.0,0.6986510017722152,0,16.0,2,263.4,2,0,0
19360.0,0.9977124889456912,1,20.0,1,19.6,3,0,0
10500.0,0.6714010901835885,0,17.0,1,9.5,3,0,0
9229.0,1.070244301707607,0,16.0,3,210.5,1,0,0
14506.0,0.7694540213224785,1,10.0,0,142.0,2,0,0
12815.0,1.0661890277672277,0,14.0,4,470.7,3,0,0
15846.0,0.7928397687744961,0,15.0,2,125.0,2,0,0
30865.0,0.9814886163837075,0,12.0,0,592.0,1,0,0
11508.0,1.319095889768648,0,10.0,1,246.5,4,0,0
16542.0,1.121592609656216,0,18.0,2,73.7,4,0,0
24468.0,0.5644255022679079,0,15.0,0,189.3,0,0,0
13046.0,0.8645909636280528,0,8.0,1,414.8,3,0,0
9432.0,1.2186318453530913,0,12.0,3,143.3,2,0,0
25272.0,1.0910862704983983,1,17.0,1,503.0,3,0,0
41574.0,1.1983066203889745,0,16.0,1,962.9,2,0,1
14092.0,1.2191453956831872,0,10.0,2,384.2,3,0,0
18088.0,0.7952541179873165,0,18.0,3,1524.1,3,0,0
20660.0,1.0041109958736736,0,17.0,0,19.9,1,0,0
21639.0,0.6171289258555013,0,17.0,1,83.8,2,0,0
28927.0,0.9726780224759793,1,15.0,1,581.3,2,0,0
11813.0,0.8311697754338376,0,18.0,3,810.4,2,0,0
8448.0,0.9721957190668328,0,16.0,2,476.2,2,0,0
11633.0,0.9965918585175481,0,15.0,3,113.2,2,0,0
43712.0,1.0074169520652538,1,10.0,3,829.7,5,1,0
10093.0,1.4322941313098478,0,19.0,2,1102.4,4,0,0
58035.0,4.021282235137811,1,21.0,8,17.2,11,1,1
6613.0,0.5500269346172628,0,18.0,0,822.2,3,0,1
4929.0,0.9302394081091419,1,7.0,4,305.1,2,0,0
80573.0,3.85391354374999,1,4.0,4,6.5,8,0,1
27308.0,0.9266619532401272,0,14.0,4,116.6,0,0,0
3467.0,0.6593769505706273,0,21.0,2,23.9,3,0,0
10893.0,0.6719420951018622,0,14.0,0,40.2,3,0,1
18348.0,0.8972947109975637,0,18.0,1,60.0,1,0,0
23174.0,0.6523238549953563,0,21.0,3,521.3,2,0,0
2130.0,1.1359890687007776,0,10.0,2,36.9,2,0,0
6381.0,6.803674744154998,0,5.0,4,12.6,4,1,1
18240.0,0.9861703584911882,0,8.0,1,5.7,1,0,0
31250.0,2.897137226731395,1,3.0,8,24.1,10,1,1
12234.0,1.528423180300501,0,15.0,0,54.5,2,0,0
4526.0,0.8313887551532255,0,21.0,3,623.3,1,0,0
15569.0,4.819134773646991,1,0.0,10,46.6,4,1,1
4396.0,0.8368228336328467,0,22.0,1,701.5,2,0,0
14682.0,1.048164912561061,1,14.0,1,165.4,0,0,0
34102.0,1.1040041575959405,0,12.0,0,727.0,3,0,0
15783.0,1.1951008993720955,0,19.0,1,1012.1,3,0,0
93813.0,2.39587681990065,1,2.0,1,2.5,3,1,1
62834.0,2.5707846348907513,0,5.0,9,18.2,8,1,1
2953.0,1.1790136129248951,0,15.0,3,7.9,0,1,0
5818.0,0.8988629521371078,0,5.0,3,733.2,3,0,0
17692.0,1.0826190199108157,0,23.0,2,697.7,1,0,0
2494.0,0.9359553357898796,0,15.0,0,404.4,1,0,0
12352.0,1.0952593417638654,1,11.0,2,20.8,2,0,0
7871.0,1.2470188036298484,0,13.0,0,2285.1,1,0,0
29353.0,1.1078188268295028,0,11.0,0,358.9,3,0,0
54582.0,3.2104858986836984,1,22.0,7,0.1,6,0,1
5250.0,1.0863757623725805,0,14.0,1,182.4,2,0,0
31661.0,5.500007762658998,1,23.0,6,30.5,8,0,1
10579.0,1.3102654812522008,0,9.0,0,1110.9,2,0,0
14007.0,0.7760047867723221,0,10.0,2,878.3,2,0,0
6008.0,0.8579214414037275,0,13.0,0,606.9,3,0,0
18109.0,0.8890704486177694,0,19.0,3,452.0,1,0,0
15108.0,0.7694033018538332,0,12.0,3,396.4,0,0,0
5472.0,0.887977643797824,1,7.0,1,208.7,0,0,0
28180.0,1.1882575399811655,0,9.0,1,517.4,2,0,0
14453.0,1.577163629181697,0,14.0,1,218.0,5,0,0
41839.0,4.00884336012009,1,21.0,10,4.8,10,1,1
14766.0,1.1100266230283298,0,20.0,2,868.3,3,0,0
15344.0,0.8237635132657504,0,13.0,3,43.1,1,0,0
49610.0,1.113613747124767,0,16.0,2,490.2,2,1,0
14121.0,0.7732235155743096,0,17.0,1,28.2,1,0,0
1132.0,0.7024447264614395,0,13.0,2,9.3,1,0,0
5664.0,1.5951773818384405,0,7.0,1,203.9,1,0,0
4882.0,0.7168365585586638,0,10.0,1,454.0,2,0,0
13249.0,1.3493546928447357,0,17.0,0,20.0,2,1,0
18708.0,0.6097468193546725,0,11.0,0,431.9,3,0,0
9836.0,0.7479101571643649,0,15.0,1,474.6,0,0,0
72393.0,2.648598932978955,0,5.0,8,5.4,9,1,1
10016.0,0.6530281737210946,0,17.0,1,1128.7,3,0,0
33568.0,1.0605692472163029,0,17.0,3,103.7,1,0,0
12253.0,1.1516647794898216,0,9.0,3,281.5,1,0,0
3645.0,1.3008925115050398,0,16.0,1,25.0,0,0,0
6989.0,1.093920230630708,0,7.0,2,385.9,2,0,0
6672.0,1.5402145044997824,0,10.0,2,401.1,1,0,0
10082.0,0.6916979782866399,0,8.0,3,14.4,3,0,0
9998.0,1.096495423521862,0,6.0,3,168.8,1,0,0
13571.0,0.7566957012833944,0,10.0,1,1039.2,2,0,0
25133.0,1.154321830624017,0,17.0,4,219.4,2,0,0
1179.0,0.6932961679791902,0,13.0,1,908.1,1,0,0
41042.0,1.1815907127383758,0,18.0,1,1266.4,1,0,0
23352.0,1.1997816973995206,0,18.0,3,357.4,1,0,0
24707.0,1.0470326667970764,1,11.0,0,69.6,0,0,0
15473.0,1.1725638903194184,0,11.0,1,43.4,1,0,0
12663.0,0.8580563850897633,0,21.0,1,256.6,3,0,0
18943.0,1.0339389678359958,0,14.0,2,283.1,4,0,0
3800.0,1.53371602075626,1,13.0,3,613.2,1,0,0
12195.0,1.1768010485674212,0,19.0,1,363.6,5,0,0
15225.0,0.9586563648391712,0,11.0,0,154.2,2,0,0
4554.0,0.8346897203604441,0,14.0,1,30.1,5,0,0
145227.0,2.6138068242084342,1,2.0,6,5.0,6,1,1
40412.0,5.630777213020968,0,23.0,4,5.1,4,0,0
22426.0,0.7613743596846405,0,18.0,1,23.5,0,0,0
19248.0,1.3808162823758399,0,20.0,1,37.2,2,0,0
7553.0,1.2870381627323038,0,20.0,2,642.3,3,0,0
19670.0,1.1332168019935083,0,20.0,0,155.8,2,0,0
5423.0,0.3534859223914807,1,7.0,0,5.8,1,0,0
1801.0,1.161658364049607,0,10.0,0,5.0,1,0,0
2297.0,4.458030035367964,1,22.0,12,28.2,8,1,1
1791.0,1.2784082777908456,0,16.0,1,230.4,3,0,0
12741.0,7.443362619922345,0,2.0,4,19.8,6,1,1
9798.0,0.9401775070308989,0,15.0,3,718.6,2,0,1
1806.0,1.277510623129173,0,15.0,0,214.5,2,1,0
12509.0,1.1327606998768707,0,11.0,0,104.0,3,0,0
16420.0,0.7763253895565116,0,12.0,2,19.4,4,0,0
14042.0,0.7935556425058063,0,12.0,0,1578.9,3,0,0
30423.0,3.528838417417119,1,3.0,5,4.1,6,1,1
9717.0,1.0708556286373148,1,12.0,3,123.1,1,0,0
18197.0,1.4118798051243702,0,19.0,1,92.3,2,0,0
7687.0,0.9323705171534057,1,14.0,2,11.3,2,0,0
14170.0,1.118933874921732,0,15.0,2,25.8,1,0,0
31102.0,0.9384733284610502,0,13.0,1,9.2,0,0,0
6838.0,0.8102996201194124,0,12.0,2,311.0,3,0,0
33598.0,0.6943439731039356,1,21.0,7,21.2,6,1,1
4641.0,1.0341779093236334,0,17.0,2,651.8,3,0,0
111469.0,3.723276524752836,1,2.0,13,5.9,6,1,1
22994.0,0.7778838340665414,0,15.0,2,67.1,2,0,0
49882.0,5.2195620594463525,1,2.0,4,15.4,8,1,1
13128.0,1.1526727795560985,0,23.0,0,29.0,2,0,0
53806.0,6.7547627437594535,0,23.0,7,31.0,6,0,1
20411.0,1.2965324603635504,0,16.0,1,37.9,3,0,0
9982.0,0.9418341267363342,0,11.0,2,713.1,5,0,0
36451.0,1.4454814660912554,0,12.0,0,829.7,1,0,0
2142.0,0.7459204274678117,1,11.0,0,226.7,2,0,0
6794.0,1.5158853726183477,0,12.0,0,780.2,2,0,0
12419.0,1.185562300998751,0,16.0,2,478.4,2,0,0
15886.0,0.8878411117859091,0,14.0,2,0.1,2,0,0
10125.0,1.1126937764304148,0,23.0,2,572.7,3,0,0
6502.0,1.0676939025663335,1,13.0,1,20.3,2,1,0
4573.0,1.1454451108524055,1,8.0,2,562.9,4,0,0
8286.0,0.7246424876195605,0,9.0,0,192.6,2,0,0
8641.0,1.174488039787038,0,16.0,1,457.9,3,0,0
52542.0,2.696825351812408,1,23.0,12,4.5,12,1,1
25056.0,0.8885194593908324,0,20.0,1,262.5,3,0,1
6971.0,1.095503135176147,0,11.0,0,378.9,2,0,0
65329.0,1.5398466311943757,0,1.0,4,19.7,5,1,1
5646.0,1.0938730121079732,1,16.0,0,199.8,2,0,0
20212.0,1.36664912829574,0,11.0,4,140.1,0,0,0
25847.0,1.148058133044281,1,13.0,5,283.5,3,0,0
12279.0,1.080387340256504,1,19.0,3,915.1,4,0,0
20220.0,0.6751583301898807,1,15.0,1,72.2,4,0,0
11556.0,1.0213456399259537,0,12.0,1,279.8,2,0,0
11466.0,1.204400851505437,0,17.0,0,95.4,3,0,0
9529.0,1.1261959406213726,0,11.0,2,715.0,2,0,0
22218.0,1.0424609530819995,0,15.0,3,201.6,2,0,0
10172.0,1.2275986799545227,0,14.0,2,56.2,2,0,0
10038.0,1.1382874053319998,0,16.0,2,247.6,1,0,0
14586.0,1.5431070911311386,0,11.0,3,724.9,2,0,0
20086.0,1.018487825919721,0,15.0,0,279.5,1,0,0
14233.0,0.9555762450133325,0,7.0,1,188.3,2,0,0
5976.0,1.1631325431747563,1,19.0,1,507.6,3,0,0
26937.0,4.361124429250047,0,3.0,9,20.3,6,1,1
92762.0,6.613054197298348,1,21.0,3,49.4,8,1,1
947.0,0.9416099319974257,0,11.0,0,208.4,0,0,0
8968.0,1.0573712288835533,0,17.0,3,565.3,1,0,0
31037.0,0.975195309046614,0,15.0,3,643.5,2,0,0
8428.0,1.2097524538251816,1,9.0,1,1215.0,1,0,0
24361.0,1.1524948615932629,0,12.0,1,124.6,1,0,0
62772.0,0.9119709141529245,0,10.0,4,110.8,2,0,0
29467.0,1.1112355355164245,1,10.0,2,287.6,2,0,0
9058.0,1.180019141519883,0,5.0,1,392.2,3,0,0
53475.0,1.0396431024530162,0,12.0,2,412.6,1,0,0
91465.0,4.538160000483443,0,3.0,6,81.0,8,0,1
8414.0,1.1166380288718374,0,11.0,1,1021.1,1,0,0
4431.0,1.228783975896329,0,17.0,4,334.4,4,0,0
5025.0,0.652778507284366,1,17.0,3,1155.1,0,0,0
1927.0,0.9099151591303636,0,16.0,3,91.0,3,0,0
142697.0,2.0984022689124875,1,5.0,7,20.0,9,1,1
24157.0,0.978441361332848,1,17.0,1,151.4,1,0,0
24374.0,1.1904910339209256,0,11.0,0,310.2,2,0,0
7593.0,1.1908574018941502,0,11.0,1,326.6,4,0,0
24008.0,0.8017250531838316,0,15.0,1,518.4,4,0,1
1238.0,1.5222628958197064,0,14.0,3,607.8,1,0,0
8373.0,1.4982080110616283,0,23.0,3,506.4,3,0,0
11553.0,0.7128419972424678,0,18.0,2,217.4,2,0,1
11759.0,0.3445747085190499,0,20.0,2,217.0,1,0,0
4890.0,0.9122185655437333,0,16.0,1,868.2,3,1,0
5261.0,0.9959325841825506,0,11.0,1,897.5,2,0,0
14791.0,1.2776689579555767,0,16.0,1,106.9,2,0,1
12350.0,1.2107324811930193,0,8.0,3,25.4,1,0,0
23854.0,0.9977339981430667,0,14.0,2,167.0,2,0,0
7377.0,0.997621203629132,0,18.0,1,203.3,0,0,0
8238.0,1.0252583306310636,0,7.0,4,511.5,2,0,0
2885.0,1.2381251348980165,0,11.0,1,145.2,3,0,0
15613.0,1.158749959063989,0,7.0,2,62.1,2,0,0
13338.0,0.8250136662290122,0,19.0,1,110.0,0,0,0
14319.0,0.4877019958456741,0,17.0,1,343.1,1,0,0
75552.0,0.7704076907749801,0,18.0,1,49.3,2,0,0
28614.0,1.0861193691812634,0,11.0,0,796.5,2,0,0
14367.0,0.9460097246164103,0,9.0,0,310.5,4,0,0
17372.0,1.3483141010329993,1,9.0,1,488.0,2,0,0
6764.0,1.0444191519405501,0,12.0,1,193.5,1,0,0
12667.0,0.7655846226631862,0,14.0,1,335.7,1,0,0
18669.0,0.9044553209038665,0,13.0,1,621.8,0,0,0
6871.0,1.1829922007714346,0,15.0,1,1475.4,6,0,0
7067.0,1.526829474945504,0,9.0,2,1787.5,3,0,0
6908.0,0.9895316699737071,0,12.0,4,1143.9,1,0,0
16721.0,0.9493904563857466,0,15.0,0,236.1,2,0,0
31581.0,6.967117114547527,1,4.0,2,15.9,7,0,0
7105.0,1.1051367677995088,0,17.0,2,361.4,3,0,0
25340.0,0.7960784274591575,0,20.0,1,6.0,1,0,0
26458.0,1.353700146546097,0,11.0,0,261.5,2,0,0
15843.0,0.8864684590405416,0,13.0,2,579.5,2,0,0
2386.0,1.309922061127104,0,12.0,0,1625.7,5,1,0
46360.0,1.1071739559077498,0,14.0,0,511.3,1,0,0
13036.0,1.1466460289939613,0,15.0,2,1278.3,0,0,0
75151.0,1.0620076351525771,1,4.0,7,10.5,3,0,1
21944.0,1.1281396733686673,1,13.0,2,610.1,2,0,0
8342.0,0.8411799375337152,0,17.0,2,101.7,3,1,0
10371.0,2.4806831166450714,1,5.0,5,6.3,11,0,1
9800.0,0.9521273672864478,0,13.0,1,88.0,3,0,1
55978.0,4.681789197379844,1,3.0,5,32.4,7,1,1
11051.0,1.3066667441591853,0,14.0,1,152.2,1,0,0
11706.0,1.6912054654635487,0,10.0,0,181.7,2,0,0
14057.0,0.4769935318762488,0,15.0,2,113.2,2,1,0
13809.0,1.0638801648523761,0,5.0,0,1285.7,1,0,0
26767.0,1.29624599762273,0,19.0,0,409.4,4,0,0
26240.0,0.5658121681224947,0,11.0,1,581.8,2,0,0
3921.0,1.0544377306892474,0,12.0,2,158.2,5,0,0
12905.0,1.1452195785661365,0,16.0,2,510.9,3,0,0
20427.0,0.8096358640781565,1,13.0,3,1879.9,1,0,0
30832.0,0.8849239038593675,0,10.0,1,226.6,3,0,0
16356.0,1.1429725615443949,0,12.0,3,29.1,3,1,0
33672.0,0.8104116224992725,0,7.0,2,219.7,2,1,0
28448.0,0.960680839217346,0,6.0,3,941.2,1,0,0
25292.0,1.1526986939717072,0,17.0,1,353.2,3,0,0
7422.0,1.0594305187059567,0,12.0,4,401.5,0,0,0
17903.0,1.1299311240084775,1,9.0,3,46.8,2,0,0
23081.0,1.0748980336126592,0,13.0,3,1476.6,1,0,0
23357.0,1.187584650841344,0,15.0,2,0.3,2,0,0
20080.0,0.574729976118872,1,15.0,2,697.0,2,0,0
8708.0,1.1733514715566593,1,11.0,1,163.8,0,0,0
35124.0,0.8779176439821639,1,7.0,2,63.5,2,0,0
9290.0,0.7741963371230094,0,12.0,2,479.6,2,0,0
9220.0,1.0443394759151121,1,13.0,5,712.4,1,0,0
7310.0,0.7526176537325944,0,11.0,2,486.4,2,0,0
38023.0,0.9210145827095494,0,14.0,3,368.8,1,0,0
3264.0,1.0244366082323548,0,15.0,3,451.1,2,0,0
17725.0,0.5395239536862428,1,4.0,5,18.6,4,1,1
3952.0,0.7347182579680489,0,15.0,3,202.1,0,0,0
34875.0,0.6638774096183686,1,14.0,1,299.3,1,0,0
15442.0,0.7522702230588691,0,22.0,1,756.6,0,1,0
42100.0,0.9403053044378351,0,13.0,3,851.7,1,0,0
18270.0,1.341070738425564,0,9.0,4,432.2,6,0,0
12900.0,0.9570752421653207,0,11.0,3,37.1,4,0,0
18619.0,0.925011716754254,0,18.0,1,336.9,3,0,0
12168.0,1.0181487617755018,0,9.0,0,17.3,0,0,0
8943.0,1.1351280984685714,1,13.0,1,112.8,2,0,0
97191.0,2.3478386116820014,0,1.0,6,16.2,9,0,1
16584.0,0.8500227203843991,0,14.0,1,693.8,2,0,0
14593.0,0.8010605462633751,0,12.0,3,26.9,1,0,0
33382.0,1.121732610273335,0,18.0,2,399.3,0,0,0
14544.0,0.8616463680890908,0,17.0,1,350.9,2,1,0
13120.0,0.7220170146281176,0,10.0,2,65.9,0,0,0
10968.0,1.4003042259253031,0,14.0,1,24.9,3,0,0
12834.0,1.0718033327823866,0,8.0,0,47.9,2,0,0
28123.0,0.713731510410244,0,12.0,2,139.3,2,0,0
15553.0,0.9144991370679293,0,18.0,0,78.1,2,0,1
19042.0,0.9314888202543524,0,9.0,2,86.7,3,0,0
5542.0,0.9886332777026245,0,14.0,0,246.3,4,0,1
9853.0,0.9605252455758563,0,17.0,0,482.6,3,0,0
6394.0,1.034312244170638,0,14.0,3,828.8,3,1,0
60925.0,0.7510999869412915,0,9.0,0,760.7,5,0,0
33327.0,0.8619131012929121,0,11.0,0,1009.4,2,0,0
11022.0,0.8677823906074624,0,14.0,1,338.3,4,0,0
15337.0,0.8271227622770605,0,17.0,2,856.8,4,0,0
8816.0,0.9073707726577038,0,10.0,2,109.6,3,0,0
16532.0,4.708229669142205,1,22.0,7,6.6,6,0,1
30549.0,1.1097452988667564,1,13.0,2,50.8,0,0,0
12427.0,0.881447830654346,0,14.0,2,447.6,3,0,0
22887.0,0.8360454670334247,0,14.0,0,966.5,0,0,0
12106.0,0.7888184544191458,1,12.0,1,51.1,1,0,0
3994.0,0.9854101598808676,0,21.0,1,486.8,2,0,0
11327.0,0.9011227274868427,0,9.0,0,469.4,2,0,0
9095.0,3.662210550466388,1,22.0,5,24.0,8,0,1
3201.0,1.2520958089004424,0,15.0,2,2291.4,2,0,0
10143.0,1.2565985735254963,0,13.0,2,309.3,2,0,0
26167.0,1.3211203108549248,0,15.0,5,272.4,0,0,0
18721.0,1.15359890562652,0,15.0,3,565.7,2,0,1
50998.0,4.7156742437645205,1,22.0,4,10.9,12,1,1
7468.0,4.151049761682464,1,21.0,9,25.6,8,0,0
9589.0,0.9387188909627593,0,19.0,0,29.8,1,0,0
5091.0,1.0233625473859382,0,17.0,3,588.0,3,0,0
5935.0,0.9604812863717749,1,19.0,0,435.9,0,0,0
12046.0,1.54881122723986,0,17.0,2,349.7,2,0,0
13854.0,1.0626525690394328,0,15.0,1,171.0,0,0,0
2790.0,1.1433006952046683,0,18.0,4,301.5,1,0,0
51047.0,1.352779923790908,0,14.0,1,203.6,0,0,0
8665.0,0.9823941076342273,1,12.0,1,15.9,0,0,0
3607.0,1.4054517320772042,1,10.0,1,55.5,1,0,0
16470.0,1.3327609916970835,0,10.0,0,169.4,1,0,0
20481.0,1.113074271528025,0,17.0,0,29.8,2,0,1
29172.0,0.78351596043145,0,10.0,2,800.5,0,0,0
21626.0,0.31662009923797096,0,9.0,4,853.2,0,1,0
32696.0,1.4007399485476344,1,23.0,8,0.5,7,0,1
3064.0,1.232129962700651,1,12.0,3,83.7,3,0,0
12051.0,0.6666128466090844,0,9.0,2,929.8,4,0,0
20650.0,1.543711489357019,0,14.0,3,624.5,2,0,0
17796.0,0.9783304019159751,0,17.0,1,745.0,2,0,0
10563.0,0.9713422146376917,1,16.0,0,199.6,3,0,0
16011.0,1.1766946668777145,1,15.0,1,397.9,1,0,0
9944.0,0.8388368194119784,0,13.0,0,481.9,4,0,0
9001.0,0.6782089065688335,0,14.0,0,25.6,4,0,0
7358.0,1.221309504273105,0,11.0,2,268.2,4,0,0
26286.0,4.592570856870867,0,1.0,11,5.2,6,1,1
27499.0,0.8438197498466261,0,23.0,3,56.5,0,0,0
40987.0,5.042509161141634,1,0.0,6,17.2,7,0,1
8990.0,0.8661652712829272,0,17.0,0,285.5,2,0,0
21915.0,1.1929301194953983,0,9.0,3,395.5,1,0,0
3038.0,1.2172983341409698,1,17.0,1,547.9,3,0,0
17002.0,0.9270832847582435,0,15.0,1,685.0,1,0,0
11614.0,0.8620186558861871,0,15.0,2,36.5,0,0,0
2710.0,0.759203028115,0,10.0,4,1243.3,1,0,0
12321.0,1.169492003093102,0,12.0,2,645.8,0,0,0
3116.0,1.1619887873326589,0,22.0,3,744.9,0,0,0
18684.0,1.2921244938581764,0,16.0,1,2638.0,1,0,0
4311.0,0.9729278877178924,0,18.0,1,189.5,0,0,0
40326.0,0.7924016076481704,0,19.0,0,655.2,1,0,0
2450.0,1.315179320744778,1,11.0,1,1092.8,1,0,0
18230.0,1.262230320135659,1,12.0,1,855.6,3,0,0
28790.0,1.176882326999182,0,5.0,1,993.5,3,0,0
14279.0,0.7174745000663821,0,14.0,3,520.8,3,0,0
10148.0,1.0960334814611161,0,7.0,1,343.8,0,0,0
9160.0,1.2022212440093918,1,6.0,2,305.4,2,0,0
6036.0,1.2809921385919236,0,15.0,1,63.5,2,0,0
44992.0,5.716908866590214,1,5.0,2,38.3,5,1,1
5868.0,5.291429361729863,1,21.0,3,23.3,3,0,1
4464.0,1.353055757201623,0,14.0,0,624.3,0,0,0
14812.0,0.7763182860929679,0,7.0,2,717.9,1,0,0
13956.0,5.074049629960068,1,21.0,8,2.3,7,0,1
19564.0,0.9202682746676163,0,16.0,2,44.2,2,0,0
5517.0,0.8077656985301691,0,21.0,1,777.5,4,0,0
17877.0,1.435239611595243,0,20.0,0,261.5,3,0,0
40032.0,1.1410617249212947,0,14.0,0,100.5,2,1,0
13716.0,0.9781754227325608,0,16.0,3,444.0,2,0,0
32719.0,1.25827360475489,0,16.0,4,10.2,3,0,0
18186.0,0.9401802602414142,0,11.0,4,303.0,3,0,0
17560.0,0.8693077004805452,0,14.0,5,12.3,5,0,0
16523.0,0.6587427784025239,0,10.0,2,975.2,4,0,0
4648.0,0.9556748785411292,1,16.0,4,88.6,2,0,0
24423.0,1.0970024724576934,0,15.0,1,609.0,1,0,0
78510.0,6.453739847954882,1,1.0,7,28.5,11,0,1
38123.0,0.6788781035032635,0,19.0,1,349.1,2,0,0
10829.0,1.0746390109114188,0,12.0,1,1420.0,2,0,0
30567.0,0.620254949439256,0,14.0,3,619.8,1,0,0
10926.0,0.8966924209014387,0,18.0,1,951.6,4,0,0
3804.0,1.3564218087298285,0,9.0,1,328.0,1,0,0
17563.0,1.2068765832412665,0,14.0,2,322.2,0,0,0
13295.0,0.6692860965269019,0,14.0,0,71.9,3,0,0
2269.0,0.7468750198626286,1,15.0,0,1186.4,4,0,0
7986.0,0.6695296168550615,0,14.0,0,254.1,2,0,0
114838.0,2.800586234169184,1,2.0,5,27.3,6,0,1
8048.0,0.956731285417056,0,13.0,3,914.0,1,0,0
14613.0,1.1504974514162405,1,15.0,2,150.4,1,0,0
5134.0,1.2094469388302147,0,13.0,2,142.8,1,0,0
27651.0,1.0267764662180483,0,19.0,2,281.1,3,0,0
14964.0,1.0168056469961249,0,14.0,0,351.5,2,0,0
23232.0,0.8555642144517281,0,22.0,0,422.2,2,0,0
25818.0,1.2641040305007138,0,11.0,2,332.3,2,0,0
16025.0,1.3236960273643124,0,14.0,0,299.9,0,0,0
5789.0,0.7184172849518555,0,11.0,3,52.9,4,0,0
13302.0,1.441982985745396,0,17.0,1,230.0,4,1,0
18239.0,7.412686962596537,1,21.0,3,29.1,5,1,0
41333.0,1.310835375743402,0,14.0,4,153.1,2,0,0
18734.0,1.5517705163659183,0,6.0,0,356.6,4,1,0
8726.0,1.4114450156884846,0,13.0,2,116.9,2,0,0
10240.0,0.8023433374924271,1,17.0,0,357.3,4,0,0
5255.0,1.210419534025683,0,19.0,0,99.0,2,0,0
9422.0,1.200795705045259,0,9.0,0,72.2,4,0,0
6093.0,0.9195596600275002,0,19.0,1,1180.9,3,0,0
22110.0,1.0145651820666335,0,17.0,1,86.4,3,0,0
40113.0,1.3852099220509544,0,14.0,1,446.9,4,0,0
6872.0,1.664380005127593,0,15.0,2,122.9,1,1,0
6040.0,1.2959392303318062,0,12.0,2,485.4,3,0,0
21061.0,1.1515194896769183,0,16.0,3,1176.2,1,0,0
32514.0,0.3878929209275829,1,19.0,2,279.2,3,0,0
24183.0,1.0485732758548807,0,18.0,0,2837.8,1,0,0
2794.0,1.489570369796394,0,13.0,2,252.4,3,1,0
57232.0,6.033406083778174,1,2.0,2,40.1,5,1,1
30602.0,0.531796490969682,0,17.0,0,314.2,2,0,0
10091.0,1.0550416489280408,0,12.0,4,1115.3,1,0,0
10370.0,0.9875189365376974,0,18.0,2,377.9,3,0,0
3423.0,1.0624723485698147,0,18.0,1,9.7,5,0,0
12754.0,0.560257010938912,0,14.0,2,453.4,3,0,0
11936.0,0.7679043573671656,0,19.0,1,134.4,1,0,0
59236.0,0.7327001641157853,0,23.0,1,859.3,5,0,0
30008.0,1.2288369494378997,0,13.0,0,670.2,3,0,0
14722.0,1.0593816867078376,0,15.0,0,253.2,2,0,0
12141.0,0.6979560785797078,0,14.0,2,1308.3,0,0,0
9041.0,1.3140393734329443,0,14.0,2,275.7,3,0,0
4330.0,0.8806793085324744,0,6.0,0,46.8,1,1,0
20593.0,5.375376961440154,1,23.0,5,19.2,7,0,1
4960.0,0.9369965641756621,0,16.0,3,185.0,0,0,0
20637.0,0.9308077247225931,0,11.0,0,2129.7,3,0,0
7103.0,1.4101191386022127,1,13.0,2,339.2,2,0,0
22623.0,0.9081467777244572,0,16.0,3,716.6,1,0,0
22925.0,1.012961222165009,0,16.0,1,19.5,3,0,0
25348.0,1.1506688242782075,0,14.0,1,63.4,3,0,1
8159.0,1.2554921721955243,0,14.0,0,241.9,1,0,0
5160.0,1.1487825407247028,1,19.0,1,32.3,1,0,0
4107.0,0.8574515652203656,0,17.0,1,102.6,2,0,0
15780.0,1.2048915140779526,1,17.0,2,237.3,2,0,0
19885.0,6.832747722011096,1,2.0,5,32.7,5,0,1
16480.0,0.8896319041868043,0,10.0,1,28.8,4,0,0
16396.0,1.2173524644415137,0,10.0,5,194.8,3,0,0
7492.0,1.3974324611783495,0,15.0,3,330.2,1,0,0
7523.0,0.6244870191827646,0,14.0,1,468.5,1,0,0
14130.0,0.7902848039509914,0,11.0,3,131.0,1,0,0
3308.0,1.1156135440119623,0,9.0,0,550.3,3,0,0
8005.0,0.8657953687297908,1,13.0,2,869.7,0,0,0
2664.0,1.2161297999184826,0,11.0,2,762.0,1,0,0
3605.0,1.1645689846511247,0,18.0,0,859.3,4,0,0
12295.0,0.823891130149584,0,8.0,1,209.3,3,0,0
16550.0,3.209314621580004,1,21.0,6,33.9,11,0,1
13005.0,1.0257911212435529,0,12.0,2,387.5,5,0,0
19620.0,2.566519654407883,1,4.0,7,1.0,6,1,1
6533.0,1.3487688406970915,0,12.0,2,284.2,3,0,0
10767.0,0.3809471000696546,0,15.0,3,53.8,0,0,0
5044.0,1.1970696702053216,0,18.0,3,1073.2,1,0,0
8898.0,0.9811485429990207,0,16.0,0,27.2,5,0,0
9920.0,1.0520188691185735,1,4.0,0,552.1,1,0,0
46129.0,0.8428600915102695,0,12.0,1,51.3,3,0,0
31430.0,1.2590854718419917,0,19.0,0,98.3,3,0,0
10981.0,0.9022161873075853,0,12.0,3,316.7,1,0,0
22548.0,0.3686481798694041,0,16.0,2,156.7,1,0,0
25791.0,0.9229029076113571,0,13.0,0,1826.2,1,0,0
10280.0,1.4360940983564243,0,14.0,2,184.4,4,0,0
3401.0,1.4610760433011991,0,14.0,1,448.2,3,0,0
1983.0,0.6450572383064381,0,12.0,4,41.8,2,0,0
27203.0,1.0889464278111103,0,13.0,2,121.2,1,0,0
33315.0,0.6035773027038596,0,14.0,1,855.6,1,0,0
2478.0,0.8916002995660793,0,11.0,1,1427.9,1,0,0
30557.0,4.522806643089065,0,0.0,8,16.9,6,1,1
1749.0,1.2652860311811926,0,14.0,2,105.2,1,0,0
12198.0,1.1266167886462242,0,14.0,1,134.8,5,0,0
8158.0,4.268141269736392,1,3.0,10,95.5,6,0,1
10252.0,0.9657142910260641,0,11.0,1,1105.8,3,0,0
38101.0,1.1570144606855566,0,13.0,0,65.2,0,0,0
22097.0,0.639445809472845,0,14.0,0,629.5,3,0,0
35170.0,1.013848586914425,0,19.0,4,212.5,1,0,0
13795.0,0.5500086334213872,0,9.0,0,218.3,1,0,0
10602.0,1.1976401401623347,0,14.0,2,287.6,3,0,0
16486.0,0.8788056507700029,0,14.0,2,371.8,4,0,0
2084.0,1.1573504030155162,0,14.0,0,36.0,5,1,0
79842.0,3.848497487867028,1,22.0,8,13.6,11,1,1
8918.0,7.147135941302694,0,21.0,7,22.9,4,1,1
12576.0,3.4131015908225324,1,3.0,5,3.4,5,1,1
15122.0,0.8553907905065249,1,17.0,3,559.5,3,0,0
2545.0,0.74799487071711,0,15.0,3,224.5,1,0,0
24549.0,0.6359467528326693,0,7.0,1,254.2,3,0,0
22690.0,1.7422680476186005,0,17.0,0,264.0,1,0,0
25885.0,0.9336990981174856,0,19.0,2,218.7,2,0,0
21806.0,0.9431272050616234,0,16.0,2,5.0,0,0,0
17681.0,0.5955766287529183,0,12.0,1,981.7,0,0,0
20419.0,0.8532324491740141,0,16.0,1,328.1,3,0,0
31474.0,0.8780973235457752,0,16.0,1,365.7,5,0,0
77153.0,4.044055291152165,1,23.0,4,14.0,10,1,1
34520.0,0.6840089893588093,0,10.0,1,185.6,2,0,0
17139.0,1.3821895423440704,0,11.0,1,117.7,0,0,0
5504.0,0.61561603737296,1,11.0,2,229.6,3,0,0
70155.0,0.1,1,3.0,3,2.4,7,0,1
5250.0,1.3791866916639877,0,13.0,0,2.9,2,0,0
10048.0,1.1435873981311921,0,14.0,3,44.5,1,0,1
6245.0,0.8014635843531326,0,15.0,0,144.8,0,0,0
19071.0,1.165169552884558,1,11.0,2,497.1,3,0,0
34057.0,0.7740664621211201,0,9.0,2,520.5,2,0,0
12416.0,0.8200832307448147,0,21.0,1,243.4,3,1,0
10372.0,0.8578094646496712,0,11.0,0,301.1,1,0,0
4287.0,1.1351290087614143,0,18.0,0,332.7,5,0,0
8157.0,1.2925060755167355,1,13.0,1,111.0,2,0,0
32421.0,0.9454586361673443,0,12.0,0,119.4,1,0,1
17936.0,1.2108427586585462,0,16.0,1,3.7,1,0,0
16794.0,1.1428018175376122,0,14.0,0,240.1,2,0,0
17745.0,1.1578300721934842,0,16.0,2,381.3,2,0,0
25730.0,7.571974216513871,0,21.0,5,5.5,12,1,1
20712.0,1.208386529516292,0,16.0,3,142.0,2,0,0
6043.0,1.0432026726576438,0,12.0,2,450.8,0,0,0
1488.0,1.2480260807287762,0,13.0,0,87.3,2,0,0
14517.0,0.5101520489360123,0,9.0,0,375.7,1,0,0
16791.0,0.5661156216603018,0,9.0,2,239.2,0,0,0
6561.0,1.0615499256696987,0,17.0,1,59.0,0,0,0
1481.0,1.3130187553146473,0,17.0,1,159.2,2,0,0
27256.0,0.929509599238814,0,8.0,3,1592.2,1,1,0
27188.0,0.9709832301885788,1,14.0,0,142.8,1,0,0
25310.0,0.9910076115868708,0,15.0,3,268.8,2,0,0
40884.0,1.488724897911907,0,17.0,1,32.6,1,0,0
19952.0,0.9843656394553196,0,10.0,0,722.6,3,0,0
24999.0,0.9265969033006124,0,14.0,1,50.9,1,0,1
12422.0,1.4412071961509005,0,12.0,1,753.7,1,0,0
45338.0,1.1297961452965306,0,20.0,1,173.0,4,0,1
8219.0,1.0357815209477295,0,18.0,0,1793.0,2,0,0
46987.0,4.626227516561063,1,1.0,7,80.0,6,1,1
4965.0,1.080655607378981,0,15.0,3,161.4,3,0,0
16164.0,1.2429634926458617,0,11.0,0,40.7,1,0,0
22841.0,1.0931485878739677,0,12.0,3,401.6,1,0,0
25658.0,0.8178943006057525,0,9.0,1,81.5,0,0,1
30110.0,1.3115911773690498,0,12.0,1,1525.8,2,0,0
15181.0,1.4020514818614203,0,18.0,3,330.0,2,0,0
128395.0,2.626857418413958,1,3.0,5,26.4,9,0,1
47705.0,2.2026443135195444,1,4.0,14,8.5,5,0,1
11210.0,0.5847399354905947,0,8.0,1,395.2,2,0,0
12972.0,1.1118639750723647,1,11.0,1,369.2,1,0,0
30592.0,1.0523191751947818,0,16.0,4,807.0,3,0,0
12698.0,1.5089643203110739,0,18.0,2,126.6,3,0,0
45765.0,0.9284806641508893,0,13.0,0,970.4,0,0,0
14831.0,1.241288000835139,0,8.0,1,176.1,5,0,0
37662.0,1.3484277872043295,0,18.0,2,656.5,2,0,0
18542.0,1.212043437636075,0,23.0,4,207.4,1,0,0
3672.0,0.4475944215405919,0,18.0,3,57.6,5,0,0
14403.0,0.8057083527069242,0,11.0,3,935.8,4,0,0
5960.0,0.7903670737161939,0,14.0,1,101.4,3,0,0
1792.0,0.8347306170451428,0,13.0,3,297.7,0,0,0
4857.0,1.3168031516443415,0,15.0,2,425.9,5,0,0
30990.0,1.2631692902217624,0,16.0,2,243.8,4,0,0
4573.0,0.8321340598668974,0,11.0,3,1534.9,0,0,0
19912.0,0.800333273973241,0,20.0,3,135.2,2,0,0
81344.0,2.2497588581438666,1,4.0,6,6.3,7,1,1
5124.0,0.6066463366473615,0,22.0,1,78.0,0,0,0
29347.0,1.0672741394368075,0,12.0,1,164.4,2,0,0
20302.0,1.1767960058185065,0,8.0,1,734.5,0,0,0
24763.0,1.0868291320318795,1,11.0,3,81.4,0,0,0
4856.0,0.5723618759537416,0,14.0,1,1076.1,1,0,0
31597.0,1.0611376157470411,0,5.0,2,423.9,5,1,0
21746.0,1.13465536544359,1,14.0,2,269.3,4,0,1
10426.0,1.4742752372239065,0,14.0,0,500.9,3,0,0
16453.0,0.8616000041876589,0,11.0,3,230.2,0,0,0
1543.0,0.505735395186844,1,18.0,2,252.4,3,0,0
6448.0,0.7270388457679606,0,12.0,0,1941.4,1,0,0
50817.0,4.8534214874638835,1,2.0,10,2.4,8,1,1
9711.0,1.162530690940571,0,23.0,1,419.3,2,0,0
7679.0,1.037788732456141,0,16.0,0,256.0,1,0,0
20996.0,1.0290070993217177,0,14.0,2,1730.3,2,0,0
2992.0,3.822111017541471,1,2.0,6,3.9,9,0,1
49639.0,1.9763339845545258,1,21.0,10,50.4,7,1,1
34182.0,5.416606541997446,1,23.0,5,11.4,3,1,1
6903.0,1.1947508122205934,0,16.0,2,419.3,1,1,0
12381.0,1.3205419704865897,0,12.0,1,265.6,4,0,0
3484.0,0.7014452972724817,1,16.0,2,704.6,0,0,0
851.0,1.4135250258959031,0,18.0,2,853.4,2,0,0
18269.0,0.9979095360404108,0,13.0,1,259.0,2,0,0
2022.0,1.3978168014160326,0,17.0,1,2.8,3,1,1
9947.0,0.9886748017029894,0,14.0,2,1111.1,1,0,0
68199.0,0.9276703239422299,0,21.0,1,395.7,0,0,0
6041.0,0.9014704225502066,1,13.0,5,1712.0,5,1,0
29940.0,0.7045296977073296,1,10.0,2,274.3,1,0,0
37470.0,1.324174608027799,0,11.0,1,7.3,1,0,0
31993.0,0.9410112875399324,0,9.0,1,284.1,1,0,0
17534.0,0.7480211688113104,0,19.0,2,317.3,1,0,0
34077.0,1.5249573774406082,0,15.0,3,11.6,1,0,0
25587.0,0.7798969651184285,0,16.0,1,481.1,3,0,0
26366.0,1.4047968630805963,0,11.0,2,218.4,1,0,0
10249.0,1.6032696841924672,0,11.0,2,427.6,3,0,0
17278.0,1.2657501300613854,0,9.0,1,269.4,3,0,0
113347.0,4.733690304461078,1,2.0,7,7.7,7,0,1
3680.0,0.78212158259128,0,15.0,2,464.6,3,1,0
25131.0,1.1311595300412465,0,8.0,0,101.8,0,0,0
9175.0,0.85648932914767,0,12.0,2,113.9,2,0,0
10443.0,0.8917782602573686,0,14.0,2,1039.4,3,0,0
35926.0,0.8764456757745172,0,19.0,1,28.6,2,0,0
9197.0,0.7314532632593481,0,19.0,2,1766.6,5,0,0
14392.0,1.0502000133825726,0,18.0,2,694.4,1,0,0
16831.0,1.0708074443108406,0,16.0,3,280.8,2,0,0
7157.0,0.9245491125060756,0,23.0,0,889.9,2,0,0
59980.0,4.56261901994419,1,4.0,9,23.7,8,0,1
6970.0,0.9348982732813796,0,11.0,0,373.8,1,0,0
28917.0,6.283579042310036,1,3.0,8,48.9,10,1,1
10390.0,0.9409368838075501,0,20.0,0,189.3,2,1,1
2536.0,1.254731552791824,0,11.0,2,922.5,3,0,0
14747.0,1.0711690163245997,0,19.0,2,118.4,2,0,0
6488.0,1.1925293480032633,0,8.0,1,822.7,3,0,0
13806.0,1.2054100460137906,0,18.0,1,43.4,1,0,0
1769.0,1.09597145110184,0,6.0,3,1765.3,2,0,0
7467.0,0.7298645916107009,0,15.0,0,454.5,2,0,0
18872.0,0.43731360120462814,0,15.0,1,216.6,4,0,0
30903.0,6.9787259571099245,1,4.0,2,28.3,4,1,1
11778.0,0.7922330838379378,0,15.0,1,527.2,4,0,0
4482.0,1.0602576247376398,0,16.0,1,587.8,5,0,0
13365.0,1.1052355059763,0,16.0,1,241.3,0,0,0
28740.0,0.9177313077008704,1,10.0,1,469.8,1,0,0
14159.0,0.9275671678924025,1,14.0,0,498.3,0,0,0
11738.0,1.040295411533789,0,12.0,0,27.3,4,0,0
24489.0,0.7305916383161275,0,20.0,3,277.6,2,0,0
33786.0,1.2319596428220256,0,19.0,0,177.8,1,0,0
36876.0,2.004894723137926,1,22.0,5,1.7,4,1,1
25132.0,0.844019427304273,0,15.0,0,98.8,4,0,0
7592.0,0.7384354409950723,0,21.0,3,82.8,0,0,0
21599.0,0.8430586692718973,0,20.0,0,21.4,5,0,0
8955.0,0.894894821246853,1,16.0,0,22.4,0,0,0
19931.0,0.9520281048068958,0,19.0,2,13.4,0,0,0
37962.0,1.1555818764951251,0,9.0,1,584.3,3,0,0
7379.0,1.1435713613395144,1,14.0,0,39.3,1,0,0
8074.0,1.1076939444272382,0,12.0,2,366.8,3,0,0
10756.0,0.7583707771617492,0,17.0,2,282.4,3,0,0
102967.0,3.342680738146122,1,21.0,4,7.7,7,1,0
12520.0,0.7042484494197518,0,13.0,1,59.5,1,0,0
24401.0,1.0367286909814706,0,16.0,2,107.5,3,0,0
29292.0,0.869994853171039,0,10.0,1,107.1,2,0,0
4124.0,1.0084330499370837,1,15.0,1,360.5,1,0,0
26984.0,1.3000641952550303,0,12.0,1,364.0,5,0,0
8560.0,1.1188406459160507,0,8.0,3,272.2,3,0,0
52283.0,1.0937861073267776,0,13.0,4,95.8,1,0,0
3809.0,1.1783023908688954,0,20.0,2,115.3,0,0,0
2262.0,1.0919152483193186,0,17.0,2,315.7,3,0,0
15224.0,1.2681093043056975,1,11.0,2,672.8,4,0,0
16023.0,0.9205082246824048,0,14.0,2,119.5,2,0,0
29775.0,0.7892677996630656,0,14.0,1,732.1,0,0,0
1166.0,1.2274083508463336,0,20.0,3,259.6,1,1,0
5845.0,1.1923424307748987,0,12.0,0,56.6,2,0,0
11189.0,1.2076202274062462,0,21.0,2,104.8,1,0,0
4848.0,0.8891563769024211,0,15.0,3,46.7,3,0,0
2415.0,0.9467321233851241,0,13.0,0,359.2,3,1,0
9851.0,0.9463133338500702,0,21.0,2,144.8,3,0,0
21169.0,1.163415421885768,0,8.0,2,49.2,1,0,0
4146.0,0.5646192607329099,1,9.0,3,288.9,3,0,0
33352.0,1.0816065532300099,0,17.0,1,13.8,3,0,0
8167.0,1.040874236521112,0,15.0,1,73.5,1,0,1
20211.0,1.0874215965290608,0,14.0,1,1248.7,2,0,0
4323.0,0.953256824119866,0,18.0,1,249.4,3,0,0
18686.0,1.3574071734958084,0,18.0,2,378.9,1,0,0
14154.0,1.6188777808238812,0,18.0,1,384.3,1,0,0
10702.0,1.0866627167097205,0,12.0,0,1039.4,2,0,0
18919.0,0.28093989896080973,0,15.0,1,342.5,1,0,0
13998.0,0.2617261428138027,0,15.0,0,90.1,2,0,0
17292.0,0.9725736920761188,1,11.0,2,568.7,0,0,0
14068.0,0.7532668741715933,0,14.0,0,1317.6,3,0,0
11441.0,0.7275578669726926,0,11.0,1,1152.6,2,0,0
11745.0,0.9545873845626917,0,16.0,2,252.3,3,0,0
12585.0,0.9915051070988303,0,13.0,3,359.3,2,0,0
15291.0,0.4412059253931674,0,10.0,2,38.8,3,0,0
2817.0,0.5007445275114234,0,8.0,0,67.1,5,0,1
11442.0,0.9545949428498393,0,9.0,1,346.2,5,0,0
27490.0,1.118634171284745,0,13.0,2,581.0,0,0,0
14422.0,0.6007232201453859,0,22.0,2,140.9,3,0,0
19320.0,1.016981706273692,1,6.0,4,463.2,2,1,0
42756.0,1.0886048513324271,0,14.0,1,481.4,3,0,0
22571.0,0.8017614433673895,0,8.0,4,1239.5,4,0,0
19251.0,1.6396279582761113,0,9.0,5,220.4,4,0,0
17508.0,1.1894771105082376,0,16.0,1,1358.4,1,0,0
3444.0,1.308986734733515,0,13.0,0,316.8,2,0,0
13403.0,0.9123961609617198,0,12.0,0,606.4,2,0,0
6108.0,1.0200498041174304,1,13.0,0,427.8,3,0,0
9531.0,0.5723647307978609,0,13.0,1,595.2,2,0,0
7646.0,0.7427206713618355,0,15.0,0,174.3,4,0,0
9914.0,0.9877376456681659,0,4.0,4,13.6,5,1,0
23344.0,1.0006692818774727,0,11.0,2,381.2,1,0,0
11266.0,0.5923027811718351,0,19.0,2,134.2,0,0,0
19525.0,1.1008807278823325,0,14.0,3,673.1,4,0,0
10885.0,0.8926155045257023,0,10.0,2,1249.9,0,0,0
15959.0,0.5870986939472711,0,12.0,2,98.3,4,0,0
20661.0,1.2788413754731127,1,16.0,0,1371.9,6,0,0
1210.0,0.8733803445702362,1,16.0,1,55.1,0,0,0
9447.0,0.9708226827787696,0,12.0,1,594.3,0,0,0
25927.0,0.976488322112583,0,15.0,2,320.4,0,0,0
8782.0,0.8686788292971401,0,15.0,0,354.2,0,0,0
5301.0,1.315737496442674,0,12.0,2,146.9,1,0,1
26506.0,1.0205659719723748,0,14.0,2,177.6,1,0,0
20818.0,0.7874029249853399,0,15.0,2,1162.8,4,0,0
19728.0,6.765892157303085,0,21.0,6,13.2,9,1,1
35145.0,4.039538954654403,1,1.0,5,9.8,6,0,0
16335.0,1.2084298978799708,0,20.0,1,298.6,3,0,0
29941.0,0.979684231154593,1,9.0,3,71.6,1,0,0
25845.0,1.3054512517851966,1,16.0,0,522.6,1,0,0
22966.0,1.26495171961305,0,21.0,0,1209.1,1,0,0
68427.0,5.594972077458448,1,5.0,4,3.4,3,1,1
14742.0,1.4094368648011932,0,17.0,1,970.3,3,0,0
3089.0,0.863727038908555,0,18.0,1,96.6,0,0,1
3959.0,1.0618185543163805,1,15.0,0,69.7,1,0,0
11860.0,0.6201532279855885,0,16.0,2,90.5,5,0,0
21333.0,1.161984620270056,0,7.0,1,194.2,1,0,0
10462.0,0.739389169984819,0,16.0,1,35.3,1,0,0
12486.0,0.7712368110782998,0,16.0,0,64.3,1,0,0
9344.0,1.1428867318745535,0,9.0,0,322.7,0,0,0
47754.0,1.3909648284628167,0,9.0,1,521.1,1,0,0
1922.0,0.9591117512184785,0,7.0,3,117.9,2,0,0
45253.0,5.010333936636586,1,1.0,4,31.0,7,1,1
1350.0,0.6215397396707953,0,15.0,1,434.0,1,0,0
21053.0,1.148575545368441,0,14.0,1,779.9,2,0,0
45918.0,1.0335160639611303,1,22.0,4,12.4,10,0,1
16438.0,4.667488514500947,1,5.0,8,27.7,4,1,1
28310.0,0.8689871932204085,0,19.0,0,62.4,2,0,0
8450.0,1.0004006150620095,0,9.0,1,348.0,6,0,1
4070.0,1.0561332536905377,1,21.0,4,648.5,1,0,0
154273.0,3.5094987125197865,1,4.0,3,18.9,10,1,1
2735.0,0.6799874563620611,0,17.0,3,70.6,0,0,0
23712.0,0.9130567143944769,0,16.0,2,359.1,1,0,0
49720.0,0.5008643650912269,0,16.0,1,567.5,0,0,0
15482.0,0.7939827076000284,0,18.0,1,23.6,3,1,0
34277.0,4.08068448861202,0,3.0,7,33.4,8,0,1
4475.0,1.2411983090912058,0,16.0,2,120.5,6,0,0
11548.0,0.9720768083739639,1,14.0,4,67.7,0,0,0
15453.0,0.7867727992684668,0,10.0,1,70.6,1,0,0
12145.0,0.7193933655756792,0,17.0,1,19.2,1,0,0
28655.0,1.0038205947872065,0,12.0,0,203.0,2,0,0
6078.0,0.891218688474079,1,19.0,1,513.3,1,0,0
45851.0,0.7349580262830098,0,8.0,3,186.0,3,0,0
20333.0,1.1105119210838277,0,22.0,2,103.4,1,0,0
9995.0,0.7287187138022083,0,12.0,0,903.6,4,0,0
2160.0,1.114583658410203,0,11.0,0,76.9,0,0,0
13141.0,1.385912329345907,0,15.0,1,673.4,2,0,0
16212.0,0.65233581288248,0,17.0,1,497.9,0,0,0
14813.0,0.8606278197391136,0,11.0,1,167.2,2,0,0
23944.0,5.578051358836589,0,3.0,4,11.9,7,1,1
24928.0,4.363276969368336,0,23.0,5,9.4,7,0,1
13450.0,0.5959921461734934,0,13.0,1,1799.7,4,0,0
12652.0,0.5625168381991377,0,19.0,3,757.1,3,0,0
65896.0,7.2518280984324335,1,3.0,3,13.9,7,1,1
20740.0,0.6018965317886129,0,14.0,2,258.8,5,0,0
24243.0,1.2779640223811535,0,18.0,1,698.6,1,0,0
18322.0,1.263648609412144,0,13.0,1,1284.8,1,0,0
10722.0,1.3379524959194904,0,13.0,1,410.7,1,0,0
13202.0,1.209497082069542,0,13.0,1,535.3,0,0,0
22000.0,0.5988639109635205,0,18.0,0,833.0,3,0,0
21872.0,0.7798427088120193,0,14.0,0,1030.7,1,0,0
3776.0,1.0793897533732775,0,14.0,0,739.8,4,0,0
19979.0,1.0022078162919694,0,17.0,0,171.9,3,0,0
11233.0,1.499706954413475,0,15.0,0,407.1,2,0,0
15817.0,0.8538498780852993,0,8.0,2,16.5,0,0,0
50914.0,1.711409553425041,1,5.0,8,109.1,14,1,1
22375.0,1.605979641413776,0,15.0,0,401.1,4,0,0
28695.0,7.041694055508737,1,1.0,4,18.2,12,1,1
12468.0,1.0333590394586736,0,6.0,3,444.9,1,0,0
16900.0,1.1029598184764802,0,15.0,2,455.7,0,0,0
16715.0,1.0233996477098406,0,13.0,0,1898.3,0,0,0
15503.0,1.1894919286711279,0,15.0,0,324.2,0,0,0
25376.0,0.9133758465685868,0,16.0,5,119.8,4,0,0
14806.0,1.122441731409782,0,13.0,2,32.7,2,1,0
28651.0,1.3501973138278258,0,11.0,1,286.3,2,0,0
48184.0,0.8897151870906094,0,15.0,2,919.9,4,0,0
8313.0,0.764112295093919,0,17.0,1,1148.1,5,0,0
24871.0,1.0246611453695005,0,5.0,1,52.0,3,0,0
11656.0,1.2366930793751858,0,8.0,1,908.4,2,1,0
38963.0,0.5964519236199559,0,12.0,2,1659.1,2,0,0
2331.0,1.0701455695991604,0,18.0,2,240.9,3,0,0
4740.0,1.180315831253238,0,12.0,1,285.7,2,0,0
5512.0,0.8387891730855679,0,12.0,3,340.7,6,0,0
12903.0,0.9688005355864003,1,8.0,2,59.6,2,0,1
16073.0,0.9498315774686568,0,16.0,3,331.9,1,0,0
36641.0,1.2426471167124256,0,15.0,3,472.7,3,0,0
10367.0,0.8280748066035435,0,8.0,0,244.3,2,0,0
16958.0,5.824796263988867,1,22.0,4,26.9,7,0,1
28756.0,0.760916574251352,0,22.0,2,1161.1,3,0,0
7687.0,0.9355633992680285,0,21.0,1,657.8,2,1,0
18898.0,1.443130732800534,0,15.0,1,711.6,2,0,0
4074.0,0.7893602377011221,0,18.0,1,1563.4,2,0,0
46136.0,1.057490940538455,0,15.0,2,542.0,0,0,0
36813.0,0.8217577123168368,0,13.0,1,4.0,2,0,0
4483.0,0.757393358814932,0,15.0,2,217.7,0,0,0
19080.0,0.8909345632131485,0,23.0,2,416.2,2,0,0
9567.0,1.304580138215974,0,11.0,2,74.7,1,0,0
33292.0,0.8325411347667375,1,9.0,0,163.8,1,0,0
4615.0,1.156610021515392,0,18.0,2,158.8,3,0,0
5403.0,0.8989003378037212,0,19.0,2,619.5,0,0,0
11752.0,0.8384546597724319,0,17.0,2,22.9,2,0,0
30713.0,1.0039773212415712,0,8.0,1,286.3,0,0,0
69562.0,6.110233966190989,1,3.0,4,24.9,6,1,1
17384.0,1.5086689742845796,0,14.0,1,1115.9,0,0,0
11946.0,1.1707038595751496,0,8.0,2,656.1,2,0,0
31055.0,1.090368862022138,0,16.0,0,155.0,1,0,0
20524.0,1.0718402595093612,0,9.0,2,157.1,4,0,0
59203.0,1.2728135444824955,0,11.0,0,197.0,0,0,0
994.0,0.6390570276502989,0,10.0,0,13.8,2,0,0
4100.0,1.162370199984983,0,12.0,1,18.2,4,0,0
11191.0,1.268006169150277,1,12.0,3,534.5,2,0,0
62344.0,0.9730502161615893,0,10.0,3,23.3,1,0,1
14164.0,0.7507641862309149,0,12.0,2,131.3,2,0,0
6253.0,1.1778165460261683,0,9.0,0,302.0,1,0,0
36477.0,1.1226588719457447,0,5.0,1,5.4,2,0,0
38546.0,1.1290918600637938,0,11.0,3,187.0,0,0,0
8792.0,0.8768471966593095,0,9.0,2,2939.9,5,0,0
43487.0,0.9001170153898741,0,11.0,1,241.2,2,0,0
88149.0,5.270416041396533,1,0.0,4,70.0,12,0,1
3310.0,0.6060507990200538,0,14.0,1,162.6,3,0,0
7649.0,0.9325497201318479,0,16.0,1,340.2,3,0,0
12328.0,0.8287828896807413,0,18.0,4,617.3,3,0,0
8262.0,1.2242091199639706,0,22.0,0,338.4,3,0,0
15248.0,0.859385421677453,0,19.0,2,223.1,2,0,0
22634.0,0.8901186755457215,0,16.0,1,359.3,2,0,0
7608.0,0.8875789543302239,0,9.0,1,756.0,3,0,0
8873.0,1.2070189981370425,0,11.0,4,184.6,4,0,0
1668.0,0.8303092817600988,0,21.0,1,395.8,1,0,0
21162.0,1.2086130294038666,0,16.0,1,97.7,0,0,0
13935.0,1.2366000793624188,0,17.0,2,381.9,1,0,0
10820.0,1.2186735125081452,0,14.0,2,148.1,2,0,0
15276.0,0.9375770435691316,0,12.0,0,336.3,1,1,0
10510.0,0.39334139479222396,0,14.0,1,685.4,4,0,0
4843.0,1.145453704719709,0,12.0,2,1129.4,0,0,0
16978.0,1.3166856228843404,0,14.0,1,88.0,3,0,0
26317.0,0.9857849632262702,0,17.0,0,148.6,0,0,0
26370.0,0.7525868383929,0,8.0,4,478.8,1,0,0
17772.0,1.1736522835988947,0,17.0,1,48.9,1,0,0
21000.0,1.114890209592524,0,16.0,0,15.9,2,1,0
19121.0,1.3373554242129888,0,11.0,2,48.0,4,0,0
8863.0,0.8412483677032145,1,20.0,4,505.2,0,1,0
27976.0,1.0328014864700492,0,18.0,1,5.3,3,0,0
41483.0,1.2745318668508587,0,9.0,2,589.8,1,0,0
4863.0,0.8601415438428234,0,2.0,2,389.1,3,0,0
15916.0,1.061650785495634,0,10.0,1,295.7,4,0,1
4450.0,0.40329917328912135,0,12.0,1,56.4,3,0,0
3746.0,0.9140811285963789,0,15.0,3,228.6,2,0,0
10024.0,1.3394956946129568,0,20.0,0,877.1,2,0,0
14075.0,1.0169084464419518,0,11.0,2,1603.9,5,0,0
120137.0,3.7613146103876236,1,22.0,8,0.6,4,1,1
14291.0,0.8609881372914584,0,9.0,2,899.0,0,0,0
8696.0,1.2581405423316958,0,20.0,5,0.7,2,1,0
37009.0,1.1030008048987632,0,6.0,1,142.2,3,0,0
4597.0,0.8636367108677769,0,14.0,3,199.0,2,0,0
10154.0,1.2405551432004893,0,16.0,1,644.7,2,1,0
19958.0,0.8581514560617989,0,21.0,3,1271.9,0,0,0
9153.0,1.0146590755267542,0,11.0,3,792.6,1,0,0
6117.0,1.3118362192797508,1,15.0,1,20.6,7,0,0
10090.0,1.269172682780111,0,16.0,2,554.0,3,0,0
19433.0,0.6712995842357037,0,17.0,1,476.4,3,0,0
7373.0,1.084797467281911,0,11.0,1,492.6,3,0,0
12153.0,1.4914731562410926,0,8.0,1,368.2,1,0,0
9323.0,0.809547154360087,0,14.0,1,55.2,3,0,0
35407.0,3.6276851067873217,1,21.0,2,6.8,6,1,1
9995.0,0.964355940508498,0,12.0,0,245.7,0,0,0
10619.0,1.0826256086930361,1,5.0,1,255.2,0,0,0
6557.0,0.5845364833120212,0,16.0,0,912.7,0,0,0
25213.0,0.8434406416466396,0,15.0,0,26.9,2,0,0
43319.0,1.0976083623047859,0,4.0,0,427.8,3,0,0
10408.0,1.1268767143192568,0,10.0,0,226.1,3,0,0
37599.0,7.347228259754768,1,4.0,5,27.2,9,1,1
46146.0,0.6153664421779157,0,18.0,2,705.9,7,0,0
35455.0,0.6627144036091557,1,7.0,2,263.9,1,0,0
7344.0,1.0470305609014556,0,7.0,0,546.0,2,0,0
9506.0,0.8560941337126982,0,14.0,4,123.8,3,0,0
35027.0,0.3900580208035701,0,15.0,0,428.6,3,0,0
5112.0,0.9703178273292001,0,20.0,2,73.2,1,0,0
9389.0,1.5664882615285185,0,15.0,3,63.2,1,0,0
6060.0,0.6203496906528179,0,16.0,1,1843.7,2,0,0
21552.0,1.0688858412966131,0,14.0,2,15.7,3,0,0
28621.0,0.7776138051534899,0,8.0,0,914.4,0,0,0
63254.0,0.8107685374008963,0,9.0,0,1055.2,0,0,0
37426.0,3.6449271414730386,1,3.0,6,11.0,14,1,1
22659.0,0.5654671389039296,0,16.0,2,373.6,2,0,0
10285.0,0.6410933813748694,0,12.0,1,83.2,1,0,0
9734.0,0.895037951276012,0,14.0,1,148.6,2,1,0
32285.0,0.7784649241401089,0,17.0,3,840.6,4,0,0
18814.0,1.2670857442378582,0,18.0,0,266.0,2,0,0
14097.0,1.0358441616253204,0,16.0,3,0.1,0,0,1
27054.0,0.912097783329837,0,8.0,2,116.5,4,0,0
23996.0,0.9810379387987305,0,16.0,1,655.9,1,0,0
7650.0,0.5528361539814706,0,15.0,0,804.0,0,1,0
2534.0,1.0357833094061297,0,8.0,1,156.1,1,0,0
16146.0,0.917696570155944,0,19.0,3,236.9,0,1,0
25925.0,1.3072302788092585,0,15.0,3,443.2,1,0,0
8122.0,1.0662558935425706,0,7.0,1,73.7,1,0,0
7604.0,1.0665784085348615,0,13.0,3,57.4,1,0,0
36849.0,1.3221958782043903,0,13.0,1,302.1,4,0,0
30216.0,1.2509841514928421,0,19.0,1,353.3,2,0,0
19774.0,1.0038509986228628,0,14.0,2,134.0,4,0,0
18518.0,0.9509974903498598,1,8.0,3,882.9,3,0,0
27750.0,0.6001905534920844,0,15.0,2,222.3,0,0,0
8183.0,1.2014701905324978,0,11.0,1,393.8,3,0,0
12691.0,1.3127023304446315,0,21.0,3,46.8,2,0,0
35615.0,4.191269277355975,1,23.0,5,52.3,8,0,1
10524.0,0.6584069880037564,0,23.0,3,462.6,4,0,0
3475.0,1.6702680318449756,0,14.0,1,13.3,1,0,0
29030.0,1.0329045108092447,1,18.0,2,103.8,4,0,1
17747.0,1.218108542300398,0,13.0,3,13.8,1,0,0
12001.0,1.0112170979570299,0,10.0,2,505.5,1,0,0
7123.0,0.7205886543464839,0,13.0,3,11.1,5,0,0
13604.0,5.857578583253942,1,22.0,2,11.5,6,1,1
10757.0,1.3738236672972555,0,10.0,2,1689.8,2,0,0
759.0,1.0332516454970249,0,13.0,0,335.2,4,0,0
24381.0,1.1662062904883814,0,16.0,3,640.8,0,0,0
13086.0,1.1838042328309857,1,15.0,1,56.7,3,0,0
2895.0,0.7377260019157412,0,11.0,1,101.4,1,0,0
11644.0,1.0240337434364373,0,17.0,1,184.4,4,1,0
5727.0,1.3004311925778365,0,12.0,0,302.5,4,0,0
3377.0,0.6251079484969857,0,15.0,1,760.0,2,0,0
7790.0,0.8410552370027095,1,12.0,1,505.9,1,0,0
5999.0,1.2375675970840603,0,15.0,2,220.2,1,0,0
24466.0,1.0493471115778676,0,19.0,2,235.1,3,0,0
4853.0,0.7648013794256083,0,8.0,0,939.9,1,0,0
12496.0,0.6420101805032091,0,13.0,1,613.6,3,0,0
6433.0,1.224122155918471,0,16.0,3,28.5,1,0,0
82614.0,5.23098989745824,1,3.0,4,29.5,4,1,1
64496.0,1.4262045127900698,1,1.0,3,38.7,5,1,1
3597.0,1.2518105776461899,0,18.0,2,355.9,2,0,0
25473.0,0.6003673185585194,0,15.0,5,229.5,4,0,0
11352.0,1.1387226458575566,0,12.0,2,313.2,4,0,0
8811.0,1.159053137892446,1,13.0,1,244.8,2,0,0
6997.0,0.915438554054367,0,18.0,0,842.5,3,0,0
2625.0,1.480073726308047,0,16.0,1,355.4,2,0,0
43415.0,1.1528819872455167,1,20.0,2,892.7,1,0,1
9981.0,0.989426781871839,1,13.0,0,615.1,3,0,0
16714.0,1.0915042301921454,0,14.0,3,528.6,5,0,0
16526.0,1.1472691464624192,0,14.0,0,33.5,0,0,0
9501.0,1.1655269991290333,0,20.0,1,212.9,1,0,0
41014.0,1.1749234571091263,0,16.0,2,5.0,2,0,0
7144.0,1.172789452027775,0,5.0,1,687.2,1,0,0
49061.0,1.2249728315535207,0,12.0,2,30.4,3,0,0
19569.0,0.5385264679819108,0,15.0,1,63.2,1,0,0
16900.0,1.0534451079682956,0,15.0,1,291.2,1,0,0
10421.0,1.2244290971891492,0,21.0,0,267.7,1,0,0
17044.0,0.9460183026151505,1,16.0,3,435.0,1,0,1
42169.0,0.9370053452787983,0,20.0,1,17.2,4,0,0
7056.0,1.3349102450427184,0,15.0,0,469.2,0,0,0
9913.0,1.0023770227288296,1,18.0,4,37.1,5,0,0
27963.0,0.8044332694940826,0,13.0,3,24.6,2,0,0
65050.0,1.0271384244601318,0,19.0,3,399.1,2,0,0
9894.0,1.2762403187245817,0,19.0,3,762.6,1,0,0
25345.0,0.9303385439625734,0,11.0,3,215.0,0,0,0
13203.0,1.0081792278240607,1,14.0,1,108.4,2,0,0
8909.0,0.5159453966422816,0,11.0,0,205.8,6,0,0
21941.0,1.4064173529409525,0,0.0,2,716.1,2,0,0
22401.0,1.1275753607934718,0,13.0,3,95.7,4,0,0
7509.0,0.9321221125884487,0,13.0,2,421.4,1,0,0
33399.0,5.409227430322469,1,1.0,9,19.1,11,0,1
11560.0,1.1992610492245048,0,16.0,1,474.2,3,0,0
34054.0,1.048128253032777,1,3.0,2,2073.6,2,0,0
13400.0,0.6386404202673619,0,13.0,2,614.4,2,0,0
12873.0,0.8224890887904115,0,15.0,3,63.4,2,0,0
46279.0,2.327048028925495,1,1.0,6,12.9,6,1,1
7388.0,1.1517856166569211,1,15.0,0,440.3,2,0,0
20259.0,1.1364225857802532,0,14.0,2,123.0,3,0,0
37232.0,2.647767609870925,1,23.0,6,16.7,9,0,1
19757.0,0.9575064287428408,1,17.0,0,130.4,1,0,0
15032.0,0.9129879907721145,0,17.0,3,331.0,5,0,0
56582.0,1.5479269867877627,0,14.0,1,308.6,2,0,0
4074.0,1.151130157650208,0,14.0,0,530.3,3,0,0
74722.0,4.8366547576674135,1,1.0,3,0.1,6,1,0
80849.0,9.182477527630484,1,21.0,8,29.9,10,1,1
6466.0,1.0931257724684582,0,14.0,1,98.4,3,0,0
17078.0,0.76818658884906,0,15.0,2,125.6,1,0,0
7675.0,1.1244112695090505,0,14.0,0,918.1,6,0,0
5371.0,1.215250989230868,0,11.0,1,265.3,1,0,0
28924.0,1.6611187280542103,1,1.0,5,5.1,4,0,1
20581.0,0.9472300465801174,0,14.0,0,413.3,0,0,0
11949.0,3.760644136898958,1,4.0,7,4.1,8,1,1
21592.0,0.8383903597275707,0,4.0,0,1131.7,1,1,0
9859.0,1.248899689875556,0,14.0,2,486.4,3,0,0
30691.0,0.7930564951297772,0,12.0,0,835.3,5,0,0
4052.0,1.3755040613625562,1,17.0,2,90.1,4,0,0
7536.0,0.9390379492543988,0,12.0,2,63.5,1,0,0
12692.0,1.13535277770948,0,12.0,2,781.1,3,0,0
20060.0,1.101778017135152,0,16.0,1,56.8,5,0,0
14373.0,1.0351438206987695,1,13.0,0,522.1,3,0,0
19248.0,0.8925715206490189,0,21.0,2,744.3,3,0,0
23388.0,1.1842893895893032,0,19.0,0,558.1,2,0,0
11586.0,1.2339450158920324,0,13.0,1,148.0,4,1,0
24933.0,0.9640045125444601,0,12.0,2,278.9,2,0,0
6647.0,1.089899113570922,0,7.0,0,222.3,1,0,0
46456.0,1.0349175205691052,0,12.0,2,317.2,1,0,0
2171.0,0.7461782343655762,0,15.0,2,340.3,5,0,0
4769.0,0.6856220103362749,0,8.0,0,537.2,0,0,0
22404.0,7.734175306513677,1,3.0,6,99.2,1,0,1
24976.0,0.9578401539925833,0,14.0,0,106.7,7,0,0
8791.0,6.050065964013723,1,21.0,3,5.4,6,0,1
226.0,1.3510320949020225,0,20.0,2,211.9,2,0,0
21772.0,0.9037712031885284,0,17.0,3,25.7,1,0,0
48627.0,5.166520624100588,1,3.0,6,15.8,8,0,1
8328.0,0.5359331253086723,0,13.0,1,395.4,2,0,0
3200.0,0.7930373356256989,0,16.0,1,457.7,0,0,0
49058.0,8.11402492575238,1,3.0,9,62.5,5,1,1
12544.0,1.3623797435726606,0,17.0,1,183.9,2,0,0
7707.0,0.8413217232346991,0,13.0,2,0.5,1,0,0
4694.0,0.8023175213791973,0,9.0,2,2268.1,2,0,0
34714.0,1.2028734354933301,0,13.0,1,40.3,0,0,0
16735.0,0.9134838238182341,0,6.0,4,532.6,3,0,0
16402.0,0.7724542337019,0,12.0,1,44.4,3,0,0
9011.0,1.0332547489209176,1,15.0,1,315.4,2,0,0
7005.0,0.9882403351860501,0,20.0,2,127.8,1,0,0
16351.0,0.7228227491343886,0,12.0,0,435.2,2,1,0
46846.0,3.7803891756579207,1,3.0,5,0.9,9,1,1
8511.0,1.1100276758164045,0,14.0,1,196.4,1,0,0
8712.0,1.1296279130366715,0,12.0,0,25.7,2,0,0
3160.0,1.1533776733775953,0,12.0,2,426.1,1,0,0
27366.0,0.8782142558590261,0,16.0,2,92.0,2,0,0
17829.0,5.105271716916183,1,3.0,8,33.2,7,0,1
17304.0,1.3761912254994022,1,14.0,0,1411.8,4,0,0
24619.0,1.1272446586380767,0,23.0,2,30.7,3,0,0
17243.0,0.7717052115536929,1,10.0,1,97.0,2,1,0
9687.0,0.8746633314997596,0,15.0,0,164.7,2,0,0
4446.0,0.9995878294003135,0,12.0,3,170.0,0,0,0
14334.0,0.522330325686575,1,20.0,1,546.9,2,0,0
13472.0,0.9496590911113418,0,14.0,0,67.8,0,0,0
14614.0,1.1182111949647608,0,15.0,2,563.2,2,0,0
20760.0,0.8866691839215525,1,10.0,2,635.9,4,0,0
97322.0,3.023563596629649,1,5.0,8,13.7,7,1,0
13486.0,1.4719402213042425,0,11.0,0,258.2,2,0,0
23193.0,0.754612900388861,0,18.0,2,12.0,2,0,1
6173.0,1.512286508961676,0,21.0,1,349.7,4,0,0
5552.0,1.2098500989949872,0,20.0,0,5.4,5,0,0
36758.0,1.139909061576116,0,15.0,2,931.8,3,0,0
14293.0,1.0529373503957042,0,21.0,0,45.1,6,0,0
18073.0,1.0997410656773852,0,6.0,3,207.0,3,0,0
22970.0,0.765206741975972,0,14.0,1,432.7,4,0,0
6842.0,0.8896016768547311,0,15.0,2,22.1,1,0,0
18539.0,1.4894243355868093,0,9.0,5,394.2,1,0,0
8567.0,0.8090697072019036,0,11.0,0,54.5,1,0,0
76467.0,0.9029329139520841,0,11.0,0,398.2,3,0,0
11641.0,0.6704926410305598,0,8.0,1,306.9,0,0,0
83683.0,6.422807664936501,1,2.0,7,58.7,4,0,1
24697.0,1.128448353096308,0,12.0,1,41.4,1,0,0
8984.0,1.1950184875619663,0,14.0,2,17.8,2,0,0
5313.0,0.9865763881993077,0,10.0,2,773.5,4,0,0
21791.0,1.2156533047522184,1,15.0,6,614.7,0,0,0
20084.0,0.9718200989438464,0,23.0,2,248.7,0,0,0
5189.0,1.4683456602033638,0,19.0,3,694.6,2,0,0
18056.0,1.120062048520897,0,15.0,2,230.7,3,0,0
17642.0,0.6808822371075864,0,14.0,0,273.4,2,0,0
30192.0,0.8899970585109912,0,15.0,2,118.7,2,0,0
10717.0,1.1174991214348147,0,7.0,1,403.2,0,0,0
87913.0,4.380207382103306,0,22.0,3,0.7,11,1,1
47536.0,5.71079316088896,1,5.0,6,78.1,11,1,1
49508.0,3.421315944706559,0,4.0,5,12.4,4,0,1
86573.0,4.87843981301444,0,4.0,7,38.5,6,1,1
16218.0,0.7986526697770542,0,18.0,4,781.1,3,0,0
13903.0,0.8189801095312949,0,10.0,2,203.8,0,0,0
9227.0,0.9343185349360253,0,8.0,1,249.2,3,0,0
4602.0,1.0290660343427656,0,23.0,0,409.0,1,0,0
4572.0,0.9098875867099264,0,12.0,0,563.5,0,0,0
31565.0,1.3990083995853662,0,15.0,0,1445.2,1,0,0
90819.0,6.792399900454624,1,5.0,6,15.8,10,0,1
64547.0,1.0535853798768764,1,20.0,2,166.5,0,0,0
17120.0,0.5984735775523777,0,18.0,2,124.5,1,0,0
5575.0,1.0021501177656287,0,16.0,1,403.8,1,0,0
40500.0,0.9925593450973912,0,15.0,1,43.4,2,0,0
7154.0,1.1655713516186055,0,9.0,1,300.1,1,0,0
60205.0,5.210463209000414,1,23.0,6,22.5,7,1,1
6653.0,1.1084311463916023,0,13.0,5,1.0,1,0,0
8343.0,1.0274329919515266,1,13.0,2,82.3,4,0,0
3198.0,0.518884674042811,0,19.0,2,226.7,1,0,0
6016.0,0.709774860392903,0,14.0,2,169.3,1,0,0
8724.0,0.7737054879162524,0,15.0,1,207.3,4,0,0
59489.0,3.8753393388629154,1,5.0,10,22.7,9,1,1
10511.0,0.8847814293550673,0,5.0,2,24.1,1,0,0
15563.0,0.8763867039833473,0,13.0,1,239.5,3,0,0
72642.0,2.9992373097969267,1,2.0,3,9.0,6,0,1
37919.0,0.9325550088153176,0,11.0,1,87.1,3,0,0
7024.0,1.2319311549997845,0,17.0,3,141.8,1,0,0
21894.0,0.9446246284027888,0,18.0,1,253.1,4,0,0
22806.0,1.1396934605404754,0,17.0,0,760.0,1,0,0
6156.0,1.121736940124202,1,9.0,1,1234.1,0,0,0
11644.0,1.1900101608799378,1,8.0,1,1525.6,5,0,0
68490.0,1.27360107106231,0,22.0,2,818.8,1,0,0
9282.0,1.3009217167107485,0,18.0,0,135.0,3,0,0
22809.0,1.1176009920486407,0,18.0,2,255.2,2,0,1
16165.0,1.3912783368910226,0,12.0,4,365.1,2,0,0
8130.0,1.2516095790637978,0,8.0,4,141.7,2,0,0
5195.0,0.9898496411943851,0,11.0,0,521.1,5,0,0
30899.0,1.275814136219429,0,18.0,1,222.1,2,0,0
13429.0,0.8486384173235475,0,11.0,4,363.1,4,0,0
10418.0,1.4837365297523886,0,10.0,3,877.0,2,1,0
42806.0,0.927322247123799,0,13.0,6,296.5,2,0,0
10215.0,1.0649391823893306,0,10.0,5,23.3,1,0,0
29072.0,1.639882114166427,0,11.0,3,75.8,2,0,0
46072.0,0.6892684941479404,0,15.0,1,151.3,2,1,0
1380.0,1.3091410283513063,0,17.0,3,239.8,1,0,0
56595.0,8.877772932410625,1,3.0,5,11.7,8,1,1
25050.0,0.8475560296698391,0,19.0,1,33.0,0,0,0
10248.0,0.5390810014009744,0,12.0,3,298.5,3,0,0
10042.0,1.0681798196509575,0,16.0,1,541.3,1,0,0
9285.0,0.661627107131745,0,22.0,2,280.3,4,0,0
37149.0,3.9752466891473768,1,22.0,8,0.9,6,0,1
858.0,1.1516359590032232,0,10.0,0,121.8,1,0,0
4126.0,0.7024550818125559,0,12.0,0,211.9,1,0,0
25390.0,1.004813613419134,0,13.0,2,182.7,2,0,0
43181.0,1.091713429735933,0,13.0,1,285.0,0,0,0
11893.0,0.8654687968647128,0,16.0,1,352.5,3,1,1
25793.0,1.0978150388085322,0,16.0,0,442.8,2,0,0
49970.0,4.181707009349181,1,2.0,7,4.8,7,0,0
27626.0,1.2004731300273683,0,18.0,3,24.0,3,0,0
10817.0,1.4354309571750383,0,13.0,2,789.8,2,0,0
42592.0,1.331299027163487,0,16.0,2,314.5,3,0,0
39912.0,5.12189972426007,1,0.0,6,35.0,6,0,1
54937.0,0.6116148456441184,1,9.0,1,406.1,1,0,0
16691.0,1.0863098949256185,0,17.0,3,254.6,2,0,0
52077.0,6.475043235522991,1,0.0,8,8.5,7,1,1
9429.0,0.9359473940927305,0,13.0,1,599.7,1,0,0
49191.0,1.4999184480254653,0,12.0,2,460.6,0,0,0
10793.0,1.138934460210035,0,11.0,1,586.5,2,0,0
10442.0,1.000015551152591,1,15.0,0,494.5,0,0,0
155042.0,3.717364077331357,1,3.0,6,5.6,11,0,1
13497.0,0.8429602789987447,0,11.0,1,190.7,3,0,0
24121.0,1.464276104765811,0,16.0,2,759.0,0,0,0
10715.0,0.8090160043232819,0,13.0,1,342.1,2,0,0
62061.0,1.0930883132817126,0,15.0,0,962.1,2,0,0
34012.0,1.0692633345974984,0,12.0,1,110.3,1,0,1
3039.0,1.0926013558673557,0,14.0,0,265.1,3,0,0
26679.0,0.8066054082278303,0,11.0,2,369.5,1,0,0
20274.0,0.9429777393781993,0,20.0,2,85.5,3,0,0
2139.0,1.1607358483629286,0,10.0,1,184.0,3,0,0
23226.0,1.3377876549431031,0,15.0,1,18.4,0,0,0
8428.0,0.9983970617805624,0,15.0,2,1205.2,0,0,0
27222.0,0.74957448390681,0,17.0,1,35.0,3,0,0
21033.0,1.1282824146480062,0,11.0,5,271.8,2,0,0
11082.0,0.6716245126676837,0,7.0,2,291.1,4,0,0
2571.0,0.4589790776030692,0,9.0,0,152.9,1,0,0
7197.0,0.7584543584404629,0,15.0,0,844.3,1,0,0
5394.0,1.3716550098185887,0,17.0,1,9.0,7,0,0
12776.0,1.1508526592682737,0,15.0,3,37.6,1,0,0
10435.0,0.7931350361091447,0,18.0,2,20.9,2,0,0
7653.0,1.2868356056853403,0,16.0,1,76.5,1,0,0
9935.0,1.3522292337803588,0,13.0,4,218.5,1,0,0
10227.0,0.6423156855998644,0,19.0,0,129.9,3,0,0
9869.0,1.0578583326760902,1,13.0,1,164.1,2,0,0
42269.0,1.2547595700041525,0,8.0,3,308.0,1,0,1
20550.0,1.1175929285817476,0,18.0,0,958.5,1,0,0
24243.0,1.333840644772537,1,17.0,0,79.6,3,0,0
12182.0,3.8128001216363403,1,21.0,2,16.2,8,1,1
5187.0,1.3710506804384057,0,21.0,1,311.7,2,0,0
5825.0,1.229446336223933,0,10.0,2,105.9,5,1,0
23905.0,1.0636302497476533,1,16.0,3,29.0,1,0,0
11347.0,1.142341188850462,0,11.0,1,530.4,0,0,0
19396.0,1.042872293357382,0,16.0,2,197.8,4,0,0
2887.0,1.039074817984054,0,16.0,1,167.9,1,0,0
8597.0,1.1128435897256705,1,20.0,3,244.1,2,0,0
15512.0,0.9099976866706331,0,14.0,1,304.4,1,0,0
21045.0,1.1720387844000817,0,17.0,3,786.5,3,0,0
39224.0,1.0671465398091655,1,0.0,6,55.1,13,1,1
22956.0,1.1473327028744922,0,10.0,2,111.1,1,0,0
3242.0,1.2602890100075206,0,11.0,3,23.1,1,0,0
10968.0,1.061803544404993,1,11.0,2,432.6,0,0,0
17429.0,1.0237617657743971,0,15.0,1,467.4,2,0,0
14162.0,0.8592057094197995,0,13.0,1,134.5,0,0,0
8592.0,0.810333567665312,0,12.0,0,526.7,2,1,0
29342.0,2.652874245462598,1,5.0,5,30.0,7,0,1
18284.0,1.2864405720977221,1,18.0,2,8.6,4,0,1
14383.0,0.8297324138082606,1,9.0,1,8.8,2,0,0
18381.0,0.9809368365449745,0,12.0,3,219.7,2,0,0
16580.0,0.965879942059888,0,17.0,0,1339.6,2,0,0
111746.0,2.5695069181440573,1,21.0,3,26.3,4,1,1
15625.0,1.4250522721689596,0,14.0,3,21.3,1,0,0
32442.0,0.9760964883623935,0,19.0,2,527.3,1,0,0
6230.0,1.0879244419789162,0,23.0,2,15.0,2,0,0
3633.0,0.871009092381959,0,18.0,1,233.5,0,0,0
23113.0,1.2985359731348982,0,11.0,1,2237.0,2,0,1
9032.0,1.1674820190524666,0,5.0,2,1176.5,0,0,0
24054.0,0.8750380006180365,0,6.0,1,202.5,6,0,0
5790.0,0.9852654030321915,0,11.0,6,54.5,2,0,0
2982.0,0.8330292125531019,0,23.0,1,309.2,3,1,0
19848.0,4.11660689002585,1,21.0,2,54.4,8,0,1
10081.0,1.2921862010516296,0,14.0,1,836.9,2,0,0
20420.0,0.6557093958478211,1,9.0,1,58.9,2,1,0
27980.0,3.0350285283885556,1,2.0,7,1.1,7,0,1
21567.0,0.5043552410330433,0,12.0,0,468.0,2,0,0
14730.0,0.5655622141296313,0,15.0,1,854.2,0,0,0
10243.0,1.2853430261836052,1,14.0,2,466.6,1,0,0
11781.0,1.4311258706221688,0,13.0,1,40.5,1,0,0
13062.0,0.9753013513276051,0,15.0,2,336.2,1,0,0
13800.0,0.8325292984052498,0,16.0,1,202.8,2,0,0
2403.0,1.1804909676033546,0,6.0,4,1014.8,3,0,0
18982.0,0.48455592438923434,0,14.0,1,318.9,2,0,0
7961.0,1.533014746428971,1,10.0,1,189.1,2,0,0
16560.0,0.9508404306120087,0,16.0,1,14.1,1,0,0
24828.0,3.0196227764271244,1,2.0,2,10.3,6,0,1
8600.0,0.9012348466220331,0,19.0,1,116.9,1,0,0
20927.0,1.3360338412296824,0,13.0,0,800.0,2,0,0
57478.0,1.1022248626197606,0,14.0,4,181.1,3,0,0
17245.0,0.5332217012572357,0,17.0,0,260.2,0,0,0
9234.0,0.9224024740984379,0,5.0,0,40.0,1,0,0
4809.0,1.2714266858262586,0,15.0,0,717.3,1,0,0
6618.0,0.8458755534356153,0,5.0,0,560.8,3,1,0
18709.0,0.7289087647752676,0,9.0,1,25.0,1,0,1
68923.0,5.4859658335731245,1,22.0,6,26.2,6,1,0
14284.0,0.6548689231087491,0,16.0,2,468.7,2,0,0
6025.0,0.8618465105696904,0,18.0,2,188.0,3,0,0
8559.0,1.291039918977043,1,15.0,2,231.6,2,0,0
18409.0,3.18813035232379,1,0.0,7,15.8,10,0,1
13034.0,1.192684481363984,0,17.0,1,313.9,2,0,0
79750.0,4.590390713562915,1,3.0,2,6.4,8,1,1
12566.0,0.8713219943541953,0,18.0,3,88.8,4,0,0
3547.0,0.7166489249917873,0,10.0,2,401.0,1,0,0
12937.0,0.6761630822836044,0,19.0,3,1066.1,2,0,0
5521.0,1.1134666385849594,0,18.0,2,474.9,3,0,0
6971.0,0.8748269940376524,0,16.0,1,759.7,3,1,0
21520.0,0.7746016319511716,0,17.0,0,1426.8,4,0,0
28729.0,0.6890388071753747,0,20.0,2,37.1,1,1,0
24238.0,0.5288345091829032,1,21.0,7,24.0,5,1,1
16951.0,1.121249052423094,0,3.0,4,219.9,2,1,0
14097.0,0.796338784790488,1,11.0,3,1308.9,4,0,0
6519.0,1.1397896199177073,0,15.0,3,388.1,5,0,0
22768.0,0.7522314284938357,0,11.0,2,620.3,2,0,0
22271.0,0.9724385532558762,0,19.0,2,240.1,2,0,0
6766.0,4.780562005807087,1,21.0,5,5.9,8,1,1
10481.0,1.44659442125141,0,19.0,1,365.6,2,0,0
40533.0,1.3601518422775563,0,11.0,1,542.0,0,0,0
24237.0,1.1553292571241303,0,12.0,3,158.6,2,0,0
21726.0,1.3775040900402558,1,0.0,1,88.6,4,0,0
11010.0,0.964168975287792,0,15.0,3,12.0,2,0,0
52571.0,0.7520437857416739,0,6.0,0,740.2,1,0,0
7198.0,1.1506744999689007,0,17.0,1,310.8,1,0,0
5771.0,1.2200219642134935,0,13.0,1,4.6,1,0,0
25242.0,1.4390185805371853,0,17.0,0,862.3,0,0,0
3776.0,0.8429866842012955,0,12.0,1,285.5,2,0,0
23891.0,1.0381648718789502,0,16.0,4,901.4,2,0,0
49292.0,1.3665543935055418,0,14.0,1,285.5,0,0,0
23282.0,0.8549401701181432,0,15.0,0,125.1,1,0,0
46099.0,4.519235228405459,1,23.0,6,83.9,7,1,1
4202.0,1.0976963225689629,0,16.0,0,43.3,2,0,0
30186.0,0.6077333140404038,0,19.0,3,116.9,2,0,0
23575.0,1.1932897318133828,0,16.0,3,424.5,1,0,0
1623.0,1.1391922570702269,0,13.0,0,126.8,2,0,0
38439.0,5.764754086984174,1,22.0,10,35.3,10,1,1
8497.0,1.4621744316418948,0,15.0,1,28.4,3,0,0
17326.0,1.5605505221491076,0,23.0,4,650.1,0,0,1
25855.0,0.5615432888528376,1,9.0,1,215.1,5,0,0
15264.0,0.8424758231438235,0,18.0,0,346.0,2,0,0
43950.0,4.996792889766763,1,5.0,6,7.9,7,1,1
10885.0,0.46015397455908835,0,14.0,0,614.4,2,0,0
3410.0,1.0788930494623712,0,18.0,0,1706.5,3,0,0
4633.0,0.802189795435487,0,17.0,4,122.3,0,1,0
11996.0,0.9340294183909351,0,14.0,1,381.5,0,0,0
30445.0,4.5297016984410945,1,21.0,7,4.5,7,1,1
26532.0,0.7704155630647385,0,13.0,0,298.9,1,0,0
8098.0,1.0980242013149455,0,14.0,0,62.0,0,0,0
20193.0,0.5189947002424222,0,12.0,5,170.0,1,0,0
12453.0,1.2644966701823765,0,14.0,3,629.3,0,0,0
27292.0,1.1045868307382272,0,16.0,1,1985.5,0,0,0
32581.0,0.9130662093018164,0,15.0,1,1208.6,1,0,0
3987.0,1.0567930426438703,0,15.0,1,727.8,1,0,0
11480.0,1.2685980271154036,0,12.0,2,119.5,1,0,0
2377.0,0.7350119584307002,0,13.0,1,396.0,2,0,0
15075.0,0.5803346119531851,0,9.0,2,162.5,1,1,0
109360.0,5.255079080440358,1,23.0,8,8.2,10,1,1
15249.0,1.4447650519640955,1,11.0,0,255.0,2,0,0
23282.0,0.8298327806875393,0,14.0,0,97.3,2,0,0
81142.0,2.600326681992853,1,2.0,3,55.3,5,0,1
17908.0,0.9290227148868309,0,10.0,3,522.6,2,0,0
19605.0,0.6492466651096337,0,15.0,3,418.3,6,0,0
8583.0,0.8248982059339702,0,11.0,1,1278.1,2,0,0
5357.0,0.6474154534796439,1,15.0,3,13.6,0,0,0
8531.0,1.1148399614386157,0,17.0,1,54.6,5,0,0
12791.0,0.7782825920404417,0,16.0,0,78.8,3,0,1
15846.0,1.2006120886952063,0,13.0,1,137.9,0,0,0
5871.0,1.0857976889478396,0,12.0,2,549.5,1,0,0
18477.0,0.8554872698657414,0,16.0,4,1542.7,3,0,0
9422.0,1.0454861071274848,0,14.0,1,120.1,5,0,0
1009.0,1.3253624343048762,0,14.0,0,151.8,0,0,0
12978.0,1.0238619216523914,0,8.0,2,334.5,0,0,0
9463.0,0.8359707674892276,1,13.0,2,44.7,2,0,0
9968.0,0.34533014668243966,0,11.0,5,213.7,2,0,0
12695.0,0.9061583752803872,0,12.0,1,198.6,1,0,0
23292.0,1.0785322805331325,0,15.0,3,461.0,3,1,0
3968.0,0.9605335971941469,0,16.0,1,1140.7,0,0,0
7276.0,0.935690893542967,0,14.0,1,1020.8,3,0,1
19515.0,1.3366658177427744,0,18.0,1,368.0,2,0,0
9212.0,0.9044634022486041,0,10.0,2,86.6,4,0,0
138607.0,4.740641440013581,1,5.0,5,0.3,6,1,1
10363.0,0.9493974028532299,0,10.0,2,348.9,2,0,0
7948.0,1.4383382481524563,0,21.0,2,217.0,1,0,0
33139.0,1.4763732547745765,0,11.0,2,663.7,0,0,0
12371.0,1.1275485513248007,0,13.0,1,553.6,4,0,1
10715.0,1.184472587804164,0,16.0,1,263.4,1,0,0
3246.0,1.5858392931467757,0,15.0,3,965.1,1,0,0
5501.0,0.8671179377266665,0,21.0,1,326.5,3,0,0
12696.0,1.0174016771860348,0,13.0,1,389.4,0,0,0
8892.0,0.7604570629643571,0,18.0,3,269.7,2,0,0
22041.0,0.8507672327997172,0,11.0,1,957.3,1,0,0
21891.0,1.139463829846935,0,11.0,2,168.1,2,0,0
6781.0,1.3414960687824211,0,17.0,5,561.5,0,0,0
14969.0,0.37687184578991817,0,9.0,1,144.2,2,0,1
9882.0,0.600190805804374,1,6.0,0,60.8,4,0,0
21753.0,1.2233892553395804,0,14.0,1,62.7,6,0,0
7450.0,1.109371174833844,0,15.0,2,438.8,1,0,0
14733.0,1.2091503001116464,0,15.0,2,1301.8,0,0,0
20962.0,0.9054697817169202,0,13.0,1,1014.9,2,0,0
13820.0,0.9434937462301934,0,6.0,0,77.1,3,1,0
12302.0,0.8561212446811065,0,15.0,1,70.5,2,0,0
16119.0,1.4452076371903548,0,12.0,0,89.7,1,0,0
12968.0,1.0652216293291732,0,10.0,3,302.4,1,0,0
22559.0,1.2710899890817378,0,5.0,1,464.7,4,0,0
33364.0,0.9893957800498717,0,12.0,1,618.1,3,1,0
16426.0,0.9848274497671047,0,17.0,0,70.6,6,0,0
10981.0,0.8818893705432406,0,17.0,2,484.0,0,0,0
12502.0,6.567752237891304,1,22.0,8,19.0,8,1,1
12739.0,0.7814401555874078,0,18.0,0,334.2,1,0,0
26120.0,1.4501264958606053,0,23.0,0,590.1,3,0,0
12893.0,0.8854238450414105,0,9.0,0,581.3,1,0,0
35213.0,0.8750559317158562,0,12.0,1,522.6,5,0,0
10812.0,0.8967060542150738,0,15.0,1,193.8,1,0,0
9974.0,1.0103661561962072,0,11.0,2,14.2,1,0,0
20848.0,1.0099223831140818,1,16.0,0,342.1,1,0,0
15839.0,1.277574176905326,1,17.0,1,311.7,0,1,0
51277.0,4.900498432795627,1,4.0,10,36.2,5,0,1
50659.0,1.239031012483888,1,12.0,3,730.1,1,0,0
14431.0,1.7894390459562906,0,10.0,1,250.4,1,0,0
13991.0,0.8545195970119112,0,8.0,1,635.5,2,0,0
35935.0,1.1183888492350587,1,10.0,1,1145.7,2,0,0
3741.0,1.106609010064973,0,19.0,1,837.8,0,0,0
10254.0,1.1003941468805112,1,15.0,1,311.3,1,0,0
10616.0,1.2683432050326573,0,10.0,2,447.9,1,0,0
5985.0,1.0021241920345556,0,16.0,1,431.3,3,0,0
6861.0,1.5472965194515216,0,10.0,0,242.8,2,0,0
3493.0,1.4311619273976248,0,20.0,1,1139.4,2,0,0
21359.0,0.9276473907504579,0,23.0,3,722.9,0,0,0
13104.0,0.9398208441605005,0,13.0,1,78.5,1,0,0
11152.0,1.1317307546343758,0,17.0,0,384.8,1,0,0
5829.0,0.9184807035604432,0,12.0,3,420.3,1,0,0
13471.0,1.06813897866493,1,15.0,1,0.0,2,0,0
30487.0,1.162533923895071,0,10.0,2,0.6,3,1,0
1219.0,1.2183915794084192,0,18.0,2,371.0,0,0,0
34780.0,1.3735145347873972,0,21.0,4,12.3,6,0,1
706.0,1.304508337956301,0,14.0,5,700.2,3,0,0
22733.0,1.3144933596794874,0,14.0,0,112.8,2,0,0
12122.0,1.2716769055163735,1,18.0,1,406.9,2,0,0
10494.0,0.8547066015814141,0,13.0,1,975.5,0,0,0
2339.0,0.7860304118044416,0,12.0,3,331.3,6,0,0
45209.0,0.8447217014490442,1,15.0,1,19.3,2,0,0
13197.0,1.332100582263013,0,19.0,4,214.8,2,0,0
61546.0,5.058610357017621,1,5.0,7,7.3,5,0,1
10775.0,0.9854817551651867,0,3.0,1,98.2,2,0,0
10113.0,1.3103061310149127,1,12.0,0,139.4,3,1,0
6661.0,0.7717008909036962,1,10.0,4,538.2,0,0,0
11998.0,0.919665661213233,0,16.0,1,611.0,6,0,1
20729.0,1.15542826583064,0,14.0,1,660.6,1,0,0
8614.0,1.49587892833339,0,16.0,2,348.3,3,0,0
15078.0,1.344734457661139,0,13.0,0,275.8,2,0,0
22189.0,0.9674581349508165,0,13.0,0,152.7,6,0,0
6909.0,1.4102121040556344,0,12.0,2,218.3,4,0,0
13871.0,0.9771192332856975,0,13.0,2,579.1,1,0,0
26397.0,1.1148047558029572,0,18.0,0,94.8,2,0,0
10861.0,0.8862925109489187,0,8.0,1,677.0,0,0,0
12728.0,1.021887661422553,0,8.0,2,543.3,2,0,0
15261.0,1.0738956916943474,0,12.0,1,294.5,0,0,0
12407.0,0.9757052659832396,0,16.0,4,173.0,4,0,0
11472.0,1.3261559049638125,0,12.0,2,63.3,2,0,0
4186.0,0.7050115179708696,0,18.0,2,32.9,3,0,0
17084.0,1.195603539065082,0,12.0,2,381.4,0,0,0
12157.0,0.8734400094145334,0,14.0,1,150.0,3,0,0
2020.0,0.7752833938842678,0,12.0,0,327.7,1,0,0
16898.0,0.7044622980114005,0,11.0,2,20.9,3,0,0
52164.0,0.5227156709293295,1,16.0,2,921.7,1,0,0
18163.0,1.2221171389770191,0,17.0,3,43.6,0,0,0
13658.0,1.1239034588048111,0,12.0,1,547.7,4,0,1
944.0,0.8741353952306236,0,16.0,0,1416.7,2,0,0
13153.0,0.9334364626259684,1,17.0,1,582.2,3,0,0
15884.0,0.3719605234671557,0,16.0,1,35.4,5,0,0
16859.0,0.8283784646283538,0,20.0,4,321.3,1,0,1
32566.0,1.6867051469586385,1,5.0,4,19.5,11,1,1
10730.0,0.7148967451566562,0,13.0,2,433.4,4,0,0
27074.0,1.394898542216881,0,13.0,0,721.2,2,0,0
14554.0,0.8882099767661916,0,11.0,2,200.2,3,0,0
18478.0,0.8201916713632278,0,14.0,3,104.8,2,0,0
14498.0,1.209821339748416,0,15.0,4,44.6,3,0,0
40381.0,1.258202933419191,0,16.0,0,906.8,0,0,0
41858.0,0.9596413353745045,0,9.0,3,46.1,1,0,0
13680.0,1.1936500288329062,0,18.0,0,386.9,1,0,0
31552.0,1.1062346714491482,0,19.0,2,153.1,0,0,0
9592.0,0.9457881287333069,0,9.0,1,84.7,2,0,0
1285.0,1.093288118363103,0,13.0,3,34.0,2,0,0
12957.0,2.662851145838115,1,2.0,7,22.6,8,1,1
20314.0,1.15837836847123,0,16.0,0,157.0,6,0,0
20946.0,4.787203606884512,1,21.0,4,18.8,7,1,1
14026.0,1.0647830234576987,0,16.0,1,138.4,2,1,0
11470.0,0.9183649516272606,1,19.0,5,787.0,1,0,0
6803.0,1.2552054153617231,0,17.0,0,165.4,2,0,0
11206.0,0.9841724367888852,0,17.0,2,335.3,1,0,0
17370.0,0.9355708596530861,0,13.0,1,744.0,3,0,0
12892.0,0.74316616094537,0,19.0,1,317.8,1,0,0
14566.0,0.6803824098854533,0,18.0,2,1905.9,2,1,0
18667.0,1.3622408215411146,0,18.0,1,1210.2,4,0,0
19010.0,1.349011824983922,0,14.0,3,371.3,5,0,0
19493.0,0.8932433338947066,0,15.0,0,253.9,4,0,0
19417.0,0.6608221976723216,1,12.0,1,178.0,3,1,0
6727.0,1.2059981628334202,1,11.0,0,1250.9,1,0,0
8591.0,0.9859335364336852,1,11.0,0,338.7,1,0,0
9868.0,1.13015368352489,0,18.0,2,256.6,2,0,0
19338.0,1.0597185812362113,0,11.0,3,97.9,2,0,0
93401.0,3.362031714724166,1,22.0,5,2.6,3,1,1
10144.0,0.6344352729746934,0,15.0,0,0.8,2,0,0
14798.0,0.9186568714587146,0,16.0,1,342.6,1,0,0
7168.0,1.2783551633843637,0,19.0,0,425.3,2,0,0
19940.0,0.7331442022558896,0,10.0,1,114.3,4,0,0
15392.0,1.4525823449411854,0,18.0,2,436.1,1,0,1
10361.0,0.9998416257810588,0,21.0,2,85.3,0,0,0
21732.0,0.47281144600989466,0,12.0,2,175.9,1,0,0
7664.0,0.768390261518097,0,14.0,3,638.6,1,0,0
23602.0,1.3556471150994533,0,20.0,0,505.5,2,0,0
30064.0,0.7634924530400398,0,9.0,0,108.2,1,0,0
36702.0,0.8715292046915033,0,11.0,0,81.1,1,0,0
35716.0,4.51477882995222,1,23.0,5,17.7,5,1,1
13026.0,0.9273873982712759,1,17.0,2,1172.0,1,0,0
19228.0,0.9841674454012928,0,18.0,3,346.6,2,0,0
10140.0,0.8267480629833213,0,21.0,1,214.8,2,0,0
29226.0,0.6846207060977695,0,15.0,0,445.9,2,0,0
81394.0,5.169322477402437,0,21.0,6,78.3,10,1,1
7240.0,1.0701181847111512,1,20.0,4,1644.3,1,0,0
1535.0,0.8017429626670629,0,18.0,1,488.5,1,0,0
26721.0,1.356453707670219,0,13.0,0,91.8,0,0,0
11470.0,1.0511429124250817,0,20.0,1,5.1,4,0,0
21163.0,4.656382878432066,0,21.0,5,15.8,8,0,1
9139.0,0.8732300832415489,0,15.0,0,58.9,3,0,0
2876.0,1.322909253383314,0,21.0,1,525.5,1,0,0
7304.0,5.516794479316509,0,23.0,10,41.3,9,1,1
16417.0,1.2118280104514572,0,15.0,2,294.0,1,0,1
4829.0,0.6394078974511765,0,21.0,0,431.8,2,0,0
9399.0,1.1300551829554313,0,12.0,1,106.0,0,0,0
48120.0,1.3446925847872921,0,9.0,2,247.4,2,0,0
5030.0,0.6391648893179862,0,22.0,0,429.7,1,0,0
8882.0,1.0113429022401845,0,16.0,2,579.9,5,0,0
13855.0,0.8205626311100309,0,18.0,1,89.5,0,0,0
7086.0,6.019647878365966,1,4.0,7,4.6,5,0,1
29262.0,1.253560392683856,0,14.0,0,129.9,4,0,0
14263.0,0.9949996281633218,0,15.0,2,84.6,0,0,0
2286.0,1.2213100118894373,0,15.0,2,229.6,0,0,0
19184.0,1.097253673678373,0,20.0,0,216.6,2,0,0
38096.0,6.052370079175072,1,22.0,5,83.5,11,0,1
3423.0,0.748293006002424,0,17.0,3,42.3,5,0,0
2036.0,0.8892327194747103,0,16.0,1,440.7,2,0,0
7489.0,0.8066379118445541,0,9.0,0,214.4,4,0,0
2172.0,0.9529331560085113,0,14.0,0,650.1,3,0,0
7248.0,0.7454625162492647,1,16.0,2,17.7,4,0,0
2829.0,0.8670673009278331,1,15.0,4,387.3,1,0,0
37338.0,0.743371865145299,0,10.0,1,868.4,2,0,0
12769.0,0.8343289945118595,1,14.0,0,767.7,2,0,0
15348.0,1.3264814771580582,0,15.0,2,1157.3,2,0,0
6242.0,0.8793263705973405,0,15.0,1,1275.4,3,0,0
22300.0,1.1903041375453822,0,18.0,6,477.6,5,0,0
27651.0,0.9710314756354411,0,16.0,2,55.2,0,0,0
43881.0,0.8826493170915356,0,14.0,2,545.2,2,0,0
43780.0,0.8681147874804929,1,20.0,1,321.1,3,0,0
17746.0,1.2001450728622058,0,17.0,0,278.6,3,0,1
12428.0,0.6693194187485522,0,15.0,0,217.5,5,1,0
8379.0,1.4060449880801063,0,14.0,2,179.5,2,0,0
12183.0,0.38812903711973334,0,23.0,1,97.1,4,0,0
18804.0,1.1752829249012762,0,15.0,1,26.8,5,0,0
12295.0,0.909342239032564,0,8.0,2,400.9,3,0,0
29907.0,0.4105437511500106,0,17.0,1,553.8,1,0,0
13774.0,1.183403842406746,0,16.0,1,902.3,2,0,0
19622.0,0.9082629755507895,0,9.0,1,365.1,3,0,0
12454.0,1.1249161222385577,0,14.0,1,44.5,1,0,0
12720.0,1.620567563620603,0,17.0,1,69.4,1,0,0
10999.0,1.0066810839618157,0,15.0,0,84.3,0,0,0
4896.0,0.9977605259007287,1,8.0,0,291.7,4,0,0
11549.0,1.2675932210589271,0,11.0,1,256.9,2,1,0
14715.0,1.1579325193608605,0,17.0,2,535.2,5,0,0
13039.0,1.3203132083570956,1,18.0,1,192.9,2,0,0
7201.0,1.169660236720429,0,10.0,2,285.0,2,0,0
6034.0,1.101168338731055,0,17.0,3,825.2,4,0,0
11199.0,0.8931613071081653,0,17.0,1,1049.2,1,0,0
2573.0,0.8570031289325014,0,16.0,0,748.6,0,0,0
8334.0,1.1020634571367478,0,13.0,0,95.9,0,0,0
5310.0,0.4892826648657108,0,19.0,2,185.6,2,0,0
2621.0,0.9106008429175572,0,8.0,1,382.4,4,0,0
10824.0,1.0920936066017641,0,10.0,1,55.7,1,0,0
35863.0,0.7969703031607311,0,18.0,0,1026.8,2,0,1
31469.0,1.2743956136885957,0,7.0,1,560.1,3,0,0
15372.0,0.9962663368056324,0,13.0,1,152.5,2,0,0
85056.0,7.072138516505822,1,23.0,10,6.8,8,1,1
14008.0,0.9013279040572886,0,16.0,0,1056.6,1,0,0
52572.0,8.225228911296448,1,1.0,6,33.6,9,1,1
39489.0,4.335435438404589,1,3.0,6,29.5,4,1,1
5212.0,1.1987005875368406,0,18.0,1,1071.3,1,0,0
39097.0,2.3861632388593037,1,0.0,6,45.3,5,1,1
10442.0,0.5829762125820427,0,16.0,1,574.0,3,0,0
2802.0,1.2544759537956303,1,17.0,3,561.9,3,0,0
9755.0,1.2217343203499782,0,15.0,1,90.7,1,0,0
35233.0,0.9216382526347244,0,11.0,2,256.2,3,0,0
16139.0,0.876527300065473,0,14.0,0,171.8,4,0,0
28144.0,1.0835281582458844,1,12.0,0,44.7,0,0,0
4748.0,0.7839780065054542,1,18.0,1,499.0,3,0,0
21959.0,1.2572837352583481,1,17.0,1,1497.6,3,0,0
24075.0,0.962873801259729,0,13.0,1,193.9,4,0,0
117944.0,1.8945717070455004,0,22.0,7,13.5,7,0,1
2644.0,1.142402851906179,0,12.0,4,209.2,4,0,0
27589.0,1.5830766586764708,0,18.0,1,106.3,3,1,0
6918.0,0.80686860305535,1,13.0,1,20.5,1,0,1
103991.0,3.0485266028273807,1,4.0,4,8.7,6,1,1
4274.0,0.5951242267178634,0,17.0,1,159.6,3,0,0
15801.0,1.0830248695349969,0,12.0,2,290.1,3,0,0
20011.0,0.6801701704780387,0,16.0,1,43.2,1,0,0
768.0,0.8773057393108081,1,10.0,3,4.1,1,0,0
42228.0,1.4754252610997975,0,18.0,0,1633.2,3,0,0
2744.0,1.1581531391254571,0,12.0,2,854.1,0,0,0
4007.0,1.1706540857509502,0,12.0,0,54.2,4,0,0
10057.0,0.6278097386414372,0,15.0,1,261.4,2,0,0
23090.0,0.6363968117732495,0,14.0,1,308.0,1,0,0
18008.0,0.8402951947582434,1,19.0,3,1837.8,2,0,0
31863.0,1.2535072119001773,0,16.0,5,753.7,0,0,0
11421.0,0.9355818738252367,0,19.0,0,140.7,3,0,0
11886.0,0.9544419881980275,0,16.0,1,244.3,0,0,0
28178.0,1.2129748171912955,0,11.0,1,514.7,2,0,0
6024.0,0.8836159239186011,0,7.0,1,495.3,5,0,1
40056.0,1.5249664808687189,0,11.0,3,551.2,0,0,0
14166.0,1.0486095175133832,0,13.0,1,289.7,2,0,0
47359.0,1.2859737926431585,0,12.0,0,114.7,1,0,0
40862.0,0.9934290106144722,0,5.0,0,1455.8,0,0,0
21573.0,1.2518666834164562,0,12.0,0,607.0,0,0,0
33246.0,0.6760567802981952,0,15.0,4,611.2,0,0,0
18179.0,0.9675207050052481,1,19.0,1,190.7,4,0,0
68366.0,3.44657151198388,1,21.0,3,40.6,6,1,1
3688.0,1.2814027565524273,0,12.0,0,295.4,1,0,0
21704.0,1.1840923821911715,0,13.0,1,524.9,2,1,0
10383.0,1.4423191926350514,0,8.0,1,567.2,1,0,0
15024.0,0.9874044986290645,0,13.0,3,111.0,1,0,0
32895.0,1.1940327413771472,0,11.0,0,12.8,0,0,0
20761.0,0.7186586520577304,0,15.0,1,680.9,1,0,1
100170.0,5.789784829389827,1,22.0,4,29.5,5,0,1
92942.0,7.439031291133469,1,21.0,8,28.6,11,0,1
10763.0,0.5616925483006987,0,15.0,1,95.9,5,0,0
35640.0,1.2879758598160764,0,15.0,3,773.3,2,0,0
9486.0,0.9047772170801635,0,14.0,2,78.3,1,0,1
35345.0,1.1154512265097951,1,13.0,2,281.7,0,1,0
29058.0,6.464162838120519,1,21.0,6,125.5,7,0,1
20115.0,0.8149192277220383,1,14.0,3,391.1,2,0,0
4223.0,1.3439195879289176,0,15.0,0,578.6,0,0,0
8067.0,1.4626042170145281,0,12.0,1,64.4,3,0,0
22673.0,1.0369418906210162,0,13.0,2,344.0,3,0,0
19739.0,0.8367289091775613,0,18.0,0,139.5,1,0,0
17595.0,1.1371595179584018,0,14.0,3,638.0,3,0,0
10710.0,1.2179521280602814,0,7.0,0,503.3,2,0,0
15723.0,0.7603903217332526,1,15.0,2,342.2,1,0,0
6247.0,0.7015165599596562,0,11.0,1,89.3,4,0,0
28518.0,4.977126507152415,1,22.0,7,28.7,7,1,1
28558.0,0.8021563993586459,0,17.0,1,628.3,2,0,0
13153.0,1.0701079753939609,0,18.0,2,93.8,4,0,0
6221.0,0.742037788943808,0,15.0,0,103.7,0,0,0
49455.0,1.2863348576335263,1,17.0,1,135.5,0,0,0
6727.0,0.9156836348273021,1,18.0,1,995.4,1,0,0
4478.0,0.9710584531573563,0,18.0,0,87.8,5,0,0
24956.0,0.81398373720384,0,15.0,0,256.0,2,0,0
17170.0,0.681292326466008,0,10.0,2,153.5,0,0,0
15477.0,0.6384291906594741,0,17.0,1,1348.6,1,0,0
14170.0,1.1073299331066437,0,13.0,1,45.4,2,0,0
9612.0,1.3734972535891694,0,15.0,1,511.2,2,0,0
42845.0,1.1014496884553573,0,16.0,1,695.6,4,0,0
14216.0,1.0250676747598138,0,10.0,0,281.1,1,0,0
26505.0,1.1250844457048683,0,15.0,2,534.0,3,0,0
17997.0,1.0999647074406715,0,19.0,3,334.2,1,0,0
13359.0,1.0803919844085967,1,16.0,3,494.0,0,0,0
15227.0,0.8180919639305102,0,19.0,0,93.7,4,0,0
4570.0,1.0327956136291547,0,9.0,0,692.2,1,0,0
7751.0,1.6117034446011318,0,14.0,0,18.3,2,0,0
1962.0,0.982064853152565,0,15.0,1,120.5,2,0,0
8506.0,0.6946780209224105,0,13.0,2,111.5,3,0,0
11704.0,0.9396735793291822,1,18.0,2,485.5,3,0,0
10955.0,0.48163394608139265,0,22.0,3,54.6,3,0,0
21522.0,1.2224748408108832,0,18.0,3,271.3,5,0,0
8157.0,0.7655392903270668,0,9.0,1,1106.8,1,0,1
9401.0,0.7537085028980236,0,14.0,1,178.2,1,0,0
2516.0,0.9162468376859201,0,10.0,2,296.7,1,0,0
3864.0,1.5366361980808936,0,16.0,1,331.5,5,0,0
21454.0,0.9539285456868432,0,17.0,3,1265.2,1,0,0
5860.0,1.5103846960792362,0,17.0,2,68.8,2,1,0
7412.0,1.0116485417765086,0,15.0,3,145.9,3,0,1
44635.0,2.8779452419660445,1,22.0,6,1.0,8,0,1
12047.0,1.044196096836456,0,16.0,1,201.3,0,0,0
26887.0,1.3020153750220143,1,23.0,1,257.9,1,0,0
12362.0,0.8753023756653995,0,17.0,0,23.7,2,0,0
6688.0,1.2295905342574391,0,10.0,2,1145.6,1,0,0
4777.0,0.8983264046981194,0,16.0,1,703.7,0,0,0
32702.0,4.08034147519106,1,21.0,9,15.5,2,0,1
7757.0,1.2710390058527161,0,17.0,3,321.4,1,0,0
45443.0,1.1024678723148085,0,16.0,2,119.5,0,0,0
2357.0,1.061794432258372,0,12.0,0,52.0,2,0,0
8914.0,1.1987317469312535,0,11.0,1,209.1,3,0,0
12024.0,0.7029134809705966,0,18.0,1,1638.2,2,0,0
28431.0,1.3348805212369195,0,16.0,1,365.1,3,0,0
8312.0,1.0857720438130325,0,12.0,2,348.6,3,0,0
27240.0,1.199522674100279,1,11.0,3,24.5,3,0,0
12969.0,3.1034913765684826,0,22.0,3,15.0,5,0,1
5304.0,1.3464822361181807,0,14.0,3,152.4,2,0,0
3703.0,0.7273079118304098,0,14.0,3,367.5,0,0,0
17971.0,0.7497143938822872,0,11.0,0,255.2,2,0,0
9452.0,1.290519934497691,1,11.0,1,1407.6,0,0,0
24269.0,1.1343897205512434,0,16.0,0,374.6,3,0,0
9514.0,0.5789063017976106,0,16.0,2,287.4,2,0,0
32906.0,1.1109731517528307,1,10.0,3,1170.5,2,0,0
26196.0,1.0289981708281053,0,15.0,1,923.5,2,0,0
31759.0,1.0180160881223868,0,11.0,1,20.4,3,1,0
1861.0,1.1369683923662666,0,15.0,1,103.3,2,0,0
31861.0,1.2445433567519322,0,12.0,2,440.2,5,0,0
85556.0,3.7867259649479625,0,22.0,7,10.8,4,1,1
5479.0,0.9383452816989467,0,14.0,0,376.6,1,0,0
1530.0,0.8557077465442167,0,20.0,1,545.5,0,0,0
49965.0,0.661956478655533,0,5.0,1,17.4,2,0,0
33478.0,3.3729613961664597,1,21.0,5,12.4,10,1,1
12935.0,0.8829595661934078,0,11.0,2,880.7,2,0,0
1302.0,1.267135896320563,0,18.0,2,170.8,3,0,0
34703.0,0.8652280764570458,0,13.0,0,9.0,3,0,0
10445.0,1.008201801864021,0,17.0,1,467.4,2,0,0
29041.0,1.1735782569450386,0,18.0,3,337.9,1,0,0
11141.0,0.619833148142009,0,17.0,1,93.7,4,0,0
34248.0,0.9337759865241798,0,4.0,3,177.1,1,0,0
29225.0,0.6362992916004383,0,10.0,1,3.6,0,0,0
11389.0,1.1150156526622317,0,10.0,2,240.2,2,0,0
10788.0,0.5851645999662021,0,13.0,0,337.6,1,0,0
3016.0,1.0832681767751309,0,13.0,1,589.5,1,0,0
2927.0,0.8234823155294182,0,18.0,3,750.5,1,0,0
1593.0,1.0158292015538226,0,15.0,1,867.4,1,0,0
2438.0,0.8771128297700161,0,14.0,3,323.3,1,1,0
19298.0,1.2396296832275733,0,11.0,4,347.5,4,1,0
25091.0,0.8024981758907367,0,17.0,1,152.4,2,0,0
20213.0,1.2594695572256442,0,14.0,2,208.8,4,0,1
16823.0,1.1901978657652268,0,2.0,1,1209.0,1,0,0
61885.0,5.262878674712423,1,3.0,7,10.9,10,1,1
8233.0,0.5265748139702409,0,17.0,0,73.3,1,1,0
26519.0,1.0442698198154547,0,9.0,1,29.9,0,0,0
4147.0,1.05801065118581,0,15.0,1,412.9,1,1,0
22663.0,0.9044180091814394,0,11.0,1,178.6,1,0,0
24120.0,0.7531059693428077,0,19.0,2,98.6,2,0,0
20602.0,0.7188656694125415,0,13.0,2,1024.2,2,1,0
27615.0,0.9624607406271715,0,16.0,2,574.3,1,0,1
27031.0,0.8613765639260886,0,20.0,0,871.3,4,0,0
9106.0,0.8407325112487893,0,23.0,1,27.2,1,0,0
10161.0,1.3455333595502252,0,12.0,3,237.2,1,0,0
10410.0,1.2119629641226064,1,20.0,2,98.8,2,0,0
27851.0,0.6604387317763656,0,21.0,2,378.0,3,0,0
18520.0,1.800060745129266,0,14.0,1,28.7,1,0,0
8106.0,0.7748621100940767,0,22.0,2,897.3,2,0,0
42902.0,1.013564903324958,0,19.0,0,1102.0,0,0,0
22582.0,1.4540386028427368,0,15.0,0,171.3,2,0,0
17845.0,1.1097786731715487,0,10.0,0,761.7,3,0,0
8435.0,1.4494552244094048,0,9.0,0,60.9,2,0,0
33338.0,1.2074840790143175,0,4.0,0,1567.6,2,0,0
27788.0,1.1653623096614318,1,10.0,2,271.2,2,0,0
29797.0,0.9355376744824582,0,9.0,0,475.7,2,0,0
83681.0,0.9949773422080951,0,12.0,4,384.6,3,0,0
8751.0,0.6646902523412812,1,11.0,0,567.5,3,0,0
33497.0,0.8448823029214347,0,15.0,1,293.6,2,0,0
16905.0,1.2328033727977583,0,17.0,1,82.9,1,0,1
2996.0,1.4669740195560177,0,14.0,3,273.9,2,0,0
14576.0,1.000615458896904,0,19.0,2,75.4,2,0,0
12724.0,0.7926707764607845,0,9.0,2,126.7,2,1,0
13230.0,0.9480263145470982,0,19.0,1,242.9,2,0,0
50526.0,1.164063293723877,1,11.0,1,24.7,1,0,0
10929.0,1.321935445722511,0,14.0,3,1213.8,3,0,0
7833.0,0.6893287641443999,0,13.0,0,613.6,4,0,0
13022.0,1.147616801233573,0,14.0,0,934.3,1,0,0
62849.0,3.706877606192688,1,23.0,4,3.5,5,0,1
2411.0,1.1694763902223038,0,17.0,1,188.2,6,0,0
16706.0,7.106678581479086,1,5.0,4,45.3,7,0,0
25020.0,0.8959793400698964,0,19.0,1,222.3,3,0,0
9155.0,1.305071881146079,1,14.0,4,373.4,1,0,0
4911.0,0.9853494090974788,0,14.0,2,585.5,2,0,0
10286.0,1.254962174315016,0,12.0,2,307.9,1,0,0
4401.0,0.73286385077209,0,14.0,0,445.0,3,0,0
8522.0,0.9207017519088223,0,14.0,1,37.0,1,0,1
31350.0,0.9560064604826305,0,13.0,4,340.5,1,0,0
5427.0,0.7084226585589788,1,18.0,1,1096.5,1,0,1
46477.0,1.0872096908923106,0,14.0,1,182.1,3,0,0
7874.0,1.0782729836686904,0,22.0,1,155.3,0,0,0
32344.0,0.8312254921910218,0,7.0,1,2.7,2,0,0
45560.0,1.1777512297841062,0,10.0,2,760.8,1,0,0
27042.0,0.9430501815842101,0,15.0,0,476.0,1,0,1
14679.0,1.3567255179349353,0,15.0,1,2.7,2,0,0
8176.0,1.3140051843450125,0,12.0,2,4.5,3,0,0
3414.0,0.6585792331767052,0,19.0,1,245.9,2,0,0
10752.0,1.0774807936498372,0,6.0,0,542.6,2,0,0
10259.0,0.9494489477752243,0,13.0,2,280.3,4,0,0
5420.0,1.174053887957561,0,13.0,3,271.1,2,0,0
24330.0,1.3674459637581247,0,23.0,2,186.9,3,0,0
2341.0,0.8527434410022285,0,14.0,2,699.1,6,0,0
19437.0,3.6427623556028874,1,2.0,10,14.6,7,1,1
37428.0,1.1254396183509188,0,15.0,0,103.2,3,0,0
87886.0,4.803406717813327,1,2.0,6,1.4,6,1,1
31651.0,1.34949256039601,0,10.0,1,426.2,2,0,0
5590.0,1.360635127272802,0,18.0,0,157.2,1,0,0
11537.0,1.0695300020666827,0,10.0,0,1092.6,4,0,0
6462.0,0.9112135762887322,0,18.0,4,191.4,2,0,1
7153.0,0.8368957689009078,0,14.0,0,633.1,5,0,0
7540.0,1.0729509260328474,0,20.0,2,996.0,2,0,0
47926.0,1.3447650858088327,0,4.0,0,272.7,1,0,0
12112.0,1.3437162014270618,0,12.0,2,174.4,3,0,0
22855.0,1.2511140797179854,0,18.0,5,36.7,3,0,0
29125.0,0.9726056999291632,0,13.0,2,185.6,0,0,0
110733.0,6.54685854880994,1,0.0,7,67.1,10,1,1
14274.0,1.291252796817044,0,13.0,1,118.1,4,0,0
37525.0,4.697005319765863,1,21.0,6,2.8,5,1,1
11151.0,0.8121914201317426,0,15.0,2,246.3,3,0,0
8902.0,0.7822250750328896,1,19.0,1,83.3,3,0,0
11607.0,0.9078743891594468,0,16.0,2,695.9,3,0,0
28263.0,1.337698162118425,0,17.0,3,77.1,4,0,0
22884.0,1.002956929783744,0,6.0,4,125.0,1,1,0
27849.0,0.8398586598352574,0,11.0,3,528.3,6,0,0
17777.0,1.3377046667604775,0,9.0,0,10.4,2,0,0
31272.0,0.9186110343468059,1,9.0,2,55.8,1,0,0
364.0,0.7382854261579336,0,21.0,1,258.2,1,0,0
10240.0,0.8592897318030358,1,18.0,1,587.5,2,0,0
21405.0,1.3148346190529967,0,15.0,2,261.5,3,0,0
2704.0,1.0826012383933437,0,13.0,1,913.9,0,1,0
22190.0,0.7590452669331001,1,16.0,0,1021.8,2,0,0
14986.0,6.872699507574064,1,23.0,6,2.4,4,0,1
10794.0,1.3375991568253318,0,11.0,0,97.6,3,0,0
6383.0,0.6353223509231054,0,10.0,2,1227.8,2,1,0
16088.0,0.7479411268784874,0,12.0,1,236.8,2,0,0
12116.0,1.0066401714952558,0,23.0,2,1219.5,3,0,0
7172.0,1.3029322730280022,0,10.0,2,748.1,1,0,0
2302.0,1.2396437133845333,0,8.0,1,841.6,2,0,0
1157.0,1.1958455622131763,0,14.0,2,181.9,1,0,0
4302.0,0.8461722565920646,0,11.0,0,371.8,2,0,0
30447.0,5.473093149078158,1,21.0,11,5.5,15,1,1
13890.0,0.7758418537836305,0,10.0,0,307.2,0,0,0
50703.0,7.676289682518667,1,2.0,6,16.2,9,1,1
10786.0,0.7561324833246106,0,11.0,2,653.3,1,0,0
11782.0,0.6929508936142404,0,10.0,0,480.6,2,0,0
26965.0,5.93703013830649,1,3.0,3,86.2,7,0,0
36520.0,0.9996332766152979,0,12.0,3,237.7,2,0,0
32128.0,1.083196222019156,0,7.0,1,319.7,1,0,0
21084.0,3.2691777960428183,1,4.0,4,4.2,10,1,1
28289.0,0.7918690649523561,0,15.0,4,384.1,3,0,0
2016.0,1.1596164044642607,0,14.0,3,37.6,3,0,0
57917.0,1.0086387819285272,0,16.0,2,239.0,2,0,0
8744.0,0.9058391617362733,0,11.0,1,285.3,1,0,0
218898.0,5.884035676034273,1,2.0,5,18.1,6,1,1
16311.0,1.4115465022781428,1,20.0,3,24.8,6,0,0
28776.0,0.8435134471232569,0,9.0,1,60.4,1,0,0
22630.0,0.9059425971578791,0,10.0,2,306.1,0,1,0
12323.0,1.1677220680374574,0,16.0,1,298.8,4,0,0
10312.0,1.5332554424873028,1,15.0,3,2024.6,3,0,0
31917.0,1.3116256043621242,0,20.0,5,100.1,2,0,0
12083.0,1.0705268357574926,0,9.0,2,792.6,2,0,0
9749.0,0.9681362545405584,1,18.0,0,1871.9,2,0,0
12336.0,1.3474398037769546,0,9.0,2,115.9,1,0,0
20609.0,0.7119513882810224,0,2.0,1,1204.1,4,0,0
4839.0,1.0025523216406886,0,16.0,3,139.6,3,0,0
11595.0,1.6691269766710366,1,13.0,3,275.8,2,0,0
21467.0,0.8075750249164959,0,18.0,1,269.7,2,0,0
14115.0,1.1501798798235143,0,16.0,1,2444.0,2,0,0
13867.0,1.3802433544953965,0,14.0,5,1450.2,2,0,0
10967.0,1.066346766715662,0,18.0,4,985.3,1,0,0
1203.0,1.1598507075964979,0,11.0,1,506.7,2,0,1
5960.0,0.8533708026629657,0,16.0,1,365.9,1,0,0
9858.0,1.2779341647121139,0,18.0,1,249.3,1,0,0
9261.0,0.7538096808321898,0,20.0,1,87.1,0,0,0
13410.0,1.051397447478807,0,9.0,1,80.2,3,0,0
12625.0,1.169349970089801,0,17.0,4,434.2,9,0,0
43474.0,1.022495894704074,0,11.0,1,430.1,1,0,0
12504.0,6.0873118595339495,1,4.0,5,13.7,9,0,1
24030.0,1.052671428367263,0,9.0,2,66.4,1,0,0
12097.0,1.203559600094975,0,13.0,0,10.4,2,0,1
6881.0,0.781604754917705,0,15.0,4,1262.4,0,0,0
12348.0,0.8924324848732462,0,10.0,0,1015.2,0,1,0
18792.0,1.1303377623986535,0,15.0,0,261.6,0,0,1
7894.0,0.5942348820799153,0,12.0,2,274.3,2,0,0
86850.0,4.55850442119082,1,5.0,5,7.2,9,1,1
68920.0,5.3897631588627695,1,22.0,6,5.5,14,1,1
47242.0,0.6541252717327205,0,13.0,0,54.8,0,0,0
1192.0,0.7775840473588489,0,13.0,2,570.7,1,0,0
8291.0,1.316980876585005,0,9.0,0,144.8,1,0,0
30587.0,0.5774292719990535,0,16.0,2,1036.0,0,0,0
3887.0,1.0885870287705162,1,13.0,1,746.3,6,0,0
22774.0,6.21556413069743,1,23.0,3,8.3,7,0,1
28042.0,0.733768329814372,0,4.0,2,60.3,2,0,0
19044.0,0.9739531116496386,0,15.0,0,230.0,5,0,0
38174.0,1.008990230082439,1,14.0,0,522.5,1,0,0
1990.0,1.297544511547878,0,13.0,4,50.7,2,0,0
57079.0,6.336019512263187,1,3.0,7,23.2,11,1,1
13815.0,1.081330898075528,0,17.0,3,811.4,3,0,0
147389.0,5.559953020276838,1,2.0,6,19.1,9,1,1
9216.0,0.8042755701033424,0,11.0,2,449.6,2,0,0
30550.0,0.8588602908920011,0,12.0,0,77.8,3,0,0
16978.0,1.0347048416014284,0,10.0,1,116.8,1,0,0
15131.0,0.9240244662696623,0,12.0,1,689.5,1,0,0
21216.0,1.226191815112486,0,13.0,0,558.0,3,0,0
16260.0,0.9011458770744625,0,14.0,0,205.7,3,0,0
2677.0,1.0483783807577958,0,15.0,2,14.2,1,0,0
14928.0,0.7713209536621677,1,16.0,2,209.6,0,0,0
5770.0,1.3533917838855354,0,13.0,1,142.6,1,0,0
22856.0,1.3111200376124479,0,19.0,2,172.9,2,0,0
5564.0,0.9773505627777556,0,16.0,0,278.0,2,0,0
92746.0,7.448823280593102,1,23.0,8,13.2,8,1,1
14588.0,0.7439128336849671,0,20.0,5,14.7,0,0,0
7268.0,1.0250256259960897,0,17.0,3,744.5,2,0,0
27512.0,1.1075978165852989,0,12.0,0,756.5,1,0,0
3156.0,0.9471592522842222,0,16.0,4,84.0,0,0,0
90286.0,6.564578326485838,1,23.0,8,3.8,12,0,1
9103.0,1.4998507619449122,0,13.0,3,209.3,0,0,0
14110.0,0.9276669282345946,0,12.0,1,166.8,3,0,0
17317.0,0.5994111832647089,0,15.0,0,73.9,1,0,0
2404.0,0.6812455751114741,0,19.0,4,718.8,4,0,0
11066.0,1.2512938890917846,0,16.0,2,73.2,1,0,0
41573.0,0.9412691385295006,0,5.0,2,144.3,3,1,0
24252.0,1.1478018737842,0,6.0,1,54.6,3,0,0
27566.0,1.2079551860070035,0,16.0,3,1035.5,1,0,0
8271.0,0.6026231890569056,0,17.0,2,579.0,1,0,0
18431.0,1.4380310276661026,0,15.0,2,52.6,1,1,0
33343.0,1.1381940371552186,0,15.0,0,218.7,1,0,0
19443.0,5.159998860843509,1,22.0,6,30.5,4,1,1
9839.0,1.5077656568222575,0,19.0,1,135.0,1,0,0
20180.0,0.8170905362891412,0,17.0,1,35.4,2,0,0
28776.0,1.2815530965869204,1,9.0,0,1071.1,1,0,0
34862.0,1.0972828822973573,0,19.0,1,64.6,1,0,0
3686.0,0.7872892810117379,0,15.0,1,777.1,2,0,0
14345.0,0.9616702353191682,0,17.0,1,788.9,5,0,0
6465.0,0.7520938638095078,0,15.0,3,236.2,2,0,0
15602.0,7.738604106625113,1,0.0,4,4.2,8,1,1
17503.0,1.4110916754415812,1,21.0,2,576.1,4,0,0
8699.0,1.2108527134631497,0,13.0,1,192.4,2,0,0
7326.0,0.8328021999632129,0,14.0,2,186.5,4,0,1
16648.0,1.001542341333559,1,14.0,2,86.3,3,0,0
16461.0,1.069530304932345,0,16.0,1,74.9,3,0,0
2095.0,0.7937759754983386,0,12.0,2,1109.3,2,1,0
16731.0,1.470577872423894,0,17.0,2,888.5,1,0,0
16052.0,1.5083660447919642,0,12.0,0,272.2,2,0,0
19620.0,0.6367651332674049,0,17.0,1,90.2,1,0,0
16980.0,0.9888199362326852,0,17.0,2,49.3,1,0,0
38614.0,1.2821222591304462,0,19.0,1,48.8,2,0,1
97862.0,5.002989640883421,1,4.0,7,0.2,5,1,1
25355.0,0.7293958278808046,0,16.0,4,243.9,2,0,0
1417.0,1.3084021414587206,0,19.0,6,1253.1,3,0,0
18492.0,0.923809887219752,0,7.0,4,201.4,5,0,0
24290.0,2.5732198602142207,0,2.0,9,24.5,10,1,1
9886.0,1.2771841690671557,0,15.0,2,677.7,3,0,0
27587.0,7.243390242480219,1,23.0,4,41.1,6,0,1
28512.0,0.8157168886308777,1,14.0,2,637.8,2,0,1
24155.0,0.7186509586455379,0,16.0,1,298.6,2,0,0
21430.0,0.923364994951471,1,14.0,3,45.9,3,0,0
41941.0,0.5493218957417934,0,17.0,2,341.9,1,0,0
20155.0,1.35830439678227,0,16.0,2,57.8,3,1,0
20710.0,1.1848937770522303,1,10.0,3,388.6,4,0,0
5099.0,0.7490309119681274,1,20.0,3,155.1,6,0,0
12256.0,0.8135616048712514,0,8.0,0,30.1,2,0,0
23042.0,1.283362932204115,1,7.0,0,96.7,3,0,0
9748.0,1.5258891800454877,0,17.0,1,144.4,3,0,0
116726.0,2.8122194229321273,1,1.0,5,25.5,9,0,1
17620.0,0.7686683084819057,0,14.0,1,479.9,3,0,0
2839.0,0.7613344122065153,0,15.0,2,358.4,2,0,0
10490.0,1.391807015921976,0,9.0,1,509.1,0,0,0
41817.0,2.9275706477778707,1,23.0,1,10.0,5,1,1
27894.0,1.1850843180737234,1,10.0,2,67.4,0,0,0
23673.0,0.8893823674499991,1,15.0,2,898.8,0,0,0
17244.0,1.1507422594914019,0,15.0,2,332.2,1,0,0
15102.0,0.8981416072477227,0,9.0,1,48.7,2,0,0
24096.0,0.7201867173239238,1,11.0,1,932.6,1,0,0
69484.0,4.396376946720639,1,21.0,5,16.9,9,1,1
19572.0,1.4126566569758334,0,6.0,2,683.9,2,0,0
30200.0,0.7208508900561436,0,15.0,1,109.1,1,0,0
20967.0,1.269774407727994,0,15.0,2,6.6,4,0,0
21595.0,0.877265813090532,0,15.0,0,501.4,0,0,0
9524.0,0.6435341780421779,0,16.0,1,346.2,2,0,0
3136.0,0.9609054055553978,1,15.0,2,368.8,1,0,0
27166.0,1.1421175409198714,0,19.0,1,459.8,0,0,0
28650.0,1.2484850108638987,0,13.0,0,15.9,2,0,0
2591.0,1.1643412065521586,0,9.0,4,141.7,3,0,0
7534.0,0.9129348449388093,0,14.0,1,382.1,2,0,0
36625.0,1.2198287458489139,0,10.0,0,358.2,0,1,0
8866.0,1.4459897947178932,0,13.0,0,528.8,7,0,0
9448.0,1.0679357853377258,0,15.0,1,338.2,0,0,0
12259.0,3.758093357706122,1,4.0,4,8.8,2,0,1
14913.0,1.08386565660741,0,15.0,1,115.6,2,0,0
55301.0,1.415560570243267,1,22.0,5,30.7,6,0,1
13646.0,1.2268634458005017,0,18.0,2,224.9,3,0,1
16552.0,1.371156329422686,0,20.0,2,280.2,3,0,0
39856.0,1.0397778891382436,0,12.0,0,1089.4,0,0,0
18980.0,0.7628260286766074,0,13.0,1,118.2,2,0,0
7074.0,0.8192232833450941,0,11.0,0,176.2,2,0,0
5138.0,0.8809085608745321,0,11.0,1,1479.6,2,0,0
9893.0,1.498308242376169,0,15.0,5,107.7,2,0,0
33106.0,6.700900579562807,1,23.0,3,3.6,6,1,1
162344.0,5.008795371423933,1,2.0,1,46.7,4,0,1
28351.0,0.8203443501963368,0,10.0,2,1172.0,2,0,0
25271.0,0.7303754157232487,0,23.0,1,718.2,2,0,0
18823.0,1.0044272404620018,0,20.0,0,193.3,2,0,0
3206.0,1.0207634805988843,0,12.0,1,76.1,1,0,0
27568.0,0.968535527288243,0,15.0,0,577.7,2,0,0
28785.0,0.9255926449842249,0,18.0,2,68.8,2,0,0
10282.0,0.8091315730723301,0,18.0,4,58.1,2,0,0
27164.0,1.0155336450103805,0,13.0,1,454.9,0,0,0
20553.0,0.1,1,3.0,8,21.8,5,0,1
8967.0,1.3784594978324336,0,14.0,4,300.3,2,0,0
8140.0,1.1822092305291994,0,16.0,1,516.5,2,0,0
26513.0,1.3806488464636824,1,17.0,4,202.2,1,0,0
19682.0,0.3795082043334369,0,18.0,1,270.5,4,0,0
43720.0,1.0679057302197243,0,10.0,1,153.1,4,0,0
5773.0,0.6657080550019074,1,12.0,2,70.0,1,0,0
8511.0,0.8446286463204737,1,17.0,0,352.5,0,0,0
46420.0,0.6890022094496029,0,11.0,1,426.0,3,0,0
9711.0,0.9147186265474094,0,21.0,0,315.4,0,0,0
7725.0,0.9636235506293831,0,7.0,1,480.8,2,0,0
23662.0,1.1984803947516118,0,9.0,1,154.0,4,0,0
20350.0,3.029882632808233,1,4.0,6,11.2,4,1,1
13289.0,0.9143829727458592,0,17.0,1,1005.5,2,0,0
12609.0,0.9545064324275486,0,9.0,1,200.2,4,0,0
67702.0,5.400749835854684,1,23.0,8,34.9,7,0,1
2175.0,0.9684135992838598,0,8.0,3,805.4,2,0,0
3077.0,0.7781592570361979,0,10.0,1,575.3,1,0,0
30095.0,1.441823809538839,0,14.0,5,573.8,5,0,0
20101.0,0.9301331328901573,0,15.0,2,454.5,1,0,0
114035.0,4.214360541862647,0,4.0,7,25.0,5,1,1
13186.0,0.9791748672755408,0,15.0,0,61.1,0,0,0
24145.0,1.1832667186129524,0,12.0,0,1947.8,2,0,0
16665.0,1.058069507813593,1,16.0,2,456.6,6,0,0
5172.0,1.0704282561060299,0,17.0,0,17.6,4,0,0
5117.0,1.1838617034012642,0,11.0,1,102.0,3,0,0
24077.0,5.567441727281766,0,23.0,7,8.4,7,0,1
32411.0,0.9442866797312606,0,16.0,0,58.4,2,0,0
4618.0,1.221805498907798,0,15.0,0,977.9,4,0,0
11053.0,0.7638321674546744,1,18.0,1,382.2,2,0,1
25593.0,0.7585238770937236,0,6.0,3,730.6,0,1,0
16031.0,1.2754398153323192,0,18.0,0,693.2,2,0,0
21226.0,1.2322039450315345,0,16.0,1,377.5,1,0,0
27993.0,1.4414132139589881,1,10.0,1,53.4,1,0,0
32283.0,1.115445864925719,0,11.0,0,2.4,3,0,0
6924.0,0.9299964065698422,0,10.0,3,168.1,2,0,0
9261.0,1.0241386865749582,0,9.0,1,408.6,2,0,0
5835.0,1.2538265706562044,1,9.0,1,1834.6,3,0,0
2225.0,0.9897829651755569,0,21.0,0,49.4,0,0,0
14583.0,0.4952494760192909,0,22.0,2,211.2,1,0,0
12874.0,1.463802042967063,0,5.0,0,545.6,3,0,0
13987.0,1.1076647463320959,0,16.0,0,378.8,1,0,0
20414.0,0.8120908005434726,0,21.0,2,20.2,3,0,0
9814.0,1.3997868961204136,0,16.0,1,1351.0,8,0,0
4217.0,1.3881180106638258,0,11.0,1,510.5,3,0,0
13436.0,1.3737695059457438,0,7.0,2,80.9,3,0,1
6699.0,0.7804467319620287,0,12.0,0,1545.9,3,0,0
27927.0,1.3656887979651562,0,16.0,2,274.5,2,0,0
13769.0,0.9704243562459447,0,21.0,3,155.1,4,0,0
36725.0,0.8443058608445504,0,15.0,2,200.6,2,0,0
17012.0,0.8819200461716629,1,16.0,0,158.7,0,0,0
13878.0,0.9475103909744167,0,13.0,1,770.3,4,0,1
4518.0,0.9348626198020641,0,7.0,3,219.2,3,0,0
10892.0,0.7379945296815933,0,13.0,1,564.5,4,0,0
171818.0,6.444780638127474,1,4.0,3,6.0,9,1,1
19928.0,0.9399957120458068,0,13.0,1,1143.1,3,0,0
51867.0,0.8400712732032319,0,11.0,1,255.2,5,0,0
23215.0,1.2567467123554885,0,13.0,2,575.6,2,0,0
2399.0,1.0264717705205446,1,17.0,0,436.7,1,0,0
7288.0,0.4881311268214217,0,13.0,2,279.6,2,0,0
19429.0,1.2825948730942625,0,12.0,0,167.5,2,0,0
19087.0,0.41171832482622694,1,16.0,0,1526.3,1,0,0
4307.0,1.1236824411180828,1,16.0,2,949.4,4,0,0
19880.0,1.3187481192923307,0,16.0,1,136.1,0,0,0
15201.0,1.0619498894632458,0,10.0,0,798.2,1,0,0
9466.0,1.0591345195517543,0,14.0,1,47.4,0,0,0
55140.0,5.016819252707157,1,1.0,9,40.8,9,1,1
28091.0,0.5190157433137486,0,13.0,3,53.6,0,0,0
56914.0,4.97699906459221,0,23.0,2,5.6,5,1,1
14171.0,0.4833401842864822,0,18.0,0,296.6,1,0,0
3432.0,0.8057175462013424,0,13.0,1,285.9,4,0,0
12810.0,1.5660221403284862,0,14.0,0,93.5,3,0,0
11312.0,0.4922247893489189,0,13.0,2,489.0,3,0,0
15328.0,0.8713263106511133,0,16.0,0,128.9,2,0,0
16031.0,1.5884470191155784,0,11.0,0,267.4,0,0,0
11223.0,1.463297291542045,1,12.0,0,576.7,2,0,0
4833.0,0.8066335517951774,0,11.0,3,161.8,3,0,0
19510.0,1.1290171344186755,0,9.0,4,605.7,1,0,0
23235.0,1.347920943350028,0,15.0,3,143.7,1,0,0
22627.0,0.5759801172419043,0,13.0,0,249.5,1,0,0
9900.0,1.1208284556081258,0,12.0,2,2458.2,2,0,0
2549.0,1.141721653098667,0,12.0,1,153.4,2,0,0
5563.0,1.209436226011536,0,11.0,2,180.8,2,0,0
5907.0,0.9839895773372436,0,13.0,0,27.5,3,0,0
125388.0,6.0555123251968945,0,5.0,6,12.4,9,0,1
6504.0,1.0911888237979077,1,9.0,0,447.5,5,0,0
37850.0,1.16820962814918,0,6.0,2,223.8,2,0,0
11633.0,1.0161569798923138,0,13.0,1,107.0,3,0,0
14790.0,1.1201950457773289,0,20.0,3,240.3,4,0,0
3591.0,1.3482150333027954,0,15.0,2,208.9,1,0,1
11507.0,0.7713092027836146,0,14.0,0,573.4,2,0,1
13636.0,1.5066606400445397,0,13.0,0,62.0,2,0,0
4684.0,0.9347149363102223,0,19.0,0,114.7,3,0,0
23334.0,4.5328756088376965,1,1.0,2,2.3,5,1,1
6817.0,0.9378050522629968,0,18.0,1,713.7,3,0,0
128506.0,4.162549071694669,1,21.0,5,4.5,6,0,1
27000.0,1.2497772875788404,0,13.0,4,535.2,3,0,0
15584.0,0.7960385616013589,0,14.0,1,122.0,3,0,0
19020.0,1.1749897129338776,0,14.0,2,227.1,3,0,0
5641.0,0.9351071710947139,0,15.0,1,70.2,1,1,0
22656.0,4.840182420457068,1,23.0,4,3.5,5,1,1
39963.0,0.9427054221510827,0,9.0,2,762.4,1,1,0
18899.0,1.297697955961657,0,13.0,1,990.6,2,0,0
19395.0,0.9787616498230217,0,10.0,2,8.3,3,0,0
11309.0,1.1813244027093512,1,10.0,0,60.9,1,0,1
13316.0,1.1848452210097535,0,15.0,2,322.1,2,0,0
42207.0,1.2786366227202217,0,7.0,1,229.3,2,0,0
83999.0,3.693058485954203,1,2.0,5,34.9,11,1,1
31513.0,1.1071628039208188,0,5.0,3,37.7,1,0,0
1867.0,1.1619957659235147,0,11.0,3,123.3,0,0,0
9092.0,0.806917723844127,1,13.0,0,214.6,2,0,0
7840.0,1.0679133507481904,0,17.0,1,4.1,2,0,0
1789.0,0.8674377468909202,0,17.0,3,1633.7,1,0,0
12342.0,1.3691193514791806,0,12.0,2,136.4,0,0,0
30657.0,1.3025876081232362,0,9.0,0,989.1,1,0,0
1433.0,1.1725827512511537,0,19.0,1,252.8,2,0,0
18932.0,1.2227304276380906,0,21.0,2,176.2,1,0,0
9104.0,1.033978600576891,0,17.0,0,611.3,1,0,0
22249.0,0.979776406495113,1,16.0,4,148.1,1,0,0
11708.0,0.8614513914950006,1,21.0,0,243.7,2,0,0
13012.0,1.0568708717103443,0,6.0,1,475.0,3,0,0
28396.0,0.7085080697800263,1,20.0,3,269.0,1,0,1
57033.0,1.56596048312792,1,4.0,6,4.3,6,0,1
7139.0,0.8838838060798763,0,20.0,1,113.9,3,0,0
15247.0,0.6556232342846389,0,10.0,1,393.9,4,0,0
24497.0,0.8906961582847263,0,6.0,2,1253.8,3,0,0
6200.0,0.7936588009773088,0,16.0,0,543.3,2,1,0
35822.0,3.6374403756607245,0,23.0,3,6.8,6,0,1
10836.0,1.3815302021936724,0,5.0,0,655.0,2,0,0
16559.0,0.8473110233852972,0,12.0,3,1540.7,4,0,0
9573.0,0.815862678609273,0,16.0,3,97.4,0,0,0
58713.0,3.40546949294992,1,1.0,4,10.8,4,0,1
27504.0,0.8211473310311004,1,11.0,2,56.6,0,0,0
4980.0,1.08196772048275,0,12.0,5,1474.1,0,0,0
18353.0,0.7515918220037464,0,13.0,0,131.0,6,0,0
6619.0,1.0633408476238586,0,14.0,0,713.1,3,0,0
16094.0,0.6098925949788918,0,10.0,3,218.1,2,0,0
33512.0,0.9916324651953273,1,10.0,2,1.6,2,0,0
8761.0,0.7213971495268712,0,20.0,5,128.8,5,0,0
17520.0,0.8889110165397007,0,14.0,1,617.2,2,0,0
19699.0,0.41181192342960593,0,14.0,2,130.0,2,0,0
25549.0,0.970749612132009,0,14.0,1,307.9,1,0,1
9999.0,1.041970571206348,0,7.0,1,444.3,0,0,0
11658.0,0.9662209980186628,0,8.0,2,1.3,2,0,0
7093.0,1.0306258082759543,0,10.0,3,189.7,0,0,0
29220.0,0.9839387953866402,1,19.0,1,532.2,2,0,0
3942.0,1.1643451312328594,0,11.0,0,1841.1,0,0,0
17009.0,1.1284112389530925,0,11.0,4,165.6,4,0,0
12508.0,0.6841028594997686,0,14.0,1,170.0,1,0,0
4042.0,0.7099792305890993,0,8.0,1,34.5,4,0,0
7891.0,1.0157688046020719,0,17.0,3,346.9,1,0,0
15244.0,0.726360191235358,0,12.0,2,264.0,1,1,0
11061.0,0.7944442396930635,0,13.0,5,708.7,2,0,0
1520.0,0.8387160697191076,0,13.0,1,128.0,3,1,0
45710.0,0.5992416816898846,1,17.0,4,472.7,2,0,0
19323.0,1.0927836506774458,0,13.0,2,110.4,2,0,0
24025.0,1.445691686260091,0,15.0,2,137.9,7,0,0
10218.0,1.1863469132712823,0,18.0,1,75.9,2,0,0
9394.0,1.481468175142111,0,10.0,3,420.2,0,1,0
18267.0,1.0771771955127563,0,13.0,4,402.9,5,0,0
2402.0,0.9478004483942698,0,17.0,0,758.4,0,0,0
26038.0,0.9858926427009151,1,7.0,2,9.0,2,0,0
15339.0,1.1862260749057933,0,13.0,2,833.5,4,0,0
40127.0,0.7129612942882273,0,13.0,2,163.6,1,0,0
13004.0,0.9750475917015948,0,23.0,2,89.6,0,0,0
34321.0,0.7978261711486418,1,9.0,1,1045.7,3,1,0
27726.0,5.9093268620726365,1,21.0,7,3.6,2,1,1
9097.0,1.1555987579258842,0,15.0,0,21.1,5,0,0
25268.0,0.7353644514916524,0,16.0,3,98.5,4,0,0
31709.0,5.677020372840518,0,21.0,4,57.1,8,1,1
17641.0,0.7729861436056963,0,16.0,3,225.1,3,0,0
11880.0,0.9816663127499426,0,18.0,0,110.4,4,0,0
49688.0,0.440574911953833,0,17.0,0,772.2,5,0,0
4473.0,0.9835092791925515,0,3.0,1,832.7,3,0,0
6576.0,0.7757058896485627,1,23.0,0,339.7,1,0,0
16889.0,1.5356967765504845,1,18.0,2,577.9,3,0,0
10239.0,1.2048968648431786,0,15.0,3,789.6,0,0,0
7775.0,1.2258535742581023,0,18.0,0,191.3,1,0,0
9265.0,0.994260571637838,0,14.0,1,221.6,2,0,0
8751.0,1.350423487671492,0,16.0,0,47.3,1,0,0
8909.0,0.8101920613725119,0,16.0,1,14.6,3,0,0
5332.0,1.0543440809847289,0,16.0,2,521.4,2,0,0
35018.0,0.9669187887099076,1,14.0,2,283.5,1,0,0
11279.0,0.914970660171648,0,10.0,0,63.7,3,0,0
32847.0,0.678843720096288,0,9.0,0,230.6,2,0,0
6896.0,0.595805811533935,0,13.0,0,93.6,2,0,0
1101.0,1.0896371198925177,0,10.0,1,41.1,2,0,0
26753.0,6.065024087416154,1,4.0,7,22.3,7,0,1
3321.0,0.4694531963721268,0,10.0,2,45.7,0,1,0
4863.0,0.7032667323247939,0,17.0,4,181.7,1,0,0
31618.0,0.8943479700280856,0,7.0,5,1331.6,2,0,0
14208.0,1.2558499842713777,0,17.0,1,142.8,2,0,0
2345.0,1.2830200026631076,0,23.0,2,217.9,3,0,0
9648.0,1.1461263826978563,0,10.0,1,1129.1,2,1,0
26707.0,1.258092719888033,0,18.0,1,11.7,3,0,0
2829.0,0.8433872439098646,0,14.0,3,123.7,1,0,0
9825.0,0.9033600957810013,0,14.0,4,324.9,1,0,0
34717.0,1.12524889233682,0,16.0,0,458.3,4,0,1
8371.0,1.3275443993566893,0,16.0,0,206.1,2,0,0
15346.0,0.9565895337068244,0,13.0,1,316.9,1,0,0
39652.0,1.326639610246836,0,17.0,1,128.2,0,0,0
3540.0,1.22769241282302,0,6.0,1,302.0,2,0,0
7857.0,1.4848903393621748,1,13.0,1,407.4,4,0,0
29749.0,4.543790818262325,1,5.0,7,16.1,4,1,1
44224.0,0.4577380198969563,0,12.0,2,365.0,1,0,1
9141.0,0.6166613070306468,0,13.0,1,420.0,2,0,0
21540.0,0.9232126378005219,0,11.0,1,112.2,3,0,0
21126.0,0.9685933826373325,0,20.0,3,1242.2,4,0,0
9109.0,1.209769284116101,0,11.0,0,294.5,5,0,0
8672.0,1.1919730778703417,0,19.0,2,205.2,2,0,0
32704.0,0.9412265245291793,0,16.0,2,250.8,2,1,0
20058.0,1.492412802903368,0,15.0,3,397.7,4,0,0
3807.0,0.6615014410013969,0,14.0,2,931.0,1,0,0
64854.0,1.490665384831202,1,22.0,6,6.1,7,1,1
9859.0,0.591868715920896,0,12.0,2,523.4,1,0,0
41681.0,1.107371049687207,0,2.0,8,55.9,10,0,1
26716.0,0.7377554287069512,0,13.0,0,218.9,2,0,0
30767.0,1.2539140156369848,1,14.0,2,295.6,2,0,0
14122.0,0.9402536032050264,1,12.0,3,689.0,2,0,0
17368.0,1.2729966503741477,0,17.0,2,468.2,2,0,0
55968.0,0.8024382135139404,0,14.0,3,302.0,1,0,0
2554.0,1.053730514776052,0,13.0,3,31.2,0,0,0
2099.0,0.810802299257531,0,18.0,0,146.2,1,0,0
2942.0,0.953594699765381,0,10.0,2,205.3,0,0,0
13601.0,0.9374781010888723,0,19.0,1,927.3,1,0,0
18751.0,1.5733763308314659,0,13.0,3,499.8,2,0,0
22995.0,6.981439084076063,1,21.0,7,12.2,5,1,1
2459.0,0.9480884350426062,0,8.0,1,244.7,3,0,0
9679.0,0.6598039761618282,0,20.0,1,130.6,0,0,1
6066.0,1.0006014712650726,0,11.0,1,451.8,0,0,0
5572.0,0.9641665244861054,0,8.0,3,1005.8,0,0,1
8909.0,0.6945404889383715,0,14.0,1,501.2,4,0,0
46250.0,4.6451353630865455,1,2.0,1,1.3,7,0,1
27971.0,0.8486282536957659,0,11.0,0,681.6,0,0,0
10018.0,0.6912259388259205,0,15.0,1,818.0,2,0,0
2759.0,1.1025556309021214,1,18.0,4,11.1,3,0,0
4650.0,0.7429245968233176,0,19.0,1,684.8,4,0,0
57433.0,3.379370261376553,0,5.0,8,9.0,9,1,1
6010.0,1.2730558101420144,1,12.0,1,139.1,3,0,0
7748.0,0.9181083519954379,0,23.0,1,253.3,2,0,0
14961.0,0.9921749170620506,1,14.0,2,913.8,3,0,0
24209.0,1.3418297094375586,0,10.0,1,347.1,2,0,0
15071.0,1.3331654254601193,0,14.0,1,771.9,5,1,0
12496.0,1.1220885237766192,0,13.0,0,31.2,5,0,0
17059.0,1.0975548401460347,0,19.0,1,87.5,3,0,0
13628.0,0.9084424958869913,0,13.0,5,75.8,4,0,0
21968.0,0.9491014968639434,0,23.0,1,259.5,3,0,0
31946.0,1.2624379498191585,0,16.0,2,81.1,2,0,0
18680.0,0.8395338842766296,0,17.0,2,233.1,2,0,0
23957.0,2.8200864491255224,1,5.0,7,13.2,6,1,1
5682.0,0.8943976534812536,1,16.0,2,249.2,3,0,0
26488.0,1.1286946379609202,0,14.0,1,1343.0,0,0,0
10862.0,1.1283103728170327,0,12.0,1,655.3,1,0,0
5397.0,1.165801907456605,0,8.0,1,515.5,1,0,0
5337.0,0.9179661180400202,0,10.0,2,864.2,3,0,0
13581.0,1.2108553845650598,0,13.0,1,63.2,0,0,0
46361.0,3.8216105676488126,1,5.0,9,28.1,5,0,1
17740.0,0.7601537896247007,0,21.0,2,390.5,3,0,0
15086.0,1.2057438065861372,1,18.0,1,45.4,0,0,0
41488.0,0.996610206786443,0,22.0,2,349.9,3,0,0
25534.0,0.6557484255653183,1,14.0,0,466.6,3,0,0
17928.0,0.8223647997447687,0,8.0,2,163.4,2,0,0
26150.0,1.463853375681664,0,16.0,0,170.6,4,0,0
9620.0,1.3269081768786537,0,13.0,1,1504.2,0,0,0
12013.0,1.2500017594592463,0,18.0,0,413.2,1,0,0
45226.0,2.8941705087299328,0,1.0,3,20.9,7,0,1
7832.0,1.3426396303511745,0,15.0,1,645.5,2,0,0
34602.0,0.6371719397947255,0,10.0,1,517.2,0,0,0
28643.0,0.915601632387967,0,11.0,2,48.7,0,1,0
3848.0,0.9500149655029341,0,13.0,1,5.2,4,0,0
46752.0,1.3602718075948323,0,14.0,2,297.5,5,0,0
12356.0,0.9286873918505227,0,17.0,1,214.6,3,0,0
13017.0,0.8511226702212825,0,20.0,3,0.7,3,0,0
6692.0,0.614066979858461,1,11.0,2,273.7,2,0,0
25471.0,0.8935975641181436,0,14.0,1,242.1,4,0,0
8672.0,0.944951066264015,0,15.0,1,782.5,1,0,0
11800.0,1.7169906335879253,1,15.0,4,190.7,2,0,0
69952.0,5.636206672360583,1,2.0,11,25.1,10,0,1
20571.0,4.804583261037324,1,1.0,9,43.2,9,0,1
15577.0,0.9666924587975605,0,23.0,0,174.6,1,0,0
100692.0,3.6080991106491553,1,23.0,5,129.6,7,1,1
9155.0,0.5578267986947747,0,12.0,1,184.9,3,0,0
24082.0,4.142946348900529,1,2.0,9,30.5,11,1,1
8775.0,0.9902100128323077,0,11.0,1,2103.3,1,0,0
12469.0,1.363506100756317,0,17.0,3,488.0,0,0,0
17883.0,1.354671210413338,0,21.0,1,383.1,1,0,0
8075.0,0.6210994895343798,0,16.0,0,141.6,2,0,0
4083.0,0.7210864997100547,0,20.0,3,578.5,4,0,0
37470.0,3.028846202621004,1,0.0,5,15.3,6,0,1
7395.0,7.218418409105221,1,2.0,5,12.4,10,1,1
21478.0,0.8322054232389553,0,20.0,1,704.2,2,0,0
19474.0,0.7665836282688636,0,21.0,1,19.2,0,0,0
8382.0,1.3305809186690403,0,18.0,1,51.9,5,0,0
12838.0,1.0904974198829593,1,14.0,1,567.8,3,0,0
14173.0,0.44680664727646857,0,15.0,0,16.6,3,0,0
23198.0,1.4244877199473134,0,16.0,1,315.7,2,1,1
16169.0,1.0579174931326072,0,13.0,2,138.8,3,0,0
23276.0,0.9569246613029544,0,15.0,2,354.2,2,0,0
19208.0,0.7166644742225274,0,11.0,2,72.4,3,0,0
4114.0,1.1043136179664952,1,12.0,0,354.6,3,0,0
14018.0,0.8549987762588731,0,12.0,0,435.2,3,0,1
5038.0,0.8036725761624969,0,15.0,0,200.6,2,0,0
38540.0,1.0275243988036402,0,7.0,3,124.7,2,0,0
7085.0,1.168857617819194,0,17.0,2,27.0,5,0,0
10633.0,0.5465494132292827,1,17.0,2,266.1,3,0,0
7266.0,1.1061610988601702,1,17.0,0,206.7,2,0,0
30170.0,3.706021657434529,1,0.0,4,16.0,6,0,0
23348.0,1.2777726360965902,0,4.0,0,384.2,2,0,0
24993.0,0.8118992398591198,0,20.0,3,774.1,3,0,0
3386.0,0.6791051441916995,0,23.0,0,249.1,1,0,0
19544.0,0.6178155015097716,0,6.0,2,598.7,3,0,0
8646.0,0.9842923144696722,0,12.0,1,953.2,2,0,0
10323.0,1.5108342301071946,1,13.0,2,268.3,1,0,0
6569.0,0.8061913234164788,0,14.0,0,37.7,1,1,0
21482.0,1.1964012098603847,0,12.0,3,397.9,4,0,1
18599.0,0.978707703060619,0,8.0,1,345.2,2,0,0
5884.0,0.8185953780623306,0,9.0,0,570.8,2,0,0
11253.0,6.067731364853918,1,3.0,4,13.6,6,1,1
23627.0,1.1021054215596429,0,9.0,1,1211.9,1,0,0
4238.0,1.2682059218325337,0,17.0,0,186.7,4,0,0
12884.0,1.1334400457691738,0,16.0,3,45.5,2,0,0
29796.0,1.0077643725907404,0,16.0,2,348.6,5,0,0
5539.0,0.9396127062860774,0,6.0,0,339.0,3,0,0
15288.0,1.137837146821533,0,18.0,1,695.4,3,0,0
2322.0,1.0063850520975601,0,18.0,1,191.9,1,0,0
4662.0,0.7336501673493467,0,8.0,2,57.6,2,0,0
15169.0,0.6831502725100691,0,8.0,2,69.0,3,0,0
19585.0,5.213893694236733,1,4.0,8,18.6,9,1,1
41488.0,4.804012460711945,1,4.0,5,13.4,9,1,1
11391.0,1.130951111534253,1,17.0,1,353.0,1,1,0
19069.0,0.9561885094356998,0,12.0,0,41.2,2,0,0
16463.0,0.859423856110864,0,15.0,2,983.3,0,0,1
8184.0,0.9963924360699604,0,15.0,1,345.7,0,0,0
13695.0,1.2060014284354215,0,12.0,0,68.2,3,0,0
18270.0,1.266998683317031,0,15.0,4,50.3,0,0,0
16702.0,1.3101833122853026,0,15.0,1,779.2,1,1,0
24594.0,1.0291197118065523,0,14.0,1,45.5,2,0,0
21853.0,1.1773835951798943,1,9.0,0,384.6,1,0,0
26953.0,1.2297920458270424,0,10.0,2,391.8,4,0,0
4499.0,0.8097762113768024,0,18.0,1,110.6,4,0,0
6601.0,0.9065607615452224,0,14.0,3,193.5,0,0,0
4965.0,0.504413446545186,0,13.0,3,697.8,1,0,0
10278.0,1.6992540025404348,0,12.0,0,266.5,2,0,0
12722.0,1.3328402981038114,0,21.0,1,82.1,3,0,0
28519.0,0.8589306345224641,0,13.0,1,18.6,4,0,0
11482.0,1.273845675310015,0,9.0,1,22.5,4,0,0
27740.0,1.3028453930816437,0,13.0,1,386.0,2,0,0
10339.0,0.9977911533003807,0,14.0,1,347.9,0,0,0
11016.0,1.367156332417462,1,12.0,1,43.0,3,0,0
19621.0,0.9667719589667304,1,12.0,1,424.3,3,0,0
17064.0,0.9178578760310947,0,12.0,0,115.6,2,0,0
28022.0,1.2937452235843179,0,19.0,0,122.9,1,0,0
39366.0,3.549554912334399,1,0.0,4,8.3,8,1,1
11858.0,1.0560578602579336,0,18.0,2,25.0,3,0,0
13873.0,1.0953330787811317,0,15.0,1,95.1,4,0,0
18421.0,0.6842915675538842,0,15.0,1,77.2,1,0,0
3351.0,0.9562898740104141,0,16.0,0,175.9,2,0,0
2741.0,0.7300515236177851,0,7.0,0,525.0,1,0,0
25556.0,5.057793540186909,1,2.0,3,10.9,7,1,1
63675.0,4.1358847138129535,1,2.0,4,1.1,5,0,1
18822.0,0.6654748038305343,0,6.0,1,322.5,3,0,0
19918.0,1.1078500494200048,0,12.0,1,58.2,3,0,0
5545.0,1.0961210833325294,0,14.0,0,1493.3,1,0,0
619.0,1.284675200770985,0,7.0,1,12.4,6,0,0
14923.0,1.0279489796991133,0,19.0,2,456.9,2,0,0
10888.0,1.4567110802127494,0,3.0,2,154.7,2,0,0
43760.0,0.8574968919182177,0,20.0,1,538.3,0,0,0
30508.0,0.5223928284033172,0,16.0,0,106.4,3,0,0
11808.0,1.252025715066036,0,19.0,3,215.5,2,0,0
24829.0,0.7169985943134389,1,11.0,1,861.9,0,0,0
108095.0,6.341133458430256,1,4.0,7,6.1,11,0,1
21017.0,1.2471807001804913,0,23.0,3,86.3,1,0,0
28682.0,0.8038911225813095,0,18.0,3,26.6,1,0,0
14887.0,1.1913360429786253,0,11.0,0,422.8,1,0,0
39403.0,1.0151575224328195,0,20.0,2,254.7,2,0,0
17289.0,0.9854919983962008,0,16.0,0,168.9,3,0,0
13413.0,1.022544414961573,0,9.0,1,63.0,0,1,1
15291.0,1.5491731890826117,0,11.0,0,442.0,2,0,0
3354.0,0.989258859511451,0,20.0,0,114.1,2,0,0
13373.0,0.8005965854082855,0,13.0,2,93.5,2,0,0
15787.0,1.5285089092756883,0,14.0,4,20.7,3,0,0
19560.0,1.3681727463701765,0,15.0,2,459.2,2,0,0
19286.0,0.9467258762814795,0,10.0,1,21.2,1,0,0
1957.0,0.8466567041578854,0,7.0,2,1465.2,2,0,0
7545.0,1.220993893907986,0,12.0,2,46.5,1,0,0
13464.0,1.3219182088564483,1,9.0,1,710.6,2,0,0
8862.0,0.5780561580301683,0,11.0,1,1306.4,3,0,0
16924.0,1.1097129473988996,0,16.0,0,85.8,1,0,0
6991.0,0.8063261900629495,0,16.0,1,327.8,3,0,1
19837.0,1.0336959944565263,1,13.0,3,400.4,1,0,0
15072.0,1.1608507606698326,0,13.0,0,7.2,1,0,0
8901.0,1.1489698709991754,0,11.0,1,508.4,1,0,0
24087.0,4.272037128033164,1,3.0,6,2.2,5,0,1
6339.0,1.0459022910975861,0,13.0,3,393.1,3,0,0
23861.0,0.6817834434986667,0,16.0,2,340.7,1,0,0
8282.0,0.719486909028874,1,13.0,0,459.7,3,0,0
4183.0,0.7869430998223633,0,18.0,1,169.2,2,0,0
4993.0,0.8423582832807575,0,5.0,2,234.5,3,0,0
13627.0,1.2387112215197214,1,16.0,1,27.4,1,0,0
20317.0,1.1641206718718997,0,20.0,1,703.2,2,0,0
14968.0,0.9988984876887598,0,10.0,1,644.9,1,0,0
4830.0,1.2347231521809197,0,16.0,1,322.2,4,0,0
3863.0,1.1480519433956855,1,14.0,0,691.1,0,0,0
4943.0,0.8965470518568763,0,11.0,1,108.7,2,0,0
7299.0,1.1094902552507322,0,11.0,2,1064.4,0,0,1
21926.0,1.193279993273062,0,19.0,2,257.1,1,0,0
11051.0,0.9146571200603728,0,23.0,2,1003.2,2,0,0
18494.0,1.1254992719790695,0,14.0,1,645.6,2,1,0
14901.0,0.9973940508554427,0,10.0,1,15.2,3,0,0
5633.0,1.0711454363877793,0,8.0,2,1066.6,2,0,0
11800.0,1.313534967535061,0,14.0,3,470.7,2,0,0
2084.0,0.787782997461772,0,12.0,0,186.5,1,0,0
2908.0,0.959058522824262,0,20.0,5,83.3,3,0,1
8448.0,1.2310760667060314,0,13.0,0,547.2,1,0,0
1133.0,2.4774445243293926,1,21.0,8,3.7,8,0,1
19856.0,1.0606979527737808,0,17.0,1,835.7,1,0,0
6814.0,1.0262592690069605,0,14.0,1,278.9,1,0,0
51203.0,1.0791190942950397,1,8.0,2,176.9,0,0,0
17872.0,1.466394507758995,0,9.0,1,178.5,1,0,0
22542.0,4.469168598562654,1,4.0,5,29.3,4,0,1
7289.0,0.4621982489719232,0,16.0,1,72.5,2,0,0
12839.0,0.7103020947982165,0,11.0,1,512.6,1,0,0
15436.0,1.4525884704043897,0,13.0,4,54.5,4,1,0
15850.0,0.9611948031099473,1,12.0,2,42.4,1,0,0
25959.0,0.8736610634620242,1,9.0,1,75.9,1,0,0
18003.0,1.0952750236524649,1,15.0,0,590.6,1,0,0
17486.0,0.8881268250607213,1,14.0,1,1009.7,2,0,0
18797.0,0.9597985351660854,1,22.0,1,788.6,2,0,0
35399.0,3.807686021235991,1,1.0,7,15.4,8,1,1
59896.0,0.6421652629418909,0,15.0,0,96.8,0,0,0
5580.0,0.7964109939112718,1,11.0,0,239.4,0,0,0
6503.0,0.9133078433666483,0,16.0,0,94.8,2,0,0
18349.0,1.3679586933751315,0,16.0,4,126.5,2,0,0
10971.0,0.7785450380951014,0,15.0,2,277.3,3,0,0
30402.0,1.1796873998339947,0,19.0,1,17.2,1,0,0
7278.0,1.0971996667203086,1,5.0,0,355.2,1,0,0
2862.0,0.6915808352523243,0,9.0,2,36.5,3,0,0
4214.0,0.7706702680701911,1,17.0,0,14.5,2,0,0
8774.0,1.2452570245348986,0,12.0,0,871.6,2,0,0
22661.0,1.3926886530155254,0,9.0,3,345.1,2,0,0
18039.0,0.7886108369766183,1,22.0,0,259.6,3,0,0
38702.0,5.219644310246342,1,21.0,9,0.6,4,0,1
29047.0,1.2677055537709403,0,9.0,0,30.2,1,0,0
10014.0,1.1548464105214553,0,12.0,0,1.1,4,0,0
27157.0,0.6254874641214914,1,16.0,2,6.5,1,0,0
9673.0,0.8582978632232321,0,8.0,2,96.7,2,0,0
38446.0,0.7708455460542178,0,14.0,0,26.5,3,0,0
22935.0,7.016994901943995,1,4.0,12,12.9,6,0,1
25781.0,1.2609777491041205,0,13.0,1,453.4,2,0,0
28966.0,0.9720381013738353,0,7.0,0,511.6,1,0,1
4844.0,1.076954217540675,0,14.0,0,672.7,1,0,1
18346.0,0.6218567230805174,1,10.0,0,81.1,4,0,1
17849.0,0.30137481890024787,0,12.0,2,871.5,2,0,0
12796.0,0.706282465856493,0,15.0,0,1259.7,1,0,0
19500.0,0.7798891042480123,1,16.0,1,407.1,3,0,0
6006.0,0.9680191354986248,0,11.0,0,19.1,6,0,0
5237.0,0.9331661996550364,1,16.0,1,90.7,3,0,0
24445.0,1.1319954253727529,0,18.0,0,231.6,0,0,0
18544.0,1.106854041536882,1,12.0,0,376.8,1,0,0
42376.0,1.1725625336439705,0,17.0,0,52.5,1,0,0
20889.0,0.6950618117398606,0,13.0,1,41.3,1,0,0
58944.0,0.8475024097047028,0,10.0,0,164.0,0,0,0
54335.0,3.423282327795622,1,5.0,5,2.1,3,1,1
33585.0,0.36714579440614237,0,18.0,1,1127.2,0,0,0
17107.0,1.4560856962750153,0,15.0,2,271.5,1,1,0
4074.0,0.7209681442727006,1,22.0,0,943.7,2,0,0
18757.0,1.4422872930048005,0,20.0,3,836.6,0,0,0
20626.0,0.7364763006530659,0,15.0,2,283.8,1,0,0
14063.0,1.1488158778604327,0,9.0,0,208.8,1,1,0
12786.0,1.3837458002848644,0,12.0,1,777.6,1,0,0
11068.0,1.13649077388228,0,8.0,0,318.0,3,0,0
9278.0,0.6920131611226206,0,16.0,0,149.0,1,0,0
27736.0,4.404057024425877,0,4.0,3,52.6,7,0,1
45420.0,0.91428307332458,0,9.0,3,524.8,1,0,0
12537.0,0.5739327819916754,0,10.0,1,431.2,2,0,0
32632.0,5.1560732112927505,1,3.0,5,15.5,5,1,1
11517.0,0.9851849819200996,1,16.0,1,480.1,4,0,1
2267.0,1.2696040737160714,0,16.0,1,824.0,0,0,0
7280.0,0.982883466607459,0,13.0,0,942.7,4,1,0
3132.0,1.276068869429047,0,9.0,0,253.0,3,0,0
1164.0,1.4529142966339879,0,12.0,1,492.5,1,0,0
26008.0,1.0968359190633328,0,6.0,2,254.2,3,0,0
7238.0,0.8607828686882237,0,9.0,1,76.4,5,0,1
20848.0,1.2620582288475044,0,18.0,0,55.6,1,0,0
21083.0,0.8022474601715908,0,18.0,2,315.3,2,0,0
20689.0,0.8109168948265905,0,19.0,0,1266.4,1,0,0
9775.0,1.1766627458849288,0,12.0,0,762.3,2,0,0
5530.0,1.0518646850925273,0,15.0,0,131.0,0,1,0
6476.0,0.5524799506356721,1,14.0,2,363.2,2,0,0
14486.0,3.603949537012027,1,23.0,6,4.2,5,0,1
12672.0,5.55190424670394,1,21.0,9,66.3,4,1,1
10772.0,0.9834945737165649,0,16.0,1,141.4,1,0,0
6149.0,1.097631624741754,0,23.0,2,34.4,2,0,0
3812.0,1.0020492510774552,1,15.0,0,54.9,4,0,0
11634.0,1.437558420700555,1,14.0,3,146.6,0,0,0
7759.0,1.1874782295804045,1,11.0,3,205.3,2,0,0
23158.0,1.2720265731877078,1,11.0,1,529.2,0,0,0
13306.0,1.2031569033674443,0,16.0,2,150.5,2,0,0
56095.0,2.756091592072357,1,2.0,6,21.6,3,0,1
33224.0,0.8650760536836273,0,3.0,0,520.4,1,0,0
5861.0,1.3325804297065948,0,10.0,2,924.5,1,0,0
16182.0,0.7846157468411117,1,14.0,1,2027.6,2,0,0
102891.0,6.048111100656327,1,4.0,5,35.9,6,1,1
7591.0,1.015337904875738,0,16.0,1,106.7,8,0,0
7950.0,1.2358948391846654,0,16.0,2,217.1,4,0,0
89713.0,5.396344130644375,1,21.0,7,0.0,2,1,1
15197.0,1.3677542227846744,0,16.0,1,246.4,3,0,0
13505.0,0.9767123010240722,0,21.0,1,594.3,1,0,0
25462.0,0.8201199551322782,0,14.0,3,417.9,1,0,0
1498.0,0.8702161118896373,1,16.0,2,719.9,1,0,0
1080.0,1.3376519447517072,0,11.0,1,91.9,3,0,0
5557.0,1.3385107218248222,1,12.0,2,603.2,2,0,0
5349.0,1.361715766920216,0,16.0,1,323.6,2,0,0
8385.0,1.0516741747599396,0,20.0,0,710.7,2,0,0
23281.0,0.7645050850617472,0,15.0,4,244.5,3,0,0
20041.0,1.0535301696670314,0,13.0,0,453.0,2,0,0
29171.0,0.8618401674543626,0,19.0,1,95.8,2,0,0
51069.0,1.0021884870787496,1,17.0,1,86.6,0,0,0
17956.0,0.9220684967612223,0,12.0,1,708.5,2,0,0
3429.0,0.961430180995574,0,10.0,1,490.7,2,0,0
15349.0,1.0671303696151915,0,0.0,5,380.1,3,0,0
18119.0,0.82157663203733,0,9.0,2,940.1,3,0,0
8626.0,1.2631870619696581,0,14.0,0,105.3,1,0,0
2415.0,1.1125393297377115,0,15.0,2,150.0,4,0,0
6320.0,0.80941770359516,0,14.0,2,81.6,0,0,0
2115.0,0.9987835704446768,0,10.0,4,439.3,2,0,0
77175.0,5.495763895949967,1,4.0,3,17.1,8,1,1
8169.0,1.0691481504518614,0,16.0,4,262.4,3,0,0
8736.0,0.9323845649014346,0,17.0,2,119.8,2,0,0
39244.0,0.9630313288890383,0,13.0,3,333.0,5,0,0
17749.0,0.9338931996089684,1,16.0,3,1684.9,3,0,0
11932.0,1.2844641539041284,0,15.0,3,40.9,1,0,0
44995.0,7.3737065886466,1,21.0,6,2.7,7,1,1
14893.0,1.1254808249304051,0,10.0,3,357.9,4,0,0
10197.0,0.3132043233710755,0,19.0,2,213.3,0,0,0
35432.0,1.342156912950764,0,17.0,1,472.1,2,0,0
20077.0,0.5877146813039392,0,21.0,2,186.4,0,0,0
9351.0,1.4373872071960054,0,16.0,2,297.3,1,0,0
15489.0,1.2636694401118729,0,6.0,2,485.5,5,0,0
11039.0,1.024077270401824,0,16.0,3,199.8,4,0,0
10609.0,1.0300939617922606,0,13.0,3,181.2,2,0,0
16266.0,1.1611146469333216,1,14.0,1,157.8,3,0,0
21652.0,1.4073207589054497,0,18.0,0,319.4,5,0,0
33257.0,0.8119493180763802,1,16.0,3,172.7,2,0,0
8444.0,0.9986276849312702,0,12.0,2,564.0,1,0,1
17355.0,1.2627118485571813,0,10.0,2,147.4,1,1,0
2113.0,0.8875042470927048,0,15.0,2,142.3,0,0,0
44686.0,1.1289140115267013,0,14.0,4,477.9,1,0,0
10592.0,0.9905000339986804,1,12.0,2,1008.5,3,0,0
18701.0,1.0075242381524718,0,10.0,0,168.2,1,0,0
12410.0,1.2240821371857364,0,19.0,0,277.4,3,0,0
35321.0,0.632039944865636,0,15.0,5,74.9,3,0,0
20256.0,0.9217020769898362,0,12.0,0,1402.0,3,1,0
5429.0,0.8041756873712758,0,19.0,1,620.3,0,0,1
9365.0,0.4636203820344861,1,12.0,0,246.5,4,0,0
25402.0,0.4822441228003477,0,10.0,1,164.2,1,0,0
34367.0,1.0798837436856221,0,12.0,3,119.0,2,0,0
33866.0,0.990320173380734,0,14.0,3,658.5,0,0,0
3038.0,0.7442439921268718,0,18.0,0,128.5,1,1,0
19024.0,0.874308957484739,1,14.0,0,757.4,0,1,0
18940.0,0.9397708220681159,0,13.0,1,127.5,4,0,0
28067.0,0.5028069891462659,0,18.0,0,118.3,2,0,0
40893.0,3.1243642444862347,1,3.0,4,41.1,5,1,1
101548.0,6.449563387631277,1,1.0,4,8.3,5,0,1
11885.0,0.8243883314733658,0,1.0,0,37.3,0,0,0
84952.0,4.222609799155844,1,5.0,5,9.2,8,0,0
9417.0,0.7003385748273201,1,22.0,2,1299.3,2,0,0
24101.0,0.7534859813059355,0,17.0,1,348.4,4,0,0
3116.0,0.7364226942352405,0,11.0,2,146.1,4,0,0
6853.0,0.6947614304350578,0,13.0,3,712.2,2,0,0
73002.0,2.2019854128268457,1,4.0,4,7.0,11,1,1
8640.0,1.4326319887797148,0,14.0,1,249.7,3,0,0
28583.0,1.2119804385207107,0,16.0,2,276.1,2,0,0
5160.0,0.9260686115031417,0,17.0,0,6.5,1,0,0
12367.0,0.9909309928710108,0,8.0,1,462.2,2,1,0
11245.0,1.3478363494966217,0,15.0,0,590.4,1,0,0
15505.0,1.2921973370771762,0,18.0,2,239.1,2,0,0
65491.0,0.8094138138303872,0,18.0,2,268.1,2,0,0
28679.0,0.7843969335417971,1,9.0,1,908.5,0,0,1
57287.0,6.90385141393618,1,23.0,9,13.0,4,0,1
2695.0,0.8567633820387247,0,15.0,0,238.2,1,0,0
18445.0,0.7731158257450215,0,9.0,3,1051.9,1,0,1
16747.0,1.1572631170859815,0,16.0,2,1631.6,1,0,0
11377.0,1.2917002631977845,0,17.0,1,286.0,2,1,0
6820.0,1.0903594508412056,0,12.0,1,74.8,3,0,0
22717.0,1.4649731537045776,0,10.0,2,969.4,2,0,0
5998.0,0.822977112414691,0,23.0,0,2.0,2,0,0
21734.0,0.5488993943050335,1,21.0,2,182.2,2,0,0
10982.0,0.8434012748656385,0,19.0,1,58.9,1,0,0
18320.0,0.7555839851820589,0,22.0,1,210.9,1,0,0
22258.0,0.9030081334015048,0,12.0,2,173.7,0,0,0
7401.0,1.1505388595225208,0,18.0,0,479.9,2,0,0
33718.0,1.0428831979774622,0,19.0,0,176.2,5,0,0
29219.0,3.0561743676316557,1,4.0,6,21.4,5,0,1
10530.0,1.1879878926760816,1,17.0,1,454.3,5,0,0
42976.0,1.1547422847059252,1,10.0,3,991.5,0,0,0
5992.0,1.2556776039547197,0,4.0,2,152.5,2,0,1
15271.0,0.6765154294584389,0,16.0,1,202.9,1,0,0
22199.0,0.956714257747699,0,8.0,2,419.8,0,0,0
3234.0,1.2033368587366993,1,17.0,1,3062.1,0,0,0
35394.0,1.1510769969917727,0,13.0,2,129.6,1,0,0
16123.0,0.9337544128668874,0,17.0,3,16.1,0,0,0
11808.0,1.3187615295514563,0,15.0,1,19.0,1,0,0
34784.0,1.106763885811312,0,18.0,3,41.6,3,0,0
7296.0,7.1085775525632755,1,2.0,2,27.4,8,0,1
17185.0,5.523997019195833,1,23.0,7,9.3,7,0,1
10660.0,0.9657830276583327,0,8.0,1,165.8,2,1,0
24003.0,0.7415340793315341,0,10.0,5,50.7,1,0,0
2379.0,0.9847884876569897,0,10.0,0,266.4,3,0,0
11192.0,0.9770068942414529,1,9.0,0,540.1,5,0,0
31067.0,1.431258235508642,1,10.0,0,117.2,0,0,0
24087.0,1.005495682642996,0,18.0,5,253.8,2,0,0
13753.0,1.0782207768991525,0,15.0,1,69.1,1,0,0
27872.0,1.3909171685903887,0,16.0,4,293.8,4,0,0
8493.0,1.384579909158149,0,13.0,0,192.3,1,0,1
5616.0,1.1757663734485857,0,15.0,1,1177.6,3,0,0
40529.0,0.9891309061001241,0,13.0,1,12.9,3,0,0
19200.0,0.8922954614889878,1,9.0,3,566.5,4,0,0
47960.0,2.956632165188864,0,1.0,8,4.3,3,1,1
8955.0,0.9643779876885104,0,7.0,0,710.8,1,0,0
2111.0,1.5494468900589742,0,15.0,1,12.3,0,0,0
15238.0,1.2951093444743362,1,20.0,0,83.4,0,0,0
13156.0,1.4681369445559553,1,15.0,1,816.5,1,0,0
9029.0,0.7171017834695693,0,15.0,3,505.1,1,0,0
26662.0,0.7285788928255628,0,11.0,2,910.1,5,0,0
6216.0,1.4932736340346797,0,19.0,1,139.9,4,0,0
13657.0,0.8884118922902859,0,15.0,2,216.8,1,0,0
14975.0,1.0095371277102054,0,19.0,1,25.6,3,0,0
5255.0,1.0063789332633288,0,23.0,3,112.4,2,0,0
24856.0,0.832974560105936,0,15.0,0,160.3,3,0,0
9534.0,1.3192908343386964,0,15.0,2,246.5,2,0,0
7281.0,0.6595869451239013,0,17.0,0,71.2,2,0,0
81445.0,7.155290880369602,1,3.0,3,2.7,6,0,1
9682.0,0.8273331376046577,0,15.0,1,222.0,2,0,0
15193.0,0.8163634274362694,0,17.0,1,104.5,3,0,0
25698.0,4.377516391171881,1,4.0,7,3.7,7,0,1
17013.0,1.3436797476239069,0,14.0,2,940.8,1,0,0
12183.0,1.1668080352974852,1,11.0,1,214.2,4,0,1
3222.0,0.6469750771039916,0,23.0,4,260.8,3,0,0
77836.0,0.9956534034233228,0,11.0,3,4.5,2,0,0
11580.0,0.7350229711739169,0,15.0,2,392.5,5,0,0
36178.0,1.9785838867145844,1,3.0,6,5.2,6,1,1
15914.0,0.6161734244596984,0,12.0,1,473.7,2,0,0
12935.0,1.2487893383413664,0,18.0,3,359.3,3,0,0
30613.0,4.8459417901480375,1,23.0,9,7.9,8,1,1
32464.0,0.9754678152910112,1,11.0,2,491.7,2,0,0
7746.0,0.8261976583341708,0,14.0,0,545.8,1,0,0
6238.0,0.8585819106999854,0,21.0,0,137.8,2,1,0
31696.0,1.1131735582185882,0,10.0,3,3003.8,1,0,0
17121.0,1.1009969308183514,0,14.0,1,276.4,3,0,1
93138.0,0.8534069329411555,1,3.0,5,35.2,10,1,1
29225.0,1.3267065711990687,1,12.0,0,754.5,2,0,0
5276.0,1.1207703880205466,1,14.0,2,137.8,2,0,0
78396.0,4.004041649589682,1,23.0,3,0.2,5,1,1
8130.0,0.6228669331529143,1,16.0,2,594.9,2,0,0
4524.0,1.1156521920762965,0,18.0,6,1078.6,1,1,0
34969.0,0.8209650439950251,1,13.0,1,133.4,1,0,0
12875.0,0.9048420503829407,0,8.0,2,268.1,2,0,0
31363.0,0.7893655046199289,1,12.0,1,353.8,3,0,0
3567.0,1.4705199330539327,0,10.0,1,126.1,4,0,0
28328.0,0.7014298690222884,0,10.0,3,273.6,0,0,0
31947.0,1.2519643576223793,0,15.0,1,999.3,2,0,0
5032.0,1.2938172923266116,0,21.0,2,391.2,2,0,0
4010.0,0.902941926879366,0,18.0,2,708.8,1,0,0
34767.0,1.1398444592959966,0,17.0,0,236.4,5,0,0
10707.0,1.3821323961234828,1,13.0,2,184.9,2,0,0
2275.0,0.9122820051586683,0,11.0,1,408.4,3,0,0
31302.0,1.4863679870286486,0,15.0,1,301.1,1,0,0
8361.0,0.8537680474416269,0,13.0,0,18.8,1,0,0
3770.0,0.8544148178999517,0,16.0,4,183.8,1,0,0
1211.0,1.134319002989038,0,20.0,1,98.5,2,0,0
25098.0,0.7265080618490799,1,11.0,3,695.1,2,0,0
29020.0,0.9476079092316658,0,11.0,0,246.7,1,0,0
16526.0,1.1674036900573388,1,20.0,1,16.2,0,0,0
41651.0,5.287728498186116,1,21.0,7,0.4,10,1,1
5313.0,1.2810738184221333,0,10.0,2,2.2,0,0,0
14778.0,0.9984518263725157,0,17.0,0,454.0,2,0,0
5011.0,0.9467575491853346,0,11.0,2,116.6,1,0,0
6986.0,0.6711026747524919,1,10.0,2,143.9,5,0,0
6224.0,1.0780821475887195,1,9.0,1,781.5,2,0,0
15867.0,0.7284792190140433,1,18.0,2,63.4,1,0,0
10607.0,1.0980258743304372,0,12.0,2,10.6,4,0,0
15317.0,0.8828865660619019,0,19.0,0,255.4,3,0,0
31855.0,0.6688325651054328,0,14.0,3,337.3,2,1,0
11324.0,1.2010459582765018,0,16.0,0,46.4,0,0,1
2703.0,1.3748699869956194,0,13.0,1,247.3,2,0,0
12966.0,5.957232113541938,1,22.0,6,18.3,7,0,1
4059.0,0.7573299149120419,1,5.0,0,494.9,4,0,0
9599.0,0.7288643386535079,0,10.0,0,370.4,1,0,0
10451.0,0.9516354092596045,0,14.0,2,12.9,1,0,0
35361.0,1.222299057261142,0,14.0,5,123.7,3,0,0
11616.0,1.1577251743369148,0,12.0,0,494.0,1,0,0
18886.0,0.7496580604143551,0,13.0,0,238.3,3,0,0
38303.0,1.1637227894944702,0,22.0,0,169.6,2,0,0
21708.0,2.5924606061304454,0,22.0,6,14.2,10,0,1
21292.0,0.9219807954828106,1,13.0,2,702.0,0,0,0
8191.0,0.8984414687767587,0,11.0,5,147.5,2,0,0
17206.0,0.9218486172050201,0,13.0,1,167.1,4,0,0
15325.0,0.800688534004948,0,12.0,2,499.8,4,0,0
26399.0,1.13888467551437,0,13.0,2,1355.5,1,0,0
7577.0,1.0224092687254218,0,17.0,0,136.8,2,0,0
15365.0,1.1833669468378336,1,10.0,2,342.7,0,0,0
11394.0,1.3970015073025872,0,8.0,2,213.6,3,0,0
7842.0,1.0807380997617093,0,15.0,2,880.4,2,0,0
14660.0,0.724748415372662,0,11.0,2,102.4,0,0,0
23836.0,5.4799747971678165,1,3.0,8,8.9,12,1,1
5609.0,3.853199443089755,1,0.0,7,9.0,9,1,1
26153.0,1.3233327064518616,0,21.0,1,341.6,1,0,1
83758.0,5.601000484971057,1,5.0,5,34.3,8,0,1
53690.0,5.674932486733535,1,0.0,5,7.9,7,0,1
40033.0,1.0371595961156683,0,20.0,2,401.9,1,0,0
18694.0,1.107440302501826,0,18.0,2,5.5,3,0,0
10973.0,0.9690272881891092,0,16.0,2,134.0,1,0,0
43116.0,0.37137269398295314,0,11.0,2,988.8,2,1,0
12495.0,0.9007472469260464,0,15.0,0,209.2,2,0,0
18967.0,3.247935746350816,1,21.0,8,22.7,5,0,1
10193.0,0.9080427881495704,0,17.0,0,99.0,2,0,0
13949.0,0.9685129266937631,0,13.0,0,699.4,2,0,0
11036.0,1.0662968390792955,1,14.0,2,379.2,1,1,0
12176.0,0.8225326681366434,0,10.0,3,120.0,3,0,0
38515.0,0.8582422194810769,0,5.0,0,16.2,3,0,0
41778.0,0.7632685859857786,0,19.0,1,139.7,1,0,0
24017.0,0.9747553208276543,0,9.0,2,1116.2,1,0,0
13074.0,0.7374896396388669,0,13.0,2,664.7,1,0,0
19088.0,1.1051051473548066,0,11.0,2,737.7,5,0,0
17569.0,1.2015199728201544,0,10.0,3,151.0,3,0,0
34395.0,1.2612773546910787,0,13.0,1,718.6,1,0,0
3272.0,0.8315240778576761,0,14.0,1,1137.6,1,0,0
11481.0,1.0890261231077016,0,16.0,0,22.7,2,0,0
4009.0,0.7646670610917704,1,14.0,1,45.0,3,1,0
15895.0,0.9420724458866202,0,16.0,1,359.1,3,0,0
35410.0,1.0703335926954771,0,23.0,2,742.7,2,1,0
5612.0,1.1434175082440223,0,18.0,1,37.6,2,0,0
19558.0,1.1697283644071566,1,9.0,0,282.5,1,1,0
17040.0,0.9376204873676501,0,15.0,1,7.2,0,0,0
10366.0,1.150397189952934,0,15.0,2,109.3,2,0,0
26680.0,0.6304557820107249,0,17.0,1,316.8,1,1,0
29444.0,0.5632639662057832,0,21.0,1,174.1,1,0,0
15787.0,0.9119412202513353,0,11.0,1,167.1,1,0,0
17845.0,0.9708884231765839,0,14.0,0,425.2,5,0,0
10354.0,1.462230709310358,0,15.0,1,82.9,2,0,0
16878.0,0.7805864162718621,1,11.0,0,107.7,3,0,0
36543.0,0.3305568294589536,0,14.0,0,98.1,1,1,0
10836.0,0.7929120413054969,0,18.0,2,389.3,2,0,0
17666.0,1.4146528922195813,0,11.0,3,687.3,1,0,0
29791.0,6.568982824920549,1,22.0,3,9.5,6,1,1
36429.0,0.9569629198320524,0,11.0,2,3.9,0,0,0
10025.0,1.0425841145715753,0,18.0,1,185.0,0,0,0
11728.0,0.7683812608071823,0,20.0,3,483.2,3,0,0
15578.0,0.7348207717177186,0,12.0,2,233.4,1,0,0
37198.0,1.1477594047291289,0,13.0,0,1082.6,1,0,0
7686.0,1.6694133057312932,0,12.0,1,55.0,5,0,0
22915.0,0.9827066676383525,0,11.0,2,3.8,2,0,0
25670.0,1.5085376650145201,0,12.0,1,66.1,1,0,0
4011.0,1.3652033901908016,0,14.0,2,300.5,3,0,0
5197.0,1.116855266838358,0,11.0,2,360.9,0,0,0
24914.0,0.7953142658697805,0,13.0,4,18.6,1,0,0
4496.0,1.1489693589122205,0,7.0,1,193.1,1,0,0
23327.0,1.342099835512601,0,14.0,2,1331.6,2,0,0
7642.0,0.9871643222410933,0,17.0,3,85.0,1,0,0
3748.0,1.1766569959593836,0,14.0,3,412.3,2,0,0
8204.0,0.8052981898052421,1,17.0,1,635.0,0,0,0
11973.0,0.5031558747566255,0,18.0,2,99.7,2,0,0
13925.0,1.0569478250305528,0,14.0,2,1277.4,0,0,0
13610.0,1.3228006526623604,0,14.0,0,538.5,1,0,0
30031.0,0.9994040725607175,0,14.0,1,622.5,2,0,0
25030.0,1.2982618784322393,0,17.0,0,812.0,1,0,0
35761.0,0.6845982813195941,0,10.0,1,243.5,1,0,0
5745.0,1.2537073738982534,0,15.0,1,469.9,1,0,0
4254.0,0.9187192124019182,0,22.0,1,446.2,0,0,0
19503.0,0.5816015054519853,0,18.0,0,188.1,3,0,0
3726.0,0.8254434401435351,0,19.0,2,219.9,0,0,0
13160.0,1.158104430532726,0,11.0,0,580.5,0,0,0
26988.0,0.8333008107196607,0,14.0,1,590.4,1,0,0
5435.0,1.5529699100691614,0,10.0,0,90.1,2,1,0
98607.0,5.522539899796292,0,5.0,7,17.0,6,1,1
10797.0,1.0951727421291655,0,11.0,1,2532.3,0,0,0
37751.0,3.0732360934851233,1,4.0,4,23.6,5,1,1
6783.0,0.9129396996865686,0,14.0,3,568.5,3,0,0
9902.0,1.1734274881156646,0,18.0,1,228.5,2,0,0
4399.0,1.1604095718819758,1,18.0,1,43.3,2,0,0
68268.0,4.677763200909958,1,5.0,2,42.6,6,0,1
29303.0,1.3128269989555124,0,22.0,0,78.0,5,0,0
13160.0,1.0227971734920875,0,23.0,0,314.4,1,0,0
13153.0,0.6707572758799654,0,14.0,1,1123.2,0,0,0
3706.0,0.9098849774632669,0,7.0,2,1255.5,3,1,0
3006.0,1.0461763737519265,0,19.0,2,14.9,0,0,0
4873.0,1.0541142608634086,0,17.0,1,651.4,5,0,0
34276.0,1.3207897765885654,0,14.0,2,603.9,1,0,0
23090.0,1.2235141314705846,0,6.0,2,122.1,1,0,0
12501.0,1.279129321562618,1,15.0,0,678.4,3,0,0
19513.0,1.2787430089016365,0,7.0,3,0.0,2,0,0
6018.0,1.017163636115577,0,12.0,3,287.7,1,0,0
24346.0,1.0023261243463497,0,9.0,1,466.9,3,0,0
16064.0,0.9351548596628854,0,13.0,3,675.0,5,0,0
19619.0,0.8031869176642747,0,9.0,0,700.3,0,0,0
12623.0,0.1,0,15.0,1,17.3,2,0,0
329.0,0.710060946197226,0,14.0,1,269.8,1,0,0
52555.0,2.8831868850339344,0,5.0,11,0.7,10,1,1
30503.0,1.0889133483190376,1,13.0,0,24.9,2,0,0
46039.0,4.265980356223175,1,2.0,6,1.8,8,1,1
6716.0,1.2337316207109126,0,14.0,2,374.2,0,0,0
19241.0,0.9105384077022418,0,17.0,2,115.4,3,0,0
15534.0,1.0488320412581509,0,11.0,0,230.1,3,0,0
17450.0,0.9724574471828705,0,12.0,2,128.6,0,0,0
36598.0,5.726505515961751,1,23.0,2,25.8,10,0,1
13095.0,1.065462488647386,0,14.0,2,793.1,1,0,0
107094.0,2.18639583744015,1,2.0,4,3.4,6,0,1
4131.0,1.4112563059141123,0,14.0,3,290.1,0,0,0
13780.0,0.7247468663114742,0,14.0,5,343.4,2,0,0
4986.0,1.4154579497857964,0,0.0,2,975.1,0,0,0
5233.0,1.0655882575805447,0,13.0,0,6.3,0,0,0
51686.0,0.9211423381942804,0,17.0,1,0.8,3,0,0
12707.0,1.2987880761779196,0,14.0,1,212.1,0,0,0
11311.0,0.9529351075003263,0,15.0,3,271.6,3,0,0
13566.0,1.0988019622539629,0,7.0,0,194.4,2,0,0
32254.0,1.2687402959729912,0,19.0,0,1155.1,2,0,0
13940.0,1.17146916668841,1,18.0,3,140.5,1,0,1
4255.0,0.8855845285602691,0,22.0,4,487.4,1,0,0
29782.0,1.0320515840228142,0,9.0,2,24.1,5,0,0
10164.0,0.8810478586161882,0,14.0,1,321.3,3,0,0
9258.0,0.9906758867608715,0,20.0,0,25.3,4,0,0
5210.0,0.8694886099335413,0,12.0,0,24.9,1,0,0
11166.0,6.458511828014304,1,1.0,6,9.4,7,0,1
15004.0,1.0776949892074783,1,14.0,2,149.9,3,0,0
56509.0,5.228867936666266,1,21.0,5,12.6,6,1,1
20631.0,0.8701661924756011,1,10.0,1,798.7,2,0,0
30224.0,0.8913881281409708,0,6.0,0,197.3,3,0,0
15586.0,0.6017613687318059,0,14.0,1,561.0,0,0,0
3216.0,4.116373881966307,1,5.0,4,2.5,8,1,1
12734.0,1.036962138737985,0,11.0,2,183.4,2,0,0
11540.0,0.6660742900745014,0,14.0,0,221.9,1,0,0
34875.0,1.3225957651932587,0,11.0,3,585.3,5,0,0
16374.0,0.478408330628008,0,19.0,2,620.7,0,0,0
132137.0,2.5664733220022304,0,21.0,5,4.3,3,0,1
14187.0,0.9885054540734961,0,8.0,4,51.6,2,0,0
21203.0,0.5586463403974922,0,12.0,1,71.5,2,0,0
30226.0,0.9427261336335087,1,15.0,2,170.4,1,0,0
14178.0,0.6840646828696908,0,8.0,3,73.7,4,0,0
8752.0,0.9351207857092345,0,12.0,3,1514.0,1,0,0
9575.0,1.113192653390948,0,8.0,1,144.0,2,0,0
3586.0,1.4371384692824274,1,17.0,1,167.1,2,0,0
8535.0,0.9022145478355288,0,11.0,0,141.7,0,0,0
2860.0,0.7273632980384129,0,18.0,1,11.3,2,0,0
22983.0,0.4978512994498988,0,15.0,3,1173.0,0,0,0
16168.0,0.9333754827424541,0,12.0,3,133.8,2,0,1
11668.0,0.807654523098385,0,23.0,1,329.8,2,0,0
18394.0,1.0992561902610423,0,14.0,1,192.0,0,0,0
21653.0,0.8775606223355723,0,23.0,2,71.2,2,0,0
33300.0,1.6012773668309932,1,9.0,1,290.7,0,0,0
28064.0,0.859843275428341,0,11.0,1,818.0,2,0,0
24110.0,1.2393295937281577,0,11.0,0,313.8,1,0,0
9310.0,0.6820588357229347,0,14.0,1,457.6,2,0,0
3841.0,1.1450560338247069,0,13.0,4,1082.9,2,0,0
6715.0,0.8431988964474726,0,19.0,1,737.6,2,0,0
5471.0,1.4033179073222124,0,10.0,1,170.0,4,0,0
3573.0,1.068024888005918,0,11.0,3,246.1,5,1,0
48357.0,1.0398840850802686,0,20.0,1,237.5,3,1,0
11655.0,0.8521743070795573,0,14.0,1,1561.7,3,0,0
21423.0,0.7388499085179229,0,16.0,2,190.4,0,0,0
19270.0,0.9120233837996018,0,12.0,2,349.0,1,0,0
18249.0,0.9440752291958399,1,15.0,2,24.7,5,0,0
5444.0,0.9502321030056338,0,23.0,0,203.4,3,0,0
15847.0,0.4686004188673385,0,11.0,0,185.0,4,0,0
35078.0,1.0578131387764727,0,16.0,2,1133.9,1,0,0
15801.0,0.7507271917732468,0,8.0,1,1414.9,2,0,0
12303.0,0.8671817045118797,0,10.0,4,2055.5,3,0,0
3669.0,0.8878027709601464,0,7.0,2,390.6,0,1,0
23751.0,0.6840594392189672,0,12.0,0,353.9,2,0,0
28505.0,1.716512055365929,1,4.0,5,14.2,9,1,1
19584.0,1.252955294058894,0,18.0,2,975.7,5,0,0
6147.0,1.104871646365872,0,17.0,3,434.1,2,0,1
26399.0,1.0536788492638283,0,10.0,0,394.5,3,0,0
13239.0,0.743057456259745,0,11.0,2,320.3,0,0,0
28639.0,1.6593418852674977,0,9.0,1,950.5,1,0,1
19262.0,0.7887100881800448,0,11.0,1,1349.7,3,0,0
9237.0,0.9267604373421787,0,15.0,1,19.7,1,0,0
10884.0,0.5862892212480196,0,17.0,3,115.1,1,0,1
12294.0,0.8561104987626152,0,14.0,1,257.5,3,0,0
1054.0,1.1914699156032824,1,19.0,2,220.8,0,0,0
9046.0,1.3676863663721976,0,17.0,1,315.5,0,0,0
2398.0,1.0737098403038376,1,18.0,1,176.5,5,0,0
27351.0,1.0661313100270635,0,19.0,1,15.7,1,0,0
28741.0,1.2528878597696642,0,11.0,2,119.6,1,0,0
11419.0,1.3083679639703423,0,6.0,1,981.3,1,0,0
75548.0,4.694882855957452,0,3.0,7,10.0,5,0,1
17528.0,1.2043569568089167,0,12.0,2,64.2,4,0,0
39042.0,1.2430531260549973,0,9.0,4,174.5,3,0,0
27483.0,6.125454809988924,1,3.0,5,60.6,8,1,1
6265.0,1.1069025582107839,0,22.0,3,461.3,1,0,0
13888.0,0.9195586311241273,0,14.0,1,171.2,2,0,0
12035.0,0.36586366025369843,0,8.0,4,1717.5,3,0,0
32670.0,1.1567219303628815,0,22.0,1,221.2,2,0,0
15379.0,1.1748161264896309,0,18.0,3,515.1,0,0,0
16902.0,0.7002684115147242,0,20.0,0,93.4,5,0,0
14162.0,0.6351930570239976,0,17.0,2,341.2,3,0,0
7135.0,1.3448053131059496,0,10.0,0,1451.2,3,0,0
28387.0,0.798342221718204,0,13.0,5,990.7,0,0,0
46414.0,0.894132973945383,0,14.0,3,229.9,1,0,0
20141.0,5.8961195522170815,0,22.0,6,32.4,9,1,1
13507.0,1.3879193152387295,0,14.0,2,381.3,4,0,0
8313.0,0.802686776519696,0,18.0,0,87.5,2,0,0
1917.0,1.1865413083732268,0,21.0,0,35.7,1,0,0
22164.0,0.8877600272997801,0,10.0,4,589.1,2,0,0
28338.0,1.2748039552024586,0,12.0,0,268.0,2,0,0
22291.0,1.0767220551732648,0,11.0,2,289.5,3,0,0
17372.0,1.0928901054234572,0,14.0,4,1007.7,3,0,1
7208.0,0.7237372934463828,0,12.0,1,607.7,0,0,0
16630.0,1.4045127102632096,0,12.0,1,536.2,3,0,0
17935.0,0.6479033145635683,0,10.0,2,171.7,3,0,0
19050.0,1.0341304456546077,1,13.0,1,569.4,5,0,0
10848.0,0.858189972297913,0,13.0,1,116.4,0,0,0
29685.0,4.38486199098484,1,22.0,6,1.0,9,0,1
13553.0,0.9551878392859542,0,18.0,1,189.2,1,0,1
3284.0,1.0324379029492459,0,8.0,1,201.7,4,0,0
233707.0,3.346393490594283,0,21.0,7,99.5,4,1,1
7578.0,1.024250143863569,0,20.0,2,21.7,1,0,0
5553.0,1.6298089538612541,0,22.0,1,154.5,2,0,0
8580.0,1.1644329305381675,1,19.0,2,1208.7,4,0,0
10669.0,0.7439466361973622,0,17.0,1,540.8,1,1,0
30906.0,1.254183576809793,0,7.0,4,68.2,0,1,0
29090.0,1.0188007662376048,0,16.0,2,578.3,3,0,0
25857.0,1.0373255041628389,1,17.0,1,393.0,1,0,0
9465.0,0.8014828245504269,0,14.0,3,304.4,4,0,0
27338.0,2.643126603941237,1,21.0,6,3.0,2,1,1
5893.0,1.3961014582435158,0,18.0,1,506.8,3,0,0
10186.0,1.1272800965331897,0,7.0,2,547.9,1,0,0
9881.0,0.5656446838073965,0,19.0,2,608.4,4,0,0
94400.0,6.541541642567481,1,3.0,6,4.0,3,1,1
15544.0,0.9319970647799664,0,14.0,2,775.2,1,0,0
13530.0,1.3585899643672237,0,15.0,1,128.2,4,0,0
19175.0,0.5631759167479786,1,15.0,1,390.6,1,0,0
2760.0,1.0792411003711764,1,13.0,2,90.7,3,0,0
11735.0,1.1505460297176053,0,10.0,2,354.6,2,0,0
11793.0,1.1018992638554086,0,10.0,1,240.2,4,0,0
7439.0,1.2408058349159181,0,12.0,1,565.5,0,0,1
6241.0,0.8097716300481206,0,15.0,2,189.2,4,1,0
20415.0,1.216984964506316,1,15.0,1,2671.0,1,0,0
32726.0,1.04809340618425,1,23.0,1,1515.5,4,0,0
89830.0,1.0591170541324244,1,23.0,6,2.4,8,1,1
14247.0,0.8321910472256201,0,10.0,1,21.0,5,0,1
40135.0,1.1321919089274088,0,22.0,1,182.2,2,0,0
6750.0,1.0081362579404811,0,10.0,2,83.1,3,0,0
2771.0,0.755305810578478,0,11.0,3,397.4,1,0,0
22558.0,1.1882915153954,0,18.0,1,142.2,3,0,0
25454.0,1.1068038501145965,0,20.0,2,651.9,2,0,0
7855.0,1.0552438483950615,0,14.0,1,314.2,4,0,0
30663.0,1.4024975984840142,1,20.0,3,228.2,2,0,0
9117.0,1.091450183273424,0,12.0,2,319.4,1,0,0
12980.0,1.004170294720193,0,7.0,3,348.4,2,0,0
9398.0,0.9523639565164792,0,13.0,0,51.1,3,0,0
3996.0,1.0115743148193348,1,13.0,3,92.3,1,0,0
18110.0,1.3812029395300145,0,12.0,0,12.2,2,0,0
27019.0,0.884537154766572,0,12.0,2,135.7,3,0,0
12617.0,1.3528514516198553,0,12.0,2,222.8,2,0,0
53374.0,0.6026304272658367,1,11.0,2,747.8,2,0,0
28688.0,1.0621273608767767,0,14.0,2,157.0,0,0,0
12911.0,1.115137773658578,0,9.0,3,38.3,3,0,0
8766.0,0.6554618906900889,0,17.0,0,320.3,2,0,0
20125.0,0.6405776817582776,0,19.0,4,875.3,1,0,1
17259.0,0.9236300641905988,0,7.0,0,19.9,1,0,0
18407.0,0.9567084494168899,0,14.0,2,51.5,0,0,0
12628.0,1.3989306208976546,0,15.0,2,869.1,1,0,0
18884.0,1.3215211710535777,0,20.0,2,64.1,1,0,0
13239.0,1.4131495226976107,1,16.0,3,329.9,0,1,0
7962.0,0.8815727558580121,0,17.0,1,104.8,1,0,0
13411.0,1.3887053669772338,0,12.0,3,57.2,2,0,0
31719.0,0.9354881683572733,0,8.0,2,634.7,3,0,0
16437.0,0.8005294303603924,0,16.0,2,937.3,2,0,0
8756.0,0.845535971884522,0,12.0,1,121.4,1,0,0
6890.0,1.65839889513484,0,18.0,0,207.7,2,0,0
24790.0,0.7790749562857986,0,21.0,2,213.9,2,0,0
13768.0,1.3924490851564348,0,6.0,1,100.6,2,0,0
35842.0,0.9444486187072784,0,16.0,3,47.1,0,0,0
19115.0,0.5315868046561969,0,13.0,3,9.4,0,0,0
26578.0,5.976036100323131,1,21.0,4,4.2,9,1,1
2821.0,1.256153279430217,0,3.0,3,151.9,0,0,0
7609.0,0.8896374853916937,1,13.0,3,588.5,5,0,0
13175.0,0.9722126504568933,1,14.0,2,787.3,2,0,1
17133.0,1.2731646889095032,0,20.0,1,68.0,5,0,0
38253.0,0.7020057935117612,0,18.0,0,158.0,2,0,0
5045.0,1.2381458961587302,0,18.0,1,117.7,0,1,0
37120.0,3.451206954653895,1,1.0,7,0.5,11,1,1
53303.0,7.089161615165775,1,22.0,2,7.3,7,0,1
47460.0,0.42665233925794843,0,17.0,0,104.8,1,0,0
8933.0,1.0844910484180952,0,7.0,1,492.2,4,0,0
82166.0,1.5105023593570435,1,22.0,5,57.0,12,0,1
13296.0,2.4159889135239063,1,2.0,9,1.4,6,1,1
3530.0,0.918178022154861,0,12.0,0,47.0,3,0,0
35193.0,0.9094077413591053,0,13.0,2,398.8,1,0,0
10055.0,1.2822645423810752,1,12.0,4,317.2,4,0,0
8761.0,6.79484315481065,1,2.0,5,22.9,11,0,1
15808.0,0.7475160552569047,0,17.0,1,699.8,0,0,0
23549.0,1.2086085386119239,0,15.0,2,219.7,4,0,0
7074.0,1.4215432464365452,0,19.0,1,223.2,0,0,0
13541.0,0.926107198369218,0,13.0,1,628.4,0,0,0
26487.0,1.1459585770321667,0,17.0,0,84.5,2,0,0
5319.0,1.0527134705349446,0,11.0,2,1148.4,0,0,0
29197.0,0.9865804736907452,0,16.0,3,57.1,0,0,0
19322.0,1.1808822116822015,0,14.0,2,49.3,1,0,0
12364.0,0.9877433713836226,0,20.0,2,73.3,1,0,0
5306.0,0.952335459707701,0,10.0,2,243.2,1,0,0
57758.0,3.9340869879383913,0,2.0,9,0.5,8,0,1
2592.0,1.2350886549038012,0,19.0,0,46.0,2,0,0
43234.0,0.7066072503624963,0,19.0,3,446.9,1,0,0
12025.0,1.0711024212456595,0,16.0,2,1088.7,2,0,0
10466.0,1.060250074103669,0,11.0,0,218.3,4,0,0
13123.0,3.413385681679974,1,22.0,4,0.1,7,0,0
7835.0,1.3112512384495902,0,12.0,2,450.8,2,0,0
9350.0,1.0193941517789216,0,17.0,3,364.6,1,0,0
48058.0,1.0914583231660786,0,12.0,3,1350.0,2,0,0
58549.0,0.7949264244186829,0,14.0,1,57.0,1,0,0
5762.0,0.7797907505414805,0,7.0,4,252.9,1,0,0
11075.0,1.1157669902689848,0,15.0,0,695.1,1,0,0
19778.0,1.0884059578477567,1,16.0,0,148.4,3,0,0
9957.0,1.244538712458632,0,5.0,2,1035.2,2,0,0
30867.0,0.6364701261741763,0,9.0,0,571.2,1,0,0
16344.0,0.9726606238080425,0,10.0,1,174.9,1,0,0
7222.0,0.8926630436817676,0,13.0,1,404.8,1,1,1
7793.0,0.8360771027507321,0,13.0,1,392.9,1,0,0
11636.0,0.7639355124872775,0,15.0,3,933.8,5,0,0
41098.0,0.6560898284242505,0,9.0,1,179.9,2,0,0
11297.0,0.810729743177748,0,15.0,2,183.4,0,0,0
24229.0,1.4598844138739362,0,18.0,1,427.2,1,1,0
26510.0,1.2048187038323424,1,14.0,2,45.8,1,1,0
3061.0,1.203104062910493,1,22.0,1,565.2,2,0,0
27556.0,0.9267954110573885,0,8.0,0,105.5,1,0,0
17303.0,1.4022013743267143,0,18.0,0,797.3,2,0,0
34408.0,0.9009918654390148,1,21.0,0,182.0,2,0,0
5600.0,1.5057661068195025,0,6.0,0,8.0,4,0,0
5376.0,1.2622129474311403,0,12.0,1,627.7,1,0,0
4746.0,1.1621344336802455,0,16.0,0,203.6,1,0,0
4415.0,1.1897983771346603,0,19.0,4,204.3,0,0,0
13407.0,0.6572485984297068,0,12.0,2,99.9,0,0,0
8805.0,1.0618782139512744,0,12.0,2,113.5,2,0,0
22949.0,1.2927653806654626,0,18.0,0,1595.3,2,0,0
5575.0,0.756526644589656,0,17.0,5,625.8,2,0,0
18897.0,0.9273578826545104,0,11.0,1,383.3,4,0,0
18004.0,0.975189397318257,0,15.0,1,1331.3,1,0,0
17919.0,5.144966636251617,1,4.0,8,15.3,8,0,1
16763.0,0.8123569725724745,1,23.0,1,688.6,3,0,0
37119.0,0.9173823826572439,0,15.0,3,311.1,3,0,0
31558.0,1.413169554054608,0,21.0,2,46.4,3,0,0
5246.0,0.8854475314451279,0,13.0,1,898.9,3,0,0
35797.0,0.880047278660376,0,11.0,5,393.8,2,0,0
33652.0,1.3839363678056655,1,20.0,2,258.7,5,0,0
8915.0,0.9266096217585674,0,13.0,2,535.8,2,0,0
6758.0,0.7480097444840283,0,19.0,4,177.0,3,0,0
13546.0,1.2987751884204903,0,12.0,0,367.0,2,0,0
22125.0,1.175731943339236,0,14.0,2,36.1,2,0,0
11650.0,1.488890209641922,0,9.0,1,45.1,1,0,0
8512.0,0.8525328261231703,1,5.0,5,388.5,5,0,0
6317.0,1.4682164241482991,0,13.0,0,52.7,0,0,0
93431.0,1.2212897174175543,1,2.0,7,45.5,13,1,1
17652.0,7.124988191622311,1,2.0,5,16.7,8,1,1
8005.0,1.0867704558745013,0,15.0,2,256.3,3,0,0
6090.0,0.6330432910871872,0,8.0,3,210.6,2,0,0
6103.0,0.5376883799274056,0,21.0,3,486.5,3,0,0
6502.0,0.972956494563325,0,16.0,2,401.2,2,0,0
16930.0,0.9649298023222733,0,15.0,1,39.6,3,0,0
11851.0,0.5461427426630617,0,10.0,0,396.9,1,0,0
70123.0,0.949134847239274,1,23.0,3,94.1,1,0,0
6093.0,1.3346214258373934,0,17.0,0,32.5,1,0,0
4770.0,0.9245145175798579,0,19.0,4,271.6,3,0,0
13018.0,1.5035353975768555,0,20.0,3,303.3,2,0,0
11752.0,0.8280385137439268,0,14.0,0,244.2,1,0,0
9654.0,1.6378372384052755,1,17.0,3,302.8,3,1,0
29802.0,1.1548532347386757,0,8.0,0,248.2,0,1,0
14774.0,1.2396427570504764,0,16.0,1,303.3,3,0,0
9797.0,0.6165094969328443,0,16.0,3,615.9,2,0,0
12559.0,1.627856004218751,1,14.0,5,439.0,3,0,1
5830.0,1.2555156232663918,0,16.0,0,29.6,1,0,0
20850.0,0.7605089443690821,0,21.0,4,84.6,4,0,0
14344.0,1.0699268520962408,0,15.0,4,87.4,3,0,0
13376.0,1.193221665072129,0,15.0,3,11.5,2,1,0
6261.0,1.2240903563793457,0,19.0,2,123.8,1,0,0
10373.0,0.802542167017086,0,13.0,1,23.2,3,0,0
42776.0,5.077722777397389,1,1.0,5,17.3,9,1,1
130902.0,5.559177726215855,1,22.0,7,6.1,5,0,1
29745.0,1.2716584538665845,0,17.0,1,8.5,3,0,0
17255.0,1.101025687390938,0,8.0,0,136.4,4,0,0
13944.0,0.9423102629060588,0,8.0,4,556.6,1,0,1
3570.0,0.869384610885217,0,12.0,1,248.6,2,0,0
6903.0,0.5569343603731105,1,15.0,3,1037.1,1,1,0
12525.0,1.1458995118828033,0,18.0,4,384.4,3,0,0
17620.0,0.5252416433904574,0,18.0,1,325.9,4,0,0
7499.0,1.2922992570832639,0,10.0,2,281.6,1,0,0
43945.0,0.9448237852421331,0,17.0,2,113.8,4,0,0
48607.0,5.296556410425806,1,22.0,7,5.8,6,1,1
14290.0,1.069659940078454,0,12.0,2,285.2,2,0,0
2704.0,0.6697807243128024,0,10.0,0,469.7,3,0,0
14603.0,0.5238378036240139,0,18.0,3,752.2,4,0,0
32650.0,6.534157878801279,1,22.0,6,26.2,6,1,1
22912.0,0.9079832138090477,0,9.0,1,142.8,3,0,1
25262.0,1.3468572910431504,1,13.0,2,166.2,2,0,0
17474.0,1.0738375991552636,0,22.0,2,131.9,2,0,0
3725.0,1.2132199948800482,0,16.0,1,341.0,1,0,0
7499.0,0.8902141013645506,1,9.0,0,645.1,3,0,0
57188.0,4.38583077341287,1,5.0,4,10.0,5,0,1
15078.0,1.0102601539222307,0,13.0,2,100.9,1,0,0
26434.0,1.2529623103157375,0,17.0,3,11.0,1,0,0
19598.0,0.6682180476246465,1,19.0,1,520.8,1,0,0
7944.0,0.918016291803068,0,15.0,0,39.8,2,0,0
15042.0,4.76561146970497,1,21.0,7,8.5,6,1,1
80063.0,4.532023713124056,1,23.0,3,23.3,7,1,1
7375.0,1.5539877348191737,1,16.0,1,554.7,2,0,0
29658.0,0.6387430357308348,0,14.0,3,539.8,4,0,0
67529.0,3.443967125790739,1,2.0,3,16.4,8,1,1
4839.0,0.9420531282134705,0,16.0,1,382.1,4,0,0
18916.0,0.6367354509125778,0,23.0,0,37.0,0,0,0
23527.0,0.928724049328436,0,16.0,3,22.4,0,0,0
36535.0,1.006262329017482,0,13.0,0,333.1,1,0,0
15458.0,0.9413542253465462,0,14.0,5,1488.9,1,0,0
36398.0,1.2199411820318389,0,14.0,4,98.9,2,0,0
2724.0,1.1664435665058919,0,15.0,0,97.2,3,0,0
12672.0,0.9636682600363905,0,7.0,1,649.4,5,1,0
42710.0,1.3655792833217897,0,15.0,3,492.3,2,0,0
12603.0,0.8064028660793102,1,14.0,1,77.1,0,0,0
22071.0,1.16774673687385,0,8.0,0,598.6,1,1,0
18788.0,0.4313173207273402,0,14.0,1,107.3,4,0,0
66279.0,3.9398505357432674,1,22.0,6,13.7,9,0,1
15047.0,0.8734616873128503,0,19.0,2,94.6,4,0,0
40348.0,1.5554509761606947,0,13.0,2,417.8,6,0,0
10227.0,0.8975654301353807,0,20.0,2,44.6,2,0,0
37917.0,1.2624559528831196,0,15.0,4,310.7,1,0,0
7973.0,0.8286494354106757,0,12.0,1,264.5,2,0,0
20616.0,1.4197531119742561,0,16.0,2,347.9,3,0,0
16771.0,2.8205927354291527,1,23.0,6,14.3,3,1,1
78537.0,0.9320622958912916,1,5.0,7,61.4,4,1,1
18009.0,1.1471896493648797,0,16.0,0,53.7,1,0,0
2437.0,0.9933433120111494,0,15.0,1,655.7,2,0,0
20714.0,0.8491904645591994,0,16.0,4,1061.6,1,0,0
44333.0,1.3740181974413312,0,14.0,0,98.7,0,0,0
12101.0,0.950338270544062,0,12.0,2,561.0,0,0,0
12090.0,1.0124628521414683,0,16.0,0,22.4,4,0,0
16913.0,1.3105232030369343,0,8.0,0,639.2,2,0,0
27868.0,1.2964505107123314,1,5.0,2,42.9,2,0,0
10259.0,1.1912251388170652,0,13.0,2,271.7,2,0,0
31896.0,1.0558465418477005,0,14.0,1,505.9,1,0,0
23778.0,1.1139894765716531,0,14.0,2,61.7,2,0,0
47402.0,5.349460986244392,1,2.0,5,35.6,9,0,1
10057.0,0.9507366807776942,0,18.0,2,645.6,2,0,0
31267.0,0.7898477187532031,1,17.0,1,71.1,6,0,0
3729.0,0.893678698715431,1,15.0,2,81.2,0,0,0
22852.0,0.9040259440310341,0,8.0,2,620.4,1,1,0
14241.0,1.3080049258940099,0,13.0,1,283.4,2,0,0
23451.0,0.9377510142551091,0,13.0,1,82.3,1,0,0
17894.0,0.9907193627735664,0,9.0,2,280.8,2,0,0
4684.0,1.5812009898989787,0,11.0,3,67.3,4,0,0
3080.0,1.047875241301031,0,17.0,2,135.1,6,0,0
15544.0,0.6166270129703674,0,14.0,1,1005.9,6,0,0
15161.0,1.0679365082335663,0,12.0,1,795.2,5,0,0
87675.0,3.2647575721252107,1,5.0,3,13.8,4,1,1
9975.0,0.6142284075354281,0,15.0,1,734.1,0,0,0
16791.0,1.0859763401423725,0,11.0,1,313.0,5,0,0
8801.0,1.3345022630525203,1,12.0,0,805.4,0,0,0
23069.0,0.6405647990605473,0,10.0,2,233.6,1,0,0
24516.0,2.657578505872464,0,21.0,3,5.8,6,1,1
9143.0,1.0998241182338968,1,12.0,0,20.9,4,0,0
72628.0,6.0547378168873145,1,1.0,3,75.7,9,0,1
1518.0,0.999718525150842,1,12.0,0,2.0,1,0,0
18081.0,1.364559749994414,0,13.0,0,261.5,0,0,1
20240.0,1.111143059810091,1,7.0,1,1130.5,1,0,0
14314.0,1.119830092386322,0,8.0,0,184.6,3,0,0
22681.0,0.37317124720959005,0,17.0,0,461.6,2,0,0
9182.0,1.13129596423902,0,20.0,2,37.4,2,0,0
10476.0,0.940107027136288,0,14.0,3,52.3,1,0,0
5239.0,1.0575363610135937,1,17.0,3,812.6,0,0,0
15389.0,1.0337728535727444,0,15.0,1,18.5,0,0,0
10041.0,1.0945930070637118,0,16.0,0,58.7,0,0,0
44514.0,5.547468735035259,0,3.0,6,8.2,11,1,1
20354.0,1.513723230278282,0,15.0,4,188.2,0,0,0
4367.0,0.9731192797825966,0,20.0,5,406.7,2,0,0
4456.0,1.0042851669933004,0,13.0,4,51.9,1,0,0
16374.0,1.050256724054032,0,9.0,2,76.8,2,0,0
32447.0,1.4533354564674978,1,20.0,2,686.1,3,0,0
24324.0,0.8267987914187959,0,10.0,0,451.5,1,0,0
16389.0,0.7967243117834452,0,19.0,0,270.2,2,0,0
7228.0,0.7940778227142166,0,13.0,3,223.5,3,0,0
30597.0,1.2464116983193976,0,22.0,1,10.5,1,0,0
1593.0,1.1883533602928698,0,19.0,1,38.4,3,0,0
5928.0,0.8678085606491532,0,13.0,1,34.3,1,0,0
8802.0,1.3804144992617378,0,12.0,2,697.9,1,0,0
12654.0,1.1756670462362697,0,17.0,0,193.0,2,0,0
6293.0,1.003658326416345,0,12.0,2,324.9,1,1,0
12121.0,1.1441627193703992,0,10.0,1,514.0,2,1,0
11714.0,1.1444326368456705,0,15.0,3,1692.8,2,0,0
30385.0,0.8435476421566008,0,12.0,2,131.1,2,0,0
29436.0,0.8135326740819018,0,16.0,2,549.0,1,0,0
5921.0,1.0767012337760373,0,14.0,1,1041.7,1,0,0
14656.0,1.3557673313226783,0,16.0,0,77.3,4,0,0
19546.0,0.8097975271576365,0,14.0,0,47.0,0,0,0
6165.0,1.1458581873594686,0,17.0,2,261.3,2,0,0
9179.0,0.9255949907928074,0,17.0,1,792.3,4,0,0
19091.0,0.4086164451514349,0,7.0,2,423.5,4,0,0
24876.0,1.1021070781647637,0,15.0,1,56.3,4,0,0
19157.0,1.1198069924488945,1,13.0,1,216.2,3,0,0
18997.0,0.895058867619241,0,17.0,2,598.1,0,0,0
29422.0,1.5847632488956567,0,16.0,1,277.7,0,0,0
31900.0,1.0611163915962698,0,4.0,0,594.2,3,0,0
50575.0,5.528927815953205,1,0.0,4,33.5,13,1,1
23770.0,1.4188929004792463,0,15.0,2,1283.5,3,0,0
36923.0,1.4307613577427183,1,14.0,2,208.2,2,0,0
31212.0,6.534172947538645,1,1.0,3,19.3,8,1,1
26707.0,1.2741235539396552,1,15.0,2,683.5,2,0,0
6351.0,1.4267706904816024,0,10.0,0,443.6,2,0,1
23152.0,1.3173741233015226,0,6.0,2,498.7,2,0,0
40313.0,1.332745361011921,0,9.0,2,74.5,1,0,0
3401.0,1.177990486609947,0,15.0,0,862.4,3,0,0
8850.0,1.096361478902772,1,16.0,1,203.9,1,0,0
4479.0,1.1357763055933827,0,22.0,2,38.3,1,0,0
17419.0,1.0598095300669255,0,12.0,2,388.5,2,0,0
18928.0,1.1691949444845293,0,12.0,0,559.9,0,0,0
59413.0,6.320115843154946,1,1.0,4,33.5,8,0,1
2383.0,1.2245974935355926,0,12.0,1,150.8,2,0,0
59622.0,1.0473843170298414,0,16.0,2,444.1,3,0,1
14589.0,1.3035040627335148,0,16.0,1,404.5,1,0,0
33279.0,1.3664307347566251,0,23.0,1,10.2,0,0,0
5978.0,0.8571437065146492,0,18.0,2,27.9,3,1,0
30422.0,0.9643116924214571,0,21.0,2,383.2,0,0,0
945.0,1.2227141117545348,0,23.0,1,121.3,0,0,0
13534.0,0.9462536375079305,0,23.0,0,565.3,1,0,0
29127.0,1.0357149818371025,0,9.0,3,1110.9,3,0,0
4553.0,1.4513427667251415,0,10.0,2,328.9,2,0,0
5461.0,1.1334902879540767,1,14.0,1,491.5,1,0,0
16004.0,0.8719124457402737,0,12.0,1,383.8,5,0,0
1677.0,0.643090274311785,1,10.0,2,838.3,2,1,0
25196.0,0.601435540648517,0,20.0,2,12.9,1,0,0
11582.0,0.5031098418030798,0,20.0,3,1312.8,3,0,0
15197.0,0.6298043846818663,0,15.0,2,67.5,0,0,0
11406.0,1.2267696556365255,0,18.0,2,0.8,0,0,0
6566.0,0.878708672075945,0,13.0,2,71.3,0,0,0
3372.0,1.304660897254739,0,18.0,2,2054.0,2,0,0
14308.0,0.30323303274286684,0,14.0,0,26.9,0,0,0
32136.0,3.4917215356373497,1,0.0,4,19.2,3,0,1
27256.0,0.9889218911444788,0,14.0,1,519.5,1,0,1
27593.0,0.9523921165922447,1,14.0,3,491.3,2,0,0
29131.0,1.0713990093331998,0,12.0,2,324.9,2,0,0
4707.0,1.1293988734037952,0,17.0,1,128.7,2,1,0
36085.0,5.953243164864103,1,23.0,5,2.0,13,1,1
6943.0,0.6462710027979462,0,14.0,3,551.5,1,0,0
3453.0,1.1123148435065058,0,12.0,3,200.1,2,0,0
20131.0,0.9543168140595574,0,12.0,1,509.1,3,0,0
11057.0,1.034171573476414,0,12.0,4,916.7,0,0,0
3926.0,0.6192451668829213,0,17.0,0,971.3,2,0,0
7590.0,0.9160899337123706,0,11.0,2,739.1,0,0,0
29347.0,0.9559780758600926,0,14.0,4,771.2,5,0,0
5192.0,1.2409806106364099,0,18.0,4,336.0,3,0,0
6826.0,0.84573128650549,0,13.0,3,532.1,1,0,0
14123.0,0.8556212814978882,0,14.0,0,192.4,1,0,0
29665.0,0.4701517640417272,0,8.0,2,1868.2,0,0,1
7780.0,1.140185600015605,0,14.0,1,6.1,2,0,0
20989.0,1.0077327168336816,0,17.0,2,886.5,3,0,0
21184.0,1.2135391663415949,1,9.0,2,277.4,4,0,0
21227.0,1.5013169703469396,0,16.0,1,166.0,0,0,0
17427.0,1.3031026077661099,0,19.0,2,240.1,3,0,0
8351.0,1.1496677324679943,0,4.0,0,234.0,3,0,0
22986.0,0.8391645745937821,0,9.0,1,595.8,1,0,0
6356.0,1.151350258266676,1,14.0,2,1152.0,3,0,0
4717.0,1.10969062088033,0,12.0,0,374.2,1,0,0
28841.0,0.7387522598337468,0,19.0,0,139.7,4,0,0
18035.0,0.6488944585681548,0,20.0,4,192.4,4,1,0
6416.0,1.2230841342827286,0,16.0,1,306.2,1,0,0
59227.0,2.5794124881215392,1,23.0,3,2.0,9,1,1
3137.0,0.8103399554948537,0,6.0,0,853.7,2,0,0
15926.0,0.46477915734092956,0,15.0,1,305.8,1,0,0
21090.0,1.0380482204429762,0,16.0,5,182.5,2,0,0
27428.0,1.1516645937102146,0,19.0,0,38.5,1,0,0
12346.0,1.1551155899114738,0,13.0,2,14.5,2,0,0
28089.0,0.626986038128239,0,20.0,1,149.6,1,0,0
840.0,0.664517357043125,0,14.0,0,430.1,2,0,0
12769.0,1.1155394549272315,0,15.0,2,523.9,0,0,0
4537.0,1.1188595028818422,0,18.0,0,34.7,4,0,0
20742.0,0.8502524884791207,0,16.0,1,394.6,2,0,0
18848.0,0.7393366044258216,1,18.0,1,8.2,3,0,0
7456.0,1.0791104062198078,1,15.0,1,99.4,3,0,0
14382.0,1.1142821476029998,0,11.0,1,707.6,4,0,0
15276.0,0.6526092485261761,1,15.0,1,116.4,0,1,0
23421.0,1.0975628659151424,0,17.0,3,292.3,2,0,0
12647.0,0.6919595734253945,0,13.0,1,282.2,1,0,0
5620.0,0.7280906997292154,0,13.0,1,534.6,0,0,0
19822.0,1.1335446231925645,0,9.0,3,132.3,2,0,0
10879.0,1.0164030693042971,0,15.0,0,186.4,2,0,0
16325.0,1.3828225444791484,0,18.0,2,38.3,0,0,0
62387.0,3.763605038473743,1,0.0,4,6.5,9,1,0
8539.0,1.1723683911019416,0,18.0,2,110.8,4,0,0
61342.0,3.327664405449374,1,23.0,6,9.3,6,0,1
27665.0,0.8060857270086619,1,11.0,1,670.2,0,0,0
16635.0,1.3357481631076569,0,5.0,2,91.5,2,0,0
12048.0,1.0992134223241372,0,14.0,2,87.2,0,0,0
12204.0,1.1344167929973448,0,12.0,1,249.8,3,0,0
10553.0,0.5238455257796122,0,14.0,0,427.4,2,0,0
14100.0,1.1135698634636295,0,17.0,2,57.9,2,0,0
2318.0,0.8416122911221523,0,3.0,0,332.1,1,0,0
16227.0,0.980364243956455,0,12.0,1,1057.5,1,0,0
10351.0,1.0545932831884106,0,15.0,2,57.7,2,0,0
12304.0,1.0087514390380845,0,13.0,3,240.0,4,0,0
11130.0,0.9414111279341879,0,11.0,1,209.8,2,0,0
8940.0,0.5978645183958207,0,8.0,3,280.1,0,0,0
16107.0,1.0585574228615424,0,10.0,2,218.7,3,0,1
12917.0,1.4820006382648798,0,15.0,2,774.8,0,0,0
27982.0,0.6243297620108004,0,23.0,3,327.9,2,0,0
50986.0,8.159904932272603,1,23.0,11,3.0,9,1,1
18629.0,0.6317248568410868,1,9.0,1,642.1,3,0,0
97569.0,5.443805944311358,1,1.0,7,4.5,5,1,1
1488.0,1.2181421702289261,0,6.0,2,821.6,1,0,0
6182.0,0.9452094243750856,1,8.0,1,403.3,3,0,0
18609.0,1.195438649376125,0,14.0,0,76.3,1,0,0
7276.0,0.9187181876389129,0,22.0,0,476.7,1,0,0
4933.0,1.0554137732273479,0,8.0,3,468.9,1,0,0
8507.0,0.987253205180601,0,7.0,6,150.5,2,0,0
17806.0,1.1725812242784546,0,15.0,2,399.1,5,0,0
12764.0,1.0430443039731423,0,7.0,5,129.6,1,0,0
28239.0,0.4677227888985295,0,15.0,3,334.6,1,0,0
31949.0,1.2869433501493546,0,11.0,1,42.7,1,0,0
31332.0,1.0117632369557188,1,11.0,2,183.5,3,0,0
12749.0,1.421944946707581,0,14.0,0,5.4,1,0,0
2670.0,0.45419112951151097,0,7.0,2,19.4,2,0,0
11182.0,1.1422828922547552,1,22.0,2,215.7,1,0,0
15241.0,1.0341979390205736,0,9.0,2,618.2,3,0,0
10679.0,0.9532279550624241,0,19.0,5,146.1,1,0,0
1721.0,1.140108085939026,0,9.0,2,697.0,4,1,0
1564.0,0.5950454264445455,0,21.0,3,83.2,2,0,0
8544.0,0.9774386036276027,0,23.0,1,276.3,2,0,0
9591.0,0.7830721232740541,0,18.0,3,82.2,0,0,0
2170.0,1.3315549405644194,0,7.0,1,239.3,4,0,0
120026.0,4.492814163656234,1,4.0,6,8.4,6,0,1
6121.0,0.825551636383085,0,16.0,1,545.8,0,0,0
11780.0,1.0639550475148103,0,10.0,0,544.4,0,0,0
20939.0,1.3633845328143375,0,15.0,0,106.6,0,1,0
71163.0,4.331776399221018,0,21.0,4,6.6,8,1,1
5294.0,0.8828507215086321,0,10.0,2,128.8,2,0,0
32954.0,0.8477079471145694,0,13.0,3,807.8,1,0,0
17319.0,3.559257184112896,0,22.0,6,11.7,10,1,1
7849.0,0.5048467101902572,0,17.0,5,41.3,2,0,0
20735.0,0.7251616233774223,0,8.0,2,300.4,2,0,0
38496.0,0.7984142301262851,0,9.0,2,235.4,3,1,0
3074.0,0.6334053861471325,1,16.0,4,1020.7,1,0,0
9413.0,1.0580428217116489,0,11.0,2,101.9,0,0,0
8548.0,0.9102744320947604,0,8.0,1,155.3,0,0,0
23200.0,1.1892183952836146,0,12.0,2,202.7,3,0,0
55340.0,5.933063340342713,1,1.0,5,46.2,14,1,1
25319.0,0.9682178229202281,0,14.0,1,63.5,4,0,0
15361.0,0.9595830860532633,0,16.0,1,517.0,1,0,0
5793.0,0.8449856524699857,1,17.0,0,360.6,0,0,0
8179.0,1.2030049351913183,1,9.0,0,187.3,3,0,1
3084.0,0.7450704757208393,0,14.0,2,163.9,1,0,0
26396.0,3.6351671582021607,1,22.0,7,8.0,4,1,1
41782.0,1.1093210686501023,0,9.0,0,3.8,0,0,0
7038.0,2.8264678240600336,1,23.0,7,13.8,9,1,1
5642.0,0.8661602991822663,0,20.0,1,627.6,2,0,0
28830.0,2.2740984992054414,1,4.0,5,38.5,4,0,1
26484.0,0.7539172241069286,0,10.0,1,786.1,3,0,0
19110.0,0.7639961977727201,1,8.0,3,612.4,0,0,0
22021.0,0.3526978527602548,0,15.0,0,29.0,5,0,0
35997.0,0.8809031443923818,1,19.0,2,124.3,3,0,0
23040.0,0.4983808277268821,0,18.0,1,197.7,0,0,0
1366.0,1.4131346966572633,0,13.0,1,959.7,4,0,0
4955.0,0.9810712335554277,0,9.0,3,98.1,4,1,0
42600.0,1.0879203541176963,0,23.0,2,36.4,2,0,0
1776.0,0.9925882527696568,0,13.0,1,9.5,6,1,0
4097.0,1.0287437938906485,0,19.0,4,441.6,3,0,0
39601.0,0.9324767880605246,0,10.0,0,30.7,1,1,0
16635.0,0.8768391613043257,0,17.0,5,370.9,2,0,0
25206.0,1.0971945967494046,0,11.0,2,358.6,1,0,0
5775.0,1.042650169304334,0,8.0,1,40.1,6,0,0
9572.0,0.9566333256455714,0,15.0,5,105.3,3,0,0
16308.0,1.2844154879008391,0,20.0,2,169.3,3,0,0
15561.0,1.322689365269619,0,17.0,4,82.7,5,0,0
14098.0,1.2093435710976548,1,14.0,1,2.3,3,0,0
17861.0,0.7110184889443152,0,10.0,2,324.8,4,0,0
33698.0,7.907486695154668,1,23.0,7,0.6,9,1,0
39847.0,3.549949280308857,0,3.0,4,1.1,12,1,1
20040.0,0.9345407588769228,0,16.0,1,55.0,3,0,0
12753.0,2.3638513131616232,1,1.0,3,28.8,4,1,1
21284.0,1.1852658215112524,0,18.0,1,702.1,1,0,0
49727.0,0.8524140663633386,0,11.0,0,373.4,0,0,0
15738.0,0.8985637741128185,0,16.0,1,210.8,3,0,0
3969.0,0.7070969714165276,0,13.0,1,98.3,2,0,0
3110.0,1.0412376465193296,1,20.0,3,577.6,2,0,0
27091.0,0.8799030264864302,0,19.0,1,273.1,4,0,0
4896.0,1.5009514738772949,0,14.0,1,246.5,2,0,0
6291.0,3.7874493733496695,1,3.0,5,11.1,3,1,1
9187.0,0.5927955260151594,1,12.0,2,306.1,3,0,0
32301.0,0.9992673935436849,0,7.0,1,775.1,3,0,0
37736.0,0.7247864496150002,0,12.0,2,169.0,5,0,0
19685.0,1.2743803764112265,0,9.0,1,408.4,1,0,0
17132.0,0.8529016567731985,0,14.0,2,537.2,1,0,0
31035.0,0.9114061581564472,0,18.0,4,1677.4,1,0,0
55864.0,3.3358132840514236,1,0.0,5,1.5,6,1,1
6776.0,1.0078239687202863,0,9.0,1,7.0,1,0,0
13518.0,0.9573382556448959,0,19.0,4,49.5,2,0,0
39139.0,0.1,0,23.0,3,26.6,9,1,1
4739.0,1.4283886970575208,0,10.0,2,337.7,1,0,0
10414.0,0.7662934465838886,0,9.0,1,314.7,3,0,1
3408.0,1.0661443111576243,0,13.0,0,1692.4,3,0,1
112135.0,4.829950735566014,1,5.0,9,7.5,7,1,1
3072.0,0.7758080832453577,0,9.0,1,47.2,1,0,0
19236.0,1.233904429661314,0,12.0,1,323.7,1,0,0
20751.0,1.41488314993964,0,17.0,0,129.6,4,0,0
13559.0,1.244226816038075,0,20.0,0,25.4,0,0,0
11600.0,1.1235907459653514,0,13.0,1,1154.0,1,0,1
55518.0,7.069135019194431,1,3.0,9,46.3,4,0,1
18863.0,0.9320948393717414,0,13.0,0,76.6,0,0,0
4655.0,1.1000550598176306,0,8.0,0,34.6,4,0,0
2532.0,0.516563360616145,0,18.0,2,135.1,2,0,0
4752.0,1.1788739088291162,0,13.0,2,348.4,1,0,0
9462.0,0.9743747410753417,0,10.0,1,603.5,3,0,0
450.0,0.9370867396083998,0,12.0,3,239.7,0,0,1
23263.0,1.083334045061968,0,14.0,1,4.1,2,0,0
79863.0,5.051998626954477,1,3.0,6,7.9,8,0,1
25504.0,1.116819067126287,0,9.0,0,933.7,3,0,0
47353.0,0.8360794675231102,0,18.0,2,640.0,2,0,0
40228.0,0.9684589879877459,0,8.0,0,183.2,4,0,0
5644.0,1.3596833125072287,0,11.0,2,870.7,1,0,0
58530.0,3.9093001917933003,1,21.0,10,4.5,5,1,1
9134.0,0.8473304656136418,0,13.0,1,366.6,3,0,0
26873.0,0.6621932045276226,0,10.0,3,108.0,5,0,0
8465.0,0.6748456264310634,1,14.0,0,794.5,1,0,0
10702.0,0.8286200274592204,0,14.0,0,11.3,5,0,0
20995.0,1.2022944231397343,0,8.0,2,6.2,3,0,0
1258.0,0.7279988542334268,0,17.0,2,41.1,3,0,0
19721.0,1.0950078517985735,0,16.0,3,322.0,8,0,0
4489.0,1.3316281678959672,0,15.0,1,11.8,3,1,0
15246.0,1.0780501141583843,0,14.0,4,283.8,2,0,0
5517.0,1.379567276759449,1,20.0,2,120.1,1,0,0
7908.0,1.1757899364653324,0,9.0,3,205.6,3,0,0
7973.0,1.1438897333274065,0,18.0,2,373.9,2,0,0
7922.0,0.8829422220672211,0,11.0,1,604.1,1,0,0
63278.0,5.237306352448158,0,21.0,5,0.3,5,1,1
19704.0,1.0910327242183964,0,12.0,1,233.9,1,0,1
3538.0,0.740324261313954,1,14.0,1,71.9,5,0,0
2367.0,0.9866803638075393,0,11.0,2,27.1,0,0,0
23919.0,0.9188964061432379,0,12.0,3,221.6,4,0,1
9341.0,0.975367221228031,0,18.0,0,564.9,4,0,0
67456.0,7.276101932158696,1,0.0,7,27.2,6,1,1
17838.0,1.2148130285190162,1,13.0,1,1831.8,3,0,0
4379.0,1.0560645515333307,0,8.0,0,158.9,3,0,0
7183.0,1.484925037756907,0,12.0,2,58.9,3,0,0
49362.0,0.9440018136768917,0,9.0,1,234.3,1,0,0
9165.0,1.4485639008521904,0,12.0,2,4.2,3,0,0
53220.0,3.813743865146059,1,4.0,7,29.2,3,0,1
5760.0,0.8390766734842361,0,12.0,1,460.8,2,0,0
60390.0,1.0811832589555168,1,10.0,1,184.4,2,0,0
1838.0,1.400726223210575,0,17.0,3,1546.0,0,0,0
5858.0,0.8627072366013334,0,17.0,1,76.3,3,0,0
11192.0,1.3303051957980474,0,9.0,2,28.7,5,0,0
6881.0,1.2888815727623772,0,15.0,2,554.1,4,0,0
2493.0,0.5276808062882026,0,15.0,0,40.1,3,0,0
41564.0,3.4225289820378473,0,23.0,10,8.3,5,0,1
31963.0,0.8638847774964405,0,10.0,1,92.3,0,0,0
45873.0,1.1807549954664514,0,12.0,1,236.1,3,0,0
17586.0,1.3487728843301965,0,10.0,3,172.8,1,0,0
11745.0,0.9609161427558787,0,18.0,2,482.6,2,0,0
6314.0,1.0253416811772262,0,19.0,1,499.0,2,0,0
44474.0,0.6467483873978084,0,16.0,2,617.5,2,0,0
2332.0,0.8040491516866556,0,8.0,1,49.4,2,0,0
31936.0,1.1374674961227242,0,12.0,1,226.2,7,0,0
21033.0,1.1152951663886896,0,17.0,1,60.4,3,0,1
74769.0,3.590713710151833,1,3.0,5,44.8,7,0,1
5782.0,1.1795439056736847,0,17.0,6,15.1,5,0,0
11756.0,1.2489149882619663,0,12.0,1,355.3,4,0,0
19787.0,1.4457577481477355,0,12.0,1,203.8,3,0,0
8328.0,1.1488475736811914,0,15.0,0,139.5,3,0,0
7485.0,1.2132091162095606,0,13.0,0,100.7,3,0,0
72169.0,4.98786524849294,0,3.0,7,15.5,7,1,1
6709.0,0.812854282427085,0,16.0,2,647.4,4,0,0
6983.0,0.5973284339006502,0,9.0,4,218.2,1,0,0
14625.0,0.9986887693724629,0,15.0,0,275.9,4,0,0
8943.0,1.2907046830296842,0,16.0,0,171.6,2,0,0
31759.0,3.508323297657478,0,5.0,3,38.8,11,0,1
6598.0,1.5385794350518194,0,11.0,1,531.9,1,0,0
18223.0,0.43215572789987833,0,12.0,1,318.9,1,0,0
6453.0,1.1252048055247292,0,12.0,0,509.7,4,0,0
16775.0,0.5975722214358319,0,17.0,3,315.7,4,0,0
34244.0,1.4136310094114568,0,16.0,2,63.2,2,0,0
19575.0,1.059093830088949,0,16.0,1,169.8,2,0,0
51376.0,0.6999196216301767,0,19.0,4,147.4,0,0,0
37405.0,0.81030213923609,0,6.0,0,410.3,4,0,0
16844.0,1.2993286835718059,0,23.0,1,331.2,1,0,0
6783.0,0.9336037302302024,0,14.0,0,1047.6,1,0,0
11698.0,1.222844693056202,0,8.0,2,474.4,1,0,0
14890.0,1.1087921678287624,1,11.0,4,363.0,1,0,0
7369.0,0.9711665294836022,0,8.0,1,464.5,3,0,0
4627.0,1.2166117527674427,0,13.0,1,46.5,2,0,0
27370.0,0.7430736990758631,1,18.0,2,1040.4,2,0,0
21258.0,1.2628217162936166,0,13.0,2,47.5,1,0,0
6191.0,1.149429498203707,0,22.0,2,540.3,1,0,0
7744.0,1.2507163212613825,0,16.0,1,331.4,2,0,0
12115.0,1.067541763755922,1,10.0,1,190.7,1,0,0
17341.0,1.1185971436888684,0,11.0,2,251.1,3,0,0
13131.0,0.8062198190965547,1,21.0,2,109.0,3,0,0
22932.0,1.236688025501842,0,20.0,2,253.9,4,0,0
12304.0,1.3514229057015694,0,17.0,2,46.1,2,0,0
11017.0,1.3385022671505649,0,22.0,1,71.6,3,0,0
45541.0,1.4428217487613102,1,21.0,6,11.9,8,0,1
10426.0,1.068408716279007,1,13.0,3,319.0,2,0,0
35065.0,1.449424959448701,0,18.0,4,114.7,1,0,0
5762.0,0.5682869515556295,0,12.0,1,45.6,0,0,0
8031.0,1.0353451430563991,0,21.0,4,428.8,2,0,0
7097.0,1.1163666068341362,0,17.0,3,415.9,2,0,0
4136.0,1.0692483687700864,0,19.0,1,34.4,2,0,0
19106.0,1.1659503237477917,0,12.0,2,110.0,1,0,0
3297.0,0.7285054041721148,0,13.0,0,3031.5,2,0,0
46080.0,1.1228860647737355,1,11.0,1,260.1,3,0,0
13241.0,0.8405815438623224,0,11.0,2,840.0,2,0,0
13662.0,1.1583842687661456,0,20.0,5,184.7,1,0,0
22165.0,1.0078437765391517,0,17.0,2,212.4,2,1,0
31358.0,0.8179388916270591,0,12.0,3,150.7,0,0,0
17032.0,1.081291885263931,0,21.0,0,67.7,1,0,0
34238.0,4.103330813467304,1,23.0,7,27.1,11,0,1
6555.0,0.8011359583163962,0,14.0,1,173.6,2,0,0
8293.0,1.159577589535933,0,14.0,0,86.9,1,0,0
141946.0,0.9050745004190022,0,0.0,2,12.9,7,1,1
19280.0,0.7117142973821915,0,11.0,1,704.9,4,0,0
2521.0,1.5483358465187034,0,20.0,1,187.8,2,0,0
27114.0,0.8523344118690049,0,9.0,0,149.5,0,0,0
6576.0,1.0079295332394527,0,16.0,2,273.6,0,0,0
21214.0,1.0450954049926153,0,6.0,1,384.3,4,0,0
15559.0,1.215768599922251,0,17.0,2,45.2,0,1,0
34545.0,5.607419853283127,1,23.0,6,32.1,6,1,1
18263.0,3.9666012215346056,1,23.0,6,0.7,4,0,1
22111.0,1.1342763741157271,0,13.0,2,259.7,2,0,0
6502.0,1.0974252225976338,0,14.0,1,181.9,3,0,0
6923.0,1.3595182966901385,0,7.0,2,4.2,1,0,0
9942.0,0.9274776883496243,0,12.0,0,34.2,3,0,0
25482.0,1.187108424709461,0,17.0,1,100.0,3,0,0
8321.0,1.0580183529147853,0,22.0,1,495.8,3,0,1
14775.0,1.3731236160035514,1,13.0,4,183.5,3,0,0
31053.0,1.9651117144944914,1,4.0,6,12.4,8,1,1
24702.0,0.8694192933200928,1,11.0,2,591.3,4,0,1
53842.0,3.2537042173169652,1,2.0,8,11.0,3,1,1
28116.0,1.1120203367437642,0,15.0,0,333.9,2,0,0
29703.0,4.787667912325943,0,4.0,6,15.8,11,1,1
33124.0,0.8579121320762424,0,18.0,1,126.0,2,0,0
108175.0,4.4813260586206685,1,3.0,7,14.5,10,1,1
11487.0,0.9581856639342683,1,20.0,1,476.6,0,0,0
44479.0,6.043848466578544,1,21.0,2,22.7,6,1,1
104952.0,4.277150577095869,1,5.0,8,9.2,2,0,1
9506.0,0.9778677495160824,0,23.0,4,301.3,3,0,0
19657.0,1.3057793940660676,0,16.0,0,268.3,0,0,0
27307.0,1.0649390967343646,0,15.0,0,41.6,1,0,0
79015.0,3.0481625849474456,0,22.0,4,16.0,7,0,1
31974.0,5.91023816092914,1,2.0,4,11.4,17,1,1
13309.0,0.8870114235185014,0,17.0,1,545.2,4,0,0
124584.0,4.830059983839442,1,0.0,7,2.8,11,0,1
23265.0,1.11575371198992,0,14.0,1,1258.4,1,0,0
5567.0,1.0587966555728532,0,12.0,2,118.9,0,0,0
143046.0,7.085073016388831,1,3.0,4,19.4,3,0,1
21206.0,0.7970363044291919,1,7.0,1,204.3,1,0,0
5391.0,1.3298822935074535,0,11.0,2,284.6,2,0,0
12040.0,1.1889341624982386,1,18.0,0,59.6,2,0,0
47799.0,1.2554950485819576,0,13.0,1,26.8,0,0,0
24831.0,1.099018744442362,0,11.0,1,303.0,2,0,0
9589.0,0.8536243492251533,0,21.0,5,14.7,2,0,1
9718.0,0.8973567296064774,0,16.0,1,487.2,4,0,0
19315.0,1.2842958484764915,0,19.0,2,242.4,1,1,0
31229.0,3.9091163451623645,1,3.0,5,13.5,10,1,1
18905.0,2.4044990714250187,1,4.0,8,3.5,13,1,1
12708.0,1.2816669056979584,1,10.0,2,11.7,4,0,0
3868.0,1.2961418852228133,0,11.0,1,417.2,2,0,0
26515.0,0.5473415437594138,0,19.0,2,865.4,2,0,0
3395.0,0.7533542970370299,0,18.0,0,161.3,3,0,0
36165.0,0.7900756256426504,0,18.0,0,99.0,1,1,0
23756.0,1.0883748221114462,0,17.0,0,164.6,2,0,0
16521.0,0.7265836295166883,1,3.0,1,29.8,0,0,0
42753.0,1.2276769878250242,0,8.0,2,522.0,2,0,0
29375.0,0.7060699978964107,0,23.0,0,142.4,2,0,0
28306.0,0.9703094437831477,0,8.0,3,150.9,1,0,0
2569.0,0.7738622679735299,0,19.0,1,119.0,1,0,0
14135.0,0.9989126001639967,0,10.0,1,119.3,2,0,0
12979.0,0.8931674783192597,0,11.0,3,387.6,0,0,0
8980.0,0.7623930210174104,0,18.0,0,67.0,4,0,0
14644.0,0.7853864556464406,0,17.0,1,110.4,0,0,0
9828.0,0.8086983441828574,0,16.0,0,71.9,3,0,0
1800.0,0.7532600234682975,0,23.0,1,733.1,0,0,0
43397.0,3.9344061709177867,1,0.0,8,8.4,8,0,1
18539.0,1.2655792054467103,0,15.0,2,792.8,2,0,0
3236.0,0.9170363972314601,0,14.0,1,202.7,1,0,0
86700.0,4.03707066101168,0,3.0,7,31.9,9,1,1
29971.0,1.2332857576002867,0,14.0,0,133.2,1,0,0
9854.0,1.053618768074257,0,14.0,2,299.6,1,0,0
7544.0,1.3187688180395711,0,13.0,2,485.5,0,0,0
6595.0,1.1002488447520906,0,15.0,0,27.7,2,0,0
14476.0,0.8890313642687182,0,7.0,0,917.9,1,0,0
20497.0,0.9719232934075624,0,11.0,7,181.2,1,0,0
17901.0,1.2342116306768942,0,17.0,1,304.3,1,0,0
22970.0,0.8786107209094122,0,14.0,3,15.0,2,0,0
17751.0,1.309409502405094,0,11.0,1,779.2,3,0,0
25132.0,1.1601944042770005,0,14.0,2,322.8,2,0,0
40254.0,0.9111636680836583,0,10.0,0,136.7,1,0,0
8912.0,0.5451850296556362,0,7.0,2,203.6,1,0,0
28813.0,1.0243955602321173,0,12.0,2,435.8,1,0,0
2085.0,0.6346435913288225,0,14.0,2,827.6,1,0,1
11930.0,1.6396828554951546,0,17.0,1,557.2,4,0,0
14954.0,1.104609231977283,0,19.0,1,31.5,2,0,0
1634.0,0.8339666003860275,0,16.0,2,390.1,3,0,0
8726.0,1.012549836356648,0,16.0,2,228.5,0,0,0
13538.0,0.7180073338593309,0,18.0,6,165.4,0,0,0
30904.0,8.054460970741648,1,22.0,2,13.9,7,0,1
14691.0,0.9778111722134709,0,12.0,0,21.3,3,0,0
6698.0,1.5449723270704911,0,16.0,1,646.7,2,0,0
16091.0,1.0468410602628164,0,11.0,1,17.5,3,0,0
5397.0,0.9097512320586809,1,8.0,4,211.8,7,0,0
15731.0,0.7641749407928363,0,8.0,1,250.9,2,1,1
16112.0,1.1770163830025338,0,13.0,2,661.8,4,0,0
12046.0,1.1510525868079613,0,17.0,3,407.6,1,0,0
5328.0,1.0411421113462447,0,18.0,1,3.7,1,0,0
7810.0,1.3862635095026006,0,20.0,1,276.6,1,0,0
7752.0,0.9605462950705761,0,17.0,2,720.1,3,0,0
17415.0,0.5411795506409718,1,15.0,0,625.5,2,1,0
53205.0,3.1586303924107044,1,0.0,6,11.8,7,0,0
11128.0,1.1505091249881274,0,17.0,2,31.1,1,0,0
8926.0,1.137850497714579,0,19.0,1,1994.1,1,0,1
21398.0,0.7680903467083997,1,11.0,2,13.3,1,0,0
32464.0,1.0635607340695448,1,12.0,2,191.0,2,0,0
10046.0,1.1006546698422726,0,8.0,1,740.4,0,1,0
11385.0,1.1053121910112065,0,7.0,3,503.2,2,0,0
11415.0,1.0460423727547787,0,10.0,2,301.8,1,0,0
7976.0,0.4384385320879465,0,14.0,0,248.6,0,0,1
14795.0,1.3063928806787841,0,18.0,2,37.6,1,1,0
20995.0,1.1382912868989765,0,15.0,1,117.7,1,0,0
24750.0,1.1631386756033837,0,16.0,1,167.4,0,0,0
16276.0,0.942915921682482,0,18.0,1,156.8,2,0,0
5008.0,0.6480778949322861,0,8.0,0,571.3,3,0,0
4021.0,1.6173916991817965,0,17.0,1,127.7,2,0,0
18089.0,0.963438604845661,0,12.0,1,422.9,0,0,1
693.0,0.811631281229007,0,20.0,2,158.4,2,0,0
11689.0,1.4043119513294995,1,13.0,2,1137.9,1,0,0
15085.0,0.9612458242721231,0,8.0,0,143.6,4,0,0
1841.0,0.8010684493227892,0,11.0,1,503.1,2,1,0
11230.0,0.875085950478761,0,12.0,2,471.3,1,0,0
2810.0,0.6234650579418171,0,7.0,2,173.6,3,0,0
7043.0,1.1687434372371888,0,13.0,2,34.6,5,0,0
8988.0,0.9900350667224318,0,18.0,5,456.3,2,0,0
3318.0,0.9088396510502893,0,11.0,3,327.0,1,0,0
44722.0,0.7811959179349478,0,14.0,2,473.8,2,0,0
17040.0,0.7674391537482258,0,12.0,3,5.4,2,0,0
1358.0,1.2189599450757032,0,11.0,1,664.3,0,0,0
130337.0,6.15117054804368,1,23.0,8,28.0,4,0,1
4040.0,1.1219932140282922,0,22.0,2,389.1,4,0,0
21318.0,0.9015433953137737,1,11.0,2,579.4,5,0,0
36117.0,3.2538581417339145,1,2.0,5,72.3,3,0,1
47340.0,7.185230497824558,1,22.0,8,60.4,7,0,1
7110.0,0.7725446436901112,0,8.0,0,1093.3,2,0,0
26183.0,0.45471104631734593,0,14.0,2,237.1,4,0,0
38003.0,1.0242544419057138,0,14.0,0,208.2,2,0,0
13378.0,1.0903278186469638,0,17.0,2,331.2,2,0,0
5882.0,1.0885209705071006,0,12.0,1,647.1,1,0,0
52401.0,2.779428839300448,1,23.0,6,0.9,7,1,1
7860.0,0.8426624762814326,0,9.0,1,189.1,0,0,0
2075.0,1.2340430167028469,1,11.0,5,1154.4,1,0,0
5667.0,0.9481081587902033,0,15.0,2,496.4,2,0,0
14920.0,1.2711265731486354,0,16.0,0,163.3,2,0,0
30486.0,1.0652638485150219,0,13.0,2,321.5,2,0,0
14619.0,1.1042937705658062,0,16.0,1,23.0,2,0,0
19806.0,1.571498121167925,0,15.0,2,332.4,2,0,0
14228.0,0.9429775241703725,0,11.0,1,119.4,1,0,0
11964.0,0.7014993360174998,1,14.0,1,73.0,1,0,0
5506.0,3.6320158451805074,1,5.0,3,16.8,2,0,1
5269.0,1.5388218995723866,0,13.0,1,938.2,0,0,0
29422.0,1.0571345833528534,1,23.0,3,57.7,2,0,0
53970.0,8.120969839948753,1,2.0,5,38.2,4,0,1
21558.0,0.790099250280578,0,11.0,3,178.2,2,0,0
8080.0,1.1337916136253354,0,13.0,1,87.2,1,0,0
6884.0,0.5813202836012776,0,16.0,3,245.5,0,0,0
36830.0,1.1797017014369655,1,11.0,3,374.5,2,0,0
6385.0,1.1444628058320354,0,23.0,1,168.4,3,0,0
6957.0,0.6403238006365021,0,11.0,1,179.1,1,0,0
17448.0,0.9801425105919481,0,14.0,1,204.1,0,0,0
20764.0,0.9369189858521658,0,20.0,0,114.5,2,0,0
10213.0,1.1826294098325527,1,9.0,3,336.6,1,0,0
12748.0,1.1492117065298948,0,17.0,1,224.1,1,0,0
55385.0,6.027571000648059,1,2.0,6,3.8,8,1,1
6505.0,0.9700037961779234,0,8.0,4,540.7,2,0,0
5658.0,0.9687552096754938,0,17.0,3,540.2,0,0,0
19894.0,0.5877734439211948,1,13.0,1,298.9,2,0,0
30878.0,0.9110005548719445,0,12.0,0,1228.4,0,0,0
49442.0,0.7221975179993794,0,13.0,0,563.5,0,0,0
13452.0,0.688353126489286,0,18.0,3,18.7,3,0,0
18686.0,0.6777874925302172,0,17.0,3,136.1,1,0,0
4989.0,1.3379272763431138,0,17.0,1,220.4,1,0,0
15095.0,0.8991908657080494,1,11.0,0,479.1,1,0,0
80721.0,1.6966789306007892,1,0.0,2,48.7,11,1,0
13033.0,1.1944731572345433,0,13.0,1,468.8,1,0,0
13376.0,0.8021479585093637,0,15.0,1,391.9,3,0,0
29940.0,0.8793088588492194,0,16.0,2,228.2,3,0,0
7605.0,1.1147457251115163,0,12.0,2,663.1,4,0,0
16355.0,1.3406619357518108,0,16.0,0,416.8,4,0,0
25540.0,0.975397229151928,0,14.0,0,377.0,1,0,0
1748.0,1.0144286039698691,0,10.0,2,528.5,2,0,1
33092.0,1.3533827914616026,0,17.0,2,637.9,2,0,0
28000.0,0.7906107554936974,0,19.0,0,37.5,4,0,0
31854.0,1.0547281303889162,0,17.0,2,131.3,1,0,1
17120.0,1.0838590166956985,0,15.0,1,65.3,1,0,0
77220.0,1.6005162038794376,1,5.0,7,0.9,8,0,1
8797.0,0.83472407077657,0,10.0,0,514.6,1,0,0
1304.0,2.8626280863348548,1,23.0,6,4.4,5,0,1
4802.0,1.0446654956741972,0,14.0,1,352.3,3,0,0
21505.0,5.790521451126587,0,1.0,6,48.6,3,1,1
1916.0,1.0374157837918858,0,13.0,1,396.7,2,0,0
5407.0,1.019388703311605,0,15.0,1,896.3,2,0,0
15965.0,1.0909046993931315,0,15.0,1,387.6,2,0,0
5617.0,0.8164747749424546,0,16.0,3,112.4,1,0,0
15054.0,1.055466084594295,0,11.0,1,314.5,1,0,0
22753.0,1.1906830182957102,0,20.0,1,1893.4,7,0,0
70183.0,3.459108782800321,1,21.0,5,4.1,6,1,1
18222.0,0.889856295966731,0,15.0,2,216.3,3,0,0
35161.0,1.2407441887466406,0,11.0,2,869.1,0,0,0
10260.0,1.3581342365926812,1,21.0,3,490.5,1,0,0
21367.0,4.5523973641646664,0,1.0,5,18.8,10,0,1
8678.0,1.0490474146863225,0,13.0,3,373.2,1,0,0
5889.0,0.9773899632515964,0,16.0,1,170.5,1,0,0
11531.0,0.20296341801545525,0,13.0,2,285.7,1,0,0
12140.0,1.2812045065764601,0,8.0,1,1.4,4,0,0
4767.0,0.8107920790779091,0,20.0,0,233.9,0,0,0
7305.0,1.0560217530572154,0,7.0,1,1092.7,6,0,0
25829.0,7.7435537937519,1,5.0,7,23.8,5,1,1
5537.0,1.0487624950487695,0,13.0,0,258.8,0,0,0
6310.0,0.9473577591817643,0,4.0,1,458.0,2,0,0
3098.0,1.0139163508773668,1,16.0,3,540.0,0,0,0
52415.0,1.5049838171998728,0,17.0,0,355.9,1,0,0
2007.0,0.757075583785935,0,15.0,2,199.6,2,0,0
1934.0,1.0710262022241772,1,16.0,1,84.3,0,0,0
29032.0,1.1727921338144718,0,18.0,1,53.2,2,0,0
12357.0,1.1191459508036476,0,13.0,2,391.4,0,0,0
4164.0,0.7826676343374559,0,21.0,0,582.4,1,0,0
1312.0,1.3745835269448783,0,12.0,4,642.5,3,0,0
73714.0,2.788622562125564,1,22.0,4,18.8,6,1,1
5234.0,3.565495397015898,1,5.0,8,8.7,12,0,1
11267.0,1.1693312534804423,0,13.0,2,1425.0,1,0,0
12324.0,1.1577972985204212,0,14.0,0,274.0,2,0,0
9948.0,0.8330394857206591,0,16.0,1,2671.4,2,0,0
5732.0,0.9691789204433037,0,16.0,1,157.4,4,0,0
13001.0,0.6649043030795668,0,12.0,0,188.3,0,0,0
35555.0,0.6653886805625837,0,14.0,1,441.8,1,0,0
23843.0,1.2047575225147633,0,18.0,1,34.8,3,0,0
25821.0,0.9260739773760608,0,14.0,3,211.5,0,0,0
29321.0,0.6323861189046054,0,14.0,2,206.6,4,0,0
10097.0,0.6877046013418322,0,22.0,1,543.8,1,0,0
10938.0,1.3117453120096707,0,12.0,1,67.3,1,0,0
83242.0,3.58325973856996,1,5.0,5,9.5,3,0,1
11250.0,1.3503397691590824,0,13.0,1,552.3,6,0,0
5714.0,1.1788143467112837,0,9.0,1,2229.8,4,0,0
34860.0,0.7057699719879911,1,17.0,1,341.3,2,0,0
10223.0,1.0305126570572767,0,12.0,1,1687.8,0,0,0
3720.0,1.1665170475777642,0,17.0,2,688.8,1,0,0
21782.0,1.1377663377990748,1,4.0,2,426.7,3,0,0
26073.0,0.9015904260910311,0,7.0,2,146.0,1,0,0
28303.0,1.3815808480619387,0,19.0,4,128.2,3,0,0
6367.0,1.1139695044890237,0,20.0,0,263.9,2,0,0
2660.0,0.9861435639015289,1,15.0,0,116.1,1,0,0
10280.0,0.6337895468873636,0,13.0,2,759.1,3,0,0
16342.0,0.7487415670339337,0,10.0,0,113.9,0,0,0
11040.0,0.8120393816724305,0,18.0,1,231.3,5,0,1
26699.0,0.6445347055812783,0,22.0,1,972.4,1,0,0
10982.0,1.078933841356487,1,18.0,0,47.5,4,0,0
22315.0,1.4659055942893269,0,11.0,0,808.5,2,0,0
22514.0,0.9056079561505065,0,14.0,0,1450.1,2,0,0
18416.0,1.0982269429359235,0,10.0,4,1409.5,1,0,1
35624.0,1.1540269433742592,0,8.0,2,105.8,0,0,0
4342.0,1.5303686378474362,1,9.0,1,122.7,1,0,0
6213.0,0.8615493508347442,0,9.0,0,421.0,3,0,0
48691.0,4.256854996149952,1,1.0,5,3.0,10,0,1
7461.0,1.1973733763936059,0,15.0,3,396.9,2,0,0
32479.0,1.0896421133015863,1,10.0,2,34.9,0,0,0
30132.0,0.9403351797548132,0,12.0,0,467.9,1,1,0
15296.0,0.5687956905397988,0,16.0,2,199.4,2,0,0
3925.0,0.8851773219184365,0,22.0,0,199.7,3,0,0
2606.0,0.9372956220599022,0,8.0,1,97.3,1,0,0
32307.0,1.2029996281962936,0,15.0,3,766.3,3,0,0
6923.0,1.299392416115476,0,13.0,2,142.0,1,0,0
1879.0,0.8903832595780037,1,12.0,2,252.8,1,0,0
11089.0,1.1265147551232586,1,9.0,3,382.8,1,0,1
15756.0,1.031176267209397,0,14.0,6,935.7,0,0,1
12759.0,0.9716396391573765,0,7.0,1,58.7,1,0,0
2066.0,1.380863464323982,0,14.0,2,196.9,4,1,0
16359.0,0.9595012860030393,0,9.0,3,638.3,0,1,0
3796.0,1.4099867232061367,0,13.0,0,451.4,2,0,1
18247.0,0.748859463792505,0,12.0,1,813.8,3,0,0
84325.0,6.2412818317174175,1,2.0,13,4.5,9,1,1
16072.0,0.5854498378502304,0,15.0,0,435.5,1,0,0
8589.0,0.9918381146449095,0,22.0,0,380.4,2,0,0
8349.0,1.1707592707804464,0,14.0,1,153.6,1,0,0
31384.0,1.007345674253423,0,23.0,1,265.4,2,0,0
68888.0,4.73893466086321,1,3.0,6,3.2,6,1,1
8806.0,1.200959105656341,0,12.0,0,0.3,4,0,0
4113.0,0.729209236766076,0,13.0,3,756.4,2,0,0
13258.0,0.554488242093528,0,12.0,2,176.4,3,0,0
80936.0,3.908394243706732,1,1.0,7,19.9,5,0,1
21785.0,0.9533864293966827,0,13.0,3,568.7,0,0,0
16548.0,0.9430466965716883,0,17.0,1,542.6,2,0,0
10605.0,1.1801094957712035,0,15.0,4,195.7,1,0,0
11232.0,1.028714009571554,1,11.0,1,532.0,0,0,0
2748.0,1.0389148254552352,1,15.0,0,271.9,2,0,0
7238.0,1.1521084710734022,0,20.0,1,196.9,0,0,0
1559.0,1.3788824020696082,0,17.0,1,74.8,4,0,0
20696.0,0.9960658283697432,1,5.0,2,362.1,5,0,0
36922.0,0.9813403120067503,0,20.0,1,416.3,2,0,0
10658.0,1.0936437206409024,0,13.0,1,97.0,5,0,0
13138.0,1.2672598979072363,0,7.0,0,161.5,1,0,0
3537.0,0.9371598844461924,0,14.0,1,136.4,0,0,0
18417.0,6.9060983759514905,1,22.0,4,49.9,5,1,1
752.0,0.856219832945335,0,15.0,2,271.3,2,0,0
5692.0,0.5902538033218732,0,7.0,0,1804.7,0,0,0
35152.0,0.9530224663621698,0,21.0,1,607.7,2,0,0
23453.0,1.339040595971508,0,18.0,0,367.2,1,0,0
8143.0,1.0962582850800877,1,12.0,2,242.0,1,0,0
15707.0,1.228999786934586,0,11.0,0,36.1,5,0,1
20365.0,1.128293197446226,1,23.0,1,333.0,1,0,0
22047.0,1.2739880684243956,0,12.0,2,351.8,0,0,1
13954.0,1.1388602169773525,0,14.0,2,3.7,0,0,0
7380.0,0.46604389574715954,0,22.0,1,517.1,0,0,0
8646.0,0.7504166737515622,0,12.0,2,130.7,5,1,0
71955.0,5.644056057817425,1,2.0,10,16.9,8,0,1
30333.0,1.3456775631654039,1,15.0,1,631.0,1,0,0
51096.0,4.16921136404067,1,4.0,8,6.0,5,0,1
31698.0,1.681017474167008,1,21.0,3,10.0,12,0,1
17365.0,0.7677211844042404,1,9.0,1,940.7,1,0,0
8749.0,1.1191436460665625,0,7.0,2,30.1,3,0,0
20001.0,1.0020342535269546,0,21.0,1,41.6,2,0,0
5141.0,0.9834133472856145,0,20.0,1,519.2,3,0,0
8906.0,1.0540392011503184,0,16.0,1,540.3,3,0,0
18581.0,1.2145068110372748,0,9.0,0,445.1,1,0,1
15509.0,1.3299433867413681,0,17.0,0,369.1,3,0,0
28489.0,1.4646466541040568,0,23.0,0,769.3,1,0,0
13457.0,1.0911060957919614,0,14.0,1,154.5,2,0,0
3211.0,1.4358325319978105,1,7.0,0,211.7,3,0,0
104584.0,4.167813859410721,1,5.0,5,31.5,9,1,1
20217.0,2.879189502539705,1,4.0,6,12.2,8,1,1
8322.0,1.330313899959239,0,16.0,1,674.8,4,0,0
14657.0,0.9801294405326546,0,15.0,2,727.2,2,1,0
8210.0,0.7844815056825372,0,14.0,1,1028.5,1,0,0
11688.0,1.4489587023448185,0,19.0,2,372.3,1,0,0
1633.0,0.8042179762356818,0,18.0,2,144.0,3,0,0
1860.0,0.829002673886596,0,8.0,1,12.9,3,0,0
10839.0,1.203483466978256,0,14.0,4,38.1,2,0,0
21937.0,0.9653131631245679,0,15.0,2,88.5,0,0,0
6507.0,0.8526816256321653,0,19.0,2,322.4,3,0,0
11964.0,1.5138902609399167,0,18.0,3,1656.1,1,0,0
6742.0,1.2531360623467611,0,16.0,1,55.2,1,0,0
20323.0,1.1618552918073177,0,22.0,0,659.3,4,0,0
3380.0,1.0793356163110936,0,21.0,1,200.5,1,0,0
16681.0,1.0378019713893774,1,14.0,1,332.7,0,0,0
10174.0,1.0213831404736056,0,13.0,1,109.7,1,0,0
17125.0,0.22422601240861972,0,13.0,2,214.6,1,0,0
10761.0,1.3256313978125454,0,22.0,0,13.2,2,0,0
17495.0,1.0544453782049843,0,10.0,0,820.8,3,0,0
7196.0,0.8947236532190193,0,11.0,2,93.3,5,1,0
11001.0,1.215224599074178,1,23.0,2,467.2,4,0,0
17532.0,0.8236981786729267,0,11.0,2,11.8,1,0,0
5605.0,0.9586430036488538,0,11.0,0,726.2,1,0,0
9036.0,1.3081797715132795,0,16.0,2,317.2,4,0,0
12419.0,0.939610713762348,0,20.0,2,2093.3,2,0,0
19495.0,1.1864661249458581,1,13.0,2,916.8,4,0,0
29599.0,0.705079796309267,0,15.0,0,576.6,2,0,1
7974.0,1.1076917698200568,0,9.0,3,1052.7,2,0,0
8440.0,1.5906543894467182,0,8.0,1,131.5,1,0,0
9176.0,1.212092851079046,1,10.0,2,275.9,5,0,1
16324.0,0.8335787266036695,0,17.0,1,433.4,0,0,0
26224.0,1.2264439771804796,0,15.0,4,212.8,2,0,0
11605.0,0.7700593924611825,0,19.0,1,54.6,2,0,0
16182.0,0.9678901952747412,0,9.0,4,532.7,2,0,0
44974.0,1.0970568481847938,1,12.0,4,18.6,2,0,0
21116.0,0.9652934753685035,1,17.0,1,42.9,1,0,0
26552.0,3.0829863593635727,1,0.0,8,39.4,12,0,1
53473.0,1.7582069314175781,1,23.0,8,7.8,8,1,1
24432.0,1.0713921038582292,0,17.0,0,326.9,3,0,0
17526.0,1.2855027756861883,0,13.0,5,296.1,0,0,1
15394.0,1.0509222552505917,0,15.0,3,171.7,3,0,0
23489.0,0.6706962151008116,0,8.0,1,159.7,3,0,0
8351.0,0.5941829528848979,1,17.0,0,103.6,1,0,0
27013.0,1.2208606002526163,0,18.0,0,79.4,1,0,0
13228.0,1.005791589077457,0,13.0,3,38.0,1,0,0
11453.0,1.1865686264204471,1,14.0,0,177.1,1,0,0
36252.0,0.8084068448070735,0,12.0,1,731.1,0,0,0
12737.0,1.0095317038718605,0,15.0,3,1064.7,3,0,0
19900.0,1.0424537271865244,1,13.0,2,222.4,2,1,0
25991.0,1.1592397008887017,0,13.0,2,200.7,3,0,0
16398.0,0.673421691549903,0,14.0,2,1569.8,1,0,0
14826.0,1.2171670039266798,0,9.0,2,255.7,3,0,0
7432.0,0.9323567187127833,0,10.0,1,18.9,1,0,0
30011.0,1.2930592837159438,0,12.0,1,66.8,0,0,0
5521.0,0.6873972123735093,0,15.0,3,467.3,3,0,0
9616.0,0.8333109131041416,0,14.0,1,218.8,3,0,0
10734.0,0.7636548439767218,0,13.0,1,561.3,1,0,0
15596.0,1.3132146422894784,0,13.0,0,23.3,1,0,0
11174.0,1.0221801034294156,0,10.0,0,32.7,1,0,0
37078.0,0.5518056652628894,0,15.0,0,83.3,4,0,0
9417.0,0.7349587820517487,0,10.0,2,781.2,1,0,0
45835.0,1.1305559854770941,0,13.0,1,158.1,2,0,0
5905.0,1.051514878796525,0,15.0,2,165.9,2,0,0
4368.0,0.8973982641461565,0,18.0,1,574.2,3,0,0
12990.0,0.6277928596637423,0,20.0,0,551.4,1,0,1
20983.0,0.8932420566895093,0,13.0,1,216.5,2,0,0
38055.0,0.9162050576043971,0,12.0,2,680.4,1,0,0
21538.0,1.124078598889195,0,8.0,4,723.3,1,0,0
5532.0,1.0392132570735875,1,23.0,1,592.5,0,0,0
18335.0,1.119128665806795,0,18.0,1,1.5,1,0,0
35436.0,0.99042296696725,0,22.0,2,323.0,1,0,0
19968.0,1.277863207608249,0,16.0,0,95.3,1,0,0
16932.0,1.3388698499033878,0,17.0,3,763.8,0,0,0
6714.0,0.8285490732752111,0,12.0,2,4.2,3,0,0
100772.0,4.578818465164675,1,1.0,2,3.9,7,1,1
34181.0,7.649459165892144,1,22.0,5,23.5,9,1,1
9042.0,1.1399254875759173,0,15.0,0,153.5,3,0,0
5788.0,1.2214146782846411,0,18.0,0,625.1,2,0,0
12664.0,1.2901124094691794,0,15.0,1,417.6,1,1,0
16209.0,0.957369021925433,0,8.0,0,216.0,2,0,0
14640.0,0.8580078856704825,0,15.0,1,274.8,3,0,0
14314.0,0.9668046903659695,1,13.0,0,66.5,3,0,0
9732.0,1.0288396787407965,0,10.0,1,168.0,0,0,0
3380.0,0.9831222397537356,0,11.0,1,65.8,0,0,0
47379.0,1.160225542553126,0,14.0,2,160.0,0,0,0
11815.0,1.1722642042434526,0,19.0,0,404.1,1,0,0
10967.0,1.014528293533468,0,14.0,1,36.6,0,0,0
49629.0,0.7026120539667469,0,15.0,1,50.8,2,1,0
24576.0,1.3879211779363854,0,14.0,1,721.1,1,0,0
24059.0,0.9806205555588795,0,18.0,1,578.1,3,0,0
42458.0,1.2203073879300332,0,20.0,2,246.5,0,0,0
25837.0,0.5989217985495809,0,19.0,0,255.6,4,0,0
18090.0,1.0607424194952122,0,17.0,0,1156.8,1,0,1
8007.0,1.217797728528634,0,8.0,1,166.9,2,0,0
39774.0,5.530367829182175,1,21.0,3,8.3,7,1,1
12146.0,1.1419748817820388,0,18.0,1,6.2,2,1,0
20973.0,0.8152970200483375,0,12.0,2,563.5,3,0,0
2941.0,1.0063244716415294,0,17.0,1,165.1,1,1,0
32439.0,0.7587932195092834,0,10.0,2,5.5,0,0,0
12293.0,1.2505518536094662,0,17.0,1,869.8,7,0,0
10088.0,1.419806148178259,0,12.0,0,360.3,3,0,0
5267.0,0.6376844038046559,0,16.0,1,363.0,3,0,0
31133.0,1.1637071132894787,0,20.0,6,405.0,2,0,0
11696.0,1.234393632346894,0,12.0,0,369.8,6,0,0
51571.0,1.4442377107095483,0,10.0,3,74.4,2,0,0
2685.0,0.9238197047518933,0,15.0,0,410.2,2,0,0
21187.0,0.9873020805010992,1,14.0,4,55.7,2,0,0
1101.0,0.6669057607892219,0,14.0,0,787.6,1,0,0
36208.0,0.8906712760556428,0,14.0,1,272.4,3,0,0
8332.0,1.0510407538309567,0,14.0,4,288.8,1,0,1
4660.0,0.9488217487156261,0,23.0,0,542.9,3,0,0
18254.0,0.4493649930211375,1,22.0,3,154.2,0,0,0
33269.0,0.5635425536450239,1,11.0,1,492.4,3,0,0
18648.0,0.6740146032402626,0,15.0,0,880.4,0,0,0
23266.0,5.399114630910143,1,1.0,4,11.9,5,1,1
24264.0,0.9474249013032641,0,14.0,0,286.7,2,0,0
117568.0,4.599083888921942,1,1.0,5,5.1,8,1,1
24423.0,1.127833243509718,0,14.0,1,247.5,1,0,0
27676.0,1.0369211133548881,0,11.0,0,991.9,3,0,0
28257.0,1.2181087945056355,0,12.0,1,137.9,3,0,0
59761.0,7.304511709098145,1,5.0,5,14.0,6,1,1
47565.0,0.60789088794501,0,12.0,0,94.6,2,0,0
20930.0,0.9513881871651629,0,16.0,0,238.7,1,0,0
20766.0,0.7470300127088663,0,14.0,2,1351.1,1,0,0
92549.0,2.1824198673708572,1,22.0,6,30.5,3,0,1
18768.0,1.1180100207721044,0,15.0,4,394.3,0,0,0
6988.0,1.572681057454211,0,17.0,2,171.5,3,0,0
6671.0,0.7867485668099772,0,18.0,1,374.0,2,0,0
10328.0,1.563935954783327,0,18.0,1,77.6,1,0,0
35131.0,5.232872928877978,1,2.0,6,24.3,4,1,1
9659.0,4.192455243244518,0,4.0,4,19.6,4,0,0
9108.0,0.9216753785045495,0,10.0,2,401.2,4,0,0
22268.0,0.9113199371273123,0,23.0,0,453.3,3,0,0
10728.0,0.956568176599921,0,14.0,1,499.4,1,0,0
23027.0,4.705161740781429,1,2.0,8,14.1,12,1,1
8448.0,0.3682428292906006,0,12.0,4,124.8,1,0,0
3351.0,0.8038539409544504,0,14.0,1,214.1,4,0,0
6999.0,0.783562569552734,0,18.0,3,439.4,3,0,0
14602.0,1.0042700000507947,0,14.0,2,55.2,1,0,0
6717.0,1.0864747865685425,0,19.0,1,54.8,1,0,0
17948.0,0.9393723533653898,0,15.0,1,56.7,5,0,0
5254.0,1.2264538463208419,0,17.0,1,341.8,2,0,0
9981.0,0.535695373093025,0,18.0,0,97.5,3,0,0
30812.0,1.0242991880709538,0,12.0,2,600.5,2,0,0
460.0,0.5595553442818608,0,16.0,3,252.4,0,0,0
14389.0,0.9034082778482783,0,16.0,3,443.8,1,0,0
9109.0,0.8027453811248294,0,22.0,2,125.6,3,0,0
37448.0,0.648379939498775,0,13.0,0,304.7,0,0,0
14246.0,0.8334682564125768,0,15.0,0,22.3,1,0,0
23356.0,0.6511358260333626,0,20.0,2,183.3,2,0,0
18652.0,1.1264827819118257,0,16.0,3,287.5,1,0,0
8844.0,1.2038591253197084,0,7.0,2,298.1,1,0,0
84920.0,1.1039606654038354,1,4.0,6,4.7,6,0,1
17421.0,0.9257313716874892,1,11.0,2,671.2,0,0,0
9842.0,1.3090199770819433,0,15.0,0,156.2,2,0,0
31962.0,2.6091408927315776,1,2.0,11,27.1,7,1,1
35664.0,1.181458048442926,0,12.0,2,411.0,3,0,0
8436.0,0.7434898852384306,0,5.0,0,245.0,2,0,0
64949.0,6.154728496813144,1,0.0,7,19.1,5,0,1
114861.0,3.515325242412178,1,1.0,7,1.2,7,1,1
2333.0,1.1655649689426009,0,13.0,1,109.9,3,0,0
17258.0,1.3955998881728653,0,10.0,2,36.5,2,0,0
9477.0,0.7683695413451213,0,10.0,4,73.4,3,0,0
18042.0,0.828513796588175,0,18.0,2,488.4,2,0,0
11471.0,0.8310761097451149,0,17.0,0,551.2,4,0,0
49161.0,0.865160963524098,0,15.0,1,569.3,3,0,0
17172.0,1.0855663561929954,0,12.0,0,528.9,2,0,0
22951.0,1.1126285532826772,0,19.0,0,581.1,4,0,0
14108.0,0.8070724997503747,0,16.0,3,38.9,3,0,0
2687.0,1.1400377472008587,0,15.0,0,67.0,4,0,0
23725.0,0.7174888918357902,0,15.0,4,33.2,2,0,0
18836.0,1.0268996133182422,0,15.0,2,1159.6,2,0,0
1171.0,1.1318636601156222,0,14.0,3,1120.7,2,0,0
3549.0,0.7581901339472615,0,10.0,2,985.9,2,0,0
20605.0,0.7608564126408884,0,13.0,2,372.9,2,1,0
13935.0,1.3764860309947455,0,7.0,0,757.2,2,0,0
4301.0,0.7312572615978232,0,20.0,0,442.5,1,0,0
9252.0,1.0066672482379728,0,10.0,1,743.4,1,0,0
14183.0,0.8950961298327484,1,18.0,0,1650.2,4,0,0
9455.0,0.6841403550290297,0,14.0,3,523.2,3,0,0
6759.0,1.0690498215481021,0,21.0,0,95.0,0,0,0
18658.0,0.8448731974513373,1,10.0,0,587.9,1,0,0
17442.0,0.4509719235517745,0,13.0,1,596.7,0,0,0
5709.0,0.9198118110065043,0,12.0,2,96.1,3,0,0
11575.0,0.9934035346708433,0,21.0,1,249.9,2,0,0
10066.0,1.1787469415822183,0,8.0,5,347.0,1,0,0
20365.0,0.8929470791467405,0,19.0,6,31.5,1,0,0
40592.0,1.3436849912674942,0,10.0,3,391.3,1,0,0
34842.0,7.01734033571336,1,4.0,9,43.3,6,0,1
17539.0,0.8061855850606259,0,13.0,1,49.2,1,0,0
15349.0,0.8918942639969736,0,7.0,2,825.9,2,0,0
27436.0,1.2025965098428308,0,15.0,2,36.7,2,0,0
16387.0,0.7898347419280916,0,16.0,0,648.7,2,0,0
7762.0,1.39622142193188,0,20.0,0,402.1,3,1,0
4856.0,0.6260748226207198,0,13.0,1,720.3,0,0,0
8115.0,0.9863943724295215,0,18.0,1,86.9,2,0,0
11899.0,1.33098191664517,0,18.0,1,115.3,2,0,0
25698.0,1.3679631446706282,0,12.0,2,962.1,1,0,0
26914.0,0.5315920629439084,1,19.0,3,133.0,1,0,0
13500.0,0.6524610454016005,1,14.0,1,1353.8,3,0,0
15195.0,1.0966294838581132,0,7.0,1,395.1,2,0,0
14855.0,1.1400735385833694,1,18.0,0,139.3,3,0,0
16730.0,1.0499423336639484,0,13.0,1,155.5,0,1,0
4464.0,0.9480820089983478,0,13.0,3,844.5,3,0,1
10331.0,1.1845110264280931,0,23.0,1,48.7,2,0,0
4544.0,0.9275886516395885,0,18.0,0,534.2,0,0,0
6422.0,0.5132889844335812,0,9.0,2,132.2,4,0,0
25800.0,1.0797792281617027,0,12.0,4,865.0,2,0,0
34385.0,5.095089983770197,1,0.0,8,0.9,6,1,1
19727.0,8.121056828126562,1,3.0,7,0.2,9,1,1
14563.0,1.1400915497039836,0,13.0,0,183.1,2,0,0
17254.0,0.9121463762055194,0,22.0,5,66.7,1,0,0
22577.0,1.0857967817239442,0,9.0,0,296.4,1,0,0
4077.0,0.8998707254133455,0,11.0,1,430.1,2,0,1
7898.0,1.0820560523334402,0,19.0,1,674.4,0,0,0
14970.0,1.0061292298846067,0,4.0,3,752.9,2,0,0
6334.0,0.5890667972970273,0,12.0,2,262.8,1,0,0
8189.0,1.2446751171153037,0,18.0,0,1043.6,1,0,1
9025.0,0.8118850989617549,1,11.0,1,622.9,3,0,0
11049.0,1.0025335828085549,0,15.0,0,347.2,2,0,0
11268.0,0.9660327472758231,0,8.0,1,3290.5,0,0,0
39430.0,5.78790398402774,0,23.0,6,10.9,13,1,1
6321.0,0.9583249015507014,0,13.0,1,365.6,1,0,0
17698.0,1.0790266126060966,0,12.0,3,749.4,0,0,0
33275.0,0.985468761241128,0,17.0,2,381.3,2,0,0
45314.0,1.0861686050903434,0,13.0,4,135.1,3,1,0
22224.0,1.2210366337038598,1,8.0,2,139.2,0,0,0
2297.0,1.0595500061961474,0,17.0,2,647.9,2,0,0
20967.0,0.9738356169783506,0,16.0,1,169.1,1,0,0
19497.0,1.2067257247181018,0,23.0,0,614.7,2,0,0
8313.0,1.0712994881234443,0,16.0,0,311.1,1,0,0
44337.0,4.009762458827193,1,1.0,9,0.8,9,1,1
42059.0,5.2411605871347415,1,4.0,3,35.8,7,0,1
18746.0,0.9107934679455306,0,11.0,2,151.3,0,0,0
54519.0,0.6430624642543539,0,8.0,1,65.4,1,0,0
10968.0,4.635766442485989,1,22.0,5,2.8,4,0,0
23597.0,0.9882783251752754,1,11.0,2,90.7,1,0,0
9527.0,1.2562243767355348,0,21.0,0,565.4,3,0,0
17475.0,0.8662592612656275,0,18.0,1,197.1,2,0,0
12867.0,0.48588668250583933,0,17.0,4,363.2,4,0,0
34065.0,1.2572044447943624,0,15.0,0,51.9,2,1,0
10579.0,1.3202081891283008,0,13.0,1,26.0,1,0,0
44811.0,0.5569412170724264,0,7.0,4,53.5,2,0,0
24382.0,0.760883166799057,1,5.0,3,209.0,3,0,0
16995.0,0.893355617540788,1,12.0,5,835.1,1,0,0
12997.0,1.2864873753483757,1,13.0,2,333.5,2,0,0
17401.0,1.3889981118026065,0,5.0,2,259.2,1,0,0
22141.0,1.3940610162424725,0,15.0,3,173.7,2,0,0
19017.0,0.947161487398411,0,13.0,3,50.8,4,1,0
7162.0,0.632742510690495,0,18.0,0,591.9,3,0,0
16364.0,0.8529594817052282,0,14.0,0,257.8,2,0,0
5175.0,1.2656672848999246,0,21.0,4,63.5,2,0,0
13380.0,1.0570820584216682,0,13.0,3,234.8,1,0,0
26026.0,9.071514803877662,1,23.0,6,5.3,7,1,1
10458.0,1.4476447107787833,0,14.0,0,33.3,2,0,0
65162.0,4.14496334762824,1,22.0,4,11.3,7,1,1
3498.0,1.2894783073212785,0,15.0,0,84.9,4,0,0
53242.0,0.9498777082278064,0,18.0,0,144.9,0,0,0
12368.0,0.3838262048801998,0,17.0,2,191.9,5,0,0
8282.0,1.0272509973948984,0,14.0,5,964.2,2,0,0
9270.0,1.1259059300068286,0,22.0,1,490.9,0,0,0
11587.0,1.0550407435572353,0,17.0,0,537.2,4,0,0
4134.0,1.1898329328168602,0,14.0,2,53.7,3,0,0
64324.0,7.422277862428163,1,2.0,10,7.1,7,0,1
14509.0,0.7096087166905771,0,11.0,0,75.3,2,0,0
9904.0,0.9436419126666542,0,17.0,1,252.4,1,0,0
14039.0,1.720820888945207,0,14.0,2,154.7,3,0,0
72327.0,3.557531399497479,1,22.0,7,7.1,7,0,1
21897.0,0.8931568670469957,0,9.0,2,438.8,1,0,0
14693.0,1.1523930987107844,0,16.0,0,69.3,3,0,0
14936.0,1.1890394609382537,0,13.0,4,631.7,2,0,0
3055.0,1.100135954039237,0,20.0,1,166.0,1,0,0
7188.0,1.3854177117022983,0,12.0,1,350.5,0,0,0
35520.0,1.2411012238401322,0,10.0,1,407.8,0,0,0
4961.0,0.9185827608054564,0,15.0,0,795.7,1,0,0
6754.0,1.2692738908416052,0,16.0,2,1014.2,2,0,0
12686.0,1.2144446627918963,0,12.0,0,954.4,4,0,0
26329.0,0.9579262212978226,0,15.0,4,85.2,3,0,0
13932.0,1.0514538741576656,0,15.0,2,1554.0,2,0,0
3882.0,0.7611339358114554,0,16.0,1,47.3,0,1,0
25147.0,0.8916388855117307,0,10.0,3,30.0,1,0,0
56183.0,0.9034075100651544,0,14.0,3,738.6,4,0,0
77031.0,6.911746165260274,1,21.0,3,23.5,6,1,1
18100.0,0.8265308752338223,0,17.0,1,854.0,1,0,0
14293.0,0.8850380705884108,0,20.0,2,228.3,1,0,1
7605.0,0.9877469959338941,0,13.0,1,253.0,1,1,0
23368.0,1.0029226016662172,0,14.0,1,176.6,3,0,0
11061.0,0.9921762975354175,1,21.0,2,836.2,3,0,0
10886.0,1.0915065047860202,0,13.0,5,932.8,8,0,0
13788.0,0.9175255643744452,0,12.0,3,443.7,2,0,0
120270.0,4.671320368683818,1,5.0,6,13.2,8,1,1
2564.0,0.8397104620475354,0,15.0,1,442.3,1,0,0
15639.0,0.5176615696558354,0,19.0,2,548.8,4,0,0
27886.0,6.717382796528616,1,1.0,6,48.2,11,0,1
29794.0,0.8509180367476612,0,15.0,2,373.5,2,0,0
22524.0,0.7075992912578626,0,15.0,5,622.1,0,0,0
14595.0,1.014703704052226,0,16.0,0,216.8,1,0,0
40928.0,0.8162862323917759,0,13.0,1,1260.2,4,0,0
15802.0,1.8890906963875327,0,17.0,0,327.3,4,0,0
26425.0,0.9277353904396077,0,16.0,0,492.1,4,0,0
6041.0,4.34230904937946,1,21.0,6,10.3,9,1,1
75465.0,2.945269236521839,1,2.0,4,74.2,8,1,1
5447.0,1.0565413289653183,1,16.0,1,808.1,1,0,0
29420.0,5.031509118169708,1,23.0,6,16.1,7,1,1
12965.0,1.1543023834113177,0,13.0,3,197.0,0,0,0
14903.0,1.2187275150689247,0,11.0,0,580.2,2,0,0
53312.0,1.1344459267252796,0,15.0,1,1098.0,1,0,0
16840.0,1.1968425416110722,1,23.0,1,550.3,4,0,0
2893.0,0.8870682223884511,1,18.0,1,896.5,3,1,0
19209.0,0.8118124774395412,0,15.0,3,676.7,2,0,0
25187.0,1.4825564362394532,0,15.0,1,144.5,1,0,0
3167.0,0.9457566028165363,1,10.0,0,491.7,1,0,0
22470.0,1.6051387827521866,0,10.0,1,133.3,0,0,0
11371.0,1.2419812823473246,0,14.0,2,324.6,1,0,1
41570.0,0.9399627772055417,0,22.0,3,51.8,0,0,0
19315.0,1.0214094269140437,0,13.0,1,18.0,3,1,0
26521.0,5.3361872138629,0,23.0,9,1.4,6,0,1
5390.0,1.0004307001204635,0,18.0,2,191.0,2,0,0
5584.0,1.0939916519562827,0,13.0,0,0.9,4,0,0
6914.0,1.3442270382016106,0,16.0,0,322.1,3,0,0
13942.0,0.8377211327410076,0,17.0,1,636.0,0,0,0
33055.0,0.9747235166236863,0,10.0,2,124.8,2,0,0
49589.0,4.098939504430803,1,2.0,5,5.6,7,0,1
33600.0,0.8130792735411654,0,13.0,1,1408.7,0,1,0
11371.0,0.936860629885201,0,8.0,6,12.5,2,0,0
6496.0,0.47187748996554624,0,11.0,1,4.5,2,0,0
23906.0,1.7487825909240207,0,21.0,3,486.8,6,0,0
6550.0,0.6014812315072926,0,10.0,1,151.9,0,0,0
7877.0,1.0424446156782747,0,10.0,2,93.5,1,0,0
7139.0,1.0636624743384624,0,19.0,4,286.8,3,1,0
8924.0,0.8689570754190715,1,15.0,0,606.8,2,0,0
28451.0,2.38138100382423,1,0.0,4,54.5,8,0,1
7523.0,1.0415540986345335,0,19.0,2,4109.0,3,0,0
7915.0,0.6526904264119748,0,21.0,0,492.3,1,0,0
72058.0,1.2953064590967878,1,6.0,3,288.5,2,0,0
105546.0,6.426944197566408,1,5.0,5,2.7,10,1,1
18393.0,0.8701522824141197,0,16.0,7,129.7,2,0,0
42736.0,0.953382480845387,0,12.0,0,152.1,2,0,0
12370.0,0.6023561938503981,1,20.0,2,223.4,1,0,0
10305.0,0.8009848795437212,0,18.0,3,515.6,4,0,0
37983.0,4.970107592461179,1,3.0,4,61.3,10,1,1
24206.0,1.1172046041226043,0,18.0,3,524.2,3,0,0
21550.0,1.1040471696683931,0,15.0,1,143.9,3,0,1
11926.0,1.10320657678911,0,15.0,3,8.1,6,0,0
8305.0,0.8352323025221242,0,14.0,0,927.8,0,0,0
2535.0,1.3040372352450045,1,11.0,4,777.9,4,0,0
29807.0,1.393296351689818,0,11.0,2,239.7,5,0,0
9913.0,0.8885147622636878,1,10.0,1,325.7,2,0,0
5381.0,1.2141432150024745,0,19.0,1,215.4,1,0,0
9336.0,1.0611571962199629,0,13.0,2,418.1,4,0,0
4828.0,1.4892443283121137,0,16.0,3,41.6,3,0,0
53952.0,4.108078400498854,1,23.0,2,0.3,8,0,1
8425.0,1.0515040622355383,0,10.0,3,383.2,2,0,0
8884.0,1.1374534450928304,1,10.0,1,197.5,0,0,0
16348.0,1.0714947447823466,1,15.0,2,394.1,3,0,0
23512.0,0.9039986789137983,0,13.0,1,361.9,5,0,0
6788.0,0.7706761750221023,0,14.0,1,623.3,4,0,0
36727.0,0.6093792323261675,0,14.0,1,523.2,0,1,0
24944.0,6.399479932493293,1,5.0,5,11.8,8,0,1
26352.0,1.027705881076728,0,11.0,3,57.9,4,0,0
57509.0,7.249726415018579,1,2.0,8,37.6,6,1,1
18355.0,0.6139966637187468,0,13.0,1,192.6,0,0,0
14517.0,1.182630357822191,0,13.0,1,2.7,2,0,0
14895.0,1.2491098280406778,0,23.0,1,1751.2,2,0,0
1833.0,1.1738793368673028,0,18.0,0,304.5,5,0,0
50025.0,4.021927320096368,1,0.0,7,15.6,4,0,1
3254.0,0.9373939853905848,0,19.0,1,39.8,1,0,0
37657.0,1.031494304126959,0,13.0,2,286.5,0,0,0
38040.0,0.899951697075687,1,12.0,0,279.4,1,0,0
59749.0,4.420545399826609,1,23.0,7,42.9,4,1,1
21286.0,0.9790453252930246,0,18.0,3,18.0,1,0,0
9690.0,1.0883231921320604,0,11.0,2,281.8,3,0,0
29734.0,4.776262269543944,0,4.0,9,7.9,6,1,1
122956.0,5.543154071336079,1,22.0,7,14.9,8,0,1
21626.0,1.0781107355195167,0,18.0,1,54.6,2,0,0
10169.0,0.9066823845611577,0,13.0,3,9.0,3,0,0
46278.0,1.3869755038881795,0,15.0,0,172.0,2,0,0
13990.0,0.9137008627850819,0,14.0,1,214.8,1,0,0
29999.0,1.138983368901426,0,13.0,3,804.4,1,0,1
8501.0,1.0092840038442414,0,13.0,1,928.0,0,0,0
18334.0,1.2505684309496503,0,11.0,1,282.2,4,0,0
4888.0,1.294821744684028,0,11.0,2,132.1,3,0,0
18158.0,0.8506917480214998,0,13.0,0,241.2,1,0,0
4411.0,0.8614831162678656,0,15.0,1,122.3,1,0,0
25372.0,0.7796759872401091,0,16.0,1,708.5,0,0,0
2814.0,1.0927964826543566,0,9.0,2,140.7,0,0,0
68819.0,6.514508786532216,1,3.0,5,13.8,7,1,1
27639.0,0.6455977419453753,0,12.0,1,200.7,0,0,0
15868.0,6.544701720792633,1,4.0,2,20.7,6,1,1
31663.0,1.3209551407082218,0,15.0,3,427.2,3,0,0
86972.0,2.7747654942546376,1,5.0,8,17.1,12,0,1
81580.0,5.159643104787397,1,3.0,4,17.9,5,1,1
12983.0,0.9211800304155282,0,9.0,3,846.9,2,0,0
55684.0,5.046302475472921,1,3.0,10,24.9,9,1,1
13416.0,1.1163686842632354,0,9.0,1,438.9,5,0,0
113221.0,0.1,1,23.0,6,18.9,4,1,1
22132.0,5.198030305806904,1,4.0,2,25.6,5,0,1
24769.0,0.9287676393541725,0,5.0,1,481.5,2,0,0
11151.0,1.0852049970393542,0,8.0,1,510.1,3,0,0
18249.0,2.9443210967764646,1,1.0,2,13.0,9,1,1
23969.0,5.364385060838505,0,4.0,9,22.9,6,1,1
6876.0,1.0354557937799016,0,16.0,0,883.1,4,0,0
19546.0,0.7328072254786199,0,7.0,0,419.9,2,0,0
13555.0,1.0133913205642247,0,14.0,1,323.4,2,0,0
5455.0,0.8880108661874107,0,19.0,3,370.2,0,0,0
43650.0,5.0031976959387885,1,1.0,8,35.0,10,0,1
140.0,0.8850981861323945,0,10.0,2,10.4,2,0,0
52122.0,6.555453063539661,1,1.0,3,3.3,4,1,1
78882.0,6.31434856947934,1,5.0,5,16.9,4,1,1
24727.0,1.227889029986924,0,12.0,0,46.8,3,0,0
24881.0,0.7292545066988128,0,20.0,0,40.6,4,0,0
20080.0,0.8430493912323337,0,14.0,3,487.4,3,0,0
8534.0,0.743002073099343,0,13.0,1,115.2,4,0,0
33722.0,1.0723401561540162,0,23.0,3,22.1,0,0,0
6651.0,1.200020334440433,0,12.0,1,131.9,1,0,0
45143.0,0.9816772388648773,0,10.0,2,686.2,4,0,0
36185.0,6.118644895719928,1,3.0,5,29.6,9,1,1
66607.0,4.085558095569454,1,0.0,6,32.4,4,1,1
27531.0,0.9062986136693519,0,9.0,2,103.5,2,0,0
51966.0,0.9622244305407648,0,13.0,0,196.2,1,0,1
9036.0,0.9488701847331422,0,2.0,0,753.7,3,1,0
25580.0,1.1575414268091324,0,10.0,2,1857.6,4,0,0
12799.0,0.9439858713737906,0,13.0,2,1021.0,1,0,0
6331.0,1.3001384997268244,0,16.0,2,763.4,2,1,0
18753.0,1.1322944518557965,0,9.0,1,188.5,2,0,0
37053.0,8.944139676192332,0,1.0,7,17.9,7,1,1
55982.0,1.0055651507288175,1,15.0,0,78.2,4,0,0
3484.0,0.808937964003738,1,15.0,1,851.8,1,0,0
36187.0,0.6358109707710088,0,16.0,0,340.9,5,0,0
40438.0,4.272798760746537,0,4.0,5,83.1,12,1,1
21348.0,1.3974665429562272,1,14.0,1,575.1,0,0,1
5778.0,1.0169021996945515,0,14.0,1,190.1,1,0,0
20417.0,1.0079034887144365,1,19.0,2,219.7,3,0,0
30533.0,0.9305116168353755,0,19.0,3,538.9,2,0,0
20889.0,1.1383992866448251,0,18.0,1,118.3,4,0,0
23079.0,1.326488511101073,0,11.0,2,47.6,3,0,0
4442.0,1.164992047230051,0,11.0,0,333.6,0,0,0
32651.0,0.3801443583590811,0,12.0,1,510.9,2,0,0
7109.0,0.992051629956196,0,12.0,1,88.1,1,0,0
4386.0,0.9392322445452166,0,19.0,0,31.1,0,0,0
25821.0,1.1140096617246842,0,16.0,1,118.0,2,0,0
6975.0,1.3451966761083942,1,16.0,1,382.2,3,1,0
2676.0,1.056804984274694,0,8.0,1,36.1,0,0,0
23159.0,1.2396485201943364,0,13.0,1,146.3,2,0,0
25984.0,1.13713527783831,0,13.0,3,6.5,2,0,0
21154.0,0.9818691020530648,0,11.0,0,661.7,2,0,0
50795.0,6.06142438319687,1,4.0,8,8.6,7,1,1
31081.0,1.0497796250415083,1,22.0,0,477.6,2,0,0
24245.0,1.035066311820627,0,16.0,2,88.0,1,0,0
19466.0,1.154192131546109,0,9.0,1,67.4,6,0,0
14387.0,0.9893036065936824,0,23.0,3,400.8,3,0,0
7992.0,0.8093500998150942,0,9.0,0,581.1,4,0,0
10785.0,1.4616423140753525,0,9.0,2,31.6,2,0,0
23440.0,0.5184670408876186,1,8.0,2,34.2,3,0,0
24577.0,1.1875462163036563,1,15.0,2,255.8,4,0,0
37014.0,1.0483316599402404,0,23.0,1,88.2,1,0,0
10533.0,1.0958904852294562,0,10.0,2,1386.8,1,0,0
12407.0,0.5325542256284752,0,18.0,1,200.1,0,0,0
12969.0,1.0611148998169915,0,14.0,1,1368.1,5,1,0
10943.0,1.183018371856503,0,20.0,2,168.6,1,0,0
5356.0,0.1557256266309226,1,12.0,1,72.9,2,0,0
13469.0,1.0250789855396771,0,10.0,0,326.6,1,0,0
17516.0,0.7578662692369984,0,12.0,1,176.4,4,0,0
20826.0,0.7836620467832274,0,9.0,1,129.5,3,0,0
11561.0,1.4783349360398823,0,11.0,0,1149.5,1,0,0
25629.0,0.6566847854194267,0,14.0,1,51.8,4,0,0
3678.0,0.993013246550295,0,9.0,2,30.8,3,0,0
44512.0,0.9756111346118571,0,15.0,3,1978.7,5,0,0
16815.0,0.9328769935527013,0,8.0,3,80.2,0,0,0
16613.0,0.8548431251834055,0,19.0,1,519.1,2,0,0
15922.0,1.5661739821495133,0,15.0,2,1040.3,2,0,0
6361.0,0.9286485653136844,0,19.0,2,857.5,1,0,0
35773.0,0.658219116872117,1,15.0,3,1757.4,3,0,0
7727.0,0.8380192037054301,0,16.0,3,1036.0,1,0,0
20258.0,1.2606584316815916,0,12.0,3,350.8,1,0,0
2182.0,0.9941173441156973,0,19.0,3,124.4,3,0,0
17244.0,0.7290823049306581,0,14.0,2,467.0,0,0,0
19136.0,4.667778602912535,1,22.0,3,1.4,9,1,1
8940.0,1.1627665306843176,1,19.0,0,623.0,4,0,0
13200.0,0.7676381455869725,0,12.0,1,656.5,1,0,0
21580.0,6.406883329852234,1,23.0,4,0.4,8,1,1
17715.0,0.9389699703791778,0,20.0,1,20.3,6,1,0
39508.0,1.185839822014538,0,12.0,2,84.7,5,0,0
27902.0,1.1851702584988384,0,16.0,1,62.4,1,0,1
39635.0,1.2840143065669163,0,14.0,4,453.4,2,0,0
12259.0,0.9107941816325282,0,13.0,2,253.7,1,0,0
51583.0,4.244696547721472,1,2.0,8,96.8,6,0,1
11315.0,1.1354172877675326,1,15.0,2,1114.1,3,0,0
17111.0,1.0521389787262392,0,21.0,0,688.6,1,0,0
2608.0,0.7010347199913383,0,12.0,1,787.6,2,0,0
13794.0,0.7402386988927371,1,10.0,0,51.5,0,0,1
26147.0,0.7598232126311062,0,18.0,1,382.5,2,0,0
32233.0,1.2750023588718589,0,18.0,0,429.5,2,1,0
5659.0,1.037327963035476,0,12.0,1,513.4,3,0,0
17752.0,1.004576668232845,0,13.0,1,644.0,2,0,0
922.0,0.7594845756075852,0,16.0,2,31.8,0,0,0
7616.0,1.1213942574871931,0,9.0,0,1662.1,2,0,0
11411.0,1.410944606952874,0,10.0,1,75.0,1,0,0
22865.0,3.9119718554342255,1,0.0,7,8.5,12,0,0
14369.0,0.7702534076800955,0,8.0,1,329.8,4,0,0
14711.0,0.6588950190286613,0,12.0,0,159.8,2,0,0
21142.0,0.9191901300902925,1,12.0,1,630.1,2,0,0
12670.0,1.0158787941912504,0,20.0,0,615.9,3,0,0
8634.0,0.9149330822745848,0,4.0,4,1664.0,0,0,0
13749.0,1.245890974670955,1,19.0,2,326.5,0,0,0
59239.0,1.3622246315355078,0,13.0,2,488.8,2,0,0
17929.0,0.7689792075070451,0,12.0,0,2563.3,1,0,1
22296.0,0.9233564443248531,1,20.0,2,94.1,1,0,0
15499.0,0.6922429158484305,0,18.0,0,34.3,1,0,0
36208.0,4.013238544041979,1,23.0,3,75.8,11,0,1
6642.0,1.2368848592919133,0,16.0,0,93.5,2,0,0
11925.0,1.3541794105477014,0,18.0,2,217.7,2,1,0
6177.0,1.0091129442248423,0,13.0,1,637.6,3,0,0
12006.0,1.5546786161293495,0,15.0,0,185.9,1,0,0
8473.0,0.9794458014700108,0,14.0,1,1147.1,1,0,0
21353.0,5.439929692936627,1,22.0,6,27.0,9,0,1
19939.0,6.373809123597827,1,5.0,7,16.6,4,0,1
5271.0,1.1359600489584616,0,23.0,1,845.1,1,0,0
8693.0,1.2845557650131567,0,14.0,0,124.8,5,0,0
12816.0,1.0351608730154414,0,10.0,2,319.5,1,0,0
10594.0,1.0109188538545433,0,8.0,3,329.1,1,0,0
6678.0,0.6805643935864015,0,13.0,0,264.0,3,0,0
29126.0,1.5590835035059103,0,10.0,2,253.7,1,0,0
2302.0,0.5435569545416661,0,11.0,1,644.1,1,0,0
35249.0,0.8042860904299686,0,13.0,0,86.9,0,0,0
19842.0,0.8326383058681233,0,14.0,1,314.4,0,0,0
57264.0,0.7670471172254745,1,11.0,1,733.8,2,0,0
15220.0,0.9384800660433715,1,15.0,0,96.5,0,0,0
31962.0,0.7402197922311139,0,11.0,2,373.9,0,0,0
7154.0,0.872914721364614,0,17.0,1,657.1,2,0,0
5257.0,1.006901224209677,0,14.0,1,447.0,1,0,1
12280.0,0.8949380618847027,0,12.0,0,529.8,0,0,0
5081.0,1.2002198099282602,1,23.0,3,36.4,3,0,0
35861.0,5.11434642202646,0,21.0,3,83.7,7,1,1
103526.0,2.452331996462003,1,0.0,7,35.1,9,1,1
15036.0,0.7920614499794719,1,12.0,1,66.8,1,0,0
16479.0,1.492959481270915,1,10.0,0,421.2,2,0,1
7171.0,0.955530851330907,0,14.0,1,68.7,2,0,0
6843.0,0.7081803162113557,0,18.0,1,210.6,1,0,0
6134.0,0.5013937145624507,0,14.0,4,209.0,2,0,0
45454.0,4.070678058129343,1,4.0,3,25.2,7,0,1
20160.0,1.2775019585272411,0,12.0,1,18.9,2,0,0
29484.0,4.010809991774044,0,22.0,6,3.1,5,0,1
63444.0,6.1092109860637365,1,4.0,5,30.4,6,1,1
18452.0,0.7034462652325164,0,9.0,4,472.1,2,0,0
53142.0,1.033378345097803,0,16.0,0,1872.8,2,1,0
38853.0,0.9542044600982238,0,13.0,1,67.7,5,0,0
14773.0,0.9142478452459298,0,11.0,1,463.8,1,0,0
46801.0,0.9156170256907589,0,11.0,0,570.0,0,0,0
8537.0,1.0693901123887075,0,19.0,2,778.5,3,0,0
9922.0,1.569967893937394,0,9.0,2,23.5,2,0,0
23867.0,0.7251578991878271,0,14.0,1,490.7,3,0,0
9254.0,0.9851503547525122,1,17.0,2,650.6,2,0,0
7669.0,1.166983916795133,1,15.0,0,135.3,2,0,0
29133.0,0.5792178967384315,1,15.0,1,526.4,1,0,0
63479.0,4.311659471070233,0,1.0,5,110.0,4,0,0
22960.0,0.9587200874568962,0,15.0,0,22.5,2,1,0
14365.0,0.40999037033424257,1,14.0,0,107.3,2,0,0
1930.0,0.9314719511913444,0,10.0,1,636.5,2,0,0
9916.0,1.3092199642034505,0,21.0,1,450.0,3,0,0
9971.0,1.187593060070206,0,11.0,2,167.5,1,0,0
23156.0,0.8246749439545268,0,15.0,4,540.7,0,1,0
6146.0,0.60842259099129,0,20.0,3,192.4,2,0,0
87343.0,5.168636282622794,1,5.0,7,38.9,7,0,1
10743.0,0.9625919407434422,0,20.0,3,892.8,1,0,1
4539.0,0.6094972211676966,0,13.0,2,38.3,0,0,0
14074.0,1.2146086139491206,1,11.0,1,151.1,2,0,0
14851.0,1.110103421934949,1,4.0,0,679.9,1,0,0
18098.0,0.8468411467230432,0,14.0,1,690.6,1,0,0
13640.0,0.8897469211641428,0,19.0,0,1197.3,1,1,0
36147.0,1.3035125851595213,0,13.0,2,254.0,1,0,0
17551.0,1.2086924046820262,0,16.0,5,766.8,1,0,0
1159.0,1.4818274839164784,0,7.0,2,212.4,3,0,0
7815.0,1.588149920786143,0,15.0,2,326.0,3,0,0
16858.0,0.9697533131027287,0,21.0,2,606.2,3,0,0
2820.0,1.025022768207144,0,12.0,1,279.3,2,0,0
29967.0,5.961959668358141,1,22.0,5,7.7,6,1,1
18652.0,2.2762205011257532,1,2.0,6,12.0,8,1,1
1013.0,0.804917338950059,0,17.0,1,425.1,2,0,0
1463.0,0.5809939789822769,0,14.0,0,47.8,2,0,0
4228.0,1.1248800163119304,0,18.0,2,813.7,3,0,0
17183.0,2.0991324610393383,1,22.0,6,8.2,6,1,1
16534.0,0.8982228481529103,0,15.0,1,1111.8,1,0,0
10468.0,1.1778722067651064,0,11.0,0,136.0,2,0,0
7406.0,0.7260159666258172,0,17.0,3,252.7,3,0,0
14308.0,0.8935530909318531,0,12.0,1,507.7,3,0,1
16007.0,1.2796538232157946,0,21.0,2,304.5,2,0,0
8076.0,0.8603410527368324,0,13.0,1,201.4,1,0,0
7724.0,0.8295467336711431,0,16.0,2,298.0,4,0,0
13897.0,0.8674910056762403,0,11.0,0,354.4,1,0,0
7340.0,1.247538584777668,1,8.0,2,722.2,4,0,0
5629.0,1.0198482411659162,0,20.0,2,342.6,2,0,0
31702.0,1.0020767481753259,1,12.0,5,115.4,3,0,0
12890.0,0.9333400944225722,0,19.0,1,84.7,3,0,0
6999.0,0.9332303403168006,0,18.0,1,363.4,1,0,0
149715.0,6.345979602869517,1,0.0,8,3.3,6,1,1
17871.0,0.8003059453592446,0,17.0,2,529.3,2,0,0
9445.0,0.8360532003595125,0,15.0,0,184.5,3,0,0
30951.0,5.500771466168484,1,3.0,4,36.3,8,1,1
8514.0,1.240339540578332,0,22.0,0,71.3,0,0,0
4539.0,0.8387607675181582,0,13.0,3,851.5,1,0,0
20509.0,0.997373855594021,0,9.0,4,156.1,1,0,0
24038.0,0.6299489932398249,0,18.0,2,1157.6,1,0,0
4704.0,0.9296936919570031,0,19.0,0,194.5,0,0,0
36355.0,0.997660834957878,0,10.0,0,390.5,3,0,0
27614.0,0.8225728018887012,0,17.0,1,382.1,1,0,0
4987.0,0.9092462489079663,0,13.0,2,808.1,4,0,0
20158.0,1.0886721811182656,0,19.0,2,132.2,1,0,0
22906.0,5.216476676323817,1,0.0,5,21.9,11,1,1
50363.0,0.7523299119560403,1,16.0,0,11.8,5,0,0
14360.0,1.2097298885762098,0,13.0,1,721.3,6,0,0
8231.0,0.693174585956889,0,17.0,1,242.3,1,0,1
9208.0,0.8480498023487113,1,18.0,3,900.2,3,0,0
6083.0,1.3472867741398447,0,19.0,3,307.0,3,0,0
13897.0,0.4359827814284325,0,19.0,0,82.8,1,0,0
19307.0,0.9112680068535205,0,15.0,2,418.8,0,0,0
14737.0,0.9824933193465997,1,12.0,0,480.1,3,0,0
17111.0,1.4410602692252914,0,10.0,0,518.9,2,0,0
17456.0,0.8003307161955842,0,14.0,3,247.5,0,0,0
14273.0,1.3425537983802878,1,13.0,0,205.5,0,0,0
10813.0,0.6830051346276756,0,15.0,1,1798.8,1,0,0
9426.0,5.801113106771234,1,21.0,5,20.8,10,1,1
12976.0,1.1762612030049588,0,21.0,1,231.8,0,0,1
24147.0,1.133460254143734,0,10.0,0,1636.9,2,0,0
14071.0,1.187006201920625,0,10.0,1,216.9,3,0,0
18203.0,0.9760962877089221,1,20.0,3,636.8,1,0,1
100765.0,2.9030017970525983,1,23.0,8,5.4,8,1,1
22160.0,1.2369459146309607,0,3.0,1,468.3,2,0,0
1844.0,0.9813876256517007,0,15.0,1,104.6,3,0,1
3856.0,0.5008269888064003,0,13.0,2,706.2,1,0,0
14623.0,1.0425875649811787,1,12.0,3,895.0,1,0,0
16013.0,1.1709043791377336,0,9.0,2,232.9,3,0,0
26086.0,0.9245434555377035,0,17.0,3,111.0,3,0,0
58238.0,3.8171620072151264,1,5.0,5,9.3,9,1,1
39268.0,3.77721011853036,1,2.0,7,5.8,6,1,1
17279.0,1.029679938883262,0,17.0,2,501.6,4,0,0
40863.0,1.3985490906899538,1,20.0,2,35.7,1,0,0
21423.0,1.1512369055590916,0,17.0,0,1788.0,2,0,0
10482.0,0.9109086234448446,0,11.0,1,699.9,2,0,1
9339.0,1.4536885734872032,0,14.0,1,53.9,5,0,0
8489.0,0.8046004953360364,0,16.0,1,204.7,1,0,0
81067.0,2.215872685915211,1,2.0,3,24.3,11,0,1
13317.0,0.8624312922439445,0,16.0,1,115.6,2,0,0
28733.0,1.2965347587193192,0,6.0,2,61.2,0,0,0
16204.0,1.0372238695265237,0,9.0,0,203.5,0,0,0
7355.0,0.9556281154233585,1,8.0,0,545.5,0,0,0
13519.0,1.4471457546968391,0,17.0,3,307.2,3,0,0
6563.0,1.2970855512020298,0,14.0,2,364.0,1,0,0
42569.0,1.041344076598867,0,11.0,2,805.0,2,1,0
25253.0,1.0843088696310368,0,17.0,2,239.6,3,0,0
3366.0,1.1976823346473358,0,12.0,1,211.2,3,0,0
2968.0,0.9369030180735082,0,19.0,0,1541.0,4,0,0
8420.0,0.9900861801170951,0,16.0,1,51.6,4,1,0
8130.0,0.9794985048429943,0,17.0,0,985.7,5,0,0
49429.0,0.4860727678056289,0,23.0,1,78.4,3,0,0
27193.0,1.2412627711535011,0,18.0,0,79.4,2,0,0
49402.0,1.5675483194105628,0,21.0,1,547.8,0,0,0
29892.0,0.8872287740426849,0,10.0,0,190.6,1,0,0
3176.0,0.9351470753810558,0,15.0,1,119.0,1,0,0
28357.0,0.7884100331416052,0,17.0,1,214.2,2,0,0
6679.0,1.6264475787140231,0,8.0,2,1156.9,3,0,0
25061.0,0.8748735849490102,0,19.0,1,51.3,4,0,0
28475.0,0.8511930824163827,0,9.0,4,512.5,3,0,0
6901.0,0.4044776444360092,0,7.0,1,194.4,0,0,0
7154.0,0.9990680005035756,0,19.0,1,742.2,2,0,0
5825.0,0.8435120944310056,0,18.0,2,581.1,1,0,0
5467.0,0.7198808754137385,0,17.0,0,35.5,2,0,0
2593.0,0.8207947060865097,0,8.0,3,14.6,0,0,0
43298.0,1.007610980919258,0,16.0,1,194.7,0,0,0
20974.0,1.301696276808579,0,10.0,1,21.2,4,0,0
30974.0,1.0343780765319963,1,12.0,1,364.2,1,0,1
47264.0,1.3279680543572032,0,9.0,2,170.9,5,0,0
15226.0,1.1205414370624145,0,11.0,4,87.0,1,0,1
25386.0,1.034231271255502,1,17.0,0,24.3,3,0,0
3246.0,0.8970967344720383,1,14.0,3,470.0,5,0,0
15452.0,0.5897396763910792,0,19.0,1,660.1,4,0,0
21813.0,0.7945724684590101,0,18.0,4,563.4,2,0,0
4210.0,0.5628997669341691,0,9.0,2,175.4,1,0,0
20219.0,4.414415588847812,1,21.0,8,5.5,5,1,1
9280.0,0.9603058765483199,0,10.0,1,22.6,1,1,0
1679.0,1.185020963395617,0,21.0,0,334.5,2,0,0
19270.0,1.1150689280401784,0,16.0,1,99.6,1,0,0
40189.0,5.327406365583253,1,3.0,9,0.4,7,0,1
23470.0,0.7755340178267154,0,17.0,1,360.3,3,0,0
17996.0,1.1235689173207692,0,20.0,1,205.0,3,0,0
4136.0,0.9505340740650834,0,16.0,0,303.6,2,0,0
7622.0,1.035238093109351,0,16.0,1,60.7,3,0,0
14902.0,1.0971315763115412,1,6.0,1,209.0,2,0,0
24859.0,0.7048785442686918,0,18.0,0,334.5,1,0,0
19293.0,0.997714308731629,0,13.0,3,209.3,0,0,0
5578.0,1.177811729640786,0,13.0,1,104.4,2,0,0
17910.0,1.0985314664724675,0,15.0,2,727.8,3,0,0
106452.0,3.745820204754895,1,0.0,4,11.2,8,1,1
1352.0,1.2514878226435455,0,14.0,1,643.5,3,0,0
9545.0,0.7639212164981368,1,11.0,1,3.1,4,0,0
3247.0,0.8659892952619432,0,21.0,6,249.7,4,0,0
22136.0,0.6783635742691645,0,10.0,1,386.0,2,0,0
4973.0,0.6999845721785515,0,9.0,2,47.6,1,0,0
11274.0,1.2887699930496386,0,12.0,1,105.0,0,0,0
14967.0,6.752302922839792,1,22.0,4,29.2,5,0,1
7006.0,1.0249931943730926,0,12.0,2,550.6,3,0,0
10785.0,0.8624323922445669,0,19.0,4,16.7,4,0,0
24510.0,0.8436059086538015,0,12.0,1,519.6,1,0,0
16728.0,0.8917036616191425,0,9.0,0,113.9,0,0,0
9635.0,1.0003699977967118,0,14.0,0,47.4,3,0,0
21872.0,1.4459642094751866,0,16.0,1,296.7,2,0,0
22784.0,4.448484154128872,1,21.0,3,27.9,6,0,1
14114.0,0.9419954947218042,0,14.0,3,284.3,1,0,0
9094.0,0.5612748771235995,0,14.0,3,3.3,0,0,0
20132.0,0.7361549309785724,0,11.0,0,928.3,2,0,0
20662.0,0.8732879862911685,0,16.0,3,1.0,5,0,0
11138.0,0.8417007840596045,0,17.0,3,92.0,2,0,0
12304.0,1.519008358490898,0,16.0,1,764.6,1,0,0
34349.0,1.245913398802723,0,17.0,0,5.0,2,0,0
25532.0,1.074142694993493,0,11.0,1,272.4,2,0,0
4896.0,1.1549267922010928,0,12.0,0,100.3,1,0,0
54805.0,0.6576882640277295,1,12.0,2,315.4,0,0,0
12248.0,0.9340990767148465,0,5.0,2,719.5,2,0,0
8700.0,1.4739888249620767,0,8.0,3,1739.3,2,0,0
8748.0,0.8872422966135509,1,11.0,2,991.7,2,0,0
13711.0,0.7623677973199516,0,16.0,1,165.7,3,1,0
4163.0,0.751812468860941,0,17.0,1,296.5,0,0,0
17221.0,0.7494417159956894,0,14.0,2,104.0,2,0,0
7625.0,0.8780939577609109,0,10.0,2,802.2,1,0,0
17722.0,1.015738233804005,0,16.0,3,1052.7,0,0,0
2635.0,0.5278238427111428,0,8.0,2,641.7,1,0,0
40056.0,5.418368848327252,1,0.0,6,17.7,4,1,1
22038.0,1.1297123190657894,0,10.0,2,954.3,1,0,0
22678.0,0.8917576485728145,0,17.0,1,175.8,5,0,0
7341.0,0.7321265130593378,0,16.0,1,499.2,2,0,0
33649.0,1.1662021565742022,0,18.0,3,99.6,1,0,0
3048.0,1.1586812972948053,0,17.0,1,394.1,0,0,0
75625.0,4.055953636663542,1,5.0,6,0.3,6,1,1
48199.0,3.5092598521919816,1,4.0,4,16.1,5,0,1
53533.0,6.889277097223247,1,0.0,8,12.4,7,0,1
34505.0,1.0580997406035528,0,10.0,1,210.9,3,0,0
3421.0,1.273245617776497,0,13.0,3,461.0,3,0,0
24396.0,0.8332468705757843,0,16.0,1,795.4,3,0,0
172465.0,3.7088347784219167,1,3.0,7,20.8,6,0,1
57653.0,2.451995426905711,1,23.0,6,30.2,8,0,1
11484.0,1.1805562887308403,0,15.0,1,135.4,3,0,0
11898.0,1.2680435419474856,0,14.0,3,540.4,1,0,0
43349.0,4.326385849457456,1,21.0,5,14.0,3,1,0
12082.0,0.7688168250722529,0,12.0,1,81.6,3,0,0
20740.0,0.7593967877277663,1,10.0,2,14.0,2,0,0
23330.0,5.359687624694301,1,22.0,6,9.3,6,1,1
25902.0,0.9963525223929713,0,10.0,0,472.6,3,0,0
20015.0,1.0073813967455099,0,17.0,2,145.4,4,0,0
18076.0,1.1093606555153117,0,13.0,0,179.3,2,0,0
6017.0,5.7117588507487165,1,22.0,6,4.9,11,1,1
23977.0,1.0811581656232716,0,15.0,1,618.8,3,1,0
10743.0,1.0276119342863197,0,7.0,0,489.7,2,0,0
32723.0,1.1265011658138495,0,15.0,2,470.9,1,0,0
306.0,0.35454006504693136,0,13.0,2,366.2,0,0,0
8168.0,0.841472507985544,1,15.0,3,848.9,0,0,0
5663.0,0.8519247967674708,0,18.0,2,553.1,5,0,0
10292.0,0.5500639170586509,0,23.0,2,278.8,3,0,0
12433.0,0.71522313398268,0,10.0,2,193.4,2,0,0
9962.0,0.8676202408580487,0,14.0,2,253.9,1,0,0
9716.0,0.6930331310326449,0,23.0,2,362.5,3,0,0
5704.0,0.8829013341429397,0,13.0,2,418.9,1,0,0
21928.0,0.9485426613798059,0,12.0,0,416.9,0,0,0
4376.0,0.758990018837293,1,9.0,1,437.0,4,0,0
11867.0,1.218770887864669,0,12.0,2,367.7,3,0,0
67389.0,5.467961163261189,1,2.0,7,8.2,6,1,1
31259.0,1.0947455646425173,0,16.0,2,56.9,2,0,0
11188.0,0.6972248524350171,0,9.0,1,203.9,1,0,0
26342.0,0.769275645911571,1,10.0,2,241.9,0,0,0
20982.0,1.209346522105203,1,19.0,3,429.9,3,1,0
1313.0,1.1022775497825101,0,9.0,1,196.2,5,0,0
12077.0,1.2473171583550737,0,16.0,0,13.8,2,0,0
3380.0,1.215734151496283,0,17.0,3,66.6,5,1,0
18514.0,1.304335320351798,1,12.0,3,158.8,1,0,0
11779.0,1.1200608335391804,0,18.0,2,99.7,2,0,0
3967.0,0.7194784715256011,0,10.0,0,794.0,2,0,0
41849.0,1.1281362760250337,0,8.0,3,535.7,3,0,0
36070.0,4.140121832105364,0,3.0,3,6.6,8,0,1
12790.0,0.9814489523759866,0,16.0,1,929.6,0,1,0
11699.0,1.0976705937556226,0,5.0,0,165.5,1,1,0
12877.0,0.8414615149759765,0,7.0,2,20.3,1,0,0
20956.0,5.4910966258808305,0,5.0,8,23.9,8,1,1
14083.0,0.8709986090906302,0,9.0,1,68.6,2,0,0
14337.0,0.8865236820154158,0,11.0,1,41.3,0,0,0
5194.0,2.487245856612573,1,3.0,9,32.3,7,1,1
36516.0,5.223669647650321,1,3.0,9,7.1,9,1,1
15640.0,0.9990852026244172,1,14.0,3,657.8,4,0,0
9508.0,0.4760422609267846,0,21.0,1,189.8,3,0,0
13193.0,0.9728394564887125,0,11.0,2,1085.4,2,0,0
28585.0,0.9477833085318474,0,18.0,3,105.5,0,0,0
122964.0,4.74409806465776,1,1.0,9,12.0,6,0,1
19929.0,1.1999973634086043,0,19.0,2,212.7,1,0,0
1160.0,0.6032015496531574,0,9.0,2,639.9,0,0,0
815.0,1.0349125116201232,0,13.0,0,686.5,4,0,0
3280.0,0.9302435616279152,0,13.0,3,592.6,1,0,0
10776.0,1.068039507456358,0,19.0,2,557.5,1,0,0
7703.0,0.21654029603011304,0,12.0,2,398.3,4,0,0
22820.0,0.9325507653487812,0,10.0,3,35.3,2,0,0
34983.0,0.7535881656441773,0,11.0,3,1153.4,2,0,0
7840.0,1.2385644786867145,1,12.0,0,63.0,2,0,0
17543.0,5.1947658823427325,1,2.0,4,4.6,3,0,1
16103.0,1.0152102626258572,0,13.0,3,10.4,4,0,0
45236.0,2.75519807282749,1,2.0,9,0.6,6,1,1
24080.0,5.031327919479081,1,4.0,3,51.0,5,1,1
10917.0,0.7911792671848545,1,14.0,1,551.9,3,0,0
18078.0,0.5345292299655877,0,9.0,1,2187.7,2,0,0
13248.0,0.9417181205342339,0,13.0,1,133.9,2,0,0
926.0,1.2234870804514966,0,18.0,0,18.9,3,0,0
16676.0,0.9730048295804219,0,13.0,0,200.7,0,0,1
38586.0,0.7068225612840313,1,14.0,1,44.4,4,0,0
11224.0,0.9651663787050652,0,12.0,0,8.0,2,0,0
10897.0,1.087420981229199,0,14.0,1,400.7,1,0,0
5583.0,1.079116476760153,0,15.0,2,140.5,1,0,0
6999.0,1.1580774505229217,1,9.0,0,327.2,1,0,0
26945.0,0.7027383088457031,0,13.0,1,58.6,4,0,0
12014.0,1.1056293840744813,0,16.0,2,465.7,3,0,0
98201.0,4.139090351351811,1,5.0,3,0.6,8,0,1
6463.0,0.7516013038886046,0,9.0,3,107.8,2,0,0
21312.0,1.0404547474538,0,11.0,2,44.0,4,0,0
20580.0,1.075529331283905,0,10.0,1,183.1,1,0,0
7296.0,0.9427297969885129,0,14.0,1,3063.9,2,0,0
23352.0,0.8386715492642309,0,13.0,1,108.6,2,0,0
1162.0,1.0183737870358647,0,16.0,1,1065.9,0,0,0
11641.0,1.2471331045591512,0,14.0,0,505.6,2,0,0
3737.0,0.6591363852967709,0,14.0,4,33.9,3,0,0
24118.0,1.0015809974541763,0,13.0,2,576.6,5,0,0
8813.0,0.910093260054097,0,8.0,1,3.1,2,0,0
16899.0,1.2781329625906148,0,13.0,2,637.6,0,0,0
5529.0,1.1825167943513002,0,20.0,1,1047.5,2,0,0
181461.0,4.848397315625448,1,21.0,6,29.4,4,0,1
47720.0,4.095929292093195,0,3.0,6,37.6,5,0,1
6715.0,1.0792521904111763,0,17.0,1,109.8,10,0,0
15857.0,1.329110652510995,0,7.0,2,353.5,5,0,0
25633.0,0.8637443300208077,0,10.0,0,57.0,2,0,0
14929.0,0.807706631518756,0,16.0,1,605.3,2,1,0
17892.0,1.0517492552224172,0,9.0,1,38.0,4,0,0
755.0,0.5712084992928448,0,6.0,1,645.6,2,0,0
81996.0,5.337993424534593,1,1.0,9,39.0,8,1,1
6389.0,0.7818824893351353,0,15.0,0,86.7,2,1,0
10959.0,0.9611241326850476,0,8.0,0,672.2,1,0,0
10762.0,0.9702290405997019,0,16.0,4,129.2,3,0,0
44274.0,1.4486784228536471,0,9.0,4,30.1,1,0,0
4928.0,1.4677256988618053,0,8.0,2,469.7,1,0,0
68908.0,0.7392659151755165,1,12.0,1,882.6,2,0,0
24619.0,5.847046506451664,1,21.0,7,33.9,12,1,1
27645.0,1.4645444042345526,0,9.0,2,25.3,1,0,0
46367.0,1.0207527320684393,0,13.0,1,207.3,2,0,0
37634.0,3.0165168557328794,1,0.0,7,22.3,8,1,1
10830.0,1.341496958867061,0,14.0,3,403.6,1,0,0
6614.0,1.0696601306770464,0,13.0,0,476.3,2,0,0
15820.0,0.6656703717417869,0,18.0,1,1277.7,2,0,0
49037.0,0.8956298340568087,0,14.0,1,9.9,0,0,0
5429.0,1.5216241458683117,1,12.0,1,107.2,1,0,0
22212.0,1.2139103445970527,0,9.0,1,1057.3,1,0,0
6001.0,1.159066222857919,0,13.0,3,40.5,0,0,0
16780.0,1.1771403962093334,0,13.0,0,46.9,3,0,0
3715.0,1.1317952026929934,0,17.0,3,440.9,4,0,0
21722.0,6.754885526044003,1,3.0,4,22.9,5,0,1
10532.0,0.5249911500055207,1,9.0,0,591.2,2,0,0
13083.0,1.111322152599745,0,20.0,2,804.8,1,0,1
11786.0,1.5424303394588148,0,20.0,0,284.8,0,0,0
64782.0,4.906372148875044,0,0.0,6,22.4,14,1,1
23196.0,1.2764171970810465,0,10.0,2,86.5,2,0,0
14100.0,1.5857208895190156,0,9.0,1,518.0,3,0,0
10288.0,6.113636595674649,1,21.0,6,24.2,9,0,1
8555.0,1.3489452396718016,0,6.0,1,171.4,1,0,0
11690.0,0.6037162730194265,0,7.0,1,201.6,3,0,0
14074.0,1.0113267058711857,0,14.0,2,589.6,0,0,0
17325.0,1.22227185796908,1,15.0,0,756.9,4,0,0
15067.0,3.2406419917975047,1,2.0,4,3.5,5,0,1
9029.0,4.396476583585497,1,1.0,9,33.9,11,1,1
69471.0,3.3611456989949517,1,3.0,8,14.0,7,1,0
17895.0,1.080500805884633,0,9.0,1,76.0,2,0,0
3791.0,0.9347045262097444,0,12.0,1,805.1,4,0,0
1572.0,1.2882473263355974,0,17.0,2,14.6,3,0,0
78014.0,2.9791997214544375,1,5.0,6,64.0,12,1,1
15667.0,1.3949169567233026,0,13.0,4,539.2,1,0,0
31716.0,0.716688303578731,1,12.0,1,23.8,2,0,0
7845.0,0.6769400491395512,0,19.0,1,660.1,0,0,1
11412.0,1.1285850125515873,0,11.0,0,247.5,3,0,0
14932.0,0.721302357074469,0,14.0,5,92.6,3,0,0
15345.0,0.5619740135925714,0,13.0,2,46.7,1,0,0
11266.0,0.6417272482990843,0,11.0,3,43.9,4,0,0
19948.0,1.012588882584576,1,22.0,2,72.5,2,0,0
6580.0,1.1273073845790553,0,9.0,1,1339.4,1,0,0
8610.0,0.6763694545523711,0,11.0,1,35.3,2,0,0
5443.0,0.8891215805063394,0,15.0,0,302.5,2,0,0
11035.0,0.7960174646853175,0,10.0,0,82.4,2,0,0
8868.0,1.3167310164091688,0,13.0,3,733.6,2,0,0
56585.0,3.8701561195205847,1,21.0,7,56.8,7,1,1
4349.0,1.2082649869025104,0,12.0,2,1166.9,7,0,0
7547.0,1.1436107617158378,0,15.0,1,360.9,1,1,0
23354.0,1.1800182933023566,0,17.0,3,956.5,3,0,0
15354.0,1.3546588280159884,0,11.0,4,1349.0,0,0,0
39379.0,0.9134953290764896,0,14.0,1,1560.8,2,0,0
11572.0,0.9176627351908463,0,17.0,2,164.8,2,0,0
26243.0,0.8436626458598228,0,10.0,2,191.0,1,0,0
9209.0,1.3038969001298013,0,15.0,0,347.0,1,0,0
27301.0,1.0663598201927145,0,13.0,0,73.9,1,0,0
26167.0,1.385322617954042,0,14.0,3,107.4,3,0,0
51405.0,6.77288633026345,1,23.0,8,6.9,6,0,1
7017.0,0.9824460086816419,1,11.0,1,2.9,2,0,0
14091.0,1.0483488710904114,0,11.0,2,1264.0,3,0,0
17134.0,0.5795735134426013,0,16.0,1,412.3,2,0,1
80736.0,4.062536059764651,1,21.0,6,2.6,10,0,1
21719.0,0.7755490637420062,0,12.0,0,1408.5,4,0,0
30153.0,0.9385780180644769,1,16.0,1,331.4,4,0,0
2805.0,0.9711399200298967,0,12.0,0,17.1,1,0,0
21540.0,0.9160737153251216,0,18.0,0,1927.8,3,0,0
9271.0,0.8312880924596047,0,10.0,3,89.3,3,0,0
4095.0,1.0939281634782942,1,15.0,1,729.2,0,0,0
14069.0,0.9255791286149448,0,18.0,1,783.9,1,0,0
17338.0,1.3836335235233412,0,10.0,3,63.6,3,0,0
15606.0,1.0987340532073622,0,12.0,0,367.1,4,0,0
15249.0,0.9975472945486414,0,5.0,2,468.2,0,0,0
1828.0,0.9799545072292808,0,13.0,0,983.6,1,1,0
31163.0,5.519712148392832,1,1.0,6,15.5,6,1,1
10431.0,0.9511406799889406,0,11.0,3,371.3,4,0,0
16958.0,0.8650760582835599,0,15.0,3,192.5,3,0,0
6354.0,1.0482778297020525,1,15.0,1,190.5,4,0,0
31870.0,0.9978198311967419,1,15.0,3,5.3,2,0,0
1094.0,0.5172299867622938,0,16.0,1,154.0,1,0,0
2129.0,1.042769965525441,0,15.0,2,93.6,2,1,0
12825.0,0.7378406626436463,0,9.0,0,140.7,0,0,0
9323.0,0.9754663056966144,0,11.0,0,491.1,2,1,1
69336.0,0.1,0,3.0,9,77.9,7,0,0
23134.0,1.4027984838590553,0,16.0,2,55.0,2,0,0
18728.0,0.8979382728776585,0,10.0,2,6.2,4,0,0
10560.0,1.1306137153023752,0,14.0,0,35.9,0,0,0
15549.0,0.7427695938794894,0,17.0,1,292.5,1,0,0
18319.0,1.0521870919534777,0,11.0,2,862.8,2,0,0
18739.0,1.1713598254404234,0,14.0,1,613.5,3,0,0
12781.0,0.7876657094621027,1,13.0,4,508.9,2,0,0
17680.0,1.3390109078712418,1,17.0,1,534.8,3,0,0
141324.0,3.10046550186148,1,1.0,5,0.5,10,0,1
10818.0,0.7839852562666374,1,7.0,4,185.5,3,0,0
15315.0,0.9669483905251213,0,9.0,1,41.4,1,0,1
24078.0,0.9842858439089316,0,17.0,1,466.3,2,0,0
5534.0,0.6792735995536334,0,9.0,1,13.2,2,0,0
19053.0,0.99134850011735,0,15.0,2,119.4,1,0,0
13603.0,1.2201379333491327,0,13.0,2,118.8,1,0,0
14390.0,1.5566017247432806,0,14.0,0,958.0,2,1,0
3701.0,1.0848823490562227,0,19.0,1,409.1,4,0,0
17257.0,0.6965959081401896,0,13.0,1,51.1,3,0,0
12740.0,1.2907638092882738,0,14.0,1,191.8,1,0,0
18499.0,0.4463259361788119,0,9.0,1,0.1,1,0,0
15236.0,1.2379141414312165,0,7.0,0,102.8,2,0,0
5633.0,0.6949465811413703,0,13.0,1,341.5,2,1,0
11000.0,1.1481383591368464,0,15.0,0,828.4,3,0,0
13437.0,0.9123147399140377,0,6.0,0,178.1,1,0,0
18389.0,0.8740353011289217,0,10.0,3,274.3,0,0,0
9656.0,1.232069486321106,0,4.0,3,301.3,3,0,0
12127.0,0.8455574681174567,0,17.0,3,17.5,2,0,0
8591.0,1.2549860619658588,1,4.0,1,361.4,4,0,0
140901.0,5.2232099665413045,0,1.0,3,55.7,9,1,1
13630.0,1.3124155089149687,1,16.0,1,217.3,2,0,0
3536.0,1.373754061809343,0,16.0,1,390.5,0,1,0
26236.0,0.8203805924597867,0,7.0,1,82.5,5,0,0
8171.0,6.075465744435858,1,0.0,5,11.5,3,0,1
5256.0,0.7189740996953078,0,16.0,2,611.4,0,0,0
10588.0,1.0845271261780045,0,10.0,0,1057.2,1,0,0
21408.0,0.9784431032224453,0,19.0,1,2.6,3,0,0
20014.0,1.2984308747442754,0,12.0,3,50.9,2,0,0
3571.0,1.2909235891565047,0,15.0,0,213.2,4,0,0
17553.0,1.2358075680150944,1,12.0,2,1245.6,0,0,0
11039.0,0.6087786186370647,0,4.0,1,71.7,3,0,0
5507.0,0.8957146003461856,0,14.0,0,304.5,2,0,0
7361.0,1.2550505103640213,0,19.0,0,1495.0,4,0,0
10103.0,1.4716758476094007,0,14.0,0,20.4,1,0,0
14301.0,1.0088755413683261,0,13.0,2,216.3,0,0,0
7399.0,1.003262314333355,0,20.0,5,185.7,1,0,0
10325.0,1.2000891176405024,0,15.0,6,48.3,2,0,0
17218.0,1.3478082090996837,0,5.0,1,408.3,1,0,0
19776.0,0.6332593435616467,0,19.0,2,184.9,0,0,0
24922.0,0.6467682758349833,0,16.0,2,94.0,0,0,0
15000.0,0.6091115177963342,0,14.0,1,438.7,0,0,0
52713.0,8.280892166810721,1,21.0,3,64.7,9,1,1
22088.0,1.1956814167197924,0,10.0,0,350.8,1,0,0
28877.0,1.1102597758283852,0,10.0,4,1027.5,3,0,0
21898.0,0.970600514572423,0,17.0,0,1066.4,3,0,0
10821.0,0.9746643175412397,1,18.0,1,170.5,1,0,0
13327.0,0.7655773151832808,0,18.0,0,72.8,2,0,0
18196.0,1.5455276629883534,0,15.0,1,133.9,1,0,0
7236.0,1.248742298540117,0,22.0,1,4.6,2,0,0
19825.0,0.8570465858576815,0,19.0,2,1690.0,0,0,0
3919.0,0.961874493446233,0,11.0,2,35.4,2,0,0
9263.0,0.8472824061589157,0,11.0,0,50.1,4,0,0
11278.0,0.7397442192362161,0,10.0,1,733.1,2,0,0
128114.0,2.680245636193635,1,0.0,7,34.6,5,0,1
11490.0,0.9321019275505539,0,15.0,0,649.7,3,0,0
22982.0,0.4583162392190959,1,16.0,1,487.0,3,0,0
3255.0,1.154268808779004,0,17.0,3,69.0,1,0,1
31811.0,3.6496871289374333,1,5.0,5,1.0,4,1,1
5853.0,4.062969977890454,1,4.0,7,0.8,14,1,1
21304.0,1.1166472042505398,0,13.0,1,234.2,0,0,0
14204.0,1.1328039974602495,0,16.0,1,175.8,0,0,0
22205.0,0.990747344877981,0,13.0,1,246.3,1,0,0
39412.0,4.427752330197234,1,0.0,3,28.7,4,0,1
32150.0,1.3370194583468393,1,19.0,1,1399.2,4,0,0
9151.0,1.1637667154436546,1,14.0,4,903.4,0,0,0
40181.0,0.9465561098637945,0,16.0,2,409.8,1,0,0
2475.0,1.0385862816166402,0,13.0,2,822.4,2,0,0
19180.0,1.4241981138636595,1,22.0,8,27.3,5,1,1
10027.0,1.2114513309362689,0,14.0,0,926.3,2,0,0
87630.0,1.6601033160191698,1,2.0,6,4.6,6,1,1
26902.0,6.408041130177679,1,5.0,9,4.7,7,1,1
14404.0,0.9613699293280727,0,16.0,3,37.0,2,0,0
12601.0,0.8029758666802744,1,6.0,0,195.3,2,0,0
7401.0,0.7517919930486,1,10.0,2,15.1,0,0,0
6222.0,5.545409585227878,1,1.0,2,1.9,8,0,1
37322.0,0.7709718849188465,0,16.0,1,330.2,1,0,0
8319.0,0.824229856014981,1,15.0,1,208.5,2,0,0
61245.0,6.60168221187661,1,22.0,9,2.2,3,1,1
15438.0,4.260575093668291,1,22.0,8,2.9,8,1,1
11638.0,1.211148929908773,1,7.0,1,112.8,1,0,0
12916.0,4.639251312635784,1,22.0,9,11.8,2,0,1
15557.0,1.299315955332411,1,6.0,1,685.9,3,0,0
9228.0,1.0176179041221198,1,16.0,3,17.4,7,0,0
6561.0,1.0856424629260524,0,14.0,0,2354.6,1,0,0
8309.0,1.0620095504753313,0,10.0,1,219.2,0,0,0
23641.0,0.8429707097684027,0,12.0,1,1046.2,1,0,0
13082.0,0.9810959113049771,0,14.0,5,83.1,2,0,0
15418.0,1.4492050168776616,0,15.0,2,5.3,2,0,0
25746.0,5.821967074258303,1,1.0,4,27.7,3,0,1
11419.0,0.6391989237284879,0,15.0,0,59.6,1,0,0
16763.0,0.5470791158971482,0,15.0,2,385.5,0,0,0
18674.0,1.4404440951425566,0,12.0,3,62.5,3,0,0
5828.0,0.5142198243009045,0,8.0,0,277.7,5,0,1
14110.0,0.6731601034611879,0,23.0,0,423.1,1,0,0
16652.0,1.10420942310519,0,15.0,0,217.3,2,0,0
14597.0,0.9453417458883012,0,18.0,2,375.3,4,0,0
35001.0,1.0228524432903707,1,14.0,1,8.4,2,0,0
9556.0,1.0448733401019341,0,14.0,0,205.7,2,0,0
23651.0,0.9463723808374664,0,8.0,0,330.4,3,0,0
14625.0,0.9782137846247531,0,10.0,2,93.1,1,0,0
23078.0,0.9491190924357139,0,6.0,0,232.5,3,0,0
8214.0,1.0023354772899267,0,10.0,2,1285.8,5,0,0
81061.0,4.751103909548061,1,21.0,7,7.6,5,0,1
3341.0,6.351872842598756,1,0.0,2,4.0,7,1,1
35086.0,1.2557281705063894,0,13.0,3,259.8,0,0,0
41862.0,0.853405725442699,0,16.0,2,643.3,1,0,0
7815.0,1.1036248045239472,0,15.0,0,669.6,4,0,0
25801.0,1.0474967700067856,0,19.0,3,308.4,0,0,0
23105.0,1.3706131405630138,0,16.0,0,67.6,0,0,0
44518.0,6.886014339704905,1,0.0,9,4.1,6,1,1
11083.0,1.0586645164087316,0,11.0,1,910.7,2,1,0
26591.0,0.5881532967297556,0,17.0,1,510.1,1,0,0
801.0,1.4803538317413636,0,13.0,4,856.9,5,0,0
42362.0,2.617234660808775,1,5.0,10,3.7,7,1,1
26379.0,0.9467078687674237,1,14.0,1,379.9,3,0,0
38189.0,1.289836927498583,0,13.0,1,167.8,1,0,0
65191.0,5.183646098260896,1,21.0,6,5.8,5,1,1
8245.0,1.1587612413579709,0,9.0,1,971.8,2,0,0
6054.0,0.7483946154245553,0,14.0,1,224.9,3,0,0
6327.0,0.6358544712482037,0,5.0,1,68.1,3,0,0
18398.0,0.9742193185881489,0,10.0,0,584.7,2,0,0
43064.0,0.9923168017222815,0,19.0,0,592.5,0,0,0
10996.0,1.0379940834618517,1,13.0,2,11.2,2,0,0
17498.0,1.035133138668198,0,10.0,2,167.7,0,0,1
7958.0,0.9177544270619993,0,15.0,1,10.2,0,0,0
25816.0,0.9898566567906102,0,16.0,0,307.4,3,0,0
6639.0,1.07865927264328,0,17.0,3,59.1,1,0,0
7939.0,4.410187695652146,1,2.0,4,0.1,4,1,0
28757.0,0.9946493917255257,0,11.0,1,488.0,1,0,0
16567.0,0.8029008184547034,0,12.0,0,459.2,2,0,0
17806.0,0.7672040122754868,0,7.0,2,392.4,0,0,0
14687.0,0.9519955601648544,0,9.0,1,213.6,2,0,0
25038.0,0.7160095189727356,0,20.0,0,367.3,2,0,0
11436.0,7.746335592117182,0,0.0,7,7.6,6,0,1
8468.0,0.9448859454297251,1,13.0,3,199.0,1,0,0
2682.0,1.6479867619345216,0,7.0,1,34.6,0,0,0
10198.0,1.0173474086533834,0,16.0,0,20.6,2,0,0
6994.0,1.110771202829863,0,13.0,2,327.5,1,0,0
7801.0,0.830030183756296,0,23.0,1,0.6,2,0,0
3074.0,1.1639387392045224,1,14.0,1,322.9,2,0,1
27011.0,1.0366934881907133,0,22.0,2,193.8,1,0,0
8702.0,1.0969685327909364,0,11.0,0,140.2,1,0,0
14740.0,0.9999707377185784,0,17.0,0,113.9,4,0,0
22042.0,0.7720801781632827,0,10.0,4,1837.4,4,0,1
62494.0,5.05595726139173,0,1.0,11,66.8,12,0,1
3181.0,1.3204606205089315,0,12.0,0,469.1,1,0,0
1784.0,0.8343824753469744,0,16.0,5,538.4,1,0,1
14241.0,0.961225062025282,0,19.0,3,26.0,2,0,0
14419.0,1.0157888420107986,0,17.0,5,86.6,2,0,0
1070.0,0.3598145108741059,1,20.0,3,386.6,1,0,0
7602.0,1.172179603403102,0,14.0,0,116.9,4,0,0
4148.0,1.308107177419694,0,8.0,3,484.5,4,0,0
17272.0,1.4986923772825775,0,18.0,1,282.7,4,0,0
25066.0,0.8502802898394228,0,18.0,2,197.3,0,0,0
13507.0,1.318816134655156,0,1.0,1,18.2,1,0,0
6531.0,0.8073202967465118,1,17.0,3,659.1,4,0,0
21391.0,1.0800695476747553,0,14.0,1,104.0,0,0,0
8947.0,0.843165644720637,0,12.0,0,315.5,1,0,0
14483.0,1.2928117663062653,0,10.0,6,48.4,2,0,0
43998.0,1.0058709166705688,0,10.0,1,268.3,3,0,0
16824.0,0.613175842618287,0,12.0,0,237.4,2,0,0
37974.0,0.8923436624538018,0,21.0,1,216.9,3,0,1
27526.0,0.8781460555907161,0,9.0,2,56.5,1,0,0
11287.0,1.2109880747927928,0,9.0,0,3.2,2,0,0
22748.0,1.0133364465747876,0,16.0,1,919.2,2,0,0
8346.0,1.4241599195355585,0,17.0,2,484.0,1,0,0
12018.0,0.9990973481280846,0,14.0,3,909.0,6,0,0
9332.0,1.0385687010494242,0,14.0,2,624.0,2,0,0
9138.0,1.5430867131159032,0,10.0,1,121.2,2,0,0
36545.0,0.7907835606788393,0,11.0,0,136.0,2,0,0
13012.0,0.9725651006289917,1,16.0,2,477.2,3,0,0
55421.0,4.24743281620832,1,3.0,4,149.8,7,0,1
3998.0,1.229631549924528,0,10.0,0,286.8,4,0,0
12847.0,0.909160817355891,0,18.0,0,552.3,2,0,1
31792.0,0.9990700837280265,0,9.0,2,437.1,3,0,0
40129.0,0.9917383267604089,0,13.0,0,412.0,2,0,0
5472.0,1.163232311694442,0,13.0,2,26.1,2,0,0
15253.0,1.0443792736017725,0,18.0,2,317.7,0,0,0
4445.0,0.7262109800217923,0,9.0,0,146.3,0,0,0
16237.0,1.4647831396152355,0,19.0,3,28.8,5,0,0
25126.0,7.759960384119614,1,21.0,6,15.9,7,1,1
25741.0,1.028084434056627,0,8.0,0,97.9,4,0,1
13247.0,1.3381660236638548,1,14.0,0,221.6,4,0,0
11043.0,1.0869165973869317,0,10.0,2,374.4,1,0,0
32145.0,1.707454271064587,1,23.0,3,11.8,7,1,1
23454.0,4.369973624904957,1,0.0,5,21.6,5,0,1
16933.0,1.622609967469999,0,19.0,3,118.5,4,0,0
10020.0,0.8307145452174576,1,11.0,2,169.8,4,0,1
19650.0,1.1841991790090929,0,14.0,0,331.2,3,0,0
28159.0,0.8891259119734326,0,18.0,2,131.3,1,0,0
16449.0,0.6067209849847107,0,21.0,1,22.6,3,0,0
47019.0,1.0247103637649124,0,11.0,0,879.4,3,0,0
5826.0,1.4381549811348573,0,12.0,3,221.6,1,0,0
6763.0,0.8457039708120467,0,12.0,1,43.8,2,0,0
10868.0,0.6286610514803697,0,11.0,1,766.4,0,0,0
5913.0,0.8052990428810523,0,11.0,2,141.4,3,0,1
17884.0,1.0313284603721926,0,16.0,2,1968.8,1,0,0
4835.0,0.8676640759066735,0,20.0,1,629.5,1,0,0
23620.0,0.9824111043488448,1,12.0,1,706.4,4,0,0
13882.0,1.1379811566891176,0,20.0,0,23.7,2,1,0
11097.0,1.2809962865344444,0,15.0,0,473.2,7,0,0
4527.0,1.0200540099222408,0,13.0,4,2.0,2,0,0
16521.0,1.4217052886404151,0,16.0,1,62.2,1,0,0
18080.0,1.5912389019620976,1,12.0,1,852.9,2,0,0
40847.0,0.8246274096225904,0,16.0,2,127.9,4,0,0
36531.0,1.3168018711005398,0,11.0,2,204.4,1,0,0
13439.0,0.622906978588649,1,12.0,0,32.3,1,0,0
17149.0,0.7068335726832964,1,19.0,0,314.5,1,0,0
4403.0,1.0568374950144441,0,16.0,0,294.4,4,0,1
32576.0,3.1239957445362814,1,23.0,3,8.8,8,1,1
2880.0,0.6789165639682037,1,18.0,1,83.7,7,0,0
5523.0,0.7588012474331081,0,14.0,3,1098.2,2,0,0
26008.0,0.9475197512840611,0,13.0,0,557.0,0,0,0
2893.0,0.9689672825214879,0,6.0,0,861.9,1,0,0
24250.0,0.9841887966497403,0,15.0,2,469.2,2,0,0
16356.0,1.0236745367623992,0,14.0,4,212.4,2,0,0
9295.0,1.115706511536481,0,7.0,2,18.8,2,0,0
23087.0,1.1776087947461489,0,16.0,4,339.0,3,0,0
7698.0,0.8244965845850599,0,16.0,0,288.5,1,0,0
13623.0,0.5350808772943366,0,14.0,3,828.2,1,0,0
9765.0,0.667221538814483,0,10.0,0,440.5,5,0,0
151558.0,7.4416094683238345,1,1.0,6,22.0,6,1,1
16217.0,0.7539940493240453,0,7.0,0,227.1,2,0,0
10895.0,1.0333541673858937,0,12.0,2,21.1,2,0,0
22238.0,0.8082959333306795,0,8.0,2,357.5,2,0,0
9513.0,0.5952132587288665,1,2.0,10,27.7,9,1,1
19857.0,1.1690107810389985,0,14.0,0,303.2,2,0,0
22610.0,0.7667774008955641,0,16.0,3,412.6,3,0,0
8272.0,1.2368589091385185,0,14.0,1,42.4,2,0,0
5688.0,1.2203377030948461,0,16.0,0,707.3,2,0,0
33429.0,4.525346240484714,1,21.0,6,48.8,10,1,1
19695.0,1.2883092595480838,0,13.0,1,5.1,2,0,0
6708.0,0.6902443046729281,0,16.0,2,26.8,2,0,0
31538.0,1.09864272288654,0,11.0,0,1198.7,0,0,0
7573.0,1.3978288707455093,0,16.0,1,501.9,4,0,0
3177.0,1.495221600105491,0,19.0,0,857.2,3,0,0
19249.0,1.034555951788568,1,9.0,0,350.2,4,0,0
2929.0,1.1048150591330426,0,11.0,2,69.3,2,0,0
13443.0,1.066707650822435,0,13.0,0,1662.2,1,0,0
7626.0,1.1863550706785513,1,13.0,0,77.7,2,0,0
18015.0,1.1352767927852427,0,16.0,2,24.8,1,0,0
31681.0,4.103444770889226,1,3.0,6,20.0,5,0,1
9049.0,0.6651583559268635,0,13.0,1,610.4,2,0,0
15871.0,0.9711465688222127,1,13.0,1,344.4,1,0,0
13643.0,0.7092503565728936,0,11.0,1,480.2,4,0,0
21152.0,1.0940642250705845,0,11.0,1,693.5,4,0,1
40480.0,0.995359669934688,0,11.0,0,471.3,3,0,0
18709.0,0.7324787259995095,0,11.0,2,1191.1,1,0,0
20278.0,0.7842622457690498,0,12.0,2,85.9,3,0,0
9381.0,0.8783432157136872,0,17.0,3,100.5,3,0,0
12729.0,1.0847288395193908,1,23.0,1,1408.5,1,0,0
10702.0,0.6430532080050523,0,15.0,2,182.1,0,0,0
6953.0,1.182568458687777,0,15.0,0,414.2,3,0,0
5200.0,0.9140671528604574,0,7.0,0,169.1,0,0,0
19467.0,1.2771567993652915,1,16.0,3,546.6,1,0,0
4847.0,1.473142048951502,1,17.0,1,923.0,1,0,0
19600.0,0.9898421025103796,0,13.0,1,291.5,4,0,0
20019.0,0.6504392978084979,0,10.0,2,340.0,2,0,0
15796.0,1.0572518502611932,1,15.0,0,11.0,4,0,0
6650.0,0.7794076697194579,0,20.0,3,420.4,2,1,0
53273.0,0.9281430762765099,0,19.0,2,62.6,4,0,0
20833.0,0.7631479594402686,0,13.0,2,1363.0,2,0,0
8884.0,1.1260233766461623,1,11.0,1,348.5,0,0,0
27860.0,1.1622712757733633,0,21.0,2,1028.6,2,0,0
11722.0,1.2329988483346217,0,15.0,1,214.2,3,0,0
8611.0,0.9758551342722864,1,13.0,1,617.2,4,0,0
13763.0,0.826388626091698,0,15.0,2,34.4,5,0,0
12278.0,1.0741387153245163,0,17.0,1,1120.8,1,0,0
3202.0,1.0566396665665947,0,16.0,0,18.6,2,0,0
1419.0,0.4512300553566789,0,10.0,1,1421.6,3,0,0
16307.0,0.9191416645783186,0,12.0,4,117.3,0,0,0
14125.0,1.1081777254622227,0,17.0,1,203.6,1,0,0
18571.0,0.938250314864446,0,6.0,3,63.9,3,0,0
89991.0,4.484576068106165,0,2.0,6,48.2,10,0,1
49501.0,1.2613868668131543,0,12.0,0,461.3,2,0,0
18509.0,1.3922358730873434,0,15.0,5,346.8,0,0,0
9805.0,1.1326016148041107,0,17.0,1,199.0,1,0,0
18638.0,1.0196509882091724,1,16.0,2,841.3,1,0,0
19675.0,1.3431360710243117,0,14.0,0,124.3,2,0,0
24519.0,1.331461920772103,0,13.0,2,376.8,1,0,0
11803.0,1.1200683370614264,0,16.0,1,25.5,1,0,0
43409.0,7.314487769315795,1,22.0,7,12.0,8,0,1
88691.0,2.076220547947481,0,5.0,7,4.3,6,1,1
11711.0,1.0216803433828825,0,6.0,1,15.2,3,0,0
7610.0,0.8658104750357163,0,9.0,1,857.6,1,0,0
16744.0,0.6617881873800104,0,18.0,2,18.6,6,0,0
22121.0,1.3484185556140704,0,13.0,2,212.6,5,0,0
14960.0,1.072711500353397,0,9.0,0,171.4,4,0,0
12764.0,0.67085954498948,0,12.0,0,43.4,1,0,0
22186.0,0.813381940906595,0,12.0,2,521.4,2,0,0
49410.0,1.0280586704604893,0,9.0,3,617.1,2,0,0
20165.0,0.8256037840609491,0,17.0,2,605.4,5,0,0
4968.0,0.8249359387026751,0,15.0,0,559.1,1,0,0
24615.0,0.9175042538946626,0,15.0,1,15.8,1,0,0
12640.0,1.0152343924677172,0,16.0,1,2.1,4,0,0
67765.0,3.675587950793955,1,23.0,11,1.3,6,1,1
20538.0,0.9916107649064612,0,18.0,0,32.4,3,0,0
13363.0,1.108470890012614,1,14.0,1,296.0,2,0,0
24095.0,1.0171058855735722,0,9.0,0,90.4,5,0,0
26730.0,0.9142093248166884,0,14.0,3,220.0,0,0,0
26721.0,0.9182286164889013,0,15.0,1,367.2,2,0,0
21261.0,0.8490925723388096,1,6.0,5,294.6,3,0,0
10104.0,0.6138467257847895,1,16.0,0,265.0,2,0,0
8517.0,1.145513956211316,0,14.0,0,690.0,3,0,0
12713.0,0.8938957643257057,0,17.0,0,206.7,3,0,0
6705.0,0.7096650707718217,0,19.0,0,260.3,3,0,0
1473.0,0.8327409750391959,1,8.0,1,184.0,2,0,0
35500.0,6.931226876988494,1,4.0,5,3.9,7,1,1
18593.0,1.0800210346939387,0,14.0,1,1928.8,1,0,1
84003.0,1.8693957952870965,1,22.0,5,11.9,10,1,1
11050.0,1.0959242747876754,1,13.0,3,53.6,3,0,0
2883.0,0.36115372256339195,0,17.0,3,0.1,1,0,0
16477.0,1.2726652213331184,0,12.0,2,241.5,3,0,0
27455.0,1.0372356978448511,0,11.0,4,73.7,3,0,0
8446.0,0.9733310989869975,0,14.0,1,248.1,4,0,0
3641.0,1.0895763597989812,0,19.0,2,127.9,4,0,0
9183.0,1.077548636012737,0,14.0,4,308.4,1,0,0
57614.0,1.7853927348754737,1,21.0,8,1.2,9,1,1
19159.0,0.832021408444955,0,13.0,1,16.7,0,0,0
53008.0,5.626125812515004,1,2.0,6,54.9,5,1,1
11588.0,1.0677658960721272,0,20.0,1,366.0,5,0,0
7200.0,0.9316957917007642,0,17.0,4,69.3,2,0,0
11577.0,0.8663123056520754,1,19.0,0,335.1,4,0,1
3792.0,0.9371260938478879,0,15.0,1,168.7,2,0,0
2878.0,0.9239409828169809,0,23.0,4,228.8,0,0,0
36601.0,1.2924536128547732,1,18.0,2,70.8,3,0,0
6835.0,1.1447386076448507,0,15.0,1,1285.3,4,0,0
15173.0,1.4846313855850866,1,16.0,2,99.0,1,1,0
3309.0,1.304905768551411,0,16.0,3,885.6,4,0,0
8531.0,1.2675634934605275,0,19.0,5,490.2,0,0,0
5874.0,0.7248680846266338,0,15.0,1,480.9,1,0,0
5475.0,0.7141289135878838,0,12.0,1,31.8,0,0,0
10957.0,1.3022289880678926,1,18.0,0,97.5,0,0,0
14544.0,0.9542032456760398,1,14.0,2,117.7,0,0,0
14284.0,0.8594866427386687,0,12.0,2,21.1,0,0,0
13408.0,0.5738602656620196,0,19.0,3,255.2,1,0,0
26812.0,1.256957897108074,1,9.0,0,1321.7,0,0,0
12445.0,1.1540776165628386,0,10.0,1,61.5,2,0,0
13084.0,0.9995502182383561,0,21.0,2,676.9,2,0,0
5649.0,1.3116975689313708,0,11.0,1,175.8,2,1,0
4474.0,1.0732501369934844,0,10.0,1,1674.1,0,0,0
140322.0,4.7024498928460705,1,0.0,2,40.2,7,1,1
6830.0,1.2205784487574238,1,11.0,2,100.2,2,0,0
4704.0,1.3888458476001833,0,14.0,1,823.5,1,0,1
15618.0,1.055198774886994,0,14.0,1,1737.6,5,0,0
33320.0,0.9058895436529303,0,14.0,1,781.0,4,0,0
23712.0,0.8820940825013036,0,15.0,1,429.4,0,0,0
11468.0,1.1905876652379925,1,21.0,1,105.8,3,0,0
9203.0,1.1768165453501296,1,0.0,8,39.2,8,0,1
18135.0,0.5731258995348203,0,19.0,2,139.3,2,1,0
16118.0,0.9638079040602104,0,13.0,4,149.8,1,0,0
6976.0,0.898981183999515,0,9.0,4,484.0,3,0,0
30279.0,1.1551789326799347,0,7.0,3,339.4,2,0,0
43939.0,0.9061683436605621,0,15.0,2,72.7,0,0,0
22285.0,0.5696193147515058,0,15.0,2,110.9,0,0,0
15546.0,0.7750233226973113,0,20.0,2,120.1,1,0,0
6548.0,0.8601522686236439,0,12.0,1,36.1,6,0,0
12373.0,0.7355949013436078,1,14.0,0,103.5,5,0,0
14470.0,1.4892820289095214,0,20.0,0,244.3,1,0,0
9640.0,0.9885907728321442,0,17.0,2,175.4,2,0,0
23431.0,0.7960568898458334,0,11.0,0,493.4,1,0,0
27300.0,1.0096020210921297,0,18.0,1,539.1,0,0,0
25731.0,1.162689224668857,0,15.0,2,404.8,6,0,0
5581.0,1.0172465175791252,0,14.0,2,403.0,2,0,0
24648.0,1.2540148828378876,0,21.0,0,628.3,2,0,0
6668.0,0.6441499738394969,0,18.0,1,1328.8,1,0,0
35056.0,7.860598910570264,1,1.0,9,5.4,11,1,1
4168.0,0.791987755898178,0,16.0,1,496.4,1,0,0
10648.0,0.6708807990595398,0,10.0,1,309.0,1,0,0
5729.0,1.367248454058071,0,14.0,1,177.0,1,0,0
7655.0,0.7204547261575881,0,14.0,1,43.4,4,0,0
30450.0,1.4689410069581932,0,12.0,1,55.5,1,0,0
12300.0,0.9399217201585742,0,17.0,1,204.2,0,0,0
3817.0,1.0141126699622358,0,19.0,2,389.3,1,0,0
9525.0,0.8202800018438035,0,15.0,2,49.8,3,0,0
15313.0,1.2152882242472596,0,6.0,1,519.2,4,0,0
20136.0,1.24525498171493,1,13.0,1,865.4,2,0,0
9891.0,1.1449124579423506,0,11.0,0,762.6,4,0,0
7859.0,0.9696720099021372,0,13.0,0,278.3,1,0,0
14488.0,1.0696921936518669,0,15.0,1,51.5,0,0,0
15344.0,1.2901398320141133,0,21.0,2,720.0,4,0,0
3608.0,1.386684351820196,1,17.0,4,128.2,3,0,0
19035.0,1.0045376319863664,0,13.0,0,192.5,0,0,0
41697.0,0.889122407205628,0,8.0,1,205.2,1,1,0
16052.0,0.867622141894492,0,14.0,4,297.1,2,0,0
17983.0,1.0894983142724952,0,16.0,4,174.6,3,0,0
20167.0,2.983206010582407,0,2.0,4,16.5,8,1,1
6063.0,1.1868642393105422,0,16.0,4,737.9,1,0,0
7696.0,0.8473644530031932,0,10.0,1,996.9,3,0,0
8157.0,1.054706657240259,0,18.0,2,162.4,4,0,0
27054.0,1.0815727061384557,1,19.0,3,356.5,3,0,0
10729.0,1.1014005658655686,0,10.0,2,1130.3,1,0,1
26465.0,0.8270421062332952,0,18.0,3,10.7,2,0,0
32873.0,0.6070792478053363,0,10.0,1,101.8,2,0,0
23343.0,1.540995891436093,0,10.0,1,23.2,3,0,0
10365.0,0.7206702490059586,0,5.0,2,248.7,2,0,0
15455.0,1.3222142514425024,0,9.0,1,685.8,1,0,0
20810.0,0.6812669611765254,0,10.0,3,184.0,1,0,0
2819.0,0.9661157183129305,0,16.0,0,601.1,2,0,0
12939.0,0.9659020556963394,0,16.0,1,93.7,1,0,0
7696.0,0.8125935916845124,0,20.0,1,540.2,1,0,0
15843.0,0.9606407820014397,0,17.0,0,520.8,1,0,0
11183.0,1.204482665683051,1,16.0,0,899.0,2,0,0
9873.0,1.2330304561201673,0,17.0,1,198.8,2,0,0
28274.0,0.6621806243862156,0,20.0,4,1446.7,2,0,1
41417.0,1.1361109783772247,0,10.0,1,1069.6,0,0,0
46685.0,0.1,1,3.0,5,9.5,7,1,0
5939.0,1.0793497206200777,0,11.0,0,972.0,1,0,0
16677.0,0.7533937890097856,0,7.0,0,544.3,0,0,0
26722.0,0.6367258922325576,0,13.0,0,31.3,1,0,1
7434.0,0.6735956070224299,0,18.0,2,667.3,4,0,0
1275.0,0.7306622606766379,0,15.0,2,109.8,5,0,0
2235.0,0.5895004683907631,0,23.0,2,706.0,2,0,0
10689.0,1.2461307432487216,0,11.0,1,29.6,2,0,0
6604.0,1.398055625234735,0,16.0,1,287.7,1,0,0
22549.0,1.1583880981925812,0,17.0,1,290.3,2,0,0
62675.0,5.1025407685569935,1,0.0,9,11.8,5,1,1
9820.0,1.1086694945061073,0,17.0,1,452.4,1,0,0
173682.0,2.888708669695941,1,21.0,6,30.6,4,1,1
7370.0,1.2477126067115563,0,10.0,2,412.4,3,0,1
18346.0,1.034667820812691,0,16.0,1,39.0,6,0,0
15088.0,0.8584617859585404,0,13.0,0,302.7,1,0,0
71261.0,4.0586515578252005,1,21.0,8,41.0,3,0,1
23536.0,0.8511856032728019,0,18.0,1,663.2,0,0,1
18066.0,1.2353576984524668,0,15.0,1,286.7,2,0,0
17960.0,1.1768614498924947,0,15.0,2,72.5,1,0,0
551.0,0.8671428284818291,0,16.0,1,696.2,4,0,0
2273.0,0.7721316246359242,1,17.0,2,261.1,2,0,0
24432.0,1.2002678730168301,0,11.0,1,425.8,0,0,0
8280.0,1.2141441630082435,0,18.0,0,331.4,4,0,0
23146.0,1.076475995320417,0,20.0,2,925.5,1,0,0
33266.0,1.3704470188603062,0,15.0,1,183.1,2,0,0
23312.0,0.6852253733079015,0,21.0,1,55.6,1,0,0
26586.0,0.7582103708309277,0,20.0,0,1877.0,4,0,0
14815.0,1.1828101293312683,0,14.0,1,335.4,3,0,0
8433.0,1.1278101176074198,0,12.0,2,128.3,0,0,0
6770.0,0.7953499071495658,0,18.0,3,102.3,4,0,0
45263.0,3.8530826319254943,1,2.0,4,15.3,5,1,1
17630.0,1.1967125615295315,0,12.0,0,1419.9,5,0,0
41979.0,1.208065659358878,0,16.0,0,148.2,3,0,0
5831.0,0.7371092513653903,0,12.0,3,85.7,1,0,0
3148.0,1.1331518209484632,0,15.0,0,299.0,1,0,0
45509.0,0.3970230430686711,0,14.0,4,29.6,2,0,0
66016.0,5.504524677970022,1,0.0,6,5.9,7,1,1
14885.0,0.9411807658891419,0,15.0,1,291.2,3,0,0
9226.0,0.9513403019502412,0,21.0,2,395.8,2,0,0
14942.0,1.4454898953326873,0,16.0,6,193.3,4,0,0
2717.0,1.0835556467849865,0,17.0,1,47.3,2,0,0
32521.0,1.0100668978110527,1,15.0,3,364.5,3,0,0
2906.0,1.4048153903810667,0,16.0,1,161.8,1,0,0
39350.0,0.925627237950203,0,12.0,2,588.7,1,0,0
12007.0,0.6937945625040679,0,19.0,0,578.5,0,0,1
8545.0,0.6766103250463262,1,18.0,1,270.5,3,0,1
1808.0,0.6174918176930912,0,15.0,2,200.3,3,0,0
4972.0,0.5972620416456972,0,12.0,2,12.4,2,1,0
34251.0,0.6325644162118214,1,13.0,0,166.5,2,0,0
27418.0,1.0940563878277618,0,16.0,1,192.4,1,0,0
8393.0,0.8933900513914437,0,7.0,1,567.2,2,0,0
13541.0,0.8635761233963489,0,15.0,2,444.1,4,0,1
11538.0,0.793951665322731,1,19.0,2,163.0,2,0,0
28883.0,3.9361220963048416,0,1.0,4,0.6,6,1,1
24979.0,0.6770925339948166,0,15.0,0,351.5,2,0,1
13743.0,0.8206777009199411,0,14.0,1,199.0,5,0,0
21095.0,0.9488297504055452,0,15.0,3,1268.7,2,0,0
2518.0,0.9437664057075551,0,10.0,0,33.5,2,0,0
45102.0,1.1605618555584476,0,14.0,2,99.8,4,1,0
5345.0,0.9642434325542728,0,19.0,2,179.9,1,0,0
13995.0,1.7307008273095077,1,10.0,4,95.5,5,0,0
16094.0,5.516350933949419,0,3.0,10,6.3,7,1,1
62369.0,5.709412899607185,1,0.0,11,19.2,14,1,1
21287.0,5.8862074716972375,1,23.0,8,15.3,12,0,1
26982.0,0.7766974987005701,0,14.0,0,144.7,4,0,0
8722.0,1.2301991193983186,0,13.0,2,1210.3,0,0,0
68816.0,6.3168754723781,1,21.0,7,43.9,8,1,1
29904.0,0.9629062546024347,0,16.0,3,130.3,3,0,0
40672.0,0.8756608174061411,0,22.0,2,32.6,2,0,0
37366.0,0.95613913945418,0,10.0,0,11.5,3,0,0
27189.0,0.7463788883521378,0,16.0,4,64.9,2,0,0
9107.0,0.9323500721065838,0,12.0,2,870.1,2,0,0
859.0,0.7669091829022627,0,21.0,3,1662.9,2,0,0
6587.0,0.986028486775811,1,15.0,2,171.7,1,0,0
11578.0,1.0424019902324908,0,16.0,2,223.0,4,0,0
3936.0,0.8464000163250591,0,16.0,2,188.7,2,0,0
1514.0,1.3319462202832781,0,12.0,0,468.8,4,0,0
37520.0,0.5070240890372516,0,10.0,2,619.0,0,0,0
69118.0,5.959351367959035,1,22.0,6,18.6,6,1,1
28859.0,0.6340138364412421,0,11.0,2,84.4,2,0,0
22148.0,1.1327483195461423,0,14.0,1,279.4,0,0,0
14897.0,1.216682100700178,0,17.0,3,888.9,3,0,0
8340.0,0.8457722254704204,0,10.0,1,289.1,1,0,0
21761.0,1.4098906413076544,0,20.0,2,492.7,1,1,0
14167.0,1.0362245759406847,0,21.0,1,42.6,1,0,0
22867.0,1.3563514805781196,0,7.0,2,1251.9,2,0,0
28348.0,0.9758478616496279,0,10.0,1,199.7,0,0,0
4734.0,1.100032694377259,0,16.0,1,482.5,0,0,0
52475.0,1.485655032204909,0,19.0,4,48.4,2,0,0
9415.0,1.1299052327338275,0,19.0,0,369.2,1,0,0
33163.0,0.9069641951165313,1,21.0,1,412.5,1,0,1
13922.0,1.3240539203847155,0,6.0,1,31.4,1,0,0
11342.0,0.9783878361464944,0,14.0,2,24.2,3,0,0
9795.0,1.0105396393941335,0,10.0,1,50.8,4,0,1
17044.0,1.0828476671295202,0,7.0,1,295.4,0,0,0
38230.0,0.8359231618011704,0,15.0,2,630.1,0,0,0
11028.0,1.1603280192382222,0,11.0,2,553.7,2,0,0
24020.0,1.0864479803145497,0,14.0,1,153.2,2,0,0
23071.0,0.7847025366464182,0,18.0,0,90.2,1,0,0
32962.0,0.8813538815962827,0,18.0,1,538.4,4,1,0
91747.0,3.1484997859508344,0,2.0,5,9.7,10,1,1
11532.0,1.1638603791174227,0,13.0,2,160.7,0,0,0
39247.0,1.2041375320488046,0,15.0,6,20.7,0,0,0
713.0,1.2772968939337586,0,18.0,0,1018.8,1,0,0
10103.0,0.8571765905329788,0,14.0,3,733.3,4,1,0
2388.0,1.2631402718140028,0,12.0,2,434.0,1,0,0
15906.0,0.8894129872202737,0,9.0,0,384.8,1,0,0
1113.0,0.7448983109777972,0,16.0,0,3.1,2,0,0
84805.0,7.418771911428086,1,23.0,8,34.1,9,0,1
11353.0,1.2636089519013318,0,19.0,1,704.5,0,0,0
28218.0,3.310420890691097,1,1.0,5,4.1,6,0,1
59570.0,1.98524477394884,1,23.0,12,46.3,5,1,1
56393.0,7.9100501193104655,0,2.0,6,12.9,4,1,1
8797.0,5.446718247864126,1,21.0,8,0.3,8,1,1
22668.0,1.081290188260375,0,12.0,2,84.4,5,0,0
9124.0,1.0274100485393332,0,16.0,3,232.2,1,0,0
19934.0,1.1785698094233656,1,20.0,1,2.6,1,0,0
11270.0,0.984106998161211,0,21.0,1,449.5,2,0,0
8488.0,0.9940131653626595,1,14.0,1,566.2,5,0,0
10393.0,1.2818465964834984,0,13.0,1,233.6,1,0,0
29998.0,1.1198721983060111,0,11.0,0,16.8,1,0,0
12709.0,0.9068367866348696,0,13.0,2,529.9,0,0,0
12934.0,1.4708903158424864,0,15.0,1,1162.1,1,0,0
6694.0,0.9939297650404499,0,10.0,2,32.7,1,0,1
34846.0,1.4376587575349908,0,11.0,1,172.5,2,0,0
12728.0,1.1780412151847632,0,9.0,3,45.6,2,0,0
15750.0,0.8229453103134629,0,14.0,1,182.6,2,0,0
5856.0,0.986461283944366,0,13.0,3,275.3,1,0,0
19453.0,0.3850727879030793,0,17.0,3,250.9,3,0,0
8520.0,0.7896533042560557,0,16.0,4,532.4,0,0,0
117.0,1.285552887385412,0,12.0,0,203.1,0,0,0
14158.0,1.1004655664293255,0,13.0,2,153.5,3,0,1
15570.0,2.9317729149464586,1,4.0,8,24.7,11,1,1
33776.0,1.253575921795231,1,13.0,1,981.7,3,0,1
21407.0,0.7311628440957931,0,18.0,0,15.9,0,0,0
9518.0,0.8517843176800817,0,13.0,0,510.0,3,1,0
41596.0,3.0674061999222118,1,3.0,7,24.6,4,0,1
16377.0,0.7926145114864002,1,5.0,0,741.6,1,0,0
80484.0,1.0296909492084045,0,12.0,1,192.8,0,0,0
18221.0,0.9817755988294672,0,13.0,2,73.0,5,0,0
13652.0,1.2654157932702725,0,14.0,0,112.7,2,0,0
16767.0,1.2333141920575648,0,18.0,1,65.8,2,0,0
12792.0,1.5171929637800163,0,18.0,1,260.0,2,0,0
11966.0,1.0517550320699545,0,18.0,1,275.2,3,0,0
9438.0,0.9474480296700317,0,10.0,0,434.3,1,0,0
31881.0,1.0570128742563107,0,17.0,1,10.3,4,0,0
11660.0,0.9399839836503987,0,10.0,1,561.7,1,0,0
14681.0,1.1508366460944923,0,14.0,3,1859.5,0,0,0
30784.0,0.6751007369554448,0,15.0,0,194.2,1,0,0
28212.0,0.45429616361196556,0,15.0,1,405.9,1,0,0
27527.0,0.7423087680495674,0,2.0,1,75.0,1,0,0
3034.0,1.193558860379699,0,12.0,1,341.7,3,0,0
22683.0,1.2292927213079157,1,10.0,0,1114.1,3,1,0
31973.0,0.8087213859140282,0,19.0,2,548.1,2,0,0
14409.0,1.1386260210360268,0,18.0,2,726.9,4,0,0
19616.0,1.0676645584630569,0,15.0,2,75.1,4,0,0
20875.0,0.956660128223216,0,6.0,1,298.4,1,0,0
33361.0,1.1098241065773364,0,21.0,1,703.5,2,0,0
16418.0,1.0255142527744485,1,6.0,0,174.2,1,0,0
24252.0,0.8893932982671326,0,15.0,1,182.5,0,0,0
53774.0,6.287117093033002,1,4.0,3,23.8,6,0,1
12945.0,1.3764263987032397,0,17.0,1,448.7,0,0,0
24912.0,0.8859113754229092,0,12.0,2,381.2,3,0,0
16454.0,0.4301670688102782,0,19.0,0,779.3,1,0,0
17656.0,0.9281656454998828,0,20.0,1,96.5,4,0,0
7559.0,0.6225837858180119,0,15.0,0,44.6,3,0,0
16156.0,0.9006677028143755,1,18.0,0,253.6,1,0,0
8088.0,1.6630729219967357,0,12.0,2,335.8,0,0,0
15078.0,1.0467936001538034,0,9.0,1,610.7,4,0,0
40397.0,6.9143026205684635,1,2.0,9,4.3,8,0,1
3062.0,1.374170624052288,0,13.0,2,228.0,1,0,0
25520.0,0.8215747066323691,0,14.0,2,486.9,4,0,0
7715.0,1.212313642826786,0,20.0,1,60.0,0,0,0
27220.0,4.8882511727439,1,1.0,8,29.1,5,1,1
20100.0,1.0094952532673336,0,20.0,3,306.2,4,0,0
19814.0,0.935772205617356,0,15.0,1,640.2,1,0,0
22394.0,1.3482825239623837,0,17.0,3,48.3,2,0,0
3445.0,0.7860275194019326,0,8.0,1,140.0,2,0,0
23027.0,1.2678960479386503,0,10.0,1,314.5,2,0,0
31696.0,0.8137627653742351,0,9.0,2,93.7,1,0,0
132175.0,4.443770180037134,1,3.0,9,6.1,8,1,1
11039.0,0.9038430958932411,0,16.0,3,28.6,1,0,0
16026.0,0.8460043037057067,0,9.0,1,326.8,1,0,0
16058.0,1.033392228639532,0,20.0,6,564.0,1,0,0
12944.0,0.9808327985947629,0,14.0,1,343.1,3,0,0
17061.0,1.2187385640785617,0,13.0,2,321.2,0,0,0
10528.0,0.8877786548710577,0,17.0,2,260.1,0,0,0
7481.0,1.521456790860801,1,15.0,2,228.4,4,0,0
20817.0,1.1521835898486037,0,16.0,1,142.8,3,0,0
12812.0,0.5987054631977362,0,11.0,1,400.4,6,0,0
6272.0,1.3872948111769938,0,11.0,1,194.0,1,0,0
44488.0,3.4154414385010012,1,1.0,9,36.4,10,1,1
111080.0,0.1,1,23.0,3,18.6,11,1,1
61945.0,4.060778043869343,1,1.0,3,23.2,8,0,1
16609.0,1.3587194026523435,0,16.0,1,73.4,5,0,0
85027.0,7.21602236456447,1,1.0,3,112.9,7,1,1
9538.0,1.043943812310011,0,15.0,2,176.3,4,0,0
23505.0,1.0819221762279554,0,13.0,2,973.8,1,0,0
25379.0,0.8936232014505929,0,18.0,3,175.9,1,0,0
12612.0,0.5875216895637871,0,7.0,2,662.9,1,0,0
2591.0,0.931120229426459,0,23.0,2,510.2,0,0,0
15666.0,1.2234002125372534,0,6.0,4,74.2,1,0,0
1731.0,1.1890644872625131,0,13.0,0,91.7,1,0,0
3071.0,0.83132392093404,0,11.0,1,114.1,1,0,0
2230.0,0.998469838179536,0,17.0,2,31.8,2,0,0
4181.0,0.9479352917230544,1,13.0,3,539.4,0,0,0
38132.0,1.3874131799297396,0,19.0,2,22.0,1,0,0
14429.0,0.9483083331172093,0,12.0,1,527.3,2,0,0
26476.0,1.1001151990877687,0,23.0,1,138.0,1,0,0
19238.0,1.1237780447927175,0,9.0,0,511.0,2,0,0
14330.0,1.2507779335844122,0,18.0,1,979.2,1,0,0
49285.0,6.947864324566875,1,23.0,4,3.2,9,0,1
37445.0,0.8284868906110119,1,21.0,1,575.8,4,0,0
8056.0,0.8291794768344045,1,9.0,1,54.7,2,0,0
12828.0,1.0707876391626714,1,20.0,1,45.0,2,0,0
15681.0,1.6086331672122895,0,12.0,0,602.1,4,0,0
18126.0,0.6850779233373269,0,10.0,1,91.6,1,0,1
26331.0,1.06118970239503,0,12.0,0,819.9,2,1,0
22594.0,1.0052483858460748,0,20.0,2,382.9,0,0,0
15544.0,0.3532159422760396,0,13.0,0,192.1,2,0,0
18004.0,1.129964293375133,0,15.0,1,293.0,2,0,0
16513.0,1.1255070319347682,0,23.0,1,212.6,1,0,0
26894.0,1.0823158961024646,0,7.0,1,27.2,4,1,1
4626.0,0.913996589719174,1,10.0,1,205.0,0,0,0
10416.0,0.524697843743432,1,16.0,2,306.8,1,0,0
34924.0,3.913079124582758,0,3.0,6,0.6,6,1,1
41265.0,2.5144616205191155,1,4.0,4,6.0,5,0,0
9672.0,0.998502285946611,1,17.0,1,157.5,1,0,0
7129.0,1.2626741808497985,0,12.0,4,120.7,3,0,0
18575.0,0.7119074559987978,0,15.0,4,71.4,4,0,0
136142.0,3.46154941144386,1,5.0,3,34.8,7,1,1
9012.0,1.072882136930441,0,18.0,1,287.5,3,0,0
20566.0,0.4173810108631254,0,14.0,1,260.2,5,1,0
4922.0,1.3397944707629788,0,12.0,2,96.1,3,0,0
25243.0,0.9021208651648733,0,14.0,2,137.5,2,0,0
2603.0,0.8888922563288637,0,12.0,0,501.3,1,0,0
7962.0,1.4420868478975697,0,15.0,2,45.8,2,0,0
31641.0,5.769078229284822,0,4.0,7,24.7,8,1,1
41228.0,0.8935906224125462,1,12.0,1,73.1,2,0,0
9147.0,1.6155546862606154,0,10.0,3,117.3,2,0,0
67401.0,5.483806304698534,1,0.0,3,13.3,13,0,1
26701.0,0.7913221702456434,0,11.0,3,204.6,1,0,0
2270.0,0.5638517920436048,0,11.0,1,152.2,3,0,0
7632.0,6.442108627578758,1,23.0,4,2.8,9,1,0
9833.0,0.7864865577094834,0,10.0,2,481.9,1,0,0
25992.0,1.151359254782597,0,12.0,3,50.7,5,0,0
11115.0,0.9220104475314327,0,17.0,0,266.4,1,0,0
34441.0,1.2733092955886733,0,13.0,2,112.9,0,0,1
56224.0,3.9041254731989854,1,22.0,7,8.5,4,1,1
3904.0,1.154239794316509,1,14.0,2,184.9,5,0,0
6630.0,0.917825798173897,0,13.0,0,511.7,2,0,0
4138.0,0.9652530434567893,0,13.0,2,183.1,2,1,0
26986.0,1.2939000845577129,0,15.0,2,353.6,0,0,0
2626.0,0.9627572565105688,0,13.0,1,153.1,5,0,0
11717.0,0.6599377447733694,0,14.0,2,223.1,1,0,0
14910.0,0.6793519999254047,0,23.0,3,396.9,2,0,0
30716.0,0.4885032986482283,0,21.0,3,735.8,3,0,0
23306.0,0.9301522931074477,0,16.0,2,813.9,2,0,0
7689.0,1.0060556139632406,0,5.0,2,700.2,2,0,0
30556.0,1.1551427165332138,0,15.0,3,59.5,2,0,1
26768.0,1.0923890625000832,0,12.0,1,19.4,2,0,0
34857.0,0.7863238743401099,0,15.0,3,578.6,3,0,0
35083.0,3.097110740031172,0,1.0,5,3.1,5,1,1
8192.0,1.2746697387176291,0,13.0,1,21.1,3,0,0
13286.0,0.7340262750567812,0,16.0,2,264.3,1,0,0
66629.0,3.141620452849198,0,0.0,5,28.6,8,1,1
3108.0,0.4677052570738158,0,17.0,0,174.6,0,0,0
24483.0,1.3345447917145978,1,2.0,0,174.7,2,0,0
18171.0,1.0266738885971114,0,12.0,1,146.4,3,0,0
12315.0,1.0609417025481078,0,16.0,2,267.6,2,0,0
14735.0,0.9467266537292343,1,17.0,2,567.6,0,0,0
3180.0,0.9101778887430602,0,16.0,0,218.3,0,0,0
22873.0,1.2924000359205075,0,14.0,3,146.6,4,0,1
5575.0,1.0573767686421025,0,19.0,3,208.9,6,0,0
43483.0,8.78888178890653,1,22.0,3,1.8,7,1,1
21160.0,0.6613548393820002,0,14.0,0,405.0,3,0,0
6241.0,1.0087673783753477,1,13.0,1,153.2,1,0,0
7843.0,1.1177174324680597,0,10.0,3,32.5,2,0,0
6849.0,0.8392767128351486,0,16.0,2,140.6,5,0,0
25540.0,1.1608893412502448,0,15.0,3,103.0,1,1,0
16476.0,1.1489493008387748,0,13.0,2,129.8,4,0,0
8916.0,1.0682905851350606,0,14.0,3,405.5,2,0,0
4559.0,0.9211115779181203,0,19.0,0,45.2,3,0,0
36651.0,0.8395230502723237,0,6.0,2,218.3,1,0,0
29731.0,1.0600600354989054,0,7.0,3,123.4,2,0,0
13869.0,0.9701398071141256,0,13.0,1,823.1,1,0,0
23860.0,1.2012165871352676,0,9.0,1,733.9,2,0,0
15058.0,6.96015775945806,1,21.0,5,63.5,8,1,1
10281.0,0.753505684877703,0,15.0,1,586.4,1,0,0
28770.0,0.8721762150901046,1,7.0,1,1201.2,4,0,0
17499.0,1.1046973522672592,0,12.0,2,129.3,1,0,0
14575.0,1.203373734317399,0,8.0,3,130.5,4,0,0
6621.0,1.0753275726784706,0,14.0,0,1200.4,2,0,0
15630.0,0.9818812809664997,1,7.0,0,75.8,0,0,0
4797.0,1.2182941070041509,0,11.0,1,258.7,2,0,0
24501.0,0.8538647167922447,0,11.0,5,24.1,1,0,0
21604.0,1.2303079818597173,0,16.0,2,68.7,0,0,0
9781.0,0.856307695354278,0,12.0,1,29.2,3,0,0
48748.0,1.1049709617908554,0,16.0,2,949.0,1,0,0
3323.0,0.8192321233355853,0,12.0,4,143.0,2,0,0
83533.0,6.275608633166513,1,21.0,8,5.9,9,0,1
17718.0,0.4811644341007041,0,16.0,2,504.5,1,0,0
22650.0,0.9822844977093377,0,19.0,2,571.6,1,0,1
1534.0,1.243508517222434,0,17.0,1,155.7,0,0,0
13447.0,1.0429474037999051,0,20.0,3,85.7,4,0,0
16836.0,0.7780925289901447,0,14.0,2,313.6,2,0,0
860.0,1.5480456255390727,0,13.0,2,142.0,2,0,0
4332.0,1.197785159623559,0,8.0,3,762.9,1,0,0
30771.0,1.1903763331016863,0,11.0,3,671.6,3,0,0
21544.0,0.8846228679009484,0,18.0,1,1254.3,4,0,0
11232.0,0.7953998780320721,0,14.0,1,424.5,0,0,0
33468.0,1.0127651913761138,0,16.0,1,379.6,1,0,0
46923.0,1.2020060032029871,0,11.0,2,125.4,1,0,0
12451.0,0.8513074466071731,0,16.0,1,176.2,3,0,0
18148.0,1.0761772492893773,0,10.0,1,866.2,4,0,0
38171.0,1.0188179607799897,1,17.0,2,1252.1,2,0,0
8859.0,1.1878957972863333,0,7.0,1,682.7,2,0,0
26302.0,1.080400451704092,0,12.0,1,652.6,1,0,0
25975.0,1.0198425415043615,1,11.0,0,145.5,1,0,0
20678.0,1.3547825918885752,0,17.0,0,3.7,0,0,0
13430.0,1.199249195089628,0,7.0,0,214.0,1,0,0
3783.0,0.8273748343968594,0,17.0,0,278.4,2,0,0
3751.0,1.2288964041459018,1,13.0,2,296.1,1,0,0
10635.0,1.0051521766963631,0,19.0,2,58.7,3,0,0
9893.0,1.0682467286163215,0,13.0,1,228.3,5,0,0
44280.0,1.1532020452064813,0,18.0,0,198.0,2,0,0
29320.0,7.124119880900689,1,0.0,4,2.9,8,1,1
14134.0,1.0359593485378908,0,9.0,3,513.5,1,0,0
34222.0,0.7363472622090579,0,13.0,1,122.9,2,0,0
22156.0,1.03177943934112,0,11.0,2,858.9,3,0,0
15343.0,1.4575122907883835,1,16.0,0,157.7,6,0,0
20385.0,1.2589685636829782,0,6.0,2,2.7,1,0,0
2694.0,0.8708758955227928,0,14.0,2,808.2,1,0,0
35467.0,1.085108753715788,1,20.0,1,340.7,2,0,0
9184.0,1.0554949322052511,0,14.0,1,9.6,3,0,0
12031.0,0.34714946213304954,0,12.0,3,569.3,0,0,0
17463.0,1.0801797651814489,0,15.0,2,258.0,2,0,0
15988.0,1.1806390141000336,0,16.0,4,578.4,3,0,0
17625.0,0.5548365057213299,1,11.0,4,1715.3,1,0,0
22327.0,0.8076776046442836,1,15.0,1,182.3,1,0,0
1883.0,1.0620539600552223,0,16.0,0,505.7,9,0,0
9230.0,1.2498679170020421,0,12.0,1,447.9,5,0,0
51075.0,1.3748051861403245,0,8.0,1,187.8,1,0,0
25990.0,4.733119519642785,0,1.0,5,18.5,10,0,1
5526.0,4.046928290969864,1,3.0,7,31.5,3,1,1
10720.0,1.215912000316151,0,13.0,3,25.1,3,0,0
22075.0,1.0165055867941188,0,20.0,1,303.1,0,0,0
7589.0,0.9868681578192069,0,20.0,2,964.4,0,0,0
12005.0,1.2282888810940102,0,14.0,2,1630.1,2,0,0
8252.0,1.265046892304449,0,20.0,1,31.2,4,0,0
31841.0,0.8082746716316387,1,14.0,2,249.3,3,0,0
9825.0,0.40321197196868164,0,17.0,0,132.2,5,0,0
14413.0,1.0509365572440328,0,14.0,0,244.9,2,0,0
10366.0,0.5134171102583865,0,9.0,5,444.1,3,0,0
27697.0,0.8554581170226006,0,13.0,3,303.4,5,0,0
7674.0,1.2737943616025964,0,13.0,1,1.8,0,0,0
17116.0,0.5152444722887499,0,19.0,2,87.4,4,0,0
15089.0,1.051683897902934,0,14.0,0,169.6,0,0,0
2852.0,1.4311870927686836,0,8.0,2,1776.1,5,0,0
11391.0,1.2251978143722584,0,18.0,4,30.0,3,0,0
6514.0,1.0620846334414424,0,17.0,0,93.6,0,0,0
18153.0,0.5470820255048754,0,17.0,3,237.9,3,0,0
32954.0,6.524239020512638,1,23.0,8,8.8,7,0,0
36745.0,5.310619937201284,1,22.0,7,25.6,7,0,1
10808.0,1.1566671429008208,0,14.0,1,1077.5,2,0,0
20158.0,0.8748592641939352,0,12.0,4,784.3,1,0,0
3039.0,1.1149301755106924,0,12.0,1,601.1,3,0,0
8434.0,0.7799171567916594,0,19.0,0,616.2,2,0,0
14133.0,2.739646550879872,1,21.0,3,27.5,7,1,1
81429.0,5.658957727238105,1,1.0,12,23.3,7,1,1
5289.0,1.2580550651387163,0,13.0,1,122.1,3,1,0
13154.0,0.37395252008842716,0,19.0,0,1040.4,5,0,0
5215.0,0.8140602564112576,1,19.0,2,708.8,1,1,0
42685.0,4.5851726054389035,1,4.0,6,0.3,9,1,1
36627.0,0.8602936903834165,0,12.0,0,136.7,2,0,0
12220.0,0.6515935579625487,0,13.0,0,353.8,3,0,1
1219.0,0.6878155459840487,0,16.0,1,176.2,5,0,0
74355.0,6.753782635923592,1,4.0,9,9.4,9,1,1
2979.0,0.8807555062030803,0,12.0,2,81.5,0,0,0
28787.0,0.693488475528599,0,16.0,1,958.8,2,0,0
14285.0,1.175329394551432,0,11.0,2,394.0,2,0,0
2762.0,0.8429569855512449,0,17.0,1,1292.2,0,0,0
21534.0,1.3878908917724195,0,13.0,2,87.3,3,0,0
14859.0,0.8305725606634845,0,7.0,1,1773.0,0,0,0
18193.0,1.0143167894718215,0,17.0,2,1259.1,4,0,0
6027.0,0.6153834137407532,0,17.0,2,537.9,5,0,0
16772.0,0.9931543627723917,1,16.0,1,299.2,1,0,0
8149.0,0.760359093694852,0,15.0,2,255.3,2,0,0
8160.0,0.9242193326585191,0,7.0,2,505.5,1,0,0
50362.0,1.3114563235043137,1,18.0,0,1050.2,2,0,0
18926.0,0.9344034909585204,0,13.0,1,883.1,1,0,0
18997.0,0.7539397021299789,0,17.0,3,2211.1,3,0,0
10896.0,1.183937382440155,1,15.0,2,14.7,0,0,1
4884.0,0.8568156042730063,0,14.0,2,77.6,4,1,0
20996.0,0.8235536035723197,0,10.0,5,87.8,2,0,0
12191.0,0.7027761366053695,0,12.0,3,2.5,4,0,0
1885.0,1.0632392620682407,0,9.0,2,1057.6,4,0,0
1980.0,1.4158025282221538,0,14.0,1,51.1,1,0,0
4504.0,0.8349767330089974,0,14.0,0,796.6,1,0,0
2027.0,1.0802970855556095,1,17.0,2,83.3,2,0,0
9591.0,0.8096285427302693,1,14.0,2,42.0,4,0,0
179886.0,4.8179832740458615,1,5.0,5,28.3,6,0,1
25161.0,3.0630338776966877,1,2.0,9,7.9,8,0,1
19796.0,1.153862811989371,0,20.0,2,428.0,2,0,0
29017.0,0.7696040940824265,0,13.0,1,705.1,2,0,1
5656.0,0.8482047686105739,1,13.0,2,469.6,1,0,0
22006.0,1.2554259029300283,0,21.0,3,369.5,4,0,0
6046.0,1.2195573345541115,0,11.0,2,762.5,0,0,0
25075.0,0.8963756274592435,0,14.0,3,115.1,2,0,0
14333.0,0.7713621018097429,0,20.0,3,41.9,1,0,0
21413.0,0.8933245270742964,0,19.0,2,411.7,4,0,0
5433.0,1.3338929364160235,0,5.0,1,112.7,4,0,1
38669.0,1.477749622056002,1,5.0,6,15.5,7,1,1
5526.0,1.1390093603366036,0,7.0,3,21.5,0,0,0
19885.0,1.1011916281623138,1,8.0,0,488.2,1,0,0
13252.0,1.1693440739938656,0,15.0,2,340.2,1,0,0
14273.0,1.3099081195375626,1,14.0,2,81.1,5,0,0
20551.0,0.7747566575274223,0,10.0,2,306.6,0,0,0
26714.0,0.7148919738773184,0,16.0,3,29.9,1,0,0
14698.0,0.9158843450302068,0,12.0,1,303.4,1,0,0
7847.0,1.2553588980670691,0,13.0,2,79.8,3,0,0
16201.0,1.3912036529679153,0,11.0,2,563.9,2,0,0
11304.0,1.5181357161752005,0,11.0,2,265.3,1,0,0
28621.0,0.5040728394990153,1,11.0,0,386.2,3,0,0
9546.0,0.9579862570086852,0,16.0,4,117.3,1,0,0
26587.0,1.0018342689577808,0,16.0,3,2017.9,3,0,0
69096.0,1.2817329791650192,1,12.0,3,210.0,4,0,0
4638.0,0.6637750758998769,0,21.0,2,950.6,3,0,0
41253.0,0.8197779107979932,1,22.0,2,297.3,4,0,0
38191.0,7.672450004423028,1,21.0,10,16.8,4,1,0
44237.0,1.112396756158327,1,12.0,1,427.7,4,0,0
10874.0,0.9829540630185385,0,13.0,1,173.6,1,0,0
12188.0,1.0317913903212583,0,12.0,2,1790.4,2,0,0
24031.0,1.063179405294463,0,12.0,0,228.7,1,0,0
7845.0,0.4553953191477731,0,15.0,2,600.6,2,0,0
5616.0,0.8144461549435865,0,23.0,5,371.7,2,0,0
9713.0,1.3083620384840375,0,6.0,0,78.6,2,0,0
16243.0,1.3652965943679207,0,14.0,4,487.6,3,0,0
13662.0,0.9282031153068914,0,10.0,1,212.5,1,0,0
16282.0,1.491319736162696,0,13.0,2,84.0,1,0,0
29515.0,0.7950091000247245,0,15.0,1,315.5,2,1,0
22703.0,0.9715641907230462,0,14.0,3,185.8,2,0,1
23592.0,1.162877459915081,1,12.0,1,105.3,1,0,1
25277.0,1.569275903102909,1,15.0,0,70.2,2,0,0
5546.0,1.2722084861120868,0,21.0,0,219.6,3,1,0
15751.0,1.1559977400907948,0,12.0,0,252.5,0,0,0
16641.0,0.9671514736058833,0,12.0,2,266.5,1,0,0
22446.0,1.0906912065099765,0,9.0,3,504.9,4,0,0
19315.0,1.3667730357854535,0,20.0,2,109.0,0,0,0
48369.0,0.9755261834155144,1,20.0,1,41.2,0,0,0
3189.0,1.0136238942886606,1,20.0,3,233.2,2,0,0
12673.0,1.5052104282598902,0,9.0,1,86.2,2,0,0
6620.0,1.165168580529487,0,12.0,2,541.9,6,0,0
30365.0,1.008357013586869,1,16.0,2,176.3,2,0,0
13221.0,1.07599750181496,0,17.0,1,213.0,2,0,0
4339.0,0.891394010397456,0,14.0,1,12.2,3,0,0
10224.0,1.1793896031569164,0,8.0,1,327.3,2,0,0
29532.0,0.5879168398241577,0,19.0,1,104.2,3,0,0
26389.0,5.144455542665512,1,23.0,5,10.4,5,1,1
23677.0,9.045065881750556,1,21.0,6,19.9,9,1,1
21388.0,1.0082211066629363,0,13.0,1,172.4,2,0,0
15683.0,1.0293205733934285,0,17.0,3,290.0,2,0,0
6757.0,0.5654219973688923,0,11.0,3,474.0,4,0,0
81557.0,1.6669564982324347,0,22.0,3,3.7,6,0,1
1169.0,0.8187146602889639,0,13.0,1,133.9,0,0,0
1113.0,1.103105789549717,1,11.0,0,358.9,3,0,0
14366.0,1.2054473559832717,0,12.0,3,96.4,0,0,0
16659.0,1.1041636829479977,1,14.0,0,1340.4,3,0,0
13587.0,1.1540475323031802,0,16.0,2,433.6,1,0,0
19367.0,1.1666096812880264,0,20.0,1,807.1,3,0,0
16422.0,1.40763047414148,1,10.0,1,563.8,2,0,0
21732.0,0.9470917141568298,0,19.0,3,320.1,3,0,0
9611.0,1.2960076374197722,0,11.0,1,322.3,2,0,0
16247.0,0.9476276680094305,0,11.0,0,635.4,2,0,0
20060.0,0.8582521388738498,1,16.0,0,810.9,1,0,0
18641.0,1.2083240888575344,0,15.0,4,33.2,0,0,0
14944.0,1.3056933718705785,0,13.0,1,778.7,2,0,0
39305.0,1.161856569477617,0,9.0,2,383.9,3,1,0
5148.0,0.8921892096017867,0,9.0,3,389.5,2,0,0
17797.0,0.7825440887076461,0,19.0,1,886.5,5,0,0
22539.0,0.9724871826393789,0,9.0,2,1028.0,1,0,0
29106.0,1.5238240444826738,0,18.0,3,851.9,3,0,0
21809.0,1.3441899255752041,1,18.0,2,964.7,2,0,0
1843.0,1.061792139103416,0,8.0,2,1443.7,1,0,0
4099.0,0.6860560893992609,0,14.0,3,31.8,0,0,0
3080.0,1.1756989472388542,0,14.0,3,645.8,4,0,0
50233.0,1.0173459265344458,0,7.0,1,361.7,1,0,0
19190.0,1.3873549884349443,1,14.0,3,97.3,0,0,0
22321.0,1.325541068261469,1,14.0,1,43.5,3,0,0
45657.0,1.565960067317413,0,22.0,1,327.2,3,0,1
742.0,1.2730465822086048,0,15.0,0,717.7,1,1,0
19825.0,1.3682973490621397,1,8.0,0,210.2,1,0,0
48010.0,2.586106091984723,1,23.0,3,18.4,6,1,1
12755.0,0.9848299208226792,0,12.0,1,366.3,2,0,0
22680.0,1.2333531161781082,1,5.0,10,7.5,6,0,1
5671.0,1.1141540873842226,1,16.0,0,63.4,2,0,0
18366.0,0.42489725699801584,0,14.0,1,692.6,4,0,0
43951.0,4.559519397717182,1,23.0,4,0.9,10,0,1
22897.0,0.6637707988590633,0,16.0,2,278.3,4,1,0
26132.0,1.085381099040212,0,19.0,1,607.1,2,0,0
9065.0,0.7248417835515206,0,13.0,2,327.8,3,0,0
15862.0,1.0395551215716985,0,19.0,2,273.2,6,0,0
100181.0,3.712519951948764,1,2.0,4,112.6,3,1,1
7049.0,3.560334996041661,1,1.0,7,30.3,4,1,1
5167.0,0.8961231555399536,0,15.0,2,808.5,2,0,0
32446.0,1.0828565447166756,1,13.0,3,188.7,2,1,0
11568.0,1.145312003852532,0,22.0,1,476.6,2,0,0
3902.0,0.7547084571458564,0,17.0,1,31.0,2,0,0
11737.0,0.6383153217516657,1,10.0,1,68.4,2,1,1
21282.0,1.0386258122819432,0,11.0,0,82.7,4,0,0
7700.0,1.2736370688083642,0,12.0,2,186.9,1,0,0
20038.0,0.9770916120107741,0,12.0,1,313.3,3,0,0
6617.0,1.2262399871460121,1,15.0,2,272.4,3,0,0
930.0,1.232144029140774,0,19.0,2,341.3,3,0,0
21912.0,0.7594343565477759,0,10.0,0,106.8,2,0,0
3696.0,0.5061913308914541,0,17.0,1,170.3,2,0,0
19341.0,7.159280028857983,1,23.0,3,58.7,5,1,1
66783.0,1.0854394203394113,0,16.0,1,458.1,1,0,0
16042.0,1.0875075815654387,0,8.0,1,304.9,0,0,0
21549.0,1.097271622808651,0,21.0,5,925.0,3,0,0
10143.0,1.124826669235192,0,17.0,2,1639.4,4,0,0
22895.0,0.698824301354279,1,13.0,0,187.2,2,0,0
37464.0,1.1774546558153158,0,19.0,0,689.9,1,0,0
20894.0,0.8233339302382778,0,20.0,4,730.6,1,0,0
12618.0,0.5008240130990933,0,14.0,3,125.0,1,0,0
51099.0,0.9098459683015376,0,15.0,0,34.9,1,0,0
11735.0,0.9553967674099667,0,18.0,1,344.7,7,1,0
23888.0,0.9348241600264127,0,19.0,1,663.2,3,0,0
53023.0,1.469135303482381,0,1.0,6,5.7,6,1,1
19182.0,0.8779470838511059,0,15.0,0,694.9,1,0,0
24458.0,1.2321672748401122,0,20.0,1,176.6,2,0,0
15097.0,0.7624161545408205,0,5.0,2,380.4,1,0,0
1605.0,1.0676834275337896,0,9.0,2,106.3,3,0,0
13589.0,4.869836351794115,1,3.0,3,4.6,7,1,1
8220.0,0.8469384482570451,0,11.0,0,260.8,2,0,0
13875.0,6.044423505890558,1,1.0,4,10.9,6,0,1
15330.0,0.7024142504235411,0,7.0,2,81.6,0,1,0
3925.0,0.9955908374919311,1,13.0,2,80.1,2,0,0
10804.0,0.9193949854324192,0,15.0,0,997.9,4,0,0
34074.0,1.073450890189878,0,11.0,1,692.8,0,0,0
8582.0,0.8284006606256538,1,22.0,2,391.5,4,0,0
11351.0,0.5183236612648175,0,13.0,2,627.3,2,0,0
21712.0,5.747269009300411,1,22.0,6,26.1,9,0,1
56804.0,3.7118902440170682,1,23.0,7,31.2,8,0,1
11209.0,0.8524272647478472,0,9.0,1,140.4,0,0,0
12301.0,0.9804637495473069,1,18.0,2,24.8,2,0,0
6370.0,0.9394660579551556,0,10.0,3,194.0,2,1,0
8791.0,1.011277000303349,0,10.0,0,760.5,1,0,0
25376.0,1.1771431171681905,0,12.0,2,587.7,1,0,0
7839.0,0.9852688443344347,0,14.0,3,96.4,0,0,0
11758.0,1.3264682065525675,0,10.0,1,412.5,2,0,0
4534.0,1.0424137797110675,0,15.0,0,148.7,3,0,0
16147.0,1.015951773103437,0,19.0,0,305.1,0,0,0
13417.0,1.226918653757057,0,22.0,2,297.2,2,0,0
12098.0,5.723124053237297,1,1.0,6,3.6,11,1,1
28289.0,0.673619024207581,1,14.0,1,15.4,3,0,0
14743.0,0.8497254642594567,0,14.0,0,218.5,2,0,0
19341.0,1.2951319787822266,1,9.0,4,801.1,3,0,0
22348.0,1.3837023311496222,0,13.0,2,242.1,4,0,0
24136.0,0.9860028527079392,0,12.0,3,334.7,1,0,0
13748.0,1.1260967378656723,0,11.0,1,126.8,4,0,0
13174.0,1.086879209784727,0,12.0,1,535.1,1,0,0
2396.0,0.7295193878380852,1,11.0,1,128.2,1,0,0
5776.0,1.2809292154604375,0,7.0,3,784.3,0,0,0
21230.0,2.248756228686089,1,22.0,5,17.3,8,1,1
37980.0,5.819263373295141,1,3.0,3,5.0,6,1,1
10669.0,0.4871776359882434,0,8.0,1,1000.9,0,1,0
3765.0,1.3432942709822964,0,14.0,2,556.0,2,0,1
32135.0,6.973733501356429,1,5.0,5,18.8,7,1,1
20368.0,0.6744331577571238,0,12.0,1,66.4,1,0,0
15284.0,0.8032242503513427,0,15.0,1,116.9,5,0,0
120518.0,7.632276335027726,1,1.0,7,24.4,6,1,1
21466.0,0.8219143808257746,0,17.0,2,563.2,1,0,1
32427.0,1.3001154233708812,0,16.0,0,660.3,0,0,0
2913.0,0.4582760824967186,1,17.0,0,595.1,3,0,0
86703.0,3.201667625294697,1,4.0,2,16.2,5,1,1
14469.0,0.992963092164596,1,8.0,2,57.6,3,0,0
7455.0,1.0316448192940322,0,19.0,2,932.8,1,0,0
79330.0,5.09412438247341,0,0.0,5,5.0,9,1,1
8631.0,0.5905266333097212,0,19.0,3,218.9,1,0,0
23474.0,0.948497013655792,0,15.0,1,774.8,0,1,0
9561.0,1.359908382631729,0,9.0,3,320.2,2,0,0
237.0,1.3045167675121772,0,9.0,1,99.0,3,0,0
91069.0,7.357305414014597,1,1.0,7,11.2,14,0,1
125973.0,6.28909968158795,1,4.0,7,6.5,4,1,1
4446.0,0.978731321833694,0,18.0,0,556.3,1,0,0
13171.0,0.869416581443157,0,19.0,1,399.7,1,0,0
42971.0,1.3979699089554034,0,13.0,2,642.7,2,1,0
6610.0,1.2849963156820563,0,18.0,1,35.9,2,0,0
34419.0,0.9319393010729374,0,16.0,3,684.4,3,0,0
135173.0,3.3973922107085857,1,5.0,4,33.9,4,1,1
26677.0,1.5723843112116374,0,14.0,1,285.2,2,0,0
66106.0,5.17560505676405,1,0.0,6,21.7,5,0,1
24732.0,1.237408822713261,1,16.0,1,377.3,4,0,0
22075.0,0.8174069494098002,0,18.0,2,972.1,1,0,0
14921.0,1.281472055103063,0,8.0,2,751.7,3,1,0
10527.0,0.7571391708198822,0,10.0,1,310.9,5,0,0
16822.0,1.071955252079722,0,17.0,2,252.3,1,0,0
22579.0,1.1787848509974816,0,12.0,2,380.7,7,0,0
17003.0,1.2668835625269614,1,12.0,1,416.2,2,0,0
12515.0,1.0851088304258967,1,14.0,1,654.7,2,0,0
6967.0,1.3003590127488551,0,19.0,2,1248.6,0,0,0
25124.0,1.1458332408394143,0,19.0,2,725.4,2,0,0
3289.0,0.7597586265115133,0,8.0,0,48.6,3,0,0
19001.0,1.1300273989062066,0,11.0,3,400.2,1,0,0
3495.0,0.8076361332984988,0,12.0,1,108.1,3,0,1
19763.0,1.3984205823685352,0,13.0,0,380.8,0,0,0
15737.0,1.6090986595086978,0,23.0,1,1018.0,2,0,0
36033.0,0.8036509910149505,0,16.0,0,274.2,3,0,0
6709.0,1.0728117813414206,0,11.0,2,329.9,6,0,0
37463.0,1.1124629295413746,1,12.0,2,694.6,6,0,0
14299.0,0.7470326903413858,0,14.0,3,221.8,2,0,0
4042.0,0.8273275149313439,0,20.0,1,374.1,3,0,0
6295.0,1.2924709036438622,0,16.0,2,156.7,3,0,0
24393.0,0.6029813347143467,1,13.0,1,213.6,0,0,0
13314.0,0.9358165183947862,0,12.0,4,303.5,2,0,0
11504.0,0.7166407792146725,0,8.0,3,1052.3,2,0,0
4799.0,1.0914023658583982,0,18.0,1,117.7,3,0,0
20838.0,0.5789721227539983,0,13.0,1,2325.1,1,0,1
27114.0,1.083663094491327,0,15.0,1,157.3,2,0,0
19176.0,0.8469008531041214,0,10.0,2,349.9,2,0,0
33574.0,0.9783782197474796,0,13.0,1,87.3,1,0,0
8062.0,1.1789902437929531,0,14.0,1,997.2,3,0,0
15068.0,1.1089262817212764,0,12.0,4,625.7,1,0,0
12138.0,0.945150347571544,0,18.0,2,236.1,0,0,0
15991.0,1.344325663972557,0,12.0,4,203.9,2,0,0
13274.0,1.0974062169722527,0,23.0,3,620.0,2,0,0
6530.0,0.8415295356071099,1,16.0,2,60.0,1,1,0
22665.0,0.7972790702207098,0,17.0,1,13.9,2,0,0
5263.0,0.9190078219046927,0,16.0,2,1086.4,2,0,0
15006.0,4.330287679010068,1,0.0,5,30.3,7,1,1
2321.0,0.9946056458461825,0,16.0,1,120.1,4,0,0
24094.0,0.9809796758875002,0,14.0,1,1671.3,1,0,0
61457.0,1.1675260229342896,0,13.0,2,33.7,1,0,0
2248.0,0.6752050015602868,0,21.0,0,569.7,2,0,0
18113.0,4.03583252002576,1,23.0,8,9.9,5,0,0
19792.0,1.0134356404019067,0,8.0,4,148.9,2,0,0
35036.0,0.9509579582707448,0,11.0,1,300.5,2,1,0
8700.0,0.9129492381661093,0,15.0,0,933.3,1,0,0
10333.0,1.1566610883891104,0,20.0,2,555.8,3,1,0
48944.0,5.998471457558072,0,21.0,2,34.1,6,1,1
9174.0,0.9893445983481859,0,22.0,0,266.5,4,0,0
8349.0,0.6093174982152003,0,13.0,4,51.0,2,0,0
17757.0,0.9614832854431715,0,9.0,3,93.9,2,0,0
29019.0,1.2465595707544814,0,12.0,1,145.5,3,0,0
10847.0,0.9933390783016988,0,17.0,1,530.1,3,0,0
20072.0,1.1232471711757746,0,14.0,0,536.3,1,0,0
69734.0,2.8034875464966964,0,2.0,4,4.8,7,0,1
15159.0,0.9056754780348061,0,15.0,1,971.6,0,0,0
4268.0,1.0770094853499126,0,10.0,2,34.4,1,0,0
17763.0,0.49708194011428264,0,18.0,1,66.0,5,0,0
97183.0,5.558979192472939,1,5.0,5,18.2,5,0,1
30674.0,1.326656458019724,0,8.0,3,303.5,2,1,0
47733.0,1.275769166697271,0,7.0,0,437.1,4,0,0
3271.0,0.876447172605044,0,10.0,2,60.7,3,0,0
16154.0,1.0670050095398587,0,11.0,2,117.0,4,0,0
28329.0,1.2554322682914913,0,15.0,3,27.8,1,0,0
4097.0,0.8573195669222193,0,23.0,0,262.5,0,0,0
7884.0,0.9501424966700904,0,10.0,4,43.3,2,0,0
25086.0,0.9000665024027761,0,16.0,0,302.4,4,0,0
6310.0,5.953007642018093,1,2.0,5,38.6,4,0,1
982.0,0.9010629384852838,0,9.0,2,465.2,2,0,0
2036.0,1.1299423870116168,1,15.0,2,576.5,0,0,0
6519.0,0.7428587128878376,0,15.0,0,773.8,0,0,1
5774.0,1.1287256937884316,0,15.0,0,813.9,2,0,0
14168.0,1.2610071686518582,0,15.0,3,543.7,1,1,0
2217.0,1.0607960827228333,0,19.0,2,1312.3,1,0,0
6689.0,1.0523192043843859,0,13.0,2,882.5,2,0,0
6541.0,0.8910098804878802,0,13.0,1,322.7,3,0,0
3918.0,0.9900796404283498,0,18.0,3,296.5,1,0,0
27665.0,0.7222573421119749,0,12.0,1,100.9,4,0,0
12602.0,1.5461139735314384,1,9.0,2,333.2,4,0,1
8641.0,0.3782310968599282,0,15.0,1,199.0,2,1,0
9924.0,1.1689879902372602,0,14.0,1,795.0,2,0,0
44738.0,1.2664192802913947,0,7.0,3,601.3,1,1,0
16685.0,1.2500611406041897,0,14.0,2,71.8,1,0,0
23361.0,1.1480337703057832,0,16.0,1,124.8,3,0,0
45192.0,1.2766067014921294,1,8.0,2,1197.1,0,0,0
11761.0,0.8393926276846829,0,11.0,1,1140.1,1,0,0
7785.0,1.0673014496307967,0,14.0,2,580.5,1,0,0
70841.0,2.3849095643439755,0,0.0,5,22.5,5,1,1
28268.0,1.272804694295345,0,12.0,3,361.9,2,0,0
48283.0,0.9657913818305317,0,18.0,0,991.6,1,0,0
17710.0,1.0940779925159438,0,15.0,0,1361.2,3,0,0
13207.0,1.061384596193305,0,15.0,2,691.7,2,0,0
33322.0,0.7680636994626805,0,8.0,1,644.3,1,0,0
13714.0,0.9345219755198735,0,15.0,4,415.3,3,0,0
34932.0,0.8301318928464828,0,23.0,1,5.2,2,0,0
14845.0,5.603291901054396,1,22.0,7,48.8,8,1,0
26461.0,1.2498887682021336,0,23.0,0,29.5,2,0,0
13388.0,0.9384215691044421,0,14.0,0,571.8,3,0,0
28328.0,0.9850443296929214,0,12.0,3,147.0,3,0,0
13304.0,1.184471997387091,0,15.0,2,479.9,2,0,0
20561.0,0.9945060921049401,0,19.0,1,163.9,3,0,0
17279.0,1.0218342047265747,0,20.0,1,129.7,4,0,0
26825.0,1.4361851214946328,0,12.0,0,591.2,0,0,0
7705.0,0.893907533913086,0,16.0,5,471.1,3,0,0
4061.0,0.832088433227032,0,16.0,1,134.7,5,0,0
17098.0,1.2134565601766285,0,14.0,1,336.2,0,1,0
11626.0,1.0813119248162975,0,18.0,3,490.7,0,0,0
14252.0,1.2507142436937468,0,12.0,0,161.8,1,0,0
26307.0,1.1639112024458875,0,16.0,3,15.8,1,1,0
5171.0,1.0748269290508292,0,8.0,0,39.8,2,0,1
26435.0,1.3343353428082358,0,11.0,4,459.6,2,0,0
14750.0,1.068061770406884,0,16.0,2,773.5,3,0,0
15678.0,1.396051746844458,0,14.0,0,1295.4,2,0,0
3850.0,0.6694579455692535,0,10.0,1,1044.6,1,0,0
7730.0,0.8759270255290549,0,21.0,2,167.5,1,0,0
82347.0,0.1,1,22.0,12,7.8,6,1,1
227482.0,4.25236281403626,0,1.0,5,1.2,6,1,1
3128.0,1.2372226511657896,0,6.0,1,128.2,3,1,0
14019.0,1.364853538097339,0,19.0,2,148.0,0,0,0
20852.0,3.7353254755542933,1,22.0,10,21.3,6,1,0
55515.0,1.0592536990306871,0,18.0,1,21.9,3,0,0
4698.0,1.1989555092595128,0,13.0,1,92.2,4,0,0
17160.0,0.6176154452975574,0,11.0,1,231.1,3,0,0
20407.0,6.207941667905799,0,5.0,6,12.8,3,0,1
14732.0,5.369397604486718,1,5.0,9,1.4,6,1,1
5565.0,0.8248929046773631,0,18.0,1,69.4,3,0,0
27646.0,1.1149434501111304,0,16.0,1,326.6,6,0,0
34514.0,4.133750326542684,1,5.0,4,3.8,3,0,1
23979.0,1.2911357412608837,0,17.0,2,872.7,5,0,0
24588.0,1.2688510172331244,1,11.0,1,72.2,3,0,0
28216.0,1.0827781056126105,0,18.0,2,168.0,3,0,0
56865.0,3.078943581638235,1,4.0,3,16.3,5,0,1
35981.0,1.2502571315053472,0,18.0,3,200.4,3,0,0
12668.0,0.7273915863322734,0,10.0,1,133.6,1,0,1
23020.0,1.3146178910035102,1,20.0,5,386.9,0,0,0
8885.0,0.8807327838565223,1,11.0,1,155.0,4,0,0
18030.0,0.8877761332791672,0,20.0,0,127.7,1,0,0
15275.0,0.5680630022535512,0,16.0,2,580.5,1,0,0
12446.0,0.745611145245378,1,11.0,1,1550.3,5,0,1
18699.0,1.4902737213799333,0,18.0,0,1273.5,1,0,0
13447.0,0.8536594238492482,0,14.0,2,260.6,4,0,0
14563.0,1.4040629339831894,0,10.0,1,41.3,2,0,0
10200.0,0.5446754596826255,0,13.0,0,484.4,4,0,0
14397.0,1.05208292504569,0,11.0,1,872.9,1,0,0
17647.0,0.5426972430715065,1,17.0,2,121.4,1,0,0
15175.0,0.8555847964083292,0,13.0,1,1698.4,1,0,1
11883.0,0.3458125987610591,0,16.0,2,69.5,1,0,0
20063.0,1.2388612714960767,0,17.0,2,389.6,0,0,0
7832.0,0.8427876097041777,0,18.0,2,35.3,1,1,0
6002.0,0.5614824370608217,0,18.0,0,79.9,4,0,0
5023.0,1.1752904295398574,1,16.0,0,166.8,4,0,0
11037.0,1.4601914505586988,0,13.0,1,139.9,0,0,0
11194.0,0.7859488619509558,0,14.0,2,99.0,0,0,0
10075.0,0.9935876672348587,0,8.0,1,138.5,4,0,0
22689.0,0.9711265130786662,1,10.0,2,854.2,6,0,0
25710.0,0.9181396958123414,0,11.0,1,61.0,4,0,0
16060.0,1.3452219540174117,0,18.0,5,126.5,3,0,0
29168.0,0.9772340940681363,1,20.0,2,582.9,1,0,0
5749.0,1.2846558957115826,0,12.0,2,818.3,2,0,1
57823.0,0.28967880901537413,1,2.0,6,21.0,11,0,1
8701.0,0.5801527129897475,0,20.0,2,285.1,2,0,0
4597.0,1.4305004405863935,1,20.0,0,774.9,3,0,1
81790.0,5.168838204973463,1,23.0,9,4.1,8,0,1
9136.0,0.7259581913233499,0,11.0,3,229.0,2,0,0
23506.0,1.4254233618872152,1,12.0,0,275.4,3,0,0
56847.0,5.6095925690669635,1,22.0,5,52.0,11,1,1
17149.0,1.0142912350670175,0,9.0,3,934.4,4,0,0
23713.0,0.4713452333850535,0,13.0,0,1132.2,3,0,0
4044.0,1.079721466061374,1,16.0,4,1330.0,1,0,0
23362.0,0.9343474447633957,0,7.0,2,116.6,0,0,0
7355.0,0.6975994819213189,0,18.0,3,10.3,2,0,0
20852.0,5.7102964139790835,1,5.0,6,43.5,8,0,1
43160.0,1.5428457650338077,0,9.0,5,829.9,3,0,0
25244.0,0.4083916604629333,0,17.0,1,229.1,1,0,0
22294.0,2.4685371213135663,1,21.0,10,49.7,6,1,1
8706.0,1.2077104680248378,0,14.0,0,128.6,4,0,0
11120.0,0.6957828516515594,0,10.0,1,136.0,4,0,1
1654.0,1.1369777703739463,0,16.0,0,74.9,2,0,0
25767.0,0.521667951983413,0,19.0,2,43.3,4,0,0
42781.0,0.7518343356929399,0,22.0,2,104.5,1,0,0
20423.0,1.2586039091484622,0,13.0,1,427.6,3,1,0
18342.0,1.3996426544528515,0,13.0,1,930.3,1,0,0
17062.0,1.2202901275407871,0,17.0,3,756.8,1,0,0
15879.0,1.0895908790939026,1,17.0,0,515.1,3,0,0
3465.0,0.9104175967985277,1,13.0,1,123.1,3,0,0
32720.0,0.9101509132459734,0,14.0,2,523.4,4,0,0
11580.0,1.1286123648602648,0,17.0,4,152.5,1,0,0
37337.0,1.1570523491066127,0,12.0,1,829.5,4,0,0
13211.0,1.088552201497382,0,14.0,0,116.5,1,0,0
19385.0,0.5779015609621041,1,21.0,4,193.3,0,0,0
10174.0,1.3262411415406818,0,16.0,0,13.8,2,0,0
6756.0,0.8686991871011733,0,13.0,0,227.9,4,0,0
19927.0,1.0835868552367087,1,10.0,1,19.9,1,0,0
24503.0,0.8073059315862703,0,9.0,0,448.1,2,0,0
4578.0,1.313244223721052,0,15.0,3,214.1,2,0,0
3856.0,0.782663735079842,0,14.0,4,710.4,0,0,0
14193.0,0.9086287000713382,0,9.0,1,1242.8,4,0,0
14273.0,0.7889802631558409,0,19.0,2,233.5,1,0,0
30336.0,4.5134283052119155,1,2.0,9,14.7,12,1,1
30089.0,0.7821974880416541,0,16.0,2,652.3,2,0,0
21439.0,1.3852857943403767,0,16.0,1,30.4,1,0,0
5116.0,1.259651152381775,0,13.0,0,129.6,4,0,0
41344.0,1.03277213679681,0,9.0,1,51.4,2,0,0
6639.0,0.9593999950235691,0,18.0,0,1171.3,2,0,0
58141.0,5.494437654858285,1,22.0,2,51.9,8,1,1
8044.0,1.2832977447104725,0,12.0,3,365.4,2,0,1
24959.0,1.0336479323630947,1,12.0,1,427.5,4,0,0
21225.0,4.617740818652844,0,22.0,8,5.0,6,1,1
6483.0,1.2443576251790847,0,11.0,2,379.9,1,0,0
5311.0,4.6028899938555465,1,23.0,4,29.9,7,0,1
7690.0,1.0269536815632185,1,14.0,1,275.7,0,0,0
40973.0,0.8819583858632395,0,20.0,1,29.7,4,0,0
23751.0,1.624552800559575,0,12.0,0,70.9,1,0,0
23090.0,1.237343457549506,0,10.0,1,321.3,3,1,0
35928.0,1.0590730496491685,0,13.0,1,148.0,1,0,0
3200.0,1.0953073246445126,0,19.0,0,441.7,3,0,0
19682.0,0.6999917924434693,0,21.0,6,720.6,4,0,0
26475.0,0.8737738592620522,0,12.0,0,277.1,0,0,0
17806.0,0.7903775109695357,1,15.0,0,861.0,0,0,0
23426.0,1.4555595566823958,1,11.0,2,810.4,0,0,0
37738.0,0.9664127010420934,1,18.0,1,127.6,4,0,0
22608.0,1.2773089500101944,0,15.0,2,636.2,2,0,0
31770.0,0.7464585087550792,0,13.0,2,686.0,3,0,0
20289.0,1.4157204362051377,0,18.0,1,984.5,1,0,0
1200.0,0.6119132886601947,0,9.0,3,393.4,3,0,0
5677.0,0.7924036189890808,0,15.0,1,668.7,3,0,0
23962.0,1.116052648704845,0,15.0,2,132.7,1,0,0
29497.0,1.2417090377939692,0,14.0,2,151.1,2,0,0
16986.0,0.9936717337712401,1,11.0,1,345.1,1,0,0
17464.0,1.176070755099876,0,20.0,3,141.9,3,0,0
25611.0,1.2302366107678857,0,17.0,4,893.8,1,0,0
5623.0,0.6828356431375863,0,13.0,0,330.2,2,0,0
13408.0,1.1078403964359247,0,10.0,0,119.1,3,0,0
46515.0,1.2663449425189937,0,17.0,2,181.9,1,1,0
17594.0,4.226866048750971,0,1.0,7,75.0,6,1,1
22110.0,5.037481202900769,1,5.0,4,22.3,5,0,1
24147.0,1.0864680919032383,0,13.0,2,271.9,0,0,0
29291.0,1.2636739068263867,1,16.0,1,41.8,2,0,0
4996.0,1.127324200555771,1,12.0,1,179.9,6,0,0
18436.0,0.7624872934894049,0,11.0,1,197.4,3,1,0
71023.0,6.3093645891954715,1,5.0,9,4.6,11,1,1
145386.0,3.6028380217884894,1,1.0,3,2.6,7,1,1
15498.0,4.790403462716064,1,0.0,3,7.3,4,0,1
13504.0,0.6630560045923518,0,7.0,4,403.4,3,0,0
13134.0,1.1296537928990191,0,15.0,0,297.5,2,1,1
12254.0,1.0354569796141013,0,11.0,1,252.3,0,0,0
8388.0,0.10375485976957444,0,10.0,1,18.2,3,0,0
4015.0,1.1640320623269051,1,12.0,0,8.2,2,0,0
15178.0,0.6027471944476654,0,9.0,1,310.4,2,0,0
11447.0,1.2555755871730818,0,14.0,1,16.9,2,0,0
14407.0,1.1291632707034964,0,14.0,2,663.5,1,0,0
30845.0,1.13680939908461,1,9.0,2,413.7,3,0,0
7430.0,1.0135038602886892,0,15.0,1,331.1,0,0,0
3415.0,1.4033671723930685,0,9.0,0,27.4,4,0,0
17911.0,0.6992222007149969,0,16.0,1,1157.1,1,0,0
51489.0,3.6512400307343054,1,21.0,7,8.9,7,0,1
16064.0,0.6208624770656116,0,14.0,1,18.7,2,0,0
7487.0,0.9186117107089934,0,13.0,0,8.0,4,0,0
8148.0,1.4078308548902894,0,16.0,0,78.2,2,0,0
14062.0,2.512887475988938,1,1.0,7,34.8,5,0,1
31160.0,6.900694064148803,1,21.0,9,6.5,7,0,1
16329.0,0.7416105640248356,0,17.0,1,782.9,3,0,0
22529.0,0.9043791504330442,0,18.0,3,75.8,5,0,0
22017.0,0.7812545733329145,0,5.0,1,374.6,2,0,0
19891.0,4.794516428963627,1,23.0,7,7.6,10,1,1
11402.0,1.1374934891567938,0,16.0,2,178.6,2,0,0
17019.0,1.5011204217187737,0,11.0,0,197.5,2,0,0
28059.0,4.980007572497632,1,0.0,7,50.9,6,1,1
18370.0,1.1340087978066427,0,11.0,1,484.8,2,0,0
15566.0,0.7486507084506869,1,12.0,3,170.5,2,0,0
9842.0,0.8980140447173294,0,6.0,5,463.3,4,0,0
14844.0,0.6531770939013873,0,8.0,1,435.8,4,0,0
15471.0,0.9284717045333654,1,11.0,1,32.8,1,0,0
1737.0,1.0952036285903672,0,20.0,0,244.3,4,0,0
4319.0,1.3497568304641547,1,15.0,2,506.9,3,0,0
5799.0,1.0714261116827992,0,16.0,1,189.3,7,0,0
8763.0,0.6632019220549688,0,10.0,0,182.0,0,0,0
4662.0,0.7090010739174974,0,15.0,1,210.7,1,0,0
8275.0,0.6588167541506601,0,16.0,1,101.0,2,0,0
12653.0,0.4519453576447846,0,22.0,1,1415.4,1,0,0
7774.0,0.8736622486507233,0,14.0,0,148.3,2,0,0
36491.0,1.2391544941883639,0,21.0,1,59.5,4,0,0
32630.0,6.470994497243751,1,21.0,4,12.1,4,1,1
8079.0,0.6744071117335998,0,13.0,5,226.5,3,0,0
17434.0,1.4621158163878656,0,14.0,0,288.2,0,0,0
26485.0,1.2050334143778194,0,11.0,2,224.7,4,0,0
20370.0,1.1618809887147084,0,5.0,1,296.4,1,0,0
7542.0,0.9208680537148435,0,10.0,1,22.5,2,0,1
10564.0,1.1577153785451981,0,11.0,1,671.7,1,0,0
4958.0,1.0949808217001122,0,10.0,3,431.0,3,0,0
9091.0,1.009269686405599,0,16.0,0,355.6,2,0,0
22908.0,0.4033988296580733,0,19.0,4,299.7,3,0,0
14752.0,1.0721204529021522,0,11.0,2,727.2,2,0,0
6910.0,1.0652915257197577,0,21.0,1,50.5,1,0,0
8951.0,1.1880456412883544,0,18.0,1,126.8,4,0,0
43523.0,1.2968779685383716,0,10.0,1,192.5,1,0,0
10003.0,1.22705435770851,0,10.0,0,253.7,1,1,0
17652.0,1.1087872974713178,0,18.0,2,161.6,1,0,0
43988.0,5.295016288945954,1,5.0,5,32.8,7,1,1
10388.0,1.1615291137366681,0,11.0,5,325.0,0,0,0
15695.0,0.8012090575837001,0,13.0,1,60.8,2,0,0
3692.0,0.9731082695514282,0,12.0,1,575.1,1,0,0
7512.0,0.8056591096515697,1,14.0,2,195.1,1,0,0
22472.0,1.312741279271283,0,13.0,4,793.8,2,0,0
12237.0,1.275098047488412,0,17.0,1,1087.1,2,0,0
9880.0,0.6798633556031571,0,16.0,3,397.4,2,0,1
40661.0,4.677783505666943,0,5.0,7,76.4,8,0,1
6040.0,1.4036055377431191,0,15.0,1,428.6,2,0,0
17508.0,1.0461299351735156,0,15.0,1,146.1,1,0,0
14062.0,1.1367787338236792,0,12.0,1,328.8,1,0,0
8007.0,1.3310735912116323,0,22.0,0,662.8,2,1,0
30673.0,1.2622705090420658,0,8.0,1,253.3,1,0,0
24748.0,1.2442739297229437,0,12.0,2,17.9,2,0,1
29811.0,1.1486471271844958,0,11.0,0,73.5,1,0,0
19404.0,0.7426777709249051,1,13.0,2,596.0,2,0,0
10558.0,1.0907120616558064,0,16.0,2,188.3,2,0,0
17695.0,1.1524216356959904,0,14.0,1,459.2,1,0,0
79009.0,3.389282869740028,1,4.0,5,27.2,4,1,0
8549.0,0.791045511542686,1,11.0,3,504.1,3,0,0
67696.0,7.235974587963497,0,22.0,9,32.5,3,1,1
8706.0,1.2315514657726676,0,23.0,0,65.0,2,0,0
2827.0,1.1136146557358635,0,9.0,1,338.6,2,0,0
16527.0,1.0049711774656727,0,8.0,0,85.2,2,0,0
30889.0,0.9845005476577401,1,3.0,0,442.1,1,0,0
11337.0,0.6197184301537422,0,11.0,3,510.5,1,0,0
12348.0,1.200811818261846,0,11.0,2,317.2,1,0,0
33071.0,0.8263168530819003,0,9.0,3,88.2,3,0,0
24966.0,1.0932662709530578,0,12.0,0,422.6,3,0,0
25145.0,0.8347466655006911,0,19.0,4,369.7,2,1,0
23030.0,7.408374956142712,1,21.0,6,7.1,7,1,0
9434.0,1.004911430767945,0,19.0,1,394.7,3,0,0
20264.0,1.3918272765324704,0,17.0,1,1118.5,2,1,0
12866.0,1.0773444036243685,1,18.0,2,314.5,2,0,0
64802.0,4.557578800582277,0,0.0,6,11.5,9,1,1
9070.0,0.9939774369505903,0,12.0,2,144.1,1,0,0
11695.0,0.5142556746178796,0,14.0,2,241.6,1,0,0
15953.0,0.987658347891295,0,15.0,0,68.8,0,0,0
80281.0,5.126670605166861,1,21.0,5,23.1,7,1,1
41502.0,0.6251445283832859,0,13.0,1,344.0,0,0,0
40233.0,0.7938991574034332,0,14.0,1,632.1,3,1,0
13700.0,1.0882224802583382,0,13.0,1,89.2,2,0,0
21733.0,1.2253256487896829,0,14.0,1,37.8,3,0,0
9044.0,0.792900371227365,0,20.0,0,415.9,1,0,0
16691.0,0.657981378061285,0,11.0,3,548.0,1,0,0
39604.0,4.1054110445697996,1,23.0,6,7.6,7,1,1
14099.0,0.7484645154832335,0,17.0,2,610.0,2,0,0
19344.0,2.3554827615597658,1,2.0,6,28.4,6,1,1
10108.0,1.0824137621169991,0,9.0,1,273.1,2,0,0
7294.0,0.44193796741217584,1,12.0,0,4.0,2,0,0
18815.0,1.0758637710473842,0,16.0,2,134.3,1,0,0
4642.0,0.9673472296921836,0,10.0,0,446.7,5,0,0
19727.0,1.0470911729670358,0,12.0,3,97.9,0,0,0
63126.0,5.698875431477536,1,2.0,5,6.8,10,0,1
14424.0,0.6830876921962914,0,15.0,1,539.0,3,0,0
14958.0,1.109714361551533,0,9.0,0,49.2,2,0,0
34733.0,3.5448576487177506,1,22.0,3,32.0,1,0,1
13217.0,1.2781119658165445,0,14.0,1,798.2,1,0,0
17869.0,1.2677440992050517,0,11.0,1,298.1,2,0,0
15549.0,1.3587700045001758,0,20.0,2,171.2,1,0,0
5247.0,0.8508484183211702,0,10.0,0,98.5,2,0,0
20981.0,0.6277425633680489,0,10.0,3,476.2,1,0,0
5543.0,0.9534674062426203,0,19.0,1,54.7,2,1,0
25823.0,0.7707127805421428,0,7.0,0,348.4,2,0,0
9626.0,0.22430980084398178,1,13.0,1,834.5,6,0,0
16266.0,1.3520825888244055,0,15.0,0,585.5,1,0,0
26974.0,1.0423706442082408,0,15.0,3,678.1,1,0,0
5250.0,1.2195397347561259,0,13.0,2,27.9,0,0,0
14812.0,0.9138811868293886,0,23.0,1,367.2,1,0,0
7235.0,1.4573005744663075,0,11.0,4,310.7,2,0,0
23693.0,1.3813494172186473,0,13.0,2,956.9,2,0,0
17855.0,1.0927256361945552,1,14.0,3,49.9,3,0,0
27279.0,0.8861501297898381,0,22.0,1,50.1,2,0,0
11607.0,1.2939465062688136,0,14.0,0,552.9,1,0,0
2279.0,0.6931127455919541,0,16.0,2,324.0,3,0,1
10021.0,1.1470557318282337,0,20.0,3,613.3,3,0,0
28582.0,4.693645400256951,1,1.0,6,0.4,5,1,1
44991.0,1.1332836009271017,1,15.0,1,38.0,5,0,0
10353.0,1.0792061214900168,1,7.0,2,26.8,2,1,0
22883.0,1.1781710618725938,0,13.0,1,54.1,0,0,0
5339.0,1.1439691591880834,0,10.0,2,389.1,1,0,0
22100.0,0.8970355209921067,0,12.0,1,1054.3,3,0,0
7905.0,1.0760752686604054,0,20.0,0,9.9,0,0,1
4031.0,0.8613193188487196,0,14.0,1,82.2,2,0,0
7127.0,5.926953288093558,1,3.0,5,12.2,10,0,1
7553.0,0.8397686476218404,0,15.0,3,75.3,5,0,0
8928.0,0.8054216815538611,0,20.0,1,164.1,0,0,0
20737.0,1.2102111002067617,0,13.0,1,519.1,2,0,0
36171.0,0.9063080676781042,0,14.0,1,666.0,2,0,0
15980.0,0.9927498468361459,1,10.0,0,507.5,2,0,0
67203.0,0.6839414530005902,0,8.0,0,22.7,2,0,0
11664.0,0.9858054307153141,0,12.0,0,1686.7,1,0,0
22754.0,0.7975507493756697,0,11.0,3,77.3,2,0,0
25643.0,1.7650550086541181,1,22.0,5,35.0,9,0,1
11922.0,0.9217168389208039,0,14.0,1,55.7,1,0,0
11245.0,0.7522018815021251,0,8.0,7,829.7,3,0,0
11702.0,1.084519747679145,0,18.0,2,597.9,1,0,0
22351.0,0.980107467658053,0,9.0,2,466.3,6,0,0
7571.0,0.8913459512549338,0,9.0,0,357.1,2,0,0
34194.0,0.7023696081634052,0,16.0,0,78.0,0,0,0
2024.0,0.6716104554538378,1,21.0,3,29.0,0,0,0
7801.0,0.7512428847261073,0,15.0,0,28.5,1,0,0
16163.0,1.4902739471147528,0,13.0,3,323.7,1,0,0
9741.0,1.04707159189771,0,11.0,0,173.9,3,0,0
10002.0,0.770746712235377,0,20.0,3,143.9,8,0,0
19717.0,1.060502853579805,0,14.0,2,38.9,2,0,0
19591.0,1.1141480000486068,1,14.0,0,714.4,1,0,0
7331.0,1.1926025876873045,0,18.0,3,231.3,4,0,0
8833.0,1.402787397206748,0,21.0,2,107.4,2,0,0
18186.0,1.1444932795771308,0,11.0,1,21.8,2,0,0
10143.0,0.5191581808817467,0,9.0,3,477.9,2,0,0
7178.0,1.2474240119762354,0,14.0,0,206.2,0,0,0
9913.0,0.6366218803688761,0,12.0,3,107.2,2,0,1
13430.0,0.9085075890669485,0,17.0,1,804.6,2,0,0
41922.0,5.8820409493286565,1,4.0,8,1.7,9,0,1
4753.0,1.4323005299048432,0,5.0,2,70.5,1,0,0
19155.0,0.4833169705803877,1,13.0,2,413.0,2,0,0
14725.0,0.9489411999287134,0,6.0,2,670.4,2,0,0
22987.0,0.4107922240608347,0,13.0,1,956.4,1,0,0
22597.0,0.7547308771705254,0,18.0,0,292.9,0,0,0
10163.0,0.8400642641379442,0,8.0,1,0.1,2,0,0
6487.0,0.7586775117951634,1,17.0,3,9.0,8,0,0
21232.0,1.4434027241635692,0,19.0,1,279.1,4,0,0
63113.0,3.5919310093425225,1,2.0,4,20.8,6,1,1
6043.0,0.4743402515469035,0,13.0,0,11.2,3,0,0
8303.0,1.71220628182808,0,10.0,2,134.6,1,0,0
18410.0,0.6813385569223438,0,15.0,2,188.0,2,0,0
16841.0,1.0574940287558685,0,9.0,0,178.2,1,0,0
13925.0,0.8752386634853211,0,5.0,3,49.6,3,0,0
23926.0,6.607831392538242,1,23.0,9,7.7,11,1,1
27365.0,1.0684497828862596,0,16.0,1,585.3,1,1,0
13856.0,0.7454183254067641,0,19.0,2,397.8,3,0,0
13334.0,1.0880445770919425,0,4.0,1,81.9,1,0,0
8928.0,1.3717573785860557,0,23.0,1,830.0,3,0,0
26349.0,5.702831147670729,1,2.0,6,7.0,6,0,1
18935.0,1.2217816013688918,0,19.0,0,243.3,5,0,0
10237.0,1.0916908657525806,0,18.0,3,206.3,0,0,0
8446.0,1.1017251929249772,1,18.0,1,152.1,0,0,0
5326.0,1.139487770348234,1,14.0,2,1708.9,4,0,0
12386.0,1.3318972012374155,0,19.0,2,1021.1,2,0,0
19378.0,1.3468215667867058,0,13.0,1,312.3,3,0,0
34640.0,1.2896251448512814,0,11.0,1,477.0,2,0,0
5517.0,0.7063413807716563,0,13.0,0,334.3,4,0,0
26980.0,0.9146695719527093,0,15.0,1,179.3,1,0,0
11347.0,1.0145770093662216,1,20.0,0,984.4,4,0,0
24484.0,1.096716136110865,1,16.0,0,295.7,3,0,0
27965.0,0.9244759920780558,0,17.0,1,362.9,1,0,0
12419.0,0.5661474602086891,0,18.0,2,151.5,5,0,0
9605.0,0.8873341391441621,0,9.0,0,432.9,1,0,0
162470.0,8.028957421381246,1,22.0,6,15.9,5,0,1
7073.0,1.2266190250441684,0,12.0,2,367.2,5,0,1
2752.0,0.9611017268785714,0,12.0,0,28.3,0,0,0
3657.0,1.1043061136048824,0,11.0,0,545.0,1,0,0
41904.0,1.9181773805121325,1,0.0,9,38.2,9,0,0
39777.0,2.7774741820346445,1,2.0,5,1.1,5,1,1
42764.0,1.308373387061498,0,20.0,1,389.0,2,0,1
37035.0,3.6596616171582066,1,23.0,6,35.6,7,1,1
12197.0,0.9778139658411796,0,17.0,2,192.5,0,0,0
10377.0,0.7676312444843703,0,16.0,2,307.7,3,0,0
37871.0,0.7452848082333219,0,10.0,0,2290.8,2,0,0
6666.0,1.0854902880152615,1,12.0,4,623.0,1,0,0
16460.0,5.150761843356774,1,1.0,7,11.4,7,0,1
6411.0,0.8948883906481356,0,15.0,3,478.7,5,0,0
10338.0,1.1651213060066958,0,12.0,1,325.8,2,0,0
3156.0,1.1270048541153417,0,13.0,1,239.9,2,0,0
9563.0,1.218415127424853,0,17.0,0,1137.0,2,0,0
21495.0,0.4674818390603699,1,15.0,3,289.2,4,0,0
19475.0,4.130095918410946,0,23.0,8,6.7,7,1,1
7736.0,0.9888984879277045,0,13.0,1,49.8,4,0,0
8688.0,1.1590537720210885,0,19.0,1,154.2,2,0,0
13260.0,1.262930522548874,0,16.0,3,380.1,1,0,0
18170.0,1.4364427139246168,1,16.0,2,1618.1,0,0,0
38283.0,0.64858847451909,0,9.0,4,151.5,1,0,0
6542.0,1.018319768165363,0,14.0,0,355.1,2,0,0
14351.0,0.7584432162683025,0,14.0,1,129.8,5,0,0
18125.0,1.3286997823439064,1,14.0,1,24.7,2,0,0
16295.0,1.296610243029951,0,10.0,2,58.2,0,0,0
13743.0,0.816813913161323,0,17.0,3,608.8,3,0,0
37074.0,0.6895337823421441,0,15.0,1,34.6,4,0,0
10841.0,1.147364874655771,1,12.0,2,743.8,1,1,1
15294.0,1.075009654764792,0,13.0,0,242.6,0,0,0
19774.0,1.5463179405288452,0,20.0,1,1741.1,1,0,0
15290.0,0.6274283525220253,0,16.0,3,314.7,4,0,0
9488.0,1.262233790646277,1,12.0,3,1141.9,4,0,0
6736.0,0.9970326173305003,0,13.0,4,579.1,3,0,0
8260.0,0.9540625115323565,0,14.0,1,606.6,0,0,0
10097.0,0.9651737244610644,1,18.0,2,277.4,2,0,0
8097.0,0.7652728149041759,0,14.0,1,340.4,2,0,0
22209.0,3.532950174299506,1,5.0,12,26.9,7,0,1
31606.0,0.759678896847014,0,19.0,2,919.3,0,0,0
38980.0,1.1075137851682137,0,12.0,2,323.4,2,0,0
4147.0,0.8873039320792495,0,9.0,3,692.3,2,0,1
4887.0,1.1903750555434853,0,6.0,0,136.2,1,0,0
39086.0,4.8128307422315215,1,22.0,5,47.2,6,1,0
10699.0,0.8987350763275445,0,10.0,2,4.2,1,0,0
63475.0,6.491013187773637,1,0.0,8,14.6,8,0,1
20572.0,1.0054399601993318,0,23.0,1,871.3,2,0,0
8859.0,1.2767862519135023,1,17.0,2,649.5,2,0,0
6999.0,0.7867833384108395,0,15.0,2,467.4,2,0,0
12837.0,1.4438367899340483,0,14.0,1,415.2,0,0,0
8675.0,1.1297248772498705,0,8.0,3,628.2,1,0,0
27120.0,1.0673082225230308,0,15.0,2,54.8,2,0,0
15333.0,0.7436343562392028,0,13.0,0,377.8,1,0,0
8726.0,1.122251988742232,0,12.0,3,1084.8,3,0,0
18133.0,1.104759737426455,0,12.0,1,387.9,2,0,0
15252.0,0.9727370605335726,1,11.0,3,152.0,3,0,0
7132.0,0.809100585593016,1,9.0,0,206.0,4,0,0
23786.0,1.1254725949182824,0,19.0,3,869.2,3,0,0
15306.0,0.6956518524688289,1,16.0,1,375.0,3,0,0
13161.0,1.3078132198390033,0,18.0,1,357.8,2,0,0
7054.0,1.0098130184875085,1,19.0,2,222.9,2,1,0
27469.0,0.7347411820334179,0,11.0,1,180.1,1,0,0
13396.0,1.0853465207640187,0,8.0,2,26.9,1,0,0
14027.0,1.3584459886264444,1,12.0,2,603.8,2,0,0
28039.0,0.950665116605674,1,22.0,1,20.0,3,0,0
15867.0,1.2263420104116438,0,11.0,2,179.3,2,0,0
22533.0,0.8851235046296945,0,13.0,1,128.5,3,0,0
3520.0,1.0685855813069125,0,18.0,2,174.4,3,0,0
7197.0,1.432288307171588,0,12.0,1,193.3,5,0,0
8978.0,0.7264642695924212,0,14.0,2,460.1,0,0,0
15773.0,1.1727593506945815,0,11.0,1,52.6,1,0,0
13351.0,0.5435222859900593,0,5.0,1,531.1,4,1,0
11594.0,1.3392990160629947,0,17.0,0,145.7,1,0,0
16941.0,0.7555434365258878,0,12.0,1,351.2,5,0,0
6837.0,0.8453664239603853,0,16.0,1,103.2,2,0,0
39242.0,4.661036565434698,1,1.0,4,11.1,12,1,1
15222.0,1.0582867490838628,0,14.0,2,436.9,0,0,0
18396.0,1.0980529173319535,1,15.0,1,291.0,1,0,0
29239.0,1.2733085229641292,0,11.0,2,94.0,2,0,0
13356.0,1.067839240665646,0,10.0,5,60.0,0,0,0
2655.0,0.9176291932368156,0,18.0,1,473.5,3,0,0
12037.0,0.9984846926979373,1,7.0,0,666.5,2,0,0
19802.0,0.6535617552648618,0,17.0,1,307.5,3,0,0
108195.0,1.745269992828978,1,1.0,8,0.7,7,0,1
6745.0,0.7590957338122296,1,15.0,2,233.3,2,0,0
8126.0,1.0109609890533735,0,22.0,1,439.5,2,1,0
11769.0,0.6546676360295781,0,12.0,0,8.3,2,0,0
56455.0,1.0187588155603773,0,19.0,1,498.7,5,0,0
13024.0,0.6058491654331348,0,11.0,2,877.1,2,0,0
6217.0,1.084519297367674,0,18.0,0,175.9,0,0,0
6303.0,0.6352533169625981,0,20.0,1,262.1,3,0,0
103443.0,2.591144854031817,1,23.0,7,5.4,7,1,1
11484.0,1.329702515030599,0,17.0,3,176.9,4,0,0
6622.0,0.9333455446324082,0,14.0,1,188.7,3,0,0
13612.0,1.1375596926558011,0,15.0,1,172.4,1,0,0
7040.0,0.774154531207395,0,16.0,1,53.0,0,0,0
9955.0,1.4276439772480634,0,13.0,2,77.0,1,0,0
8042.0,0.6514978887775069,0,18.0,1,30.4,1,0,0
16926.0,1.298678806247697,0,14.0,2,143.8,5,0,0
71530.0,6.522591701305646,1,4.0,4,0.6,4,1,0
9536.0,0.8234532009686106,0,14.0,3,52.3,4,0,0
25142.0,0.9448186860559129,0,14.0,1,514.4,1,0,0
19777.0,0.6585200439387742,0,9.0,1,938.5,4,0,0
6956.0,1.1912573699273428,0,17.0,5,114.5,2,0,0
17063.0,1.0823560555936702,0,14.0,1,195.0,1,0,0
10008.0,1.0754081832406694,0,14.0,1,411.2,4,0,0
3715.0,0.7313726791676771,0,11.0,1,380.9,1,0,0
16134.0,0.9517918065580303,0,18.0,1,0.9,2,0,0
6069.0,1.074838347592469,0,14.0,4,574.2,6,0,0
60303.0,1.4796974826520168,0,8.0,2,155.3,2,0,0
13309.0,4.361620242881059,1,21.0,6,13.5,8,1,0
16845.0,1.0341229985014313,0,16.0,0,1398.5,1,0,0
3181.0,0.790710259216931,0,16.0,3,272.6,0,0,0
35796.0,0.5857151930251983,0,19.0,3,23.8,4,0,0
11537.0,1.4547069263631562,0,14.0,0,357.4,2,0,0
7969.0,1.00600015324137,0,17.0,0,217.9,5,0,0
14547.0,1.1508925809212558,1,9.0,3,780.1,0,0,0
14674.0,1.0792943665929757,0,14.0,0,13.9,0,0,0
15019.0,1.083914539871809,0,21.0,1,602.3,1,0,0
71469.0,1.0660846170945002,0,15.0,4,103.8,2,0,0
27523.0,1.3661944429077169,0,12.0,2,1386.3,0,0,0
12985.0,1.172233632521783,0,13.0,0,842.0,0,0,0
25435.0,1.3578656627388124,0,12.0,1,105.9,2,0,0
4768.0,1.1507500491532225,0,19.0,2,217.6,1,0,0
45134.0,4.2683053487099825,0,4.0,4,23.3,4,0,1
60465.0,5.322862050221113,1,22.0,4,25.2,4,1,1
55465.0,1.052138026403969,0,14.0,0,384.5,4,0,0
31562.0,1.4966507679228096,0,12.0,2,656.4,2,0,0
14492.0,0.5232152930803181,0,14.0,3,700.4,3,0,0
61191.0,2.197132886906721,1,22.0,3,39.7,10,1,1
9159.0,0.9302287255466231,0,23.0,2,392.6,2,0,0
9810.0,1.1115992873698668,0,10.0,1,284.6,2,0,0
35919.0,1.2462462567777663,0,15.0,2,158.8,2,0,0
171250.0,3.6747816561498743,1,4.0,4,3.1,6,1,1
13369.0,0.9832055498263194,0,14.0,4,12.1,3,0,0
3013.0,1.2051574618019982,0,14.0,1,522.7,2,0,1
7450.0,1.3148971531080966,1,18.0,2,142.4,2,0,0
21397.0,0.8606453965042653,0,10.0,1,169.2,2,0,0
23030.0,1.104878572111676,1,9.0,4,317.4,5,0,0
5415.0,1.1623097888926235,0,14.0,1,106.8,1,0,0
23898.0,0.9209721413718271,0,19.0,2,565.0,1,0,1
10538.0,1.3517388944454523,0,9.0,2,376.4,3,0,0
2205.0,0.5584672085286766,0,16.0,3,847.0,1,0,0
10753.0,0.9577780149296304,0,18.0,2,256.1,3,0,0
13772.0,1.0147037549956137,0,18.0,0,331.6,2,0,0
16531.0,1.2586609183313957,0,11.0,2,1242.9,0,0,0
12364.0,1.1473449874165826,0,9.0,1,41.6,0,0,0
21120.0,0.7701067425294243,0,10.0,1,1142.7,1,0,0
33811.0,0.9065212667864473,0,13.0,1,4.3,4,0,0
12595.0,0.8393395333832904,0,15.0,2,136.5,4,0,0
10494.0,0.5647043938746727,0,13.0,3,139.8,2,0,0
5699.0,0.6944770030600624,0,11.0,0,773.9,4,0,0
24056.0,0.7741494343637292,0,11.0,1,754.1,2,1,0
8090.0,0.600126949852275,0,19.0,0,594.6,3,0,1
13576.0,1.1208998288151304,0,14.0,2,778.6,3,0,0
15988.0,1.4295972405697175,0,11.0,5,1256.5,4,0,0
22218.0,1.0364355997597592,1,15.0,2,407.7,3,0,0
16522.0,1.2448148258134484,0,9.0,3,1090.8,3,0,0
5651.0,0.746619593976581,0,15.0,3,413.2,4,0,0
102695.0,6.8769957620834585,1,0.0,3,26.5,11,0,0
25484.0,1.4509164518691495,0,14.0,1,96.0,3,0,0
9776.0,0.67959351492922,0,16.0,0,2273.8,7,0,0
8134.0,1.3001543665774729,1,12.0,2,722.5,2,0,0
4287.0,0.5879308127824819,0,14.0,3,158.8,1,0,1
4922.0,0.842795282516152,0,7.0,1,17.5,3,0,0
23880.0,1.2762126387955564,1,7.0,2,284.8,0,0,0
12364.0,0.8678378228364761,1,5.0,2,25.5,0,0,0
60489.0,0.7668041834924866,0,13.0,3,66.2,3,0,0
10661.0,1.4772918208286754,0,12.0,3,186.1,2,0,0
6224.0,1.1775406195664375,0,18.0,1,154.3,6,0,0
4822.0,0.7659467027351852,0,17.0,0,284.3,1,1,0
17452.0,0.9578873237792721,0,12.0,1,548.6,3,0,0
14795.0,1.0262407622379655,1,20.0,0,14.1,4,0,0
10241.0,0.9223413489570882,0,13.0,2,533.6,0,0,0
48103.0,3.7832239927892926,1,22.0,9,7.8,6,1,1
7570.0,0.5993234185299234,0,13.0,1,329.2,2,0,0
9101.0,0.7922857143336595,0,22.0,1,231.3,4,0,0
18817.0,1.2063810665521568,0,12.0,1,221.1,4,0,0
16609.0,1.0058775540086187,1,16.0,3,886.9,1,0,0
2826.0,0.6364314187861821,0,12.0,2,1055.4,2,0,0
31596.0,0.7356138214243404,1,7.0,1,1267.6,3,0,0
4581.0,0.6477380672263502,0,15.0,0,219.5,1,0,0
45947.0,0.7607882565942535,0,9.0,2,250.2,2,0,0
6908.0,1.2912279513562608,0,14.0,1,370.7,4,0,0
1938.0,0.9220343650839388,0,11.0,6,1290.8,3,0,0
5533.0,1.5465132166484037,0,8.0,1,757.4,5,0,0
17809.0,0.7900196356272426,0,10.0,2,1116.1,3,0,0
39937.0,1.2368220736244533,0,20.0,3,121.9,2,0,0
17849.0,1.119290531599334,0,16.0,1,276.2,3,0,0
60247.0,7.781048490312791,1,2.0,5,11.7,12,0,1
16231.0,1.5545267519186083,1,20.0,0,177.8,3,0,0
19536.0,1.2454139086547056,0,16.0,2,12.5,1,0,0
45507.0,4.448408051418438,1,1.0,6,8.5,8,1,1
18270.0,1.1016422797755034,0,11.0,0,451.9,5,0,0
13474.0,0.5717197857299199,0,15.0,2,304.5,3,0,0
8695.0,0.9504288529862295,0,12.0,0,209.0,1,0,0
15906.0,0.7984946134395681,0,17.0,1,395.8,0,0,0
18258.0,0.8970789977885878,0,16.0,2,483.6,2,0,0
13818.0,0.9737546139560185,0,15.0,2,227.8,3,0,0
5029.0,0.9637947304975883,0,13.0,3,250.7,0,0,0
56312.0,2.816475114126475,1,22.0,5,4.9,11,0,1
446.0,1.40337363136213,0,6.0,3,140.4,2,0,0
13257.0,1.170275563125061,0,15.0,2,540.6,2,0,0
6967.0,0.8131196679090612,0,16.0,4,141.5,3,0,0
32935.0,0.9991212187857933,0,9.0,0,363.3,1,0,0
20188.0,0.8725127966554831,0,16.0,0,989.6,4,0,0
43827.0,1.2326858945163581,0,18.0,1,591.0,2,0,0
13328.0,1.1958328672549605,0,16.0,2,1001.5,1,1,0
6722.0,0.9631766535122258,0,12.0,2,1155.3,0,0,0
24042.0,3.52121020303743,1,5.0,7,16.1,8,0,1
17305.0,0.6364566813983683,0,13.0,2,116.2,0,0,0
2214.0,0.5462412772034452,0,6.0,0,682.0,1,0,0
20779.0,1.3892453338726747,0,15.0,1,50.0,2,0,0
29059.0,0.7028684181758811,0,19.0,3,103.8,2,0,0
16630.0,1.285624570731525,0,16.0,2,258.1,2,0,0
21606.0,0.8655346983325867,0,7.0,5,593.7,3,0,0
2992.0,0.8121122178717306,0,17.0,2,382.9,1,0,0
15946.0,0.9180119781730071,0,20.0,1,62.5,4,0,0
3990.0,1.3461655894982196,0,16.0,1,16.0,1,0,0
7273.0,0.9186844176766742,0,14.0,1,64.9,1,0,0
4403.0,1.2850775575926636,0,16.0,6,796.8,2,0,0
51026.0,0.699185352817224,0,14.0,0,68.2,1,0,0
64713.0,0.6053292259620437,0,17.0,0,350.3,5,0,0
5440.0,1.5864778956885643,1,18.0,0,138.3,3,0,1
44695.0,1.331716739204944,0,12.0,0,428.9,0,0,0
5038.0,1.4260951199917544,0,8.0,1,158.8,2,0,0
17436.0,1.1758993539929112,1,12.0,1,784.0,1,0,0
5043.0,1.543692935454171,0,14.0,2,1010.3,3,0,0
9783.0,1.412931518914029,1,14.0,4,424.2,0,0,0
802.0,0.8797916925348949,0,12.0,4,1008.8,1,0,0
20000.0,1.1298009668712354,0,13.0,1,476.3,6,0,0
14021.0,1.0351126218333104,1,20.0,1,427.1,1,1,1
12354.0,1.198069873862787,1,9.0,1,337.0,3,0,0
18624.0,1.2954995129813847,0,19.0,1,120.5,4,0,0
15307.0,0.6328493871194847,0,7.0,2,787.4,3,0,0
7234.0,0.8807002825568212,0,20.0,4,161.6,1,0,0
12748.0,0.8483259077325555,0,11.0,1,680.3,3,0,0
20851.0,1.1217722283343807,0,15.0,1,264.5,2,0,0
16733.0,1.1890400493848938,0,10.0,1,35.1,1,0,0
21409.0,0.8297307168301264,1,14.0,3,461.8,2,0,0
7361.0,0.32470902162862125,0,6.0,4,67.4,1,0,0
1588.0,0.8068311986067047,0,17.0,3,171.6,1,0,1
19906.0,1.0373699826175848,0,13.0,2,811.8,1,0,0
11007.0,1.054642812318498,1,9.0,2,393.1,4,0,0
12386.0,0.9313350287980895,0,14.0,1,1947.0,2,0,0
1895.0,1.1181298253667153,0,16.0,1,279.3,0,0,0
17780.0,1.3178990914321518,0,18.0,1,570.9,2,0,0
21202.0,0.8652164104374819,0,17.0,4,499.2,5,0,0
21581.0,0.9364886451490216,0,15.0,1,355.1,3,0,0
28613.0,0.7308496254366053,0,8.0,1,834.3,3,0,0
7400.0,0.9287964913272622,1,9.0,4,1699.4,2,0,0
89943.0,4.18690924979965,0,0.0,6,7.1,12,1,1
23495.0,1.0796755274719105,0,13.0,3,671.7,2,0,0
51501.0,4.608572348558984,1,4.0,5,43.6,8,0,1
42725.0,1.103095573005122,1,18.0,2,721.9,4,0,0
3817.0,0.9046532519525645,0,19.0,1,932.1,2,0,0
17827.0,1.0582675734316864,0,15.0,1,142.4,1,0,0
18078.0,0.864483595622979,0,15.0,0,319.4,0,0,0
2366.0,0.9710902316345436,0,23.0,3,416.4,1,0,0
29056.0,0.7321676004265747,1,16.0,2,284.5,3,0,0
11923.0,0.9746734081643265,1,14.0,0,1302.9,3,0,0
4216.0,0.9403954990357528,0,15.0,1,510.6,1,0,0
3009.0,0.7678452959112877,0,8.0,1,454.6,0,0,0
42475.0,1.2470680839792871,0,12.0,2,293.8,2,0,0
7295.0,0.9203305916547989,0,10.0,5,218.6,1,0,0
33401.0,1.098515022269259,1,20.0,1,2110.2,2,0,0
15062.0,1.2000126676309157,1,16.0,2,273.5,2,0,0
26412.0,0.8516877019045713,0,15.0,1,43.4,2,0,0
4002.0,1.049509790060183,0,7.0,1,510.6,3,0,0
10529.0,1.3670116321540156,0,7.0,1,528.4,0,0,0
17102.0,0.9384014011977595,0,17.0,4,978.9,0,0,0
16360.0,0.6407539124582694,0,11.0,1,194.9,0,0,0
4626.0,0.9765386861502008,0,16.0,1,25.8,1,0,0
12023.0,0.7382712725405387,0,12.0,1,641.0,1,0,0
7164.0,0.9512178889734576,0,22.0,1,521.2,1,0,0
17315.0,1.4115396871941108,0,18.0,5,805.2,3,0,0
1579.0,1.101480221215496,0,17.0,2,2056.5,1,0,0
54245.0,0.7696755459675259,0,12.0,1,82.2,0,0,0
10590.0,0.7485641910262566,0,18.0,1,362.5,1,0,0
8719.0,0.7014848799938382,0,14.0,1,614.8,5,0,0
2161.0,0.8673315191472234,0,10.0,1,196.5,3,0,0
8325.0,1.1997630907166632,0,14.0,1,167.6,2,0,0
21252.0,1.142584749066108,0,17.0,2,37.0,3,0,1
6384.0,0.912258769607756,0,12.0,2,384.6,3,0,0
45866.0,0.582322463089425,0,11.0,1,708.1,1,0,0
75164.0,5.519498986244157,1,23.0,12,54.2,10,1,1
39798.0,3.807669372436603,0,3.0,6,47.2,6,0,1
17518.0,0.8487498622781631,1,11.0,3,178.6,3,1,0
13969.0,0.8802469720383602,0,13.0,1,135.6,2,0,0
2571.0,0.9053359288651659,0,19.0,2,155.6,4,0,0
78781.0,6.1341828569924965,0,1.0,8,11.4,4,1,1
30571.0,6.117616446463832,1,4.0,3,79.2,8,1,1
26839.0,0.8697247065492881,0,14.0,2,1138.7,1,0,0
12763.0,1.6263279909196036,0,12.0,0,99.0,2,0,0
10807.0,0.9762824589739356,0,19.0,2,136.7,1,0,0
12340.0,0.6008696191346272,0,17.0,3,321.4,2,0,0
14501.0,1.2976018232914202,0,20.0,1,645.5,2,0,0
28991.0,0.944926774995478,0,11.0,0,2115.1,4,0,0
23522.0,0.6493290165261097,0,15.0,4,264.8,4,0,0
77135.0,3.664550531000377,1,23.0,4,4.8,7,0,1
18190.0,1.059691534713389,0,16.0,3,39.1,1,0,0
13909.0,0.695244848918915,1,11.0,1,22.7,1,0,0
14949.0,1.0417901626217116,0,19.0,1,1194.8,1,0,0
15685.0,0.8164158063055655,0,10.0,1,318.8,1,0,0
7200.0,1.0021609264039746,0,16.0,3,89.4,3,0,0
7163.0,0.9534653735865785,0,7.0,1,327.9,1,0,0
5118.0,1.5379397437950089,0,8.0,1,85.1,1,0,0
13303.0,1.1288830712593398,0,15.0,1,7.1,0,0,0
76138.0,1.440472710761171,1,22.0,4,17.9,8,1,1
6372.0,1.2212333154910286,0,12.0,1,489.4,2,0,0
30852.0,1.4875570749618325,0,13.0,0,752.4,3,0,1
21580.0,4.869150560811122,0,3.0,4,10.1,13,1,1
20229.0,0.9528072862183541,0,19.0,1,1174.3,2,0,0
16408.0,1.1309779921874161,0,7.0,4,634.5,0,0,0
15667.0,5.707354535388997,1,23.0,4,13.8,11,1,1
9915.0,0.832477326843739,0,12.0,2,1310.0,2,0,1
13300.0,0.7381095123380048,0,20.0,1,293.1,2,0,0
13727.0,4.9458800502580225,1,2.0,4,17.0,9,0,1
12418.0,0.922224607580472,0,18.0,0,385.6,3,1,0
47419.0,0.9395887981851253,0,13.0,2,8.2,1,1,0
13711.0,0.82754131495569,0,12.0,2,1662.5,1,0,0
8604.0,0.5260470695284609,0,15.0,1,47.4,1,0,0
10121.0,1.17665932148626,0,10.0,1,75.8,0,0,0
20620.0,1.06661752215912,0,13.0,2,298.0,1,0,0
57181.0,5.074557206945448,0,1.0,8,3.8,8,1,1
14284.0,1.0553702285862003,0,23.0,1,823.6,4,0,0
17431.0,0.6524287350144611,0,15.0,1,104.9,3,0,0
30606.0,1.5287922892607726,1,15.0,2,171.9,2,0,0
4658.0,1.283118667010908,0,19.0,4,976.9,2,0,0
9218.0,1.3687842767105927,1,8.0,1,478.7,3,0,0
20689.0,1.440681679432319,0,17.0,5,86.8,1,0,0
18863.0,3.1482243584379273,1,0.0,5,38.5,7,0,1
21516.0,1.356308351824547,0,16.0,3,145.4,2,0,0
6570.0,1.3735735526312327,0,8.0,1,22.9,2,0,0
32854.0,1.4332319395588058,0,14.0,0,525.1,2,0,0
56958.0,1.4389885162521467,1,18.0,2,404.5,2,0,0
11514.0,0.83742427542068,0,12.0,0,335.9,2,0,0
4727.0,1.211301178077947,0,14.0,3,335.3,2,0,0
21460.0,1.2898039256403053,0,21.0,3,375.7,2,0,0
11077.0,0.9820439741466401,0,11.0,1,288.5,5,0,0
71271.0,0.9167305021347105,0,16.0,1,265.5,5,0,0
57208.0,1.2643322607464655,0,6.0,2,336.5,5,0,0
36101.0,0.8960814332635214,0,7.0,0,156.0,0,0,0
23616.0,0.9100521031797133,0,15.0,0,747.2,1,0,0
19526.0,0.964733118300537,0,10.0,3,468.5,2,0,0
48475.0,2.438793017563851,1,4.0,5,3.7,11,1,1
3633.0,1.489105443308644,0,12.0,1,891.5,3,0,0
19576.0,0.7902713839960464,0,10.0,1,1632.0,0,0,0
4976.0,1.0224402188049302,0,16.0,1,65.3,1,0,0
33799.0,3.7452471453459677,1,2.0,3,0.1,6,1,1
50117.0,3.525617316083982,1,23.0,1,52.0,13,0,1
4767.0,0.18565808933335626,0,10.0,2,297.8,4,1,0
11521.0,0.9797922485953784,0,12.0,1,56.1,5,0,0
18108.0,1.0236392275035782,0,11.0,0,133.6,1,0,0
26788.0,1.2281601649014946,0,15.0,0,908.1,0,0,0
15072.0,0.8388027252122792,1,13.0,0,270.4,1,0,0
7113.0,0.9264216564158431,0,12.0,2,495.9,0,0,0
45934.0,1.0722190958397722,1,15.0,3,598.9,3,0,0
26054.0,1.4094699716121948,0,9.0,0,276.4,2,0,0
8306.0,0.9730339871753436,0,22.0,0,232.9,1,0,0
15238.0,1.1311129362186814,0,18.0,0,8.7,1,0,0
17972.0,0.8239290158063826,0,18.0,3,341.5,2,0,0
32122.0,0.9384208931733448,1,11.0,3,163.5,3,0,0
15180.0,0.9928479911865572,1,14.0,1,886.0,1,0,0
30953.0,4.669063421800997,1,2.0,4,8.6,12,0,1
31262.0,5.2158488176273226,0,1.0,6,23.6,10,0,1
21665.0,1.4100153095923238,0,5.0,0,105.8,1,1,0
9157.0,0.6912477532765156,0,10.0,3,111.1,1,0,0
10572.0,1.3563660433123566,0,20.0,0,46.1,2,0,0
27958.0,0.4216195023600561,0,17.0,2,540.6,4,0,0
22481.0,0.8018962223936087,0,13.0,1,859.4,2,0,0
16322.0,1.6197836436813338,0,14.0,2,120.9,1,0,0
15004.0,0.6196170564802737,0,23.0,3,20.4,2,1,0
5967.0,0.9596939025739899,0,15.0,2,17.4,3,0,0
8136.0,0.7130462580701393,0,18.0,1,331.2,5,0,0
8563.0,1.105607194816999,0,9.0,3,186.1,4,0,0
8406.0,0.9413009407821274,1,16.0,3,490.5,1,0,0
3901.0,0.6854415365039259,1,15.0,1,507.6,3,0,0
10866.0,0.8279871262014407,1,18.0,2,196.9,2,0,0
4629.0,1.0749419301084877,0,11.0,0,451.6,6,0,0
22173.0,0.8635749695127205,0,17.0,0,158.9,0,0,0
10930.0,0.9545454480108326,0,14.0,3,466.8,0,0,0
10646.0,1.2041219460860266,0,16.0,5,856.8,2,0,0
23119.0,0.6622703807570183,0,21.0,2,161.4,1,0,0
22514.0,0.8864358109213102,0,8.0,1,758.6,1,0,0
76268.0,2.1566085936411117,1,0.0,8,52.3,6,1,1
28088.0,0.726297402931011,1,13.0,2,1830.0,4,0,1
19540.0,0.7445825089844921,1,14.0,2,109.0,0,0,1
4613.0,0.9238954399506569,0,9.0,2,90.1,2,0,0
2618.0,0.7517272501728115,0,15.0,1,492.4,2,0,0
6586.0,1.0149555368658068,0,10.0,2,246.6,2,0,0
2028.0,0.9889145953666769,0,12.0,3,256.4,1,0,0
27933.0,1.3116727617246888,0,12.0,1,924.4,1,0,0
12409.0,0.9128501278979003,0,21.0,2,194.7,1,0,0
12623.0,1.1348131450645207,0,5.0,2,17.3,4,0,0
15530.0,1.0685950359443919,0,20.0,1,657.2,0,0,0
17269.0,1.0970691598268745,0,13.0,4,773.6,2,0,0
145256.0,7.1381983347432945,1,5.0,8,31.8,7,1,1
12326.0,1.0757197291073728,0,7.0,3,288.8,2,0,0
11047.0,1.0147486976633024,0,17.0,3,70.6,0,0,0
12814.0,1.2214525348938468,0,14.0,2,420.1,1,0,0
29245.0,0.7552978409192752,1,6.0,3,506.7,3,0,0
32508.0,1.4303558722772252,0,17.0,1,498.5,3,0,0
14144.0,1.2953503256296848,1,11.0,2,247.8,1,0,0
9825.0,1.0140690785038045,0,14.0,1,738.8,6,0,0
12456.0,0.548905972415934,1,15.0,1,444.5,0,0,0
3767.0,0.8839218156151408,1,16.0,1,63.5,3,0,0
14186.0,4.397124105514554,1,5.0,9,12.0,7,1,1
21723.0,2.7821248509285166,1,4.0,7,7.5,9,0,1
4782.0,1.504467845370661,0,9.0,1,1299.3,5,0,0
18820.0,0.9665411914743661,0,12.0,1,1035.8,4,0,0
5212.0,1.0432882157006285,1,18.0,1,36.0,3,0,0
33278.0,1.1925054977239926,0,13.0,0,540.9,5,0,0
15917.0,0.7002454771504103,0,16.0,1,299.2,2,0,0
17761.0,0.8266405734705593,0,16.0,6,276.6,4,0,0
75075.0,7.963222648272202,1,5.0,3,5.1,10,1,1
26060.0,0.9247271695405774,0,12.0,1,644.9,2,0,0
26491.0,1.0288500215132899,0,19.0,1,236.4,5,1,0
13364.0,1.0391086670883742,0,7.0,0,674.3,0,0,0
4885.0,0.9448220580125597,0,10.0,1,77.6,2,0,0
15801.0,0.9284114500289127,0,16.0,0,403.2,0,0,0
7728.0,1.0574071734618617,0,13.0,2,270.6,2,0,0
28140.0,1.101887965044576,0,19.0,1,517.3,2,0,0
21517.0,0.8606835279036362,1,19.0,1,731.5,4,0,0
7146.0,0.3967469681969302,1,10.0,2,29.3,3,0,0
8680.0,0.6090055958151015,0,13.0,0,372.2,1,0,0
10244.0,1.0249114417154979,0,8.0,1,125.8,1,0,0
43803.0,0.9629888328118374,0,17.0,1,40.6,0,0,0
11138.0,0.8451198390782255,0,15.0,1,453.5,3,0,0
20489.0,1.1624029925348451,0,17.0,1,1317.2,0,1,0
30733.0,1.0299078747764665,0,10.0,2,1810.9,1,0,0
34458.0,7.144487361318173,1,0.0,3,0.0,6,1,1
17144.0,0.8998121043769849,0,16.0,1,785.2,2,0,0
41141.0,4.835548708348815,0,21.0,7,22.9,5,1,1
548.0,0.7507114005865971,0,16.0,1,118.1,3,0,0
13390.0,1.0606340712509306,0,11.0,1,393.2,0,1,0
20535.0,1.045874581151484,0,9.0,1,53.3,0,0,0
10174.0,1.3246254140485687,0,14.0,2,90.3,0,0,0
21904.0,1.2166304302104918,0,14.0,2,706.5,2,0,0
13765.0,1.0153133125640699,0,18.0,2,303.6,1,0,1
32461.0,3.3844056828712494,0,21.0,2,33.9,10,1,1
25289.0,1.1824064979796314,0,17.0,1,317.8,3,0,0
15881.0,0.809960121420994,0,11.0,0,5.6,3,0,0
10754.0,1.3364030716035646,0,20.0,2,2015.8,1,0,0
14402.0,1.1967315463910957,0,11.0,2,1069.8,2,0,0
9066.0,0.8302268928772013,1,14.0,1,257.9,2,0,0
11590.0,5.363034323454481,1,1.0,8,11.8,6,1,1
13874.0,1.0831805270579924,0,15.0,2,342.9,4,0,0
6917.0,0.8829938027400315,1,9.0,1,176.9,6,0,0
26407.0,1.0230368720086278,0,8.0,0,278.2,2,0,0
9219.0,0.7947827471756317,0,15.0,2,926.6,1,0,0
67203.0,0.9065977387770022,0,14.0,1,618.8,3,0,0
18998.0,0.8638532948517343,0,10.0,1,13.7,2,0,1
21200.0,0.5810954375331367,0,14.0,1,306.0,2,0,1
13879.0,0.5803188963303425,1,8.0,0,572.8,3,0,1
13093.0,0.6782649233043099,0,7.0,4,520.3,0,0,0
12232.0,1.484512024271623,0,18.0,2,181.7,2,0,0
82106.0,3.910810681503576,1,3.0,5,19.7,5,1,1
6940.0,0.860760472456657,0,19.0,1,143.4,3,0,0
26067.0,1.160704143791755,0,16.0,0,479.2,2,1,0
32747.0,1.1773747808645563,0,14.0,2,632.7,7,0,0
30398.0,0.508162528258929,0,15.0,0,286.8,1,0,0
12364.0,1.1000309580813104,0,15.0,2,1061.6,4,0,0
51690.0,1.4250045119354762,0,18.0,1,257.4,1,0,0
18558.0,1.2782596576235656,0,12.0,0,857.2,0,0,0
34588.0,1.1843946332083017,0,20.0,0,306.8,1,0,0
14741.0,1.1681953199245945,0,10.0,3,17.9,2,0,0
11799.0,1.0844492186592478,0,21.0,0,242.8,4,0,0
17648.0,1.2211090763878127,0,17.0,5,395.3,2,0,0
63974.0,1.4330793843032117,1,23.0,4,54.5,7,0,1
2553.0,0.8777902224139289,0,16.0,4,729.7,1,0,0
11855.0,1.2311984508410767,0,21.0,0,222.0,4,0,0
6944.0,1.095036906270245,0,11.0,1,326.1,0,1,0
776.0,1.419582212615488,1,18.0,2,186.7,3,0,0
10498.0,0.8192913440011907,0,14.0,5,145.8,2,0,0
15973.0,1.3138244432002129,0,10.0,2,226.4,1,0,0
30239.0,0.9455649608083776,0,17.0,1,208.4,0,0,1
9175.0,1.1982554716627298,0,17.0,3,45.7,1,0,0
19833.0,1.3506753224331247,0,14.0,2,336.4,2,0,1
24907.0,4.78601153692956,0,0.0,3,0.4,6,0,1
6167.0,0.7439698581028322,0,9.0,5,76.1,2,0,0
28723.0,1.107568842107679,0,18.0,1,78.7,2,0,0
7327.0,3.118514973447934,1,2.0,8,11.9,8,1,1
4462.0,0.8039393652430541,0,11.0,3,218.9,1,0,0
113.0,1.7770946537954742,0,19.0,2,409.5,1,0,0
2380.0,1.0075472848775708,0,7.0,1,254.7,3,0,0
29566.0,1.0567726233447148,0,18.0,2,188.2,0,0,0
3641.0,0.7377755234255383,0,14.0,3,737.5,0,0,0
9863.0,5.419413002556158,1,21.0,4,47.7,6,1,1
27375.0,1.1401231762745894,1,6.0,2,274.4,4,0,0
54564.0,5.342735821644201,1,22.0,8,1.7,4,1,1
28298.0,1.3111769164581835,0,22.0,2,1271.1,1,0,0
23491.0,0.9943869928757045,0,14.0,2,122.4,3,0,0
622.0,1.227045555792915,1,11.0,3,191.7,3,0,0
13401.0,0.7910067640791454,0,11.0,1,228.2,5,0,0
18664.0,0.922632537035915,0,21.0,0,66.7,1,0,0
12513.0,1.0649897510375914,0,14.0,3,30.4,1,0,1
65295.0,1.0648909820550108,0,13.0,0,304.0,1,0,0
39929.0,1.0657417856917908,1,11.0,2,169.7,0,0,1
37009.0,1.138589976249742,0,14.0,2,50.3,3,0,0
22109.0,0.37760512120746814,0,8.0,0,267.9,0,0,0
14880.0,1.049898350690048,0,17.0,2,266.0,2,0,0
6607.0,1.3237889424567306,0,10.0,1,74.7,4,0,0
13600.0,0.8935758021074315,0,19.0,2,209.4,1,0,0
1414.0,4.906260790853719,0,5.0,7,9.6,7,0,1
42279.0,5.02837356086777,0,22.0,7,31.1,10,0,1
5492.0,0.8343457116686019,0,21.0,1,245.8,3,0,0
11023.0,1.1238486537586354,0,17.0,2,71.1,3,0,0
16926.0,1.3607229231286553,0,12.0,4,171.3,2,0,0
25389.0,1.4059280488895718,0,17.0,2,74.5,2,0,0
11866.0,4.319164944613243,1,4.0,5,11.0,4,1,1
22095.0,1.1731299602148417,0,5.0,0,266.2,2,1,0
12452.0,0.714035767350284,0,13.0,2,141.0,2,0,0
35642.0,1.1130019492792207,0,19.0,3,522.9,0,0,0
12490.0,1.2049726928322535,0,11.0,1,87.7,0,0,0
4891.0,1.1172576653890436,0,17.0,0,575.3,3,0,0
11652.0,1.0669654461669609,0,14.0,2,298.9,5,0,0
25902.0,1.6082390711699817,0,18.0,2,700.8,1,0,0
4587.0,1.2725389087217551,0,11.0,2,351.2,2,0,0
25095.0,1.4220662086101679,0,12.0,3,457.0,2,0,1
41848.0,0.8147890733927872,1,20.0,1,715.5,3,0,0
17656.0,1.2478307706240928,0,12.0,0,392.0,2,0,0
4137.0,1.4272928743522861,0,19.0,1,679.5,0,0,0
77048.0,2.169593412071688,1,1.0,7,16.1,3,1,0
43576.0,3.864282659939713,1,1.0,8,17.5,2,1,1
20012.0,0.7958969807329469,0,11.0,2,1222.9,1,0,0
4395.0,1.1203121550147697,0,16.0,4,103.9,1,0,0
16248.0,2.964425902821746,1,1.0,8,11.3,3,1,1
8382.0,1.2475567480154135,0,16.0,2,2099.6,2,0,0
11930.0,1.2916350503235965,0,19.0,1,56.7,1,0,0
4986.0,0.7287134858774909,0,18.0,1,279.8,0,0,1
2464.0,0.8749966199374258,0,4.0,3,151.4,0,0,0
16023.0,0.4219186267563033,0,15.0,2,106.7,1,0,0
10146.0,1.1493952563577845,1,15.0,2,731.7,3,0,0
34954.0,1.281026695989885,0,22.0,1,578.6,3,0,0
25944.0,0.8033840733062962,0,18.0,3,2061.0,6,0,0
52081.0,5.585731251019241,1,2.0,6,2.7,8,0,1
19969.0,1.0370933696098756,0,11.0,3,63.8,0,0,0
1581.0,0.9926685484131503,0,10.0,5,159.5,1,0,0
21114.0,1.121970504913201,0,16.0,2,351.6,0,0,0
13887.0,0.588833491752744,1,11.0,2,383.3,3,0,0
11125.0,1.0382669936379432,1,12.0,3,390.3,1,1,1
7994.0,0.5963414555197659,0,18.0,2,2.3,1,0,0
2414.0,0.823301297842956,0,22.0,2,496.0,1,0,0
14053.0,2.3671395308035446,1,0.0,6,13.0,3,1,1
20720.0,1.1024280014608765,0,22.0,2,1144.5,3,0,0
214370.0,3.4563489827838727,1,23.0,8,3.9,7,1,1
1936.0,0.45894513978918205,1,6.0,0,101.1,1,0,0
4441.0,0.8915525512482726,0,16.0,2,634.3,1,0,0
13339.0,0.8854483436262885,0,22.0,3,424.1,1,0,0
20656.0,0.6963928052712163,0,10.0,5,710.4,2,0,0
14024.0,1.3853950310354115,0,16.0,4,475.2,2,0,0
33685.0,1.4156486902258412,0,16.0,5,234.1,2,0,0
11310.0,1.0506395989278696,0,12.0,3,106.8,2,0,0
23731.0,1.096799588925913,0,8.0,0,865.4,1,0,0
19131.0,1.3394122832273543,1,12.0,0,33.4,0,0,0
7192.0,0.6942196500367668,0,14.0,0,255.4,6,0,0
12238.0,0.9998485125562855,0,8.0,0,84.2,2,0,0
13244.0,1.1671959401523244,0,10.0,2,660.2,3,0,0
20736.0,2.484878701390773,0,22.0,7,4.9,3,0,1
28399.0,0.7351437244883067,0,15.0,1,28.1,4,0,0
17375.0,0.9419596913311148,0,12.0,1,47.8,1,1,1
9598.0,0.8514106804081287,0,12.0,0,242.9,0,0,0
12704.0,1.0858292185205067,0,20.0,1,1311.3,2,0,0
10331.0,0.9269145816981217,1,21.0,0,158.2,2,0,0
9549.0,1.128970693031602,0,14.0,2,1267.1,5,0,0
56300.0,1.2612606358153635,0,20.0,1,1281.0,1,0,0
18691.0,0.8374087056570341,0,17.0,4,562.5,3,0,0
18234.0,0.7100243905556167,1,12.0,2,207.7,2,0,0
4774.0,0.7682864088240511,0,13.0,2,229.4,2,0,0
6320.0,0.8012820022592384,0,7.0,3,306.2,3,0,0
13655.0,1.0698660279175856,0,4.0,0,84.9,2,1,0
16518.0,1.3355075864361192,0,12.0,2,21.8,4,0,0
4726.0,0.6295927820530802,1,15.0,0,813.2,3,0,0
9827.0,2.438408827485448,1,1.0,6,29.6,10,1,1
9068.0,1.3094866754158105,0,16.0,3,73.7,1,0,0
100382.0,2.958182736063141,1,22.0,5,20.0,5,1,1
16534.0,1.0345244216613485,0,9.0,0,193.3,3,0,0
43978.0,1.4102310502633628,0,13.0,2,231.8,1,0,0
24871.0,8.309183364440344,1,22.0,4,18.5,6,0,1
2557.0,0.6970247563315586,0,19.0,1,140.2,4,0,0
19833.0,0.6720177346966552,0,11.0,1,538.1,1,0,0
38592.0,1.165328706653279,0,17.0,0,133.8,1,0,0
9885.0,1.015934959932023,0,8.0,0,842.7,1,0,0
6856.0,1.020071635251844,0,19.0,2,167.4,8,0,0
13230.0,0.9719738367115625,0,10.0,3,374.5,5,0,0
13705.0,0.6658082354553481,0,18.0,0,380.0,4,0,0
6821.0,1.0840885222821035,1,14.0,0,1902.7,1,0,0
19609.0,0.9223792794517701,0,16.0,1,74.9,3,0,0
12688.0,0.7883009345382775,0,17.0,1,550.2,1,0,0
8325.0,1.5821120744882275,1,17.0,2,417.5,3,0,0
14006.0,0.9829404727840002,0,14.0,0,496.7,2,0,0
9094.0,1.1746651239130992,0,10.0,1,112.0,1,0,0
15541.0,0.9087670963782752,0,18.0,0,324.5,2,0,0
32385.0,1.039406331493412,0,16.0,2,2063.1,2,0,0
15473.0,1.3907373791851807,0,10.0,2,231.4,5,0,0
23177.0,0.9506703625722976,0,18.0,3,95.1,7,0,0
1270.0,0.8993482143118181,0,14.0,3,253.6,2,0,0
26606.0,1.1988840745418043,0,13.0,1,120.6,1,0,0
21613.0,0.7712184210557813,0,15.0,1,1005.7,2,0,0
5212.0,0.7141246481772259,0,15.0,1,402.7,2,0,0
7661.0,1.1830774504972328,0,19.0,0,1229.3,1,0,0
5907.0,0.9232344725591832,0,14.0,0,13.3,4,0,0
92710.0,0.1,1,21.0,6,41.5,8,0,1
7242.0,0.9777415777188071,1,20.0,4,85.1,2,0,0
935.0,1.2531799547896756,0,10.0,2,283.8,2,0,1
19410.0,1.2347809413764461,0,13.0,4,21.5,3,0,0
26978.0,0.9154372240790947,0,15.0,2,436.0,2,0,0
11862.0,0.772142109284137,0,20.0,0,295.8,4,0,0
23073.0,1.2958449711757214,0,12.0,1,1796.5,0,0,0
6324.0,0.9882956032849286,0,9.0,2,369.3,0,0,0
4309.0,1.2049415917967745,0,20.0,3,142.9,3,1,0
6016.0,0.769154531459539,0,16.0,2,756.2,5,0,0
16071.0,0.9496852159416219,0,14.0,2,38.3,2,0,0
24155.0,0.7300118284247061,0,12.0,1,94.6,0,0,0
15052.0,0.7400336235551144,1,13.0,1,350.9,3,0,0
31585.0,1.298044292880101,0,18.0,1,90.9,1,0,0
19165.0,1.2370698435546754,0,17.0,2,11.8,3,0,1
17823.0,1.3186942354287485,0,16.0,1,412.5,2,0,0
27773.0,0.7695324864091453,0,10.0,1,264.7,3,0,0
10843.0,1.2649176593374651,1,14.0,3,566.4,5,0,0
25527.0,0.8767463760707002,0,18.0,1,197.8,3,0,0
31245.0,1.3723496978572176,1,16.0,1,1163.9,0,0,0
31241.0,1.0813488627713306,0,13.0,0,177.2,5,0,0
53721.0,6.220471443984346,1,2.0,6,10.7,7,0,1
47391.0,4.207537513741904,1,3.0,2,15.3,6,0,1
32572.0,1.2799413370630743,1,8.0,1,933.9,1,0,0
18239.0,0.821782778401359,0,16.0,2,1096.5,3,0,0
1081.0,0.9868386922904224,0,23.0,4,138.6,3,0,0
7016.0,1.0194387157539904,0,16.0,1,112.8,1,0,0
11558.0,1.3546163645774378,0,23.0,2,480.6,2,0,1
17019.0,7.51416352880414,1,5.0,10,10.6,9,1,1
33443.0,0.8574972360976602,0,10.0,1,63.2,3,0,0
20822.0,0.8491240211263947,0,12.0,0,46.2,1,0,0
4157.0,1.0678405712180339,0,11.0,2,707.8,2,0,0
6698.0,1.1926984857854532,1,11.0,1,672.7,1,0,0
20355.0,1.1704315567241674,0,16.0,2,42.2,2,1,0
22992.0,0.6044460591185308,0,17.0,4,848.3,2,1,0
17404.0,0.6867649707239918,0,14.0,0,456.9,1,0,0
4780.0,1.0120020345520289,0,16.0,2,700.7,1,1,0
5862.0,1.297764273799239,0,14.0,0,10.5,1,0,0
36785.0,4.620757654350647,1,2.0,7,17.7,6,1,1
39186.0,1.3348957308283826,0,14.0,0,91.5,3,0,0
9053.0,0.9612248651748291,0,10.0,2,403.5,1,0,0
2972.0,1.480349189074242,0,1.0,2,383.7,2,0,1
13787.0,0.7385856361755816,0,13.0,1,57.9,1,1,0
11019.0,0.6744840034616659,0,9.0,2,1141.7,1,0,0
4818.0,1.4220762063308676,0,8.0,2,773.1,6,0,0
16324.0,1.2182280235747989,0,8.0,0,129.9,6,0,0
21168.0,7.01021718775505,1,3.0,4,27.9,3,0,1
26231.0,1.0023304508918127,0,15.0,3,145.1,4,0,0
6803.0,0.9734833081652836,1,14.0,2,297.3,3,1,0
8702.0,1.170649909419973,0,12.0,2,212.3,3,0,1
35461.0,4.6131517576700345,1,4.0,3,25.9,1,1,1
17665.0,0.7189749296808421,1,8.0,2,38.8,2,0,0
46927.0,1.461765058251903,1,14.0,0,565.8,1,0,0
12589.0,1.541711863875979,1,14.0,1,1042.5,1,1,0
14352.0,0.9871992746980113,0,12.0,2,109.1,2,1,0
5910.0,1.0727304745804798,0,10.0,0,69.0,1,0,0
9350.0,0.8223036321460476,0,16.0,1,663.6,2,0,0
43621.0,0.9222877738417276,0,17.0,1,130.6,2,0,0
9054.0,0.7911740132592087,0,20.0,1,313.9,3,0,0
3397.0,1.1378934907191822,0,13.0,1,47.4,3,1,0
33839.0,0.582877079231706,0,4.0,3,119.5,3,0,0
8632.0,0.8921333342841464,0,13.0,2,175.2,2,0,0
20016.0,0.875939720393313,0,15.0,2,467.9,3,0,0
4343.0,1.0271392879812336,0,10.0,0,224.3,2,0,0
9305.0,0.7342583019030294,0,18.0,2,493.0,1,0,0
26617.0,0.6455578792335968,0,20.0,1,163.9,2,0,0
5909.0,1.4110776553058542,0,15.0,1,133.4,4,0,0
10856.0,0.6071406965564978,0,9.0,3,379.4,2,0,0
9939.0,0.9364464456855457,1,12.0,3,10.4,4,0,0
5720.0,0.9767609132079783,0,18.0,1,377.4,1,0,0
31200.0,1.3337237058637177,0,11.0,0,367.8,4,0,0
13252.0,1.1797018927907448,0,18.0,0,60.7,2,1,0
17161.0,1.0352591963933881,0,14.0,0,0.6,5,0,0
25731.0,1.1514202225075842,1,12.0,0,72.7,5,0,0
2226.0,1.1408685707431168,1,14.0,1,124.4,1,0,0
367.0,1.1160415857021024,0,11.0,1,160.0,2,0,0
21378.0,0.9435394723317172,1,18.0,1,1434.4,1,0,0
5129.0,0.9028335281881548,0,14.0,2,650.3,0,0,0
1038.0,0.9829992609627708,1,19.0,3,1077.2,4,0,0
21362.0,1.2508453284265082,0,12.0,2,112.3,0,0,0
15876.0,1.1611575819409776,1,12.0,0,354.8,4,0,1
16866.0,1.1645868214630546,0,11.0,4,549.5,0,0,0
6599.0,0.8830773933567555,0,7.0,0,169.2,2,0,0
38637.0,1.0219115438433026,1,22.0,6,5.4,4,1,1
14590.0,0.8087695235481432,0,14.0,4,207.2,2,1,0
20828.0,0.9280494270129115,0,15.0,0,753.1,6,0,0
11733.0,1.1303590124410425,0,16.0,3,310.0,1,0,0
29114.0,1.4637144223550682,0,8.0,2,422.3,3,0,0
12432.0,1.1048186658500647,0,15.0,0,69.6,2,0,0
5095.0,0.8710764727638584,1,16.0,2,5.8,2,0,0
1589.0,1.110890548401684,0,14.0,3,859.0,3,0,0
126795.0,3.6057300755892245,1,3.0,9,2.1,5,1,0
79198.0,6.061814717580052,0,4.0,9,22.4,9,1,1
103763.0,5.301620737497087,0,23.0,7,13.7,4,0,1
20451.0,1.1055479125360785,0,14.0,0,141.7,1,0,0
17489.0,0.8531802754260362,0,15.0,1,141.7,2,0,0
14794.0,1.0452440487584522,0,22.0,0,30.0,0,0,0
14395.0,0.9292131575856072,0,14.0,3,356.7,1,0,0
33091.0,3.5341441101561752,1,2.0,8,4.5,4,0,1
25916.0,1.2107301863192257,0,17.0,3,35.6,1,0,0
17786.0,1.1766581581260553,0,11.0,1,806.4,0,0,0
12479.0,1.2212671366612675,0,16.0,3,1373.5,2,0,0
13485.0,0.8789935250214929,0,16.0,2,422.9,1,0,0
51766.0,1.0638415294201398,0,13.0,1,17.1,0,0,0
6807.0,0.6575792993908021,0,14.0,3,120.9,1,0,0
2536.0,0.7038300499521151,0,4.0,0,290.9,0,0,0
5341.0,0.7850204834721073,0,13.0,0,296.6,2,0,0
17538.0,1.422308748829801,0,14.0,0,232.9,2,0,0
24634.0,0.7382134084276795,0,13.0,1,41.4,2,0,0
10590.0,0.8057869727249121,0,12.0,2,522.4,4,0,0
6698.0,0.769898422932507,0,13.0,2,537.8,3,0,0
17574.0,0.6758801153823817,0,18.0,0,181.8,4,0,0
33970.0,0.5503212723225592,0,8.0,2,436.6,1,0,0
172346.0,3.2710349886111016,0,1.0,5,37.0,5,0,1
15372.0,1.1274340059193086,0,12.0,3,78.2,0,0,0
15907.0,0.9910243121008309,0,12.0,1,5.9,2,0,0
39882.0,1.67916736857351,1,22.0,8,6.1,4,0,1
20497.0,1.0293952527391221,0,13.0,2,582.0,2,0,0
15351.0,0.9708210366660842,0,18.0,1,1950.7,5,0,0
11383.0,1.2295680916595817,0,18.0,4,216.5,2,0,0
15639.0,1.204184293537581,0,13.0,0,393.6,3,1,0
11117.0,1.7001711118358218,0,10.0,2,67.9,1,0,0
12294.0,0.9448137820906721,0,17.0,2,61.3,4,0,0
11957.0,1.1465398927687094,0,13.0,2,121.8,3,0,0
17003.0,0.8397071979096581,1,18.0,0,372.1,2,0,0
10903.0,0.9826931661800067,1,15.0,0,17.0,2,0,0
28917.0,0.932114890373605,1,17.0,0,343.7,2,0,0
13391.0,1.302897719698544,0,9.0,4,568.7,3,0,1
9746.0,0.46018789664669024,0,12.0,4,206.8,1,0,0
13103.0,0.9428349042066718,0,7.0,1,303.6,1,0,0
4317.0,1.169121989546534,0,14.0,0,412.6,0,0,0
8149.0,1.2867844953947034,0,21.0,2,415.0,0,0,0
14684.0,1.3600987633999801,0,11.0,2,25.5,3,0,0
7687.0,1.095674938533401,0,14.0,2,487.5,2,0,0
32534.0,1.651496572089832,0,13.0,3,170.0,4,0,0
2723.0,0.7727060505336895,0,14.0,2,213.5,2,0,0
2922.0,0.8649348136609062,0,18.0,1,180.4,1,0,0
19214.0,0.9639898733188331,0,18.0,1,607.1,0,0,0
30128.0,1.0680861811895095,0,13.0,2,59.0,1,0,0
73167.0,0.9513821721677748,0,17.0,0,195.0,1,1,0
15370.0,0.8315459821796654,0,16.0,1,637.5,1,0,0
8150.0,1.3881699828092922,0,21.0,0,263.1,3,0,0
25636.0,1.2434463718594118,0,21.0,2,146.3,1,0,0
24242.0,1.3002839038090617,0,15.0,1,4.0,3,0,0
17671.0,1.0125306339421376,0,18.0,0,694.2,1,0,0
9314.0,1.4270034068140516,0,10.0,1,231.3,2,0,0
15147.0,1.1484108540608007,0,11.0,1,340.8,3,0,0
17947.0,0.6719337256246348,0,13.0,1,5.6,3,1,0
15393.0,0.8048639074021755,0,17.0,1,297.1,2,0,0
25381.0,0.9183315884787503,0,7.0,2,185.6,0,0,0
18567.0,0.6708577070895397,0,8.0,0,71.2,1,0,0
4172.0,0.7510654722182483,0,12.0,2,144.7,3,0,0
7511.0,1.60391048160351,0,10.0,0,606.5,1,0,0
8516.0,1.353647541954778,0,13.0,1,4.3,3,0,0
40401.0,0.9376480233011856,0,18.0,1,2257.7,1,0,0
2292.0,1.342935955618418,1,17.0,2,111.4,1,0,0
21494.0,1.1018225449600447,0,7.0,1,90.3,0,0,0
17482.0,1.0824913933828073,0,9.0,0,755.1,4,0,0
11103.0,1.2514241477923223,0,20.0,2,113.4,2,0,0
21576.0,1.1284417070225308,0,19.0,2,264.0,2,0,0
10439.0,1.084561193609236,0,10.0,1,245.7,2,0,0
18471.0,1.3422203827250982,0,22.0,2,65.3,5,0,0
60156.0,4.354190401852008,1,0.0,7,13.9,10,1,1
56092.0,4.0303584570493785,1,5.0,4,14.2,8,0,1
11878.0,0.8506937081382409,0,13.0,4,250.7,1,0,1
14869.0,0.8310598963422421,1,18.0,0,234.7,0,0,0
17232.0,0.8506781510262336,0,18.0,2,50.2,3,0,0
13010.0,0.8854395002447715,1,19.0,3,1280.6,3,0,0
22410.0,0.8985784845290786,0,11.0,2,452.1,4,0,0
27815.0,0.8936551421020337,0,15.0,1,174.5,0,0,0
12710.0,1.6720280582157305,0,11.0,1,398.4,2,0,0
3711.0,0.6339602251151419,0,20.0,0,319.0,2,0,0
17893.0,0.6934666922391497,0,9.0,3,145.5,4,0,0
9759.0,1.0594034652341127,0,19.0,0,2205.1,1,0,0
33843.0,5.320521307686909,1,0.0,5,34.9,11,0,1
51767.0,3.049197202645632,1,21.0,6,52.6,8,0,1
11562.0,1.097462934883889,0,12.0,0,227.6,1,0,0
8494.0,1.3686465268313233,1,18.0,2,1276.2,1,0,0
23533.0,0.9300989979859342,0,17.0,1,133.4,3,0,0
25890.0,0.599791677689147,1,13.0,1,741.5,1,0,0
13854.0,1.0661547516821233,0,15.0,3,899.2,2,0,0
13722.0,1.4196523110970538,0,12.0,0,84.0,1,1,0
19553.0,0.7673679278253781,0,14.0,2,336.3,1,0,0
11986.0,0.9294120027762856,0,21.0,1,917.7,3,0,0
17937.0,1.0567500502912086,1,4.0,0,621.6,2,0,0
3706.0,1.6865926580061679,1,6.0,1,75.4,1,0,0
40342.0,1.1005413836131537,0,18.0,1,301.4,4,0,0
14766.0,0.4815323137941362,0,16.0,0,601.4,2,0,0
10750.0,0.7239802244982629,0,6.0,4,76.9,2,0,0
111817.0,7.323840268661447,1,21.0,5,72.2,9,1,1
5892.0,0.8882023911482465,1,21.0,3,79.7,2,0,0
18382.0,1.1663672943127512,1,11.0,2,126.1,1,0,0
15706.0,0.9903279332299277,0,20.0,3,1487.0,2,0,0
12905.0,0.9505656925954715,0,6.0,0,591.3,1,0,0
1500.0,1.2876461942482567,0,14.0,0,60.9,1,0,0
17523.0,0.9980561178564133,1,14.0,1,410.7,2,0,0
12529.0,1.216693238591752,0,16.0,2,82.1,4,0,0
3430.0,0.86028958619716,0,11.0,2,218.8,3,0,0
32391.0,6.114180829565154,1,4.0,3,31.7,6,0,1
8893.0,0.8692719162428475,0,13.0,1,101.9,0,1,0
8376.0,0.8024830622955091,0,13.0,3,208.5,5,0,0
8647.0,0.9154241956400071,1,21.0,0,186.6,4,0,0
4647.0,1.551470781386857,0,4.0,1,197.3,3,0,0
28007.0,1.0587922084979515,0,16.0,6,318.7,0,0,0
16472.0,7.440904720132224,1,2.0,2,1.1,11,1,1
16908.0,1.0792384984764583,1,14.0,1,542.6,1,0,0
40951.0,3.092688260758691,0,0.0,4,50.7,6,0,1
35565.0,4.500392715102566,1,21.0,8,34.9,4,1,1
13821.0,1.248198081363596,0,14.0,2,313.8,3,0,0
12714.0,4.094198647215854,1,5.0,4,1.3,6,1,1
17071.0,1.0380034612789795,1,7.0,1,302.2,2,1,0
8979.0,1.0542839379648226,0,9.0,2,367.8,2,0,0
5659.0,0.8525228152175076,1,12.0,2,644.8,0,0,0
15693.0,0.8248163548793428,0,22.0,1,11.7,4,0,0
24949.0,5.276869304510228,1,22.0,8,22.9,10,0,1
12191.0,0.7329758895853904,0,14.0,1,412.6,2,0,0
10276.0,0.9544128005609287,0,10.0,1,73.9,1,0,0
21221.0,0.7392669808651338,1,21.0,8,23.3,8,1,1
7964.0,1.5140507849438778,0,12.0,0,263.1,5,0,0
21558.0,0.9731240001925928,0,13.0,1,1891.4,2,0,0
19233.0,1.2221123932330513,0,13.0,1,3.6,0,0,0
2484.0,0.4934420440038154,0,15.0,2,311.4,1,0,0
29071.0,4.375024841804027,1,23.0,9,39.6,7,1,1
24906.0,1.1793826242689665,0,14.0,1,333.4,2,0,0
37712.0,0.6896370093619186,0,14.0,3,465.3,3,1,0
9908.0,1.1784877066425308,0,15.0,1,46.1,2,0,0
29787.0,0.7049700145747217,0,11.0,4,13.3,6,0,0
15672.0,0.8861669137237796,0,13.0,1,261.7,1,0,0
45561.0,1.2511897838436181,1,0.0,7,19.1,1,0,1
27672.0,0.9154146274871561,0,4.0,1,604.3,1,0,0
12706.0,1.3381000128454383,0,15.0,1,5.6,1,0,0
8092.0,0.8741324485260593,0,15.0,1,71.5,4,0,0
14622.0,1.0256099289322886,0,15.0,4,827.2,1,0,0
8316.0,1.0694262641231054,0,18.0,3,188.0,7,0,0
11043.0,1.3492578437198373,0,16.0,2,70.4,3,0,0
5072.0,1.1702578858910655,0,19.0,0,4.7,1,0,0
2835.0,1.002802214869879,0,16.0,3,54.9,1,0,1
42117.0,0.9137363242116519,1,19.0,2,419.3,0,0,0
1084.0,1.295370473481313,0,15.0,1,142.0,2,0,0
9220.0,1.1012948415107218,1,10.0,1,360.6,3,0,0
6672.0,1.0167510854501203,1,16.0,4,62.8,0,0,0
33725.0,1.1222736748074509,0,12.0,2,127.4,1,0,0
7878.0,1.2021174343058367,0,18.0,1,991.8,1,0,0
4421.0,0.6317937253825787,0,14.0,0,45.4,1,0,0
37103.0,4.878448002217373,1,23.0,8,18.2,9,1,1
5523.0,1.2831297605595733,0,14.0,0,457.9,0,0,1
107734.0,4.901528560374584,1,23.0,5,0.1,7,1,1
21146.0,1.7319537965582796,0,9.0,1,427.7,1,0,0
45047.0,5.092345279491048,1,3.0,5,9.6,7,1,1
7313.0,0.9858277131423071,0,7.0,3,522.0,1,0,0
32073.0,0.5176788177554437,0,7.0,2,1224.7,2,1,0
35849.0,0.9685369991277254,0,18.0,2,187.3,4,0,0
36020.0,4.2978041341665225,1,5.0,4,6.7,7,0,1
4847.0,0.8309982595690499,0,13.0,0,23.9,5,0,1
8860.0,1.1953421773730928,0,10.0,2,642.1,3,1,0
86725.0,2.3911023561940965,1,22.0,5,44.8,7,0,1
11794.0,0.6979446180042125,0,10.0,2,509.3,2,0,0
96246.0,2.8960005151311368,1,22.0,6,6.8,7,1,1
37670.0,1.156200833756377,0,12.0,0,432.0,3,0,0
4192.0,0.8848743706100681,0,14.0,3,148.7,1,0,0
14032.0,1.2177507941453096,0,19.0,2,390.8,1,0,0
40980.0,0.6585388699695248,0,11.0,1,95.9,2,0,0
9457.0,1.0906336856916647,0,8.0,1,464.2,4,0,0
22419.0,0.595588707287277,0,13.0,1,696.5,2,0,0
10765.0,1.5895329663334516,0,13.0,2,245.8,1,0,0
14590.0,0.7526822334746468,0,10.0,0,394.4,1,0,0
6354.0,0.9591437877087002,0,20.0,0,350.0,0,0,0
9448.0,1.217083204332558,0,14.0,3,660.7,6,0,0
20721.0,0.7532926076541957,0,16.0,3,1606.8,1,0,0
15390.0,0.934434715245128,1,5.0,1,1824.6,4,0,0
15150.0,0.9832657755029022,0,13.0,3,266.9,4,0,0
1929.0,0.9611097047252006,0,14.0,2,224.7,2,0,0
22716.0,0.93975941790522,0,15.0,1,793.4,3,0,0
12792.0,0.9939041619265118,0,9.0,0,694.9,1,0,0
13281.0,1.0680229357939353,0,13.0,1,278.7,1,0,1
12087.0,6.093181883909,1,0.0,8,18.4,9,0,1
18076.0,0.816240541359665,0,10.0,1,111.8,1,0,0
3474.0,1.3562114052036975,0,20.0,3,739.0,1,0,0
36223.0,5.2039635059140945,0,22.0,6,4.6,6,1,1
32962.0,0.9392148866030764,0,11.0,1,734.0,2,0,0
7088.0,1.1420176658175536,0,14.0,2,751.9,3,0,0
3785.0,1.021097626959669,0,14.0,0,21.9,1,0,0
45189.0,0.7386061144161631,0,17.0,1,1536.4,4,0,0
14023.0,1.3461612807715224,0,13.0,0,408.1,0,0,0
23103.0,0.6422135512703784,0,13.0,0,396.2,2,0,0
13243.0,0.8574291645469087,1,14.0,2,511.3,4,0,0
5123.0,1.123465143458932,0,12.0,1,407.6,1,0,0
16723.0,1.189865800277217,0,10.0,2,290.1,6,0,0
14558.0,1.3473050919140603,0,14.0,2,62.0,3,0,0
10923.0,0.9637323952696832,0,19.0,3,8.5,3,0,0
12396.0,1.276392835785402,0,8.0,1,409.8,1,0,0
36484.0,0.8868638894441502,0,14.0,1,290.4,2,0,1
18568.0,1.0177551745841062,0,17.0,0,76.4,3,0,0
8874.0,0.46227385812402233,0,14.0,1,459.7,2,0,0
16686.0,1.0122446531258307,0,13.0,2,7.5,2,0,0
27723.0,1.0613481601585202,0,17.0,0,40.9,0,0,0
5034.0,0.2842000218577332,0,14.0,1,144.2,0,0,0
10066.0,0.9039791990993016,0,14.0,1,220.1,1,0,1
54731.0,0.8018610642763595,0,5.0,3,18.5,12,1,1
1925.0,0.8855941613259359,0,9.0,0,523.0,1,0,0
22088.0,4.000042679333863,0,1.0,5,7.3,9,0,0
16062.0,1.4616302862236956,0,22.0,1,118.1,3,1,0
13202.0,5.088579010975199,1,22.0,5,19.9,6,1,1
5236.0,0.8085193556533086,0,7.0,2,84.2,0,0,0
11558.0,1.0470360348176353,0,12.0,3,412.7,5,0,0
9679.0,1.1650290932115883,0,13.0,2,1475.8,1,0,0
12826.0,0.9731983759226729,0,8.0,3,827.4,1,0,0
25993.0,1.163068029391546,0,15.0,3,499.8,3,0,1
11193.0,2.8825611897101173,1,23.0,8,3.6,5,0,1
17282.0,1.39375894372813,0,21.0,0,123.6,0,0,0
13244.0,1.126702004729162,0,21.0,3,707.3,2,0,0
4747.0,0.8636078401132573,0,9.0,1,527.9,6,0,0
98339.0,7.713053705440494,1,4.0,3,6.9,8,0,1
14048.0,1.3993620765161037,1,11.0,1,640.5,0,0,0
4910.0,1.2080314033350934,0,15.0,3,143.0,2,0,0
105357.0,5.229786779674261,0,23.0,7,5.5,8,1,0
12238.0,1.2530097438486514,0,13.0,3,714.2,4,0,0
5614.0,0.8143386651201776,0,22.0,1,179.0,6,0,0
8914.0,1.3445694789589842,0,14.0,1,224.7,2,0,0
41206.0,1.353065468161789,0,12.0,2,13.9,1,0,0
18999.0,0.828860475522478,1,10.0,0,64.1,3,0,1
6940.0,1.0324884891668886,0,11.0,0,18.8,2,1,0
15091.0,1.0626082140985527,0,18.0,0,530.1,0,0,0
2059.0,1.1536082401501948,0,10.0,0,108.7,3,0,0
5283.0,1.0115447908100117,0,22.0,1,1269.9,1,0,0
12062.0,1.441077983751873,1,17.0,0,444.9,4,0,0
17957.0,1.252380929964886,0,13.0,2,179.0,5,0,0
59811.0,3.3211171241945934,0,3.0,5,3.7,4,1,1
20255.0,1.0042158748221777,0,19.0,0,213.6,0,0,0
8214.0,1.1215358670693685,0,18.0,1,401.5,1,0,0
21083.0,0.7854505454797753,0,15.0,2,59.7,2,0,0
12661.0,0.8559038646495648,0,14.0,2,225.4,1,0,0
11374.0,1.270264417512624,0,11.0,0,503.4,0,0,0
15773.0,0.8076162550398249,0,9.0,2,36.0,2,0,0
6273.0,1.073425696393885,0,11.0,3,3.8,4,0,0
26614.0,1.0388498241628477,0,16.0,1,169.4,1,0,0
8178.0,1.4684054456744366,0,9.0,3,295.8,1,0,0
14155.0,1.2607772307206395,0,15.0,1,661.1,1,0,1
10538.0,0.6881226284848441,0,15.0,2,1332.8,1,0,0
2673.0,0.8139700414716703,0,12.0,1,205.6,1,0,0
10311.0,0.7688985507845546,0,18.0,0,186.8,2,0,0
24786.0,0.9413755640719481,0,13.0,0,1024.6,0,0,0
14226.0,0.9412837018199719,0,11.0,2,132.7,3,0,0
16215.0,0.8666212350035182,0,20.0,2,8.7,3,0,0
35633.0,5.2992854057818395,1,0.0,5,1.1,10,0,1
9517.0,1.0597227645194656,1,14.0,0,101.1,3,0,0
17606.0,0.817888646964658,0,15.0,2,107.3,3,1,0
7322.0,0.8964072120171972,0,18.0,3,193.8,1,0,0
28356.0,1.6022341752636065,1,4.0,6,17.0,4,0,1
33123.0,0.947402529027304,0,8.0,0,205.1,1,0,0
16357.0,1.1104262020794538,0,11.0,1,580.3,1,0,0
13932.0,0.7931047715778348,0,14.0,0,92.9,1,0,0
18152.0,0.8208796524698652,0,12.0,2,1079.0,1,0,0
35352.0,0.8873016714033684,0,13.0,1,80.3,2,0,0
3565.0,0.7325508000483254,0,20.0,2,195.0,4,0,0
14104.0,0.7425901392129363,0,18.0,3,31.2,4,0,0
13929.0,0.957117588190326,0,11.0,2,262.0,2,0,0
11483.0,0.928393430345565,0,17.0,1,533.9,1,0,0
3414.0,0.49064087357738684,1,16.0,2,121.6,3,0,0
49697.0,4.96080601086662,1,0.0,7,10.8,9,1,1
18663.0,1.1175669918078956,1,14.0,2,26.1,3,0,0
31426.0,0.9033420664089951,0,18.0,2,24.9,0,0,0
16386.0,1.0600112415076923,0,9.0,1,177.8,0,0,0
12155.0,0.7991875622387958,0,11.0,2,565.2,1,0,0
12278.0,1.407343793200658,0,14.0,2,499.5,2,0,0
18150.0,0.9363565441909281,1,10.0,1,174.1,1,0,0
12155.0,1.1501110763198026,0,6.0,1,110.3,3,0,0
4525.0,0.7051893951760582,0,19.0,1,266.9,2,0,0
9666.0,1.1362585721336749,0,15.0,1,87.3,7,0,0
41041.0,1.0361540717582705,0,6.0,1,651.5,2,0,0
15912.0,0.6277344294436602,0,14.0,2,1025.9,2,0,0
17952.0,0.7183062382526644,0,12.0,1,1219.3,2,0,0
14427.0,0.9493707177745274,0,23.0,3,180.6,0,0,0
34436.0,1.0015951642486371,0,20.0,1,211.2,1,0,0
9996.0,0.9505983620462165,0,13.0,1,695.1,2,0,0
2826.0,0.8184876979063298,0,7.0,2,104.0,2,0,0
14005.0,0.8758700474910772,0,11.0,1,705.0,1,0,0
830.0,1.7222884985515674,1,10.0,1,447.3,3,0,0
3139.0,1.1430717959124748,0,16.0,2,539.5,3,0,0
18395.0,1.029891478905008,0,15.0,0,1754.3,1,0,0
37824.0,1.3166897054742506,0,12.0,5,370.2,3,1,0
13879.0,0.9921712484642755,0,14.0,2,763.6,0,0,0
46502.0,3.8470262997542877,1,21.0,7,30.9,5,1,1
31306.0,1.2934053703909185,0,12.0,2,250.6,0,0,0
8587.0,1.052435608339374,0,9.0,0,580.9,1,0,0
18825.0,1.0071832581116045,0,18.0,2,298.9,1,0,0
35168.0,0.8128143072159164,0,17.0,1,167.8,3,0,0
7845.0,1.056111992761753,0,18.0,2,149.1,4,0,0
15787.0,1.1690691068637724,0,21.0,0,120.3,2,0,0
11376.0,0.8967005117561011,0,15.0,5,661.3,0,0,0
11536.0,0.9859097246952699,0,19.0,2,99.5,1,0,0
34160.0,7.790643848132573,1,1.0,4,68.4,10,1,1
11875.0,1.1537239040619993,0,15.0,0,269.3,5,0,0
27354.0,1.0580093329995797,0,11.0,3,768.3,0,0,0
12714.0,0.5358087901870627,0,12.0,0,1344.5,0,0,0
48903.0,5.8612393833184555,1,0.0,5,12.2,8,1,1
23434.0,3.2697411432779013,1,3.0,8,5.0,8,1,1
8339.0,1.0467569209461072,0,21.0,1,235.8,3,0,0
30956.0,1.0282921645733505,0,16.0,2,30.2,3,0,0
11405.0,1.106353746152973,0,18.0,0,720.1,2,0,0
14488.0,1.035721300075613,0,12.0,0,194.2,0,0,0
8584.0,0.8410418182509222,0,18.0,1,542.5,6,0,0
428.0,1.1111964667110033,0,12.0,0,743.4,2,0,0
9235.0,0.8800582800765686,0,16.0,3,942.8,4,0,0
16023.0,0.7006004355612715,0,13.0,1,38.6,4,1,0
3232.0,1.091711940456519,0,12.0,0,270.6,4,0,0
22647.0,1.0111199847417116,0,10.0,3,69.5,3,0,0
17654.0,7.398725772129584,1,4.0,5,7.2,9,1,1
23259.0,1.140748291758664,0,18.0,3,327.5,1,0,0
35396.0,0.6246439418966419,0,16.0,2,295.7,2,1,0
10183.0,1.2354255605332605,0,16.0,2,589.6,3,0,0
4265.0,0.7197144881483737,0,14.0,0,1204.2,4,0,0
26029.0,0.9971932889783431,0,12.0,2,110.4,2,0,0
25509.0,1.2413468326815733,0,15.0,2,615.5,1,0,0
11317.0,0.6706912845557937,0,11.0,2,447.2,1,1,0
49448.0,4.70229336487645,1,23.0,8,16.6,9,0,1
18581.0,0.9399924751951899,1,10.0,2,839.1,2,0,0
6670.0,0.8543128097327775,0,15.0,1,40.5,1,0,0
20383.0,0.8537160023626462,0,17.0,0,502.6,3,0,0
10622.0,1.2858818550142526,0,15.0,0,75.5,0,0,0
50585.0,1.3575974303469112,0,13.0,0,247.1,2,0,0
13625.0,1.0830563322539546,1,20.0,0,38.3,0,0,0
43716.0,4.000467653276198,1,3.0,6,5.8,4,1,1
20875.0,1.369919057384706,0,17.0,3,248.6,2,0,0
13053.0,0.9456787764716431,0,12.0,2,367.8,3,0,0
38475.0,1.1700740190199515,0,11.0,1,475.9,2,0,0
16763.0,0.5982728471843883,0,7.0,3,200.0,3,0,0
7074.0,1.5529773125490536,0,8.0,1,67.3,2,0,0
22449.0,0.9119854426170407,0,7.0,2,243.7,0,0,0
11243.0,1.1002089692146682,0,11.0,4,455.5,3,0,0
5669.0,1.0595115586778947,0,22.0,4,17.9,3,0,1
34258.0,0.5060257787187652,0,13.0,0,606.5,2,0,0
92190.0,5.064330039407765,1,4.0,4,2.0,8,1,1
23374.0,0.7826266103225472,0,11.0,1,308.0,2,0,0
14151.0,0.9926856680092678,0,18.0,2,348.9,2,0,0
10315.0,1.322785096217037,1,7.0,1,128.6,3,0,0
4293.0,3.362379375500965,1,1.0,7,0.1,7,1,1
19977.0,1.3202323838197645,0,13.0,1,288.8,1,0,1
22519.0,1.0311550216605878,1,6.0,2,458.0,3,0,0
6623.0,1.1408135555618706,0,8.0,1,548.7,1,0,1
35610.0,1.198176282934752,1,18.0,0,97.9,2,0,0
31997.0,5.154079965197553,1,0.0,5,4.4,12,0,1
61218.0,0.6686913187776393,1,4.0,5,71.8,5,1,1
27404.0,0.8328766295267156,0,12.0,1,1214.5,3,0,0
19722.0,1.0462907349335038,0,12.0,2,315.5,1,0,0
37475.0,1.0775634318158736,0,11.0,0,28.4,3,0,0
10067.0,1.1501622714071331,0,22.0,0,349.1,4,0,0
15925.0,1.3478502151498835,0,10.0,2,326.2,1,0,0
45595.0,0.9477560506667465,0,18.0,2,88.1,3,0,0
14235.0,1.5585436702065125,0,15.0,1,41.8,3,0,0
6466.0,0.9470624824407647,0,14.0,1,262.2,3,1,0
6143.0,1.1744053806081478,0,9.0,3,806.9,0,1,0
24527.0,0.626003757306941,1,22.0,1,821.2,4,0,0
54677.0,0.5284979751339401,0,18.0,3,60.3,1,0,0
30959.0,0.8941645676664303,0,14.0,0,755.8,0,0,0
27746.0,1.241405106888052,0,18.0,4,7.0,1,0,0
28150.0,0.7985796404356176,0,7.0,2,0.9,1,0,0
11077.0,0.6151973456213709,0,8.0,1,1071.2,2,0,0
12803.0,1.2048988146087907,1,11.0,0,178.0,0,0,0
16073.0,0.795230918034221,0,14.0,1,58.0,4,0,0
6159.0,0.8330506864335783,0,15.0,2,516.1,2,1,0
7670.0,0.6648521879962292,0,10.0,1,491.3,1,0,1
43663.0,1.4495778557326295,0,12.0,1,234.5,2,0,0
16472.0,0.9802802598850145,1,14.0,0,93.5,3,0,0
23665.0,1.1685494401415157,0,18.0,4,934.7,1,0,0
19711.0,5.163690482029374,1,21.0,2,51.3,5,0,1
10159.0,0.8536159460504449,0,14.0,0,165.4,2,0,0
11805.0,0.7076835976846074,0,15.0,0,466.2,1,0,0
4497.0,1.0531118569423852,0,10.0,2,1410.5,3,0,0
7319.0,1.27541251679129,0,9.0,1,13.0,4,0,0
3659.0,1.0496252749570527,0,8.0,3,575.2,0,0,0
10733.0,0.9742742071710073,0,12.0,2,306.6,0,0,0
31485.0,3.1488562924892163,1,5.0,6,37.2,5,1,1
16544.0,0.7771214549181802,1,17.0,2,392.1,1,0,0
25186.0,0.9020461543666639,0,14.0,1,19.9,2,0,0
92830.0,4.893348000382672,1,0.0,5,3.0,9,0,1
56389.0,0.7272424154566279,0,16.0,3,291.8,1,0,0
45499.0,1.1217858189564809,0,9.0,1,442.0,3,0,0
88993.0,4.100796570983383,1,3.0,9,13.0,9,0,1
24340.0,0.9267634795382172,0,14.0,1,204.1,0,0,0
12499.0,0.991394472238504,0,14.0,1,392.6,2,0,0
837.0,1.5279614838701416,0,5.0,0,107.6,4,0,0
34187.0,0.7810844417285334,0,21.0,2,46.7,4,0,0
6268.0,1.0673450911251394,1,16.0,4,271.8,2,0,0
24844.0,0.7034709045677912,0,10.0,2,479.4,1,0,0
4616.0,0.7103292620002891,0,15.0,0,129.4,0,0,0
3748.0,0.8310882503622667,0,9.0,0,159.0,3,0,1
12730.0,1.0819350083213104,0,15.0,4,180.5,2,0,0
58228.0,3.5522466908996586,1,21.0,7,9.3,9,0,1
1562.0,1.3913912050228632,0,14.0,5,220.4,1,0,0
15174.0,1.0728039803292224,0,16.0,0,446.3,1,0,1
2156.0,1.116322733862275,0,13.0,1,465.4,3,0,0
8413.0,0.87513828427103,0,13.0,1,690.2,5,0,0
13710.0,0.7256518297762098,0,15.0,0,49.7,2,0,1
17067.0,0.9952733657815912,0,11.0,2,885.6,1,0,0
7903.0,0.9745444456776496,0,10.0,0,62.3,2,0,0
6836.0,1.1056422040456209,0,8.0,3,119.6,3,0,0
38582.0,0.8912147323340129,1,10.0,2,403.5,2,0,0
21528.0,1.1136240457268294,0,8.0,2,36.6,2,0,0
14444.0,0.5746712316299589,0,13.0,0,32.2,2,0,0
6922.0,0.8986042397672125,0,16.0,1,817.5,0,0,0
5507.0,0.970461377938923,0,13.0,0,3.8,3,0,0
33414.0,1.2002133576544656,0,19.0,2,384.6,2,0,0
21713.0,1.1155254143796267,0,7.0,1,165.3,0,0,0
4091.0,0.7321859952013177,1,11.0,1,229.8,3,0,0
13563.0,2.762456130195326,1,0.0,12,10.6,4,1,1
13440.0,0.9490089482518818,0,10.0,1,60.7,1,0,0
69709.0,2.6011232838252836,1,2.0,9,37.5,12,1,1
3813.0,1.6724015148993656,0,14.0,0,3.9,0,0,0
11888.0,1.4826583444172012,0,19.0,1,34.9,1,0,0
7299.0,0.6468748998461753,0,14.0,0,1093.5,1,0,0
7126.0,0.9959189007978536,0,17.0,1,34.5,4,0,0
35306.0,0.9497870534646672,0,15.0,0,65.7,2,0,0
36061.0,1.3618680917557868,1,15.0,2,295.8,1,0,0
34769.0,1.6803445857805515,1,23.0,5,11.9,8,1,1
10009.0,0.822144645512545,0,9.0,2,391.1,5,0,0
24187.0,1.1153535286043657,0,12.0,1,415.2,1,1,0
6027.0,0.6145681566011564,0,5.0,2,32.6,3,0,0
14402.0,0.7687209314238146,1,9.0,2,412.2,1,0,0
24569.0,1.3484607506682411,0,13.0,1,109.7,3,0,0
9663.0,1.1332585712456302,0,14.0,2,122.4,5,0,0
16240.0,1.5259199721826966,0,16.0,1,170.0,1,0,0
13458.0,0.8581800501279342,0,12.0,1,323.1,0,0,0
8107.0,0.8921905206537689,1,6.0,2,1338.1,2,0,0
8354.0,1.1087640719403518,0,14.0,0,275.1,1,0,0
31540.0,0.8229074120879345,0,23.0,4,478.9,0,0,0
23521.0,6.729381794215207,1,22.0,7,28.8,7,0,1
8295.0,1.2255459819888552,1,10.0,2,411.5,1,1,1
4972.0,0.8500014033249239,0,13.0,2,1499.6,2,0,0
9275.0,1.0316439505687924,0,15.0,2,118.4,2,0,0
9836.0,1.0455242740466422,0,14.0,1,441.4,2,0,0
21564.0,0.9499516391200383,1,16.0,0,28.2,3,0,0
7870.0,1.098846521224095,0,16.0,2,28.8,1,1,0
9699.0,0.8908777271738979,0,18.0,2,363.0,2,0,0
22164.0,0.7924855301254786,0,13.0,2,92.1,0,0,0
32480.0,1.369889911409566,0,8.0,0,675.7,1,0,0
4424.0,0.8613574377292792,0,20.0,0,280.8,2,0,0
72873.0,7.316448236714941,1,0.0,4,35.1,6,0,0
18714.0,0.9351528713828149,0,11.0,1,239.0,2,0,0
13452.0,1.1198672010477222,0,16.0,3,686.0,3,0,0
27960.0,1.0361277728538754,0,11.0,5,362.7,1,0,0
15476.0,0.7803005593910425,0,13.0,2,775.7,2,0,0
18350.0,0.48495946149212865,0,15.0,3,192.1,5,0,0
2600.0,0.9422235171597437,0,12.0,1,27.1,3,0,1
11485.0,1.2300366365327713,0,5.0,1,825.6,3,0,0
10472.0,1.0581107735014923,0,9.0,2,488.6,3,0,0
11898.0,1.0071745272698485,0,14.0,1,301.1,5,0,0
2640.0,1.0669797810875374,0,23.0,1,266.6,1,0,0
7374.0,1.0593790132567165,0,12.0,3,521.1,4,0,0
6868.0,0.8472857426519906,0,15.0,3,311.6,0,0,1
30758.0,5.287761830622785,1,1.0,7,24.3,5,0,1
4773.0,1.297974961044711,0,17.0,0,1113.0,1,0,0
17671.0,0.6514420768624459,0,2.0,1,322.5,0,0,0
12889.0,0.8835455361758654,0,16.0,1,51.9,1,1,0
72630.0,2.7807459551546168,1,23.0,5,10.7,3,1,1
39283.0,1.4298412783415708,1,12.0,1,683.3,3,0,0
5491.0,1.0050226728601184,0,14.0,2,144.0,4,1,0
45583.0,0.8161382955519325,1,22.0,0,62.4,1,0,0
10315.0,0.8331269990098904,0,13.0,2,3.5,4,0,0
4836.0,1.270445916791031,0,12.0,4,1304.1,3,0,0
26749.0,0.5316739256731597,0,13.0,1,248.1,4,0,1
9153.0,0.6753689385375262,0,11.0,1,1004.6,1,0,0
26388.0,0.8217138747385581,0,17.0,5,533.3,2,0,0
19911.0,0.926683065543033,0,16.0,2,881.9,0,0,0
5666.0,0.8587734722129996,0,13.0,2,324.8,2,0,0
11196.0,1.0696399970434514,0,14.0,1,91.1,4,0,0
14741.0,1.5204698408505104,0,10.0,2,172.7,2,0,1
3650.0,1.1963228631854703,0,7.0,0,509.1,3,0,0
4977.0,0.7187033644462144,0,14.0,1,1355.0,2,0,0
14396.0,0.4601139755890129,0,14.0,1,234.8,5,0,0
11091.0,1.0201189033473919,0,19.0,1,1164.7,5,0,0
39937.0,1.0261527242789588,0,16.0,0,848.4,1,0,0
8027.0,1.331163919137158,0,15.0,3,445.7,1,0,0
12655.0,0.8540249816277492,0,13.0,3,437.0,2,0,0
16143.0,5.5167260079825,0,2.0,5,16.8,6,1,1
17221.0,0.9752009699781095,0,11.0,1,1184.4,0,0,0
11313.0,1.2065037243738745,0,21.0,0,308.7,4,0,0
30625.0,0.5488474749907052,0,19.0,3,1042.4,2,0,0
26809.0,0.8175331042676898,1,11.0,1,211.9,2,0,0
29313.0,1.1618930249600046,0,5.0,1,28.0,3,0,0
4021.0,1.121901430912221,1,15.0,3,298.7,3,0,0
33908.0,1.0064356689706433,0,21.0,5,806.7,1,0,0
14831.0,0.598864229441295,0,19.0,1,373.5,1,0,0
8501.0,1.1075182988775096,1,11.0,1,300.3,3,0,0
84613.0,5.11987514356566,1,1.0,9,19.2,4,1,1
11413.0,1.2186440074200975,0,14.0,2,1088.2,1,0,0
34280.0,4.2054479461500165,1,22.0,3,2.4,6,1,1
15706.0,1.3371932110167533,0,9.0,1,8.2,1,0,0
24416.0,0.9904735105377971,0,11.0,1,20.0,0,0,0
9667.0,1.0563857796926301,0,17.0,1,233.1,1,0,0
16190.0,3.748791954959672,1,23.0,7,3.9,10,1,1
14838.0,1.3312319021262546,0,16.0,0,477.0,3,0,0
19588.0,3.826838146295787,1,2.0,5,43.7,5,1,1
16890.0,0.6398895759344605,0,6.0,0,270.1,6,0,0
28688.0,1.0008261085209433,0,10.0,2,122.0,4,0,1
13399.0,1.1188307182196973,0,17.0,0,337.5,3,0,0
8348.0,1.0166102011784994,1,15.0,3,62.5,3,0,0
22723.0,0.49106812641786535,0,17.0,1,657.6,1,0,0
5118.0,0.7847062213352056,0,8.0,0,1101.6,5,0,1
19985.0,1.1447988089844476,0,18.0,1,28.3,1,0,0
17304.0,0.6211848730204832,0,16.0,4,815.6,1,0,0
13587.0,0.6626489154379667,0,18.0,1,36.5,1,0,0
5481.0,1.625981501213056,0,21.0,4,1344.1,2,0,0
21617.0,0.5805526011122049,0,10.0,2,262.4,3,1,0
9293.0,0.839396146527069,0,13.0,1,1345.0,3,0,0
11462.0,1.1930278446935039,1,16.0,1,90.1,1,0,0
9287.0,0.8000502329841325,1,18.0,1,19.4,2,0,0
6004.0,0.7833099376607457,1,22.0,0,41.5,3,0,0
8633.0,1.4979792135005014,0,15.0,1,745.3,2,0,0
5224.0,1.0890308651828022,0,12.0,4,159.2,2,1,0
35404.0,1.3977126802754651,0,20.0,1,91.5,2,0,0
47354.0,3.5325512177851786,1,21.0,8,4.1,3,1,1
15914.0,0.8265022122114066,0,22.0,1,323.7,0,1,0
19723.0,1.0997135878532205,0,18.0,3,100.4,1,0,0
10454.0,0.7718484519730522,1,16.0,2,573.4,2,0,0
44359.0,1.1947775463641674,0,6.0,2,308.3,2,0,0
34825.0,6.416706773595751,0,22.0,4,103.8,14,1,1
54716.0,0.732769703272677,0,9.0,1,130.9,2,0,0
38977.0,0.8605316389824325,0,17.0,3,54.8,1,0,0
12439.0,0.7245550283562951,0,9.0,2,801.6,4,0,0
2910.0,1.0112232081557069,0,8.0,1,142.5,2,0,1
41298.0,3.067855321478886,1,22.0,3,7.9,3,1,1
11244.0,1.4055498747515107,1,5.0,0,200.3,1,0,0
35642.0,7.472899178409293,1,22.0,6,10.3,11,0,1
8186.0,0.9030079819105635,0,19.0,0,1339.3,0,0,0
12114.0,1.2230628692436445,0,14.0,2,255.1,1,0,0
16551.0,1.3571077866849577,0,17.0,2,554.0,1,0,0
21396.0,1.8258674520725071,1,2.0,8,7.1,10,1,1
25995.0,1.234928921700811,0,15.0,1,343.4,2,0,0
39712.0,1.4311773389324558,0,10.0,4,502.2,1,0,0
44237.0,1.137946020571853,0,12.0,3,253.8,3,0,0
22303.0,1.2151886619788337,0,7.0,1,573.4,1,0,0
8987.0,1.2142020984720734,1,10.0,2,27.2,4,0,0
9830.0,1.010230662663949,0,14.0,2,173.2,0,0,0
6107.0,1.6497570361976384,0,14.0,1,750.4,2,0,0
20649.0,1.0578046521580813,0,10.0,1,103.8,3,0,0
6836.0,1.01334777885405,0,15.0,2,262.2,3,0,0
13051.0,0.8983496919391387,1,18.0,1,436.7,2,0,0
15807.0,0.9605992519019703,0,17.0,1,23.4,0,1,0
31390.0,0.656158963233188,0,19.0,1,71.2,4,0,0
15306.0,2.370979087085984,1,5.0,3,18.3,3,0,1
7894.0,1.2088170199074835,1,10.0,2,574.1,1,0,0
13186.0,0.8946250450093639,0,8.0,3,8.4,0,0,0
17849.0,0.8126114659525907,0,16.0,3,232.1,0,0,0
21365.0,4.406541922930209,1,4.0,6,2.5,5,1,1
6007.0,1.0244447500314617,0,14.0,3,456.6,3,0,0
11998.0,0.80073371203758,0,20.0,0,129.3,0,0,0
66867.0,5.353614395581019,1,1.0,7,15.3,5,1,1
23115.0,0.9073650281041348,1,9.0,1,479.7,2,0,0
5419.0,1.3770901920711833,1,15.0,0,57.0,1,0,0
11033.0,1.224049959823242,0,23.0,1,336.9,0,0,0
14317.0,0.6794476092641195,0,21.0,0,265.5,2,0,0
6398.0,0.9325710909312768,0,14.0,0,110.7,7,0,0
15388.0,0.9101610461727087,0,12.0,2,791.8,3,0,0
11536.0,1.2051248013449352,0,12.0,0,699.6,1,0,0
11075.0,1.118510416861596,0,13.0,0,562.0,1,0,0
23404.0,1.0206217098132242,0,10.0,3,215.7,2,0,0
14365.0,1.7055279459648898,0,17.0,3,42.8,4,0,0
33855.0,0.9517805100274767,0,9.0,1,96.4,1,0,1
2084.0,1.4239217522687175,0,14.0,1,424.8,1,0,0
27145.0,1.0208154309938784,0,21.0,4,538.8,0,0,0
28583.0,0.6957390749925143,0,17.0,0,95.5,1,0,0
3908.0,0.9979258080950537,0,11.0,1,72.2,0,0,0
13725.0,0.983575652839889,1,11.0,2,216.7,1,0,0
234949.0,3.2317176258612017,1,1.0,8,94.6,11,1,1
45949.0,0.47922704617938194,1,4.0,4,31.5,3,1,1
